<?xml version="1.0" encoding="UTF-8"?>
<office:document-content xmlns:office="urn:oasis:names:tc:opendocument:xmlns:office:1.0" xmlns:style="urn:oasis:names:tc:opendocument:xmlns:style:1.0" xmlns:text="urn:oasis:names:tc:opendocument:xmlns:text:1.0" xmlns:table="urn:oasis:names:tc:opendocument:xmlns:table:1.0" xmlns:draw="urn:oasis:names:tc:opendocument:xmlns:drawing:1.0" xmlns:fo="urn:oasis:names:tc:opendocument:xmlns:xsl-fo-compatible:1.0" xmlns:xlink="http://www.w3.org/1999/xlink" xmlns:dc="http://purl.org/dc/elements/1.1/" xmlns:meta="urn:oasis:names:tc:opendocument:xmlns:meta:1.0" xmlns:number="urn:oasis:names:tc:opendocument:xmlns:datastyle:1.0" xmlns:svg="urn:oasis:names:tc:opendocument:xmlns:svg-compatible:1.0" xmlns:chart="urn:oasis:names:tc:opendocument:xmlns:chart:1.0" xmlns:dr3d="urn:oasis:names:tc:opendocument:xmlns:dr3d:1.0" xmlns:math="http://www.w3.org/1998/Math/MathML" xmlns:form="urn:oasis:names:tc:opendocument:xmlns:form:1.0" xmlns:script="urn:oasis:names:tc:opendocument:xmlns:script:1.0" xmlns:ooo="http://openoffice.org/2004/office" xmlns:ooow="http://openoffice.org/2004/writer" xmlns:oooc="http://openoffice.org/2004/calc" xmlns:dom="http://www.w3.org/2001/xml-events" xmlns:xforms="http://www.w3.org/2002/xforms" xmlns:xsd="http://www.w3.org/2001/XMLSchema" xmlns:xsi="http://www.w3.org/2001/XMLSchema-instance" xmlns:rpt="http://openoffice.org/2005/report" xmlns:of="urn:oasis:names:tc:opendocument:xmlns:of:1.2" xmlns:xhtml="http://www.w3.org/1999/xhtml" xmlns:grddl="http://www.w3.org/2003/g/data-view#" xmlns:field="urn:openoffice:names:experimental:ooo-ms-interop:xmlns:field:1.0" office:version="1.2" grddl:transformation="http://docs.oasis-open.org/office/1.2/xslt/odf2rdf.xsl"><office:scripts/><office:font-face-decls><style:font-face style:name="Tahoma1" svg:font-family="Tahoma"/><style:font-face style:name="Times-Roman" svg:font-family="Times-Roman" style:font-family-generic="roman"/><style:font-face style:name="Times New Roman" svg:font-family="&apos;Times New Roman&apos;" style:font-family-generic="roman" style:font-pitch="variable"/><style:font-face style:name="Arial" svg:font-family="Arial" style:font-family-generic="swiss" style:font-pitch="variable"/><style:font-face style:name="SimSun" svg:font-family="SimSun" style:font-family-generic="system" style:font-pitch="variable"/><style:font-face style:name="Tahoma" svg:font-family="Tahoma" style:font-family-generic="system" style:font-pitch="variable"/></office:font-face-decls><office:automatic-styles><style:style style:name="P1" style:family="paragraph" style:parent-style-name="Standard"><style:paragraph-properties fo:text-align="start" style:justify-single-word="false" style:text-autospace="none"/><style:text-properties style:use-window-font-color="true" style:font-name="Times-Roman" fo:font-size="14pt" style:font-name-asian="Times-Roman" style:font-size-asian="14pt" style:font-name-complex="Times-Roman" style:font-size-complex="14pt"/></style:style><style:style style:name="P2" style:family="paragraph" style:parent-style-name="Standard"><style:paragraph-properties fo:text-align="start" style:justify-single-word="false" style:text-autospace="none"/><style:text-properties style:use-window-font-color="true" style:font-name="Times-Roman" fo:font-size="14pt" style:font-name-asian="Times-Roman" style:font-size-asian="14pt" style:font-name-complex="Times-Roman" style:font-size-complex="14pt"/></style:style><style:style style:name="P3" style:family="paragraph" style:parent-style-name="Standard"><style:paragraph-properties fo:text-align="start" style:justify-single-word="false" style:text-autospace="none"/><style:text-properties style:use-window-font-color="true" style:font-name="Times-Roman" fo:font-size="14pt" style:font-name-asian="Times-Roman" style:font-size-asian="14pt" style:font-name-complex="Times-Roman" style:font-size-complex="14pt"/></style:style></office:automatic-styles><office:body><office:text><text:tracked-changes><text:changed-region text:id="ct603963056"><text:deletion><office:change-info><dc:creator>Wednesday Wednesday</dc:creator><dc:date>2010-09-28T10:27:00</dc:date></office:change-info><text:p text:style-name="P1">graph</text:p></text:deletion></text:changed-region><text:changed-region text:id="ct900707008"><text:deletion><office:change-info><dc:creator>Tuesday Tuesday</dc:creator><dc:date>2010-09-28T10:26:00</dc:date></office:change-info><text:p text:style-name="P1">will </text:p></text:deletion></text:changed-region><text:changed-region text:id="ct900855872"><text:deletion><office:change-info><dc:creator>Wednesday Wednesday</dc:creator><dc:date>2010-09-28T10:27:00</dc:date></office:change-info><text:p text:style-name="P1">evolv</text:p></text:deletion></text:changed-region><text:changed-region text:id="ct900782304"><text:insertion><office:change-info><dc:creator>Wednesday Wednesday</dc:creator><dc:date>2010-09-28T10:27:00</dc:date></office:change-info></text:insertion></text:changed-region><text:changed-region text:id="ct51318368"><text:insertion><office:change-info><dc:creator>Tuesday Tuesday</dc:creator><dc:date>2010-09-28T10:26:00</dc:date></office:change-info></text:insertion></text:changed-region><text:changed-region text:id="ct900353616"><text:deletion><office:change-info><dc:creator>Tuesday Tuesday</dc:creator><dc:date>2010-09-28T10:26:00</dc:date></office:change-info><text:p text:style-name="P1"><text:s/>during this week</text:p></text:deletion></text:changed-region></text:tracked-changes><text:sequence-decls><text:sequence-decl text:display-outline-level="0" text:name="Illustration"/><text:sequence-decl text:display-outline-level="0" text:name="Table"/><text:sequence-decl text:display-outline-level="0" text:name="Text"/><text:sequence-decl text:display-outline-level="0" text:name="Drawing"/></text:sequence-decls><text:p text:style-name="P1">This para<text:change text:change-id="ct603963056"/> <text:change text:change-id="ct900707008"/><text:change text:change-id="ct900855872"/><text:change-start text:change-id="ct900782304"/>chang<text:change-end text:change-id="ct900782304"/>e<text:change-start text:change-id="ct51318368"/>s<text:change-end text:change-id="ct51318368"/><text:change text:change-id="ct900353616"/>.</text:p></office:text></office:body></office:document-content>