<?xml version="1.0" encoding="UTF-8" standalone="yes"?>
<w:document xmlns:mv="urn:schemas-microsoft-com:mac:vml" xmlns:mo="http://schemas.microsoft.com/office/mac/office/2008/main" xmlns:ve="http://schemas.openxmlformats.org/markup-compatibility/2006" xmlns:o="urn:schemas-microsoft-com:office:office" xmlns:r="http://schemas.openxmlformats.org/officeDocument/2006/relationships" xmlns:m="http://schemas.openxmlformats.org/officeDocument/2006/math" xmlns:v="urn:schemas-microsoft-com:vml" xmlns:w10="urn:schemas-microsoft-com:office:word" xmlns:w="http://schemas.openxmlformats.org/wordprocessingml/2006/main" xmlns:wne="http://schemas.microsoft.com/office/word/2006/wordml" xmlns:wp="http://schemas.openxmlformats.org/drawingml/2006/wordprocessingDrawing" ve:Ignorable="mv" ve:PreserveAttributes="mv:*"><w:body><w:p w:rsidR="00146F68" w:rsidRPr="009B190F" w:rsidRDefault="009B190F"><w:pPr><w:rPr><w:lang w:val="it-IT"/></w:rPr></w:pPr><w:r><w:rPr><w:lang w:val="it-IT"/></w:rPr><w:t>I lik</w:t></w:r><w:r w:rsidR="0058407A"><w:rPr><w:lang w:val="it-IT"/></w:rPr><w:t>e fairy tales. My favourite is ‘</w:t></w:r><w:r w:rsidRPr="009B190F"><w:rPr><w:lang w:val="it-IT"/></w:rPr><w:t>Snow White and the Seven Dwarfs</w:t></w:r><w:r w:rsidR="0058407A"><w:rPr><w:lang w:val="it-IT"/></w:rPr><w:t>’</w:t></w:r><w:r><w:rPr><w:lang w:val="it-IT"/></w:rPr><w:t>.</w:t></w:r></w:p><w:sectPr w:rsidR="00146F68" w:rsidRPr="009B190F" w:rsidSect="00146F68"><w:pgSz w:w="11900" w:h="16840"/><w:pgMar w:top="1417" w:right="1134" w:bottom="1134" w:left="1134" w:header="708" w:footer="708" w:gutter="0"/><w:cols w:space="708"/></w:sectPr></w:body></w:document>