<?xml version="1.0" encoding="UTF-8" standalone="yes"?>
<w:document xmlns:mv="urn:schemas-microsoft-com:mac:vml" xmlns:mo="http://schemas.microsoft.com/office/mac/office/2008/main" xmlns:ve="http://schemas.openxmlformats.org/markup-compatibility/2006" xmlns:o="urn:schemas-microsoft-com:office:office" xmlns:r="http://schemas.openxmlformats.org/officeDocument/2006/relationships" xmlns:m="http://schemas.openxmlformats.org/officeDocument/2006/math" xmlns:v="urn:schemas-microsoft-com:vml" xmlns:w10="urn:schemas-microsoft-com:office:word" xmlns:w="http://schemas.openxmlformats.org/wordprocessingml/2006/main" xmlns:wne="http://schemas.microsoft.com/office/word/2006/wordml" xmlns:wp="http://schemas.openxmlformats.org/drawingml/2006/wordprocessingDrawing" ve:Ignorable="mv" ve:PreserveAttributes="mv:*"><w:body><w:p w:rsidR="00146F68" w:rsidRPr="009B190F" w:rsidRDefault="000E1652"><w:pPr><w:rPr><w:lang w:val="it-IT"/></w:rPr></w:pPr><w:ins w:id="0" w:author="Silvio Peroni" w:date="2010-09-28T12:13:00Z"><w:r><w:rPr><w:lang w:val="it-IT"/></w:rPr><w:t xml:space="preserve">I like to read </w:t></w:r></w:ins><w:del w:id="1" w:author="Angelo Di Iorio" w:date="2010-09-28T12:07:00Z"><w:r w:rsidR="009B190F" w:rsidDel="0051305A"><w:rPr><w:lang w:val="it-IT"/></w:rPr><w:delText>I lik</w:delText></w:r><w:r w:rsidR="0058407A" w:rsidDel="0051305A"><w:rPr><w:lang w:val="it-IT"/></w:rPr><w:delText xml:space="preserve">e </w:delText></w:r></w:del><w:ins w:id="2" w:author="Fabio Vitali" w:date="2010-09-28T12:00:00Z"><w:del w:id="3" w:author="Angelo Di Iorio" w:date="2010-09-28T12:07:00Z"><w:r w:rsidR="00F96368" w:rsidDel="0051305A"><w:rPr><w:lang w:val="it-IT"/></w:rPr><w:delText xml:space="preserve">the </w:delText></w:r></w:del></w:ins><w:del w:id="4" w:author="Angelo Di Iorio" w:date="2010-09-28T12:07:00Z"><w:r w:rsidR="0058407A" w:rsidDel="0051305A"><w:rPr><w:lang w:val="it-IT"/></w:rPr><w:delText>fairy tale</w:delText></w:r></w:del><w:ins w:id="5" w:author="Silvio  Peroni" w:date="2010-09-28T12:02:00Z"><w:del w:id="6" w:author="Angelo Di Iorio" w:date="2010-09-28T12:07:00Z"><w:r w:rsidR="00774009" w:rsidDel="0051305A"><w:rPr><w:lang w:val="it-IT"/></w:rPr><w:delText>movie</w:delText></w:r></w:del></w:ins><w:del w:id="7" w:author="Angelo Di Iorio" w:date="2010-09-28T12:07:00Z"><w:r w:rsidR="0058407A" w:rsidDel="0051305A"><w:rPr><w:lang w:val="it-IT"/></w:rPr><w:delText>s. My favourite is</w:delText></w:r></w:del><w:del w:id="8" w:author="Angelo Di Iorio" w:date="2010-09-28T12:08:00Z"><w:r w:rsidR="0058407A" w:rsidDel="0051305A"><w:rPr><w:lang w:val="it-IT"/></w:rPr><w:delText xml:space="preserve"> </w:delText></w:r></w:del><w:r w:rsidR="0058407A"><w:rPr><w:lang w:val="it-IT"/></w:rPr><w:t>‘</w:t></w:r><w:r w:rsidR="009B190F" w:rsidRPr="009B190F"><w:rPr><w:lang w:val="it-IT"/></w:rPr><w:t>Snow White</w:t></w:r><w:del w:id="9" w:author="Fabio Vitali" w:date="2010-09-28T12:10:00Z"><w:r w:rsidR="009B190F" w:rsidRPr="009B190F" w:rsidDel="0092764D"><w:rPr><w:lang w:val="it-IT"/></w:rPr><w:delText xml:space="preserve"> and the Seven Dwarfs</w:delText></w:r></w:del><w:r w:rsidR="0058407A"><w:rPr><w:lang w:val="it-IT"/></w:rPr><w:t>’</w:t></w:r><w:ins w:id="10" w:author="Angelo Di Iorio" w:date="2010-09-28T12:07:00Z"><w:r w:rsidR="0051305A"><w:rPr><w:lang w:val="it-IT"/></w:rPr><w:t xml:space="preserve"> </w:t></w:r></w:ins><w:ins w:id="11" w:author="Silvio Peroni" w:date="2010-09-28T12:13:00Z"><w:r><w:rPr><w:lang w:val="it-IT"/></w:rPr><w:t xml:space="preserve">and other </w:t></w:r></w:ins><w:ins w:id="12" w:author="Angelo Di Iorio" w:date="2010-09-28T12:07:00Z"><w:del w:id="13" w:author="Silvio Peroni" w:date="2010-09-28T12:13:00Z"><w:r w:rsidR="0051305A" w:rsidDel="000E1652"><w:rPr><w:lang w:val="it-IT"/></w:rPr><w:delText>is my favourite</w:delText></w:r></w:del></w:ins><w:ins w:id="14" w:author="Angelo Di Iorio" w:date="2010-09-28T12:08:00Z"><w:del w:id="15" w:author="Silvio Peroni" w:date="2010-09-28T12:13:00Z"><w:r w:rsidR="0051305A" w:rsidDel="000E1652"><w:rPr><w:lang w:val="it-IT"/></w:rPr><w:delText xml:space="preserve"> </w:delText></w:r></w:del></w:ins><w:ins w:id="16" w:author="Fabio Vitali" w:date="2010-09-28T12:10:00Z"><w:del w:id="17" w:author="Silvio Peroni" w:date="2010-09-28T12:13:00Z"><w:r w:rsidR="0092764D" w:rsidDel="000E1652"><w:rPr><w:lang w:val="it-IT"/></w:rPr><w:delText xml:space="preserve">character of </w:delText></w:r></w:del></w:ins><w:ins w:id="18" w:author="Angelo Di Iorio" w:date="2010-09-28T12:08:00Z"><w:r w:rsidR="0051305A"><w:rPr><w:lang w:val="it-IT"/></w:rPr><w:t>fairy tale</w:t></w:r></w:ins><w:ins w:id="19" w:author="Fabio Vitali" w:date="2010-09-28T12:10:00Z"><w:r w:rsidR="0092764D"><w:rPr><w:lang w:val="it-IT"/></w:rPr><w:t>s</w:t></w:r></w:ins><w:ins w:id="20" w:author="Fabio  Vitali" w:date="2010-09-28T12:03:00Z"><w:del w:id="21" w:author="Angelo Di Iorio" w:date="2010-09-28T12:07:00Z"><w:r w:rsidR="00D52156" w:rsidDel="0051305A"><w:rPr><w:lang w:val="it-IT"/></w:rPr><w:delText xml:space="preserve">, based on the </w:delText></w:r></w:del></w:ins><w:ins w:id="22" w:author="Fabio  Vitali" w:date="2010-09-28T12:04:00Z"><w:del w:id="23" w:author="Angelo Di Iorio" w:date="2010-09-28T12:07:00Z"><w:r w:rsidR="00D52156" w:rsidDel="0051305A"><w:rPr><w:lang w:val="it-IT"/></w:rPr><w:delText xml:space="preserve">homonymous </w:delText></w:r></w:del></w:ins><w:ins w:id="24" w:author="Fabio  Vitali" w:date="2010-09-28T12:03:00Z"><w:del w:id="25" w:author="Angelo Di Iorio" w:date="2010-09-28T12:07:00Z"><w:r w:rsidR="00D52156" w:rsidDel="0051305A"><w:rPr><w:lang w:val="it-IT"/></w:rPr><w:delText>fairy tale</w:delText></w:r></w:del></w:ins><w:r w:rsidR="009B190F"><w:rPr><w:lang w:val="it-IT"/></w:rPr><w:t>.</w:t></w:r></w:p><w:sectPr w:rsidR="00146F68" w:rsidRPr="009B190F" w:rsidSect="00146F68"><w:pgSz w:w="11900" w:h="16840"/><w:pgMar w:top="1417" w:right="1134" w:bottom="1134" w:left="1134" w:header="708" w:footer="708" w:gutter="0"/><w:cols w:space="708"/></w:sectPr></w:body></w:document>