<?xml version="1.0" encoding="UTF-8"?><ns1:iml xmlns:ns1="http://www.cs.unibo.it/2006/iml" pattern="Record"><ns1:head pattern="Container" structure="FrontMatter "><ns1:title pattern="Field" structure="Title ">Latest Developments to LODE</ns1:title><ns1:meta content="1" name="author.1.number" pattern="Meta"/><ns1:meta content="Silvio Peroni" name="author.1.name" pattern="Meta"/><ns1:meta content="Department of Computer Science@University of Bologna (Italy)" name="author.1.affiliation" pattern="Meta"/><ns1:meta content="essepuntato@cs.unibo.it" name="author.1.email" pattern="Meta"/><ns1:meta content="2" name="author.2.number" pattern="Meta"/><ns1:meta content="David Shotton" name="author.2.name" pattern="Meta"/><ns1:meta content="Department of Zoology@University of Oxford (UK)" name="author.2.affiliation" pattern="Meta"/><ns1:meta content="david.shotton@zoo.ox.ac.uk" name="author.2.email" pattern="Meta"/><ns1:meta content="3" name="author.3.number" pattern="Meta"/><ns1:meta content="Fabio Vitali" name="author.3.name" pattern="Meta"/><ns1:meta content="Department of Computer Science@University of Bologna (Italy)" name="author.3.affiliation" pattern="Meta"/><ns1:meta content="fabio@cs.unibo.it" name="author.3.email" pattern="Meta"/><ns1:meta content="LODE" name="keyword" pattern="Meta"/><ns1:meta content="OWL ontologies" name="keyword" pattern="Meta"/><ns1:meta content="ontology documentation" name="keyword" pattern="Meta"/><ns1:meta content="structural reasoner" name="keyword" pattern="Meta"/><ns1:meta content="Web GUI" name="keyword" pattern="Meta"/><ns1:meta content="Web tools" name="keyword" pattern="Meta"/></ns1:head><ns1:body pattern="Container" structure="BodyMatter "><ns1:div class="abstract" id="SectionAbstract" pattern="HeadedContainer" structure="Section "><ns1:h1 pattern="Block" structure="SectionTitle ">Abstract</ns1:h1><ns1:p pattern="Block" structure="Paragraph "><ns1:b pattern="Inline">LODE</ns1:b>, the<ns1:i pattern="Inline">Live OWL Documentation Environment</ns1:i>, is a service for the generation of human-readable documentation of OWL ontologies and RDFS vocabularies. It automatically extracts classes, object properties, data properties, named individuals, annotation properties, meta-modelling (punning), general axioms, SWRL rules and namespace declarations and renders them as an HTML page designed for easy browsing and navigation by means of embedded links. In this paper, we present an overview of the tool, in particular focusing on the features introduced in the latest available version.</ns1:p></ns1:div><ns1:div class="section" pattern="HeadedContainer" structure="Section "><ns1:h1 pattern="Block" structure="SectionTitle ">Introduction</ns1:h1><ns1:p pattern="Block" structure="Paragraph ">Consulting its human-readable documentation is among the first activities to perform on an ontology so as to understand its domain, and whether it describes this domain appropriately. Although most ontologies developed for Linked Data usage are accompanied by a comprehensive set of Web pages describing their theoretical backgrounds and the features of their developed entities, problems arise when we look at partially-developed models<ns1:a class="footnote" component="Reference " href="ftn4" pattern="Milestone" referenceTo="Footnote "/>. Writing proper documentation manually requires effort, and re-writing it every time an ontology under development is modified is hardly practical and thus very seldom performed. Rather, the natural language documentation of ontologies is normally only published once the ontologies have become stable.</ns1:p><ns1:p pattern="Block" structure="Paragraph ">To address this issue, tools have recently been developed for the automatic generation of documentation from the axioms and annotations of an ontology. These include<ns1:i pattern="Inline">Neologism</ns1:i><ns1:a class="footnote" component="Reference " href="ftn5" pattern="Milestone" referenceTo="Footnote "/><ns1:a class="ref" component="Reference " href="BascaNeologism" pattern="Milestone" referenceTo="BibliographicReference "/>,<ns1:i pattern="Inline">OWLDoc</ns1:i><ns1:a class="footnote" component="Reference " href="ftn6" pattern="Milestone" referenceTo="Footnote "/>and Parrot<ns1:a class="footnote" component="Reference " href="ftn7" pattern="Milestone" referenceTo="Footnote "/><ns1:a class="ref" component="Reference " href="TejoAlonsoParrot" pattern="Milestone" referenceTo="BibliographicReference "/>. Similarly, we have developed<ns1:i pattern="Inline">LODE</ns1:i>, the<ns1:i pattern="Inline">Live OWL Documentation Environment</ns1:i><ns1:a class="footnote" component="Reference " href="ftn8" pattern="Milestone" referenceTo="Footnote "/>, an online service that takes any well-formed OWL ontology (or, more generally, an RDF vocabulary), and generates a single human-readable HTML page providing for browsing and navigation by means of embedded links.</ns1:p><ns1:p pattern="Block" structure="Paragraph ">In our EKAW 2012 in-use paper<ns1:a class="ref" component="Reference " href="PeroniLODE" pattern="Milestone" referenceTo="BibliographicReference "/>, we described in detail the features of LODE and assessed its usability through an empirical evaluation with test users. During that evaluation, we gathered relevant feedback about usability and missing features which would improve its usefulness. Following these suggestions, we created a new improved version (v. 1.1, dated 1 July 2012) of LODE that is available on the Web and described in this paper.</ns1:p><ns1:p pattern="Block" structure="Paragraph ">The rest of the paper is structured as follows. In<ns1:a class="ref" component="Reference " href="SectionLODE" pattern="Milestone" referenceTo="Section "/>we briefly introduce LODE, presenting its organisation and its modules. In (SectionNewFeatures) we introduce in detail the new features implemented in the latest version (v. 1.1). Finally, in<ns1:a class="ref" component="Reference " href="SectionConclusions" pattern="Milestone" referenceTo="Section "/>we sketch out some conclusions and some future developments.</ns1:p></ns1:div><ns1:div class="section" id="SectionLODE" pattern="HeadedContainer" structure="Section "><ns1:h1 pattern="Block" structure="SectionTitle ">LODE: the rationale</ns1:h1><ns1:p pattern="Block" structure="Paragraph ">LODE, the<ns1:i pattern="Inline">Live OWL Documentation Environment</ns1:i>, is a Web service developed in Java and mainly based on XSLT technology. It takes an RDF/XML linearisation of an OWL ontology created by the OWL API<ns1:a class="footnote" component="Reference " href="ftn9" pattern="Milestone" referenceTo="Footnote "/><ns1:a class="ref" component="Reference " href="HorridgeOWLAPI" pattern="Milestone" referenceTo="BibliographicReference "/>, and applies an XSLT transformation that returns a human-readable HTML page containing the ontology documentation. LODE is currently used in different projects such as<ns1:i pattern="Inline">SPAR</ns1:i><ns1:a class="footnote" component="Reference " href="ftn10" pattern="Milestone" referenceTo="Footnote "/>,<ns1:i pattern="Inline">PROV-O</ns1:i><ns1:a class="footnote" component="Reference " href="ftn11" pattern="Milestone" referenceTo="Footnote "/>,<ns1:i pattern="Inline">VIVO</ns1:i><ns1:a class="footnote" component="Reference " href="ftn12" pattern="Milestone" referenceTo="Footnote "/>and<ns1:i pattern="Inline">Tipalo</ns1:i><ns1:a class="footnote" component="Reference " href="ftn13" pattern="Milestone" referenceTo="Footnote "/>.</ns1:p><ns1:p pattern="Block" structure="Paragraph ">The following pseudo-URL describes how to call LODE:</ns1:p><ns1:p class="quote" pattern="Block" structure="Paragraph ">http://www.essepuntato.it/lode/optional-parameters/ontology-url</ns1:p><ns1:p pattern="Block" structure="Paragraph ">LODE provides different configurations, actionable through particular parameters (the slash-separated<ns1:i pattern="Inline">optional-parameters</ns1:i>in the pseudo-URL), in order to satisfy different needs, e.g. to process<ns1:i pattern="Inline">ontology-url</ns1:i>when it is linearised in a format such as Turtle (parameter<ns1:i pattern="Inline">owlapi</ns1:i>), to document the axioms of its imported ontologies (parameter<ns1:i pattern="Inline">imported</ns1:i>) or of its closure (parameter<ns1:i pattern="Inline">closure</ns1:i>), additionally to document the inferred axioms of<ns1:i pattern="Inline">ontology-url</ns1:i>(parameter<ns1:i pattern="Inline">reasoner</ns1:i>), and finally to generate the<ns1:i pattern="Inline">ontology-url</ns1:i>documentation in a language different form English (parameter<ns1:i pattern="Inline">lang</ns1:i>). The complete usage of all these parameters is introduced in<ns1:a class="ref" component="Reference " href="PeroniLODE" pattern="Milestone" referenceTo="BibliographicReference "/>.</ns1:p></ns1:div><ns1:div class="section" id="SectionNewFeatures" pattern="HeadedContainer" structure="Section "><ns1:h1 pattern="Block" structure="SectionTitle ">New features</ns1:h1><ns1:p pattern="Block" structure="Paragraph ">In what follows, we briefly list the main new features implemented in the latest version of LODE (v 1.1). These features improve the existing documentation and also make possible new user actions.</ns1:p><ns1:div class="picture" id="FigureFeatures" pattern="Record" structure="FigureBox "><ns1:p class="img.block" pattern="Block" structure="Paragraph "><ns1:img class="13.593cm-9.624cm" pattern="Milestone" src="10000000000002AD000001E54B4FBD06.png" structure="Figure "/></ns1:p><ns1:p class="caption" pattern="Block" structure="Paragraph ">a) The<ns1:i pattern="Inline">owl:inverseOf</ns1:i>axiom inferred by LODE. b) Information about the current and the previous versions of the ontology. c) The facts related to individuals asserted in the ontology. d) The Web GUI to use LODE via its website.</ns1:p></ns1:div><ns1:p pattern="Block" structure="Paragraph "><ns1:b pattern="Inline">XSLT structural reasoner.</ns1:b>LODE has been extended with an additional XSLT module<ns1:a class="footnote" component="Reference " href="ftn14" pattern="Milestone" referenceTo="Footnote "/>that implements a preliminary version of an OWL structural reasoner. This infers new axioms directly from the RDF/XML ontology source, in particular the symmetric inferences of the following properties:<ns1:i pattern="Inline">owl:disjointWith</ns1:i>,<ns1:i pattern="Inline">owl:sameAs</ns1:i>,<ns1:i pattern="Inline">owl:equivalentProperty, owl:equivalentClass</ns1:i>(currently without handling restrictions)<ns1:i pattern="Inline"/>and<ns1:i pattern="Inline">owl:inverseOf</ns1:i>(the latter shown in<ns1:a class="ref" component="Reference " href="FigureFeatures" pattern="Milestone" referenceTo="FigureBox "/>(a)<ns1:a class="footnote" component="Reference " href="ftn15" pattern="Milestone" referenceTo="Footnote "/>). The XSLT structural reasoner temporarily stores the asserted axioms of the ontology about disjointness, sameness, equivalence and inversion so as to allow the checking and retrieval of both the asserted axioms (e.g.<ns1:i pattern="Inline">x owl:inverseOf y</ns1:i>) and the related symmetric ones (e.g.<ns1:i pattern="Inline">y owl:inverseOf x</ns1:i>) during the generation of the documentation. These features rely on functions that can be used for more general and parametric purposes, thereby enabling a quick and easy way to extend the structural reasoner to verify additional symmetric inferences.</ns1:p><ns1:p pattern="Block" structure="Paragraph "><ns1:b pattern="Inline">Additional information about the ontology.</ns1:b>OWL 2 introduces new built-in annotation properties to record the various versions of an ontology, in particular:<ns1:i pattern="Inline">owl:versionIRI</ns1:i>,<ns1:i pattern="Inline">owl:priorVersion</ns1:i>,<ns1:i pattern="Inline">owl:backwardCompatibleWith</ns1:i>,<ns1:i pattern="Inline">owl:incompatibleWith</ns1:i>. As shown in<ns1:a class="ref" component="Reference " href="FigureFeatures" pattern="Milestone" referenceTo="FigureBox "/>(b), the new version of LODE shows all this information. In addition, it now also displays<ns1:i pattern="Inline">dc:publisher</ns1:i>and<ns1:i pattern="Inline">dcterms:publisher</ns1:i>annotations whenever these are present in the ontology.</ns1:p><ns1:p pattern="Block" structure="Paragraph "><ns1:b pattern="Inline">Facts about individuals.</ns1:b>The documentation produced by LODE has been extended to add assertions that involve individuals (i.e. instances of classes) within the ontology. To this end, a new field labelled “has facts” has been added, as shown in<ns1:a class="ref" component="Reference " href="FigureFeatures" pattern="Milestone" referenceTo="FigureBox "/>(c), where the statement<ns1:span class="code" pattern="Inline">lodetest:lode lodetest:hasURL “http://www.essepuntato.it/lode”^^xsd:anyURI</ns1:span>has been documented.</ns1:p><ns1:p pattern="Block" structure="Paragraph "><ns1:b pattern="Inline">Web GUI.</ns1:b>As displayed in<ns1:a class="ref" component="Reference " href="FigureFeatures" pattern="Milestone" referenceTo="FigureBox "/>(d), the LODE logo area in the homepage now contains a simple form that allows users to access the service directly from the web page. In addition to permitting use of all the functions introduced in<ns1:a class="ref" component="Reference " href="SectionLODE" pattern="Milestone" referenceTo="Section "/>when specifying the URL of an ontology accessible from the Web, the form can also be used to generate documentation of ontologies stored locally, by browsing for them on the local hard drive and then uploading them to the LODE server.</ns1:p></ns1:div><ns1:div class="section" id="SectionConclusions" pattern="HeadedContainer" structure="Section "><ns1:h1 pattern="Block" structure="SectionTitle ">Conclusions</ns1:h1><ns1:p pattern="Block" structure="Paragraph ">In this paper we introduced some features that have been implemented in LODE, a Web application that automatically creates human-readable HTML ontology documentation on-the-fly from an OWL file of ontological axioms and annotations. These new capabilities enable the generation of more complete documentation – now enriched by inferred axioms, version control information and facts about individuals within the ontology – and simplify the use of the tool through a form-based Web interface. In future, we plan to further improve LODE. High on our list of proposed improvements are the inclusion of a search function, inclusion of additional information defined according to other annotation schemas, e.g.<ns1:i pattern="Inline">Content Pattern Annotation Schema</ns1:i><ns1:a class="footnote" component="Reference " href="ftn16" pattern="Milestone" referenceTo="Footnote "/>and<ns1:i pattern="Inline">VANN</ns1:i><ns1:a class="footnote" component="Reference " href="ftn17" pattern="Milestone" referenceTo="Footnote "/>, and extension of the structural reasoner, e.g. to infer the domain/range classes for inverse properties and the equivalence/subclass relations for classes even in presence of restrictions.</ns1:p></ns1:div><ns1:div class="bibliography" id="SectionReferences" pattern="HeadedContainer" structure="Section Bibliography "><ns1:h1 pattern="Block" structure="SectionTitle ">References</ns1:h1><ns1:ul pattern="Table" structure="List BibliographicReferenceList " type="bullet"><ns1:li component="BibliographicReference " id="BascaNeologism" pattern="Container"><ns1:p pattern="Block" structure="Paragraph ">Basca, C., Corlosquet, S., Cyganiak, R., Fernández, S., Schandl, T. (2008). Neologism: Easy Vocabulary Publishing. In Proceedings of the 4th Workshop on Scripting for the Semantic Web. http://ceur-ws.org/Vol-368/paper10.pdf (last visited June 27, 2012).</ns1:p></ns1:li><ns1:li component="BibliographicReference " id="TejoAlonsoParrot" pattern="Container"><ns1:p pattern="Block" structure="Paragraph ">Tejo-Alonso, C., Berrueta, D., Polo, L., Fernandez, S. (2011). Metadata for Web Ontologies and Rules: Current Practices and Perspectives. In Proceeding of the 5th Interational Conference on Metadata and Semantic Research (MTSR 2011). DOI: 10.1007/978-3-642-24731-6_6.</ns1:p></ns1:li><ns1:li component="BibliographicReference " id="PeroniLODE" pattern="Container"><ns1:p pattern="Block" structure="Paragraph ">Peroni, S., Shotton, D., Vitali, F. (2012). The Live OWL Documentation Environment: a tool for the automatic generation of ontology documentation. To appear in Proceedings of the 18th International Conference on Knowledge Engineering and Knowledge Management (EKAW 2012). http://palindrom.es/phd/wp-content/uploads/2010/07/lode_ekaw2012_cr.pdf (last visited June 27, 2012).</ns1:p></ns1:li><ns1:li component="BibliographicReference " id="HorridgeOWLAPI" pattern="Container"><ns1:p pattern="Block" structure="Paragraph ">Horridge, M., Bechhofer, S. (2011). The OWL API: A Java API for OWL ontologies. In Semantic Web – Interoperability, Usability, Applicability, 2 (1): 11-21. DOI: 10.3233/SW-2011-0025.</ns1:p></ns1:li></ns1:ul></ns1:div><ns1:div class="footnote" pattern="Table" structure="List "><ns1:div id="ftn4" pattern="Container" structure="Footnote "><ns1:p pattern="Block" structure="Paragraph ">ISSUE-270: automate HTML for OWL constructs:<ns1:a href="http://www.w3.org/2011/prov/track/issues/270" pattern="Inline">http://www.w3.org/2011/prov/track/issues/270</ns1:a>.</ns1:p></ns1:div><ns1:div id="ftn5" pattern="Container" structure="Footnote "><ns1:p pattern="Block" structure="Paragraph ">Neologism:<ns1:a href="http://neologism.deri.ie/" pattern="Inline">http://neologism.deri.ie</ns1:a>.</ns1:p></ns1:div><ns1:div id="ftn6" pattern="Container" structure="Footnote "><ns1:p pattern="Block" structure="Paragraph ">OWLDoc:<ns1:a href="http://code.google.com/p/co-ode-owl-plugins/wiki/OWLDoc" pattern="Inline">http://code.google.com/p/co-ode-owl-plugins/wiki/OWLDoc</ns1:a>.</ns1:p></ns1:div><ns1:div id="ftn7" pattern="Container" structure="Footnote "><ns1:p pattern="Block" structure="Paragraph ">Parrot:<ns1:a href="http://ontorule-project.eu/parrot/parrot" pattern="Inline">http://ontorule-project.eu/parrot/parrot</ns1:a>.</ns1:p></ns1:div><ns1:div id="ftn8" pattern="Container" structure="Footnote "><ns1:p pattern="Block" structure="Paragraph ">LODE, the Live OWL Documentation Environment:<ns1:a href="http://www.essepuntato.it/lode" pattern="Inline">http://www.essepuntato.it/lode</ns1:a>.</ns1:p></ns1:div><ns1:div id="ftn9" pattern="Container" structure="Footnote "><ns1:p pattern="Block" structure="Paragraph ">The OWL API:<ns1:a href="http://owlapi.sourceforge.net/" pattern="Inline">http://owlapi.sourceforge.net</ns1:a>.</ns1:p></ns1:div><ns1:div id="ftn10" pattern="Container" structure="Footnote "><ns1:p pattern="Block" structure="Paragraph ">Semantic Publishing and Referencing Ontologies:<ns1:a href="http://purl.org/spar" pattern="Inline">http://purl.org/spar</ns1:a>.</ns1:p></ns1:div><ns1:div id="ftn11" pattern="Container" structure="Footnote "><ns1:p pattern="Block" structure="Paragraph ">PROV-O: The PROV Ontology:<ns1:a href="http://www.w3.org/TR/prov-o" pattern="Inline">http://www.w3.org/TR/prov-o</ns1:a>.</ns1:p></ns1:div><ns1:div id="ftn12" pattern="Container" structure="Footnote "><ns1:p pattern="Block" structure="Paragraph ">VIVO: connect, share, discover:<ns1:a href="http://vivoweb.org/" pattern="Inline">http://vivoweb.org</ns1:a>.</ns1:p></ns1:div><ns1:div id="ftn13" pattern="Container" structure="Footnote "><ns1:p pattern="Block" structure="Paragraph ">STLab Tool Tipalo:<ns1:a href="http://wit.istc.cnr.it/stlab-tools/tipalo" pattern="Inline">http://wit.istc.cnr.it/stlab-tools/tipalo</ns1:a>.</ns1:p></ns1:div><ns1:div id="ftn14" pattern="Container" structure="Footnote "><ns1:p pattern="Block" structure="Paragraph "><ns1:a href="http://speronitomcat.web.cs.unibo.it:8080/LODE/structural-reasoner.xsl" pattern="Inline">http://speronitomcat.web.cs.unibo.it:8080/LODE/structural-reasoner.xsl</ns1:a></ns1:p></ns1:div><ns1:div id="ftn15" pattern="Container" structure="Footnote "><ns1:p pattern="Block" structure="Paragraph ">The ontology used in the examples is the<ns1:i pattern="Inline">LODE Test Ontology</ns1:i>, available at<ns1:a href="http://www.essepuntato.it/2012/06/lodetest" pattern="Inline">http://www.essepuntato.it/2012/06/lodetest</ns1:a>.</ns1:p></ns1:div><ns1:div id="ftn16" pattern="Container" structure="Footnote "><ns1:p pattern="Block" structure="Paragraph ">Content Pattern Annotation Schema:<ns1:a href="http://www.ontologydesignpatterns.org/schemas/cpannotationschema.owl" pattern="Inline">http://www.ontologydesignpatterns.org/schemas/cpannotationschema.owl</ns1:a>.</ns1:p></ns1:div><ns1:div id="ftn17" pattern="Container" structure="Footnote "><ns1:p pattern="Block" structure="Paragraph ">VANN:<ns1:a href="http://purl.org/vocab/vann" pattern="Inline">http://purl.org/vocab/vann</ns1:a>.</ns1:p></ns1:div></ns1:div></ns1:body></ns1:iml>