<?xml version="1.0" encoding="UTF-8"?><ns1:iml xmlns:ns1="http://www.cs.unibo.it/2006/iml" pattern="Record"><ns1:head pattern="Container" structure="FrontMatter "><ns1:title pattern="Field" structure="Title ">A first approach to the automatic recognition of structural patterns in XML documents</ns1:title><ns1:meta content="1" name="author.1.number" pattern="Meta"/><ns1:meta content="Angelo Di Iorio" name="author.1.name" pattern="Meta"/><ns1:meta content="Department of Computer Science@University of Bologna" name="author.1.affiliation" pattern="Meta"/><ns1:meta content="diiorio@cs.unibo.it" name="author.1.email" pattern="Meta"/><ns1:meta content="2" name="author.2.number" pattern="Meta"/><ns1:meta content="Silvio Peroni" name="author.2.name" pattern="Meta"/><ns1:meta content="Department of Computer Science@University of Bologna" name="author.2.affiliation" pattern="Meta"/><ns1:meta content="essepuntato@cs.unibo.it" name="author.2.email" pattern="Meta"/><ns1:meta content="3" name="author.3.number" pattern="Meta"/><ns1:meta content="Francesco Poggi" name="author.3.name" pattern="Meta"/><ns1:meta content="Department of Computer Science@University of Bologna" name="author.3.affiliation" pattern="Meta"/><ns1:meta content="fpoggi@cs.unibo.it" name="author.3.email" pattern="Meta"/><ns1:meta content="4" name="author.4.number" pattern="Meta"/><ns1:meta content="Fabio Vitali" name="author.4.name" pattern="Meta"/><ns1:meta content="Department of Computer Science@University of Bologna" name="author.4.affiliation" pattern="Meta"/><ns1:meta content="fabio@cs.unibo.it" name="author.4.email" pattern="Meta"/><ns1:meta content="I.7.2,Document And Text Processing,Document Preparation,Markup languages" name="category" pattern="Meta"/><ns1:meta content="I.7.2,Document And Text Processing,Document Capture, Document analysis" name="category" pattern="Meta"/><ns1:meta content="Algorithms" name="generalterm" pattern="Meta"/><ns1:meta content="Theory" name="generalterm" pattern="Meta"/><ns1:meta content="structural patterns" name="keyword" pattern="Meta"/><ns1:meta content="descriptive markup" name="keyword" pattern="Meta"/><ns1:meta content="XML" name="keyword" pattern="Meta"/><ns1:meta content="document visualisation" name="keyword" pattern="Meta"/><ns1:meta content="pattern recognition" name="keyword" pattern="Meta"/></ns1:head><ns1:body pattern="Container" structure="BodyMatter "><ns1:div class="abstract" id="abs" pattern="HeadedContainer" structure="Section "><ns1:h1 pattern="Block" structure="SectionTitle ">Abstract</ns1:h1><ns1:p pattern="Block" structure="Paragraph ">XML is among the preferred formats for storing the structure of documents such as scientific articles, manuals, documentation, literary works, etc. Sometimes publishers adopt established and well-known vocabularies such as DocBook and TEI, other times they create partially or entirely new ones that better deal with the particular requirements of their documents. The (explicit and implicit) requirements of use in these vocabularies often follow well-established patterns, creating meta-structures (the block, the container, the inline element, etc.) that persist across vocabularies and authors and that describe a truer and more general conceptualization of the documents' building blocks. Addressing such meta-structures not only gives a better insight of what documents really are composed of, but provides abstract and more general mechanisms to work on documents regardless of the availability of specific schemas, tools and presentation stylesheets. In this paper we introduce a schema-independent theory that creates reasonable presentation of XML documents, where the main structures of the documents are rendered in a clear way (e.g. significant fragments and structured data well differentiated from free text, containment between elements is comprehensible, etc.), through the automatic identification of their structural properties based on such patterns. We provide a definition of such patterns and how they synthesize characteristics emerging from real markup documents. Additionally, we propose an algorithm that allows us to identify the pattern of each element in a set of homogeneous markup documents.</ns1:p></ns1:div><ns1:div class="section" id="SectionIntroduction" pattern="HeadedContainer" structure="Section "><ns1:h1 pattern="Block" structure="SectionTitle ">Introduction</ns1:h1><ns1:p pattern="Block" structure="Paragraph ">Publishing has been part of a revolution in the last twenty years. The proliferation of digital formats and tools for digital publishing is undeniable, and the same World Wide Web is constantly used for publishing content, even personal, even by inexpert users. XML still plays a crucial role in this evolving scenario: XML-encoded documents such as books, articles, legal acts, reports, specifications are ubiquitous, and XML-based languages are widely used as intermediate formats for conversion and communication, and as final formats for publication.</ns1:p><ns1:p pattern="Block" structure="Paragraph ">In many cases, communities use well-known vocabularies such as DocBook<ns1:a class="ref" component="Reference " href="WalshDocBook" pattern="Milestone" referenceTo="BibliographicReference "/>and TEI<ns1:a class="ref" component="Reference " href="TEIConsortiumTEIP5" pattern="Milestone" referenceTo="BibliographicReference "/>, other times they use customized vocabularies tailored for their purposes, others they completely invent new languages. It is not surprising that in all these solutions designers have to deal with complex constraints within the language. They are required to cover heterogeneous situations and to foresee possible (validation) mistakes and misinterpretations by the final users. All these difficulties contribute to produce rich and complex schemas, that often require a lot of effort to be fully understood and applied.</ns1:p><ns1:p pattern="Block" structure="Paragraph ">This paper discusses an alternative approach for studying and designing XML documents and schemas. Instead of focusing on the compliance to schemas that capture<ns1:b pattern="Inline">all</ns1:b>aspects of a domain - from those general and used in most of the documents up to the irregularities and specific cases that are actually useful in a few cases – we propose to shift the analysis to a<ns1:b pattern="Inline">meta-level</ns1:b>and to study classes of elements, i.e. patterns, that persist across documents and that distil the conceptualization of the documents and their components.</ns1:p><ns1:p pattern="Block" structure="Paragraph ">We have been investigating patterns for XML documents for some time<ns1:a class="ref" component="Reference " href="DattoloStructuralPatterns" pattern="Milestone" referenceTo="BibliographicReference "/><ns1:a class="ref" component="Reference " href="DiIorioDesignPatterns" pattern="Milestone" referenceTo="BibliographicReference "/>. In this paper, we give a full description of our theory about<ns1:i pattern="Inline">structural</ns1:i><ns1:i pattern="Inline">patterns</ns1:i>, meta-structures that we consider sufficient to express what authors of documents and schemas mostly need. We also provide a formal definition of our patterns and their relations, and discuss how they synthesize characteristics emerging from real markup documents.</ns1:p><ns1:p pattern="Block" structure="Paragraph ">A pattern-based classification can be used for different purposes. For instance, it can be adopted as reference model to extract information from legacy documents: rather than trying to derive (a posteriori) constraints on those documents, users can look for those patterns and derive the structural role of each piece of information. Similarly, compliance to patterns can be checked retrospectively in order to verify how user really follow certain grammars, how they share design approaches, and to what extent their documents follow community guidelines.</ns1:p><ns1:p pattern="Block" structure="Paragraph ">From a different perspective, the adoption of structural patterns make it easier the management of schemas and documents: a simplified model reduces choices, thus reduces possibility of errors and misinterpretations. Yet, some specific cases and constraints are not covered by patterns but the point here is to investigate which are the most important and shared features of well-engineered documents, which of them should (and can) be extracted, which can be neglected and under which circumstances.</ns1:p><ns1:p pattern="Block" structure="Paragraph ">Notice also that a simpler model eases documents' processing by future applications: even those applications not yet existing today will be more reliable and easy-to-build if dealing with simpler and less ambiguous structures. The reliability and re-usability of patterns make them good solutions even when creating new XML documents, besides bringing benefits to human readers in terms of readability and noise minimization.</ns1:p><ns1:p pattern="Block" structure="Paragraph ">In fact, our approach is minimalist. We believe that it is possible to derive from any schema a sub-schema that is fully pattern-based and that authors actually adhere to in most of their documents. Towards this goal, we present some preliminary studies that illustrate how a significative set of XML documents produced by different authors within a given community – DocBook documents written by the authors of the Balisage Conference Series – follows the same meta-structural organisation. The paper also introduces the algorithm used for the analysis, that is able to identify the pattern of each element in a set of homogeneous documents. We exploit such automatic patterns recognition for automatically generating reasonable CSS stylesheets for the visualisation of XML documents – or, better, for their pattern-based counterparts – without making any assumption on the implicit semantics defined by the vocabulary in consideration.</ns1:p><ns1:p pattern="Block" structure="Paragraph ">The rest of the paper is organised as follows. In<ns1:a class="ref" component="Reference " href="SectionStructuralPattern" pattern="Milestone" referenceTo="Section "/>we give an overview of our theory of structural patterns, while details of our theory and a formal description are provided in<ns1:a class="ref" component="Reference " href="SectionPatternTheory" pattern="Milestone" referenceTo="Section "/>. In<ns1:a class="ref" component="Reference " href="SectionRetrievingStructuralPatterns" pattern="Milestone" referenceTo="Section "/>we illustrate our algorithm for the automatic recognition of structural patterns and its application for automatic visualization. In<ns1:a class="ref" component="Reference " href="SectionTesting" pattern="Milestone" referenceTo="Section "/>we present the experiments on our algorithm and we discuss the outcome of these experiments. In<ns1:a class="ref" component="Reference " href="SectionRelatedWorks" pattern="Milestone" referenceTo="Section "/>we discuss some relevant work about the recognition of structures and meta-structures in XML documents. Finally, we conclude in<ns1:a class="ref" component="Reference " href="SectionConclusions" pattern="Milestone" referenceTo="Section "/>presenting some development we plan for the near future.</ns1:p></ns1:div><ns1:div class="section" id="SectionStructuralPattern" pattern="HeadedContainer" structure="Section "><ns1:h1 pattern="Block" structure="SectionTitle ">Structural patterns</ns1:h1><ns1:p pattern="Block" structure="Paragraph ">The idea of using patterns to produce reusable and high-quality assets is not new in the literature. Software engineers<ns1:a class="ref" component="Reference " href="GammaDesignPatterns" pattern="Milestone" referenceTo="BibliographicReference "/>, architects and designers often use – or indeed<ns1:i pattern="Inline">reuse</ns1:i>– patterns to handle problems that occur over and over again. Patterns have also been studied to modularize and customize web ontologies<ns1:a class="ref" component="Reference " href="PresuttiOntologyDesignPatterns" pattern="Milestone" referenceTo="BibliographicReference "/>. They guarantee the flexibility and maintainability of concepts and solutions in several heterogeneous scenarios.</ns1:p><ns1:p pattern="Block" structure="Paragraph ">We have been investigating patterns for XML documents (e.g.,<ns1:a class="ref" component="Reference " href="DattoloStructuralPatterns" pattern="Milestone" referenceTo="BibliographicReference "/><ns1:a class="ref" component="Reference " href="DiIorioDesignPatterns" pattern="Milestone" referenceTo="BibliographicReference "/>to understand how the structure of digital documents can be segmented into atomic components, which can be addressed independently and manipulated for different purposes. Instead of defining a large number of complex and diversified structures, a small number of<ns1:i pattern="Inline">structural</ns1:i><ns1:i pattern="Inline">patterns</ns1:i>needs to be found that are sufficient to express what most users need.</ns1:p><ns1:p pattern="Block" structure="Paragraph ">The two main characterizing aspects of such set of patterns should be:</ns1:p><ns1:ul pattern="Table" structure="List " type="bullet"><ns1:li pattern="Container"><ns1:p pattern="Block" structure="Paragraph "><ns1:i pattern="Inline">orthogonality</ns1:i>– each pattern needs to have a specific goal and to fit a specific context. The orthogonality between patterns makes it possible to associate a single pattern to each of the most common situations in document design. Then, whenever a designer has a particular need he/she has to only select the corresponding pattern and to apply it;</ns1:p></ns1:li><ns1:li pattern="Container"><ns1:p pattern="Block" structure="Paragraph "><ns1:i pattern="Inline">assemblability</ns1:i>– each pattern can be used only in some locations (within other patterns). Although this may seem a limitation, such strictness improves the expressiveness and non-ambiguity of patterns. By limiting the possible choices, patterns prevent the creation of uncontrolled and misleading content structures. This characteristic still allows the presence of overlapping items – for example, a block that contains two different inlines that overlap upon the same segment continues to be a valid structure in terms of patterns because its content model is not violated, even though the presence of overlapping descendants.</ns1:p></ns1:li></ns1:ul><ns1:p pattern="Block" structure="Paragraph ">These patterns allow authors to create unambiguous, manageable and well-structured documents. The regularity of pattern-based documents makes it possible to perform easily complex operations even when knowing very little about the documents' vocabulary. Designers can implement more reliable and efficient tools, can make hypothesis regarding the meanings of document fragments, can identify singularities and can study global properties of sets of documents.</ns1:p><ns1:p pattern="Block" structure="Paragraph ">In particular, the automatic recognition of structural patterns can help in the visualization of XML documents. In particular, given a set of schema-homogeneous XML documents, our idea is to identify markup elements and their related compliant structural patterns knowing neither the implicit semantics of markup elements nor any presentational stylesheet associate with the schema.</ns1:p><ns1:div class="picture" id="FigurePatterns" pattern="Record" structure="FigureBox "><ns1:p class="img.block" pattern="Block" structure="Paragraph "><ns1:img class="17cm-10.892cm" pattern="Milestone" src="100000000000035F00000229EC177207.png" structure="Figure "/></ns1:p><ns1:p class="caption" pattern="Block" structure="Paragraph ">The classes defining the hierarchical structure of the structural patterns defined in our model. The arrows indicate sub-class relationships between patterns (e.g. Mixed is sub-class of Structured).</ns1:p></ns1:div><ns1:div class="table" id="TablePatternList" pattern="Record" structure="TableBox "><ns1:table pattern="Table" structure="Table " width="17.022cm"><ns1:tr pattern="Table"><ns1:th pattern="Container" width="12.085071382409964%"><ns1:p pattern="Block" structure="Paragraph ">Pattern</ns1:p></ns1:th><ns1:th pattern="Container" width="68.36261089242699%"><ns1:p pattern="Block" structure="Paragraph ">Description</ns1:p></ns1:th><ns1:th pattern="Container" width="19.552317725163032%"><ns1:p pattern="Block" structure="Paragraph ">Example (DocBook)</ns1:p></ns1:th></ns1:tr><ns1:tr pattern="Table"><ns1:td pattern="Container" width="12.085071382409964%"><ns1:p pattern="Block" structure="Paragraph ">Atom</ns1:p></ns1:td><ns1:td pattern="Container" width="68.36261089242699%"><ns1:p pattern="Block" structure="Paragraph ">Any simple box of text, without internal substructures (simple content) that is allowed in a mixed content structure but not in a container.</ns1:p></ns1:td><ns1:td pattern="Container" width="19.552317725163032%"><ns1:p pattern="Block" structure="Paragraph ">email, code</ns1:p></ns1:td></ns1:tr><ns1:tr pattern="Table"><ns1:td pattern="Container" width="12.085071382409964%"><ns1:p pattern="Block" structure="Paragraph ">Block</ns1:p></ns1:td><ns1:td pattern="Container" width="68.36261089242699%"><ns1:p pattern="Block" structure="Paragraph ">Any container of text and other substructures except for (even recursively) other block elements. The pattern is meant to represent block-level elements such as paragraphs.</ns1:p></ns1:td><ns1:td pattern="Container" width="19.552317725163032%"><ns1:p pattern="Block" structure="Paragraph ">para, caption</ns1:p></ns1:td></ns1:tr><ns1:tr pattern="Table"><ns1:td pattern="Container" width="12.085071382409964%"><ns1:p pattern="Block" structure="Paragraph ">Container</ns1:p></ns1:td><ns1:td pattern="Container" width="68.36261089242699%"><ns1:p pattern="Block" structure="Paragraph ">Any container of a sequence of other substructures and that does not directly contain text. The pattern is meant to represent higher document structures that give shape and organization to a text document, but do not directly include the content of the document.</ns1:p></ns1:td><ns1:td pattern="Container" width="19.552317725163032%"><ns1:p pattern="Block" structure="Paragraph ">bibliography, preface</ns1:p></ns1:td></ns1:tr><ns1:tr pattern="Table"><ns1:td pattern="Container" width="12.085071382409964%"><ns1:p pattern="Block" structure="Paragraph ">Field</ns1:p></ns1:td><ns1:td pattern="Container" width="68.36261089242699%"><ns1:p pattern="Block" structure="Paragraph ">Any simple box of text, without internal substructures (simple content) that is allowed in a container but not in a mixed content structure.</ns1:p></ns1:td><ns1:td pattern="Container" width="19.552317725163032%"><ns1:p pattern="Block" structure="Paragraph ">pubdate, publishername</ns1:p></ns1:td></ns1:tr><ns1:tr pattern="Table"><ns1:td pattern="Container" width="12.085071382409964%"><ns1:p pattern="Block" structure="Paragraph ">Headed Container</ns1:p></ns1:td><ns1:td pattern="Container" width="68.36261089242699%"><ns1:p pattern="Block" structure="Paragraph ">Any container starting with a head of one or more block elements. The pattern is usually meant to represent nested hierarchical elements (such as sections, subsections, etc., as well as their headings).</ns1:p></ns1:td><ns1:td pattern="Container" width="19.552317725163032%"><ns1:p pattern="Block" structure="Paragraph ">section, chapter</ns1:p></ns1:td></ns1:tr><ns1:tr pattern="Table"><ns1:td pattern="Container" width="12.085071382409964%"><ns1:p pattern="Block" structure="Paragraph ">Inline</ns1:p></ns1:td><ns1:td pattern="Container" width="68.36261089242699%"><ns1:p pattern="Block" structure="Paragraph ">Any container of text and other substructures, including (even recursively) other inline elements. The pattern is meant to represent inline-level styles such as bold, italic, etc.</ns1:p></ns1:td><ns1:td pattern="Container" width="19.552317725163032%"><ns1:p pattern="Block" structure="Paragraph ">emphasis</ns1:p></ns1:td></ns1:tr><ns1:tr pattern="Table"><ns1:td pattern="Container" width="12.085071382409964%"><ns1:p pattern="Block" structure="Paragraph ">Meta</ns1:p></ns1:td><ns1:td pattern="Container" width="68.36261089242699%"><ns1:p pattern="Block" structure="Paragraph ">Any content-less structure (but data could be specified in attributes) that is allowed in a container but not in a mixed content structure. The pattern is meant to represent metadata elements that assert things about the document, but are disconnected to its actual text content.</ns1:p></ns1:td><ns1:td pattern="Container" width="19.552317725163032%"><ns1:p pattern="Block" structure="Paragraph ">imagedata, colspec</ns1:p></ns1:td></ns1:tr><ns1:tr pattern="Table"><ns1:td pattern="Container" width="12.085071382409964%"><ns1:p pattern="Block" structure="Paragraph ">Milestone</ns1:p></ns1:td><ns1:td pattern="Container" width="68.36261089242699%"><ns1:p pattern="Block" structure="Paragraph ">Any content-less structure (but data could be specified in attributes) that is allowed in a mixed content structure but not in a container. The pattern is meant to represent locations within the text content that are relevant for any reason.</ns1:p></ns1:td><ns1:td pattern="Container" width="19.552317725163032%"><ns1:p pattern="Block" structure="Paragraph ">xref, co</ns1:p></ns1:td></ns1:tr><ns1:tr pattern="Table"><ns1:td pattern="Container" width="12.085071382409964%"><ns1:p pattern="Block" structure="Paragraph ">Popup</ns1:p></ns1:td><ns1:td pattern="Container" width="68.36261089242699%"><ns1:p pattern="Block" structure="Paragraph ">Any structure that, while still not allowing text content inside itself, is nonetheless found in a mixed content context. The pattern is meant to represent complex substructures that interrupt but do not break the main flow of the text, such as footnotes.</ns1:p></ns1:td><ns1:td pattern="Container" width="19.552317725163032%"><ns1:p pattern="Block" structure="Paragraph ">footnote, tip</ns1:p></ns1:td></ns1:tr><ns1:tr pattern="Table"><ns1:td pattern="Container" width="12.085071382409964%"><ns1:p pattern="Block" structure="Paragraph ">Record</ns1:p></ns1:td><ns1:td pattern="Container" width="68.36261089242699%"><ns1:p pattern="Block" structure="Paragraph ">Any container that does not allow substructures to repeat themselves internally. The pattern is meant to represent database records with their variety of (non-repeatable) fields.</ns1:p></ns1:td><ns1:td pattern="Container" width="19.552317725163032%"><ns1:p pattern="Block" structure="Paragraph ">address, revision</ns1:p></ns1:td></ns1:tr><ns1:tr pattern="Table"><ns1:td pattern="Container" width="12.085071382409964%"><ns1:p pattern="Block" structure="Paragraph ">Table</ns1:p></ns1:td><ns1:td pattern="Container" width="68.36261089242699%"><ns1:p pattern="Block" structure="Paragraph ">Any container that allows a repetition of homogeneous substructures. The pattern is meant to represent a table of a database with its content of multiple similarly structured records.</ns1:p></ns1:td><ns1:td pattern="Container" width="19.552317725163032%"><ns1:p pattern="Block" structure="Paragraph ">tr, keywordset</ns1:p></ns1:td></ns1:tr></ns1:table><ns1:p class="caption" pattern="Block" structure="Paragraph ">Eleven structural patterns for descriptive documents.</ns1:p></ns1:div><ns1:p pattern="Block" structure="Paragraph ">In<ns1:a class="ref" component="Reference " href="SectionPatternTheory" pattern="Milestone" referenceTo="Section "/>we derive the structural patterns using description logic formulas<ns1:a class="footnote" component="Reference " href="ftn5" pattern="Milestone" referenceTo="Footnote "/>to provide their formal definitions from the abstract conceptualization provided by the abstract patterns of<ns1:a class="ref" component="Reference " href="FigurePatterns" pattern="Milestone" referenceTo="FigureBox "/>.</ns1:p></ns1:div><ns1:div class="section" id="SectionPatternTheory" pattern="HeadedContainer" structure="Section "><ns1:h1 pattern="Block" structure="SectionTitle ">A theory of patterns</ns1:h1><ns1:p pattern="Block" structure="Paragraph ">In this section we introduce general properties of markup elements and organize them in abstract classes from which we derive the actual patterns we describe in our model. The overall structure of our pattern theory is summarized in<ns1:a class="ref" component="Reference " href="FigurePatterns" pattern="Milestone" referenceTo="FigureBox "/>. Nine abstract patterns (in yellow) are used to generate eleven instanceable patterns (in blue) that constitute the core of our model, as detailed in<ns1:a class="ref" component="Reference " href="TablePatternList" pattern="Milestone" referenceTo="TableBox "/>.</ns1:p><ns1:div class="section" id="SectionBasicProperties" pattern="HeadedContainer" structure="Section "><ns1:h1 pattern="Block" structure="SectionTitle ">Basic properties of markup content models</ns1:h1><ns1:p pattern="Block" structure="Paragraph ">Each structural pattern is characterised by general properties that restrict their elements to be compliant with a particular content model. Namely, we organize markup elements in four disjoint classes according to their ability to contain text and/or other elements.</ns1:p><ns1:p pattern="Block" structure="Paragraph ">We define<ns1:i pattern="Inline">Textual</ns1:i>as the class of elements that<ns1:i pattern="Inline">can have textual content</ns1:i>in their content models and<ns1:i pattern="Inline">NonTextual</ns1:i>as the class of elements that cannot. These two classes are disjointed. We also define<ns1:i pattern="Inline">Structured</ns1:i>as the class of elements that can<ns1:i pattern="Inline">contain other elements</ns1:i>, and<ns1:i pattern="Inline">NonStructured</ns1:i>as the class of elements that cannot. These two classes are disjoint.</ns1:p><ns1:p class="code" pattern="Block" structure="Paragraph ">Textual ⊑ ⊤ NonTextual ⊑ ⊤ NonTextual ≡ ¬ Textual Textual ⊓ NonTextual ⊑ ⊥ Structured ⊑ ⊤ NonStructured ⊑ ⊤ NonStructured ≡ ¬ Structured Structured ⊓ NonStructured ⊑ ⊥</ns1:p><ns1:p pattern="Block" structure="Paragraph ">We define the property<ns1:i pattern="Inline">contains</ns1:i>(and its inverse<ns1:i pattern="Inline">isContainedBy</ns1:i>) on<ns1:i pattern="Inline">Structured</ns1:i>to indicate the markup elements its individuals contain:</ns1:p><ns1:p class="code" pattern="Block" structure="Paragraph ">∃contains.⊤ ⊑ Structured isContainedBy ≡ contains<ns1:span class="sup" pattern="Inline">-</ns1:span></ns1:p><ns1:p pattern="Block" structure="Paragraph ">While the content model of structured elements can contain any kind of optional and repeatable selection of elements, we need to be able to define some restrictions to their element repeatability. We thus define the boolean properties<ns1:i pattern="Inline">canContainHomogeneousElements,</ns1:i>true if the element can contain elements that share the same name<ns1:a class="footnote" component="Reference " href="ftn6" pattern="Milestone" referenceTo="Footnote "/><ns1:i pattern="Inline">,</ns1:i>and<ns1:i pattern="Inline">canContainHeterogeneousElements</ns1:i>, true if an element can contain elements with different names. In addition, we define<ns1:i pattern="Inline">containsAsHeader</ns1:i>as a sub-property of<ns1:i pattern="Inline">contains</ns1:i>to specify when a structured-based element contains<ns1:i pattern="Inline">header</ns1:i>elements.</ns1:p><ns1:p class="code" pattern="Block" structure="Paragraph ">∃canContainHomogeneousElements.⊤ ⊑ Structured ⊤ ⊑ ≤1canContainHomogeneousElements ∃canContainHeterogeneousElements.⊤ ⊑ Structured ⊤ ⊑ ≤1canContainHeterogeneousElements containsAsHeader ⊑ contains</ns1:p><ns1:p pattern="Block" structure="Paragraph ">By combining the four classes defined above we are able to generate four new classes:</ns1:p><ns1:ul pattern="Table" structure="List " type="bullet"><ns1:li pattern="Container"><ns1:p pattern="Block" structure="Paragraph ">class<ns1:i pattern="Inline">Mixed</ns1:i>. Individuals of this class can contain other elements and text nodes;</ns1:p></ns1:li><ns1:li pattern="Container"><ns1:p pattern="Block" structure="Paragraph ">class<ns1:i pattern="Inline">Bucket</ns1:i>. Individual of this class can contain other elements but no text nodes;</ns1:p></ns1:li><ns1:li pattern="Container"><ns1:p pattern="Block" structure="Paragraph ">class<ns1:i pattern="Inline">Flat</ns1:i>. Individual of this class can contain text nodes but no elements;</ns1:p></ns1:li><ns1:li pattern="Container"><ns1:p pattern="Block" structure="Paragraph ">class<ns1:i pattern="Inline">Marker</ns1:i>. Individual of this class can contain neither text nodes nor elements.</ns1:p></ns1:li></ns1:ul><ns1:p pattern="Block" structure="Paragraph ">These classes are defined as follows:</ns1:p><ns1:p class="code" pattern="Block" structure="Paragraph ">Mixed ⊑ Structured ⊓ Textual Bucket ⊑ Structured ⊓ NonTextual Flat ⊑ Textual ⊓ NonStructured Marker ⊑ NonTextual ⊓ NonStructured</ns1:p><ns1:p pattern="Block" structure="Paragraph ">Given these eight classes, we can now define our structural patterns which will be described in the next section with examples from DocBook<ns1:a class="ref" component="Reference " href="WalshDocBook" pattern="Milestone" referenceTo="BibliographicReference "/>.</ns1:p></ns1:div><ns1:div class="section" id="SectionStructuralPatterns" pattern="HeadedContainer" structure="Section "><ns1:h1 pattern="Block" structure="SectionTitle ">Structural patterns</ns1:h1><ns1:p pattern="Block" structure="Paragraph ">We define the class<ns1:i pattern="Inline">Block</ns1:i>to organise the document content as a sequence of nestable elements and text nodes. In particular, elements following this pattern can contain text and other elements compliant with the patterns<ns1:i pattern="Inline">Inline</ns1:i>,<ns1:i pattern="Inline">Atom</ns1:i>,<ns1:i pattern="Inline">Milestones</ns1:i>and<ns1:i pattern="Inline">Popup,</ns1:i>which will be introduced in the following. Furthermore, it is a requirement that block elements are contained only by<ns1:i pattern="Inline">container</ns1:i>and<ns1:i pattern="Inline">po</ns1:i><ns1:i pattern="Inline">pup</ns1:i>elements, as follows:</ns1:p><ns1:p class="code" pattern="Block" structure="Paragraph ">Block ≡ Mixed ⊓ ∀isContainedBy.(Container ⊔ Popup) Block ⊑ ∀contains.(Inline ⊔ Atom ⊔ Milestone ⊔ Popup)</ns1:p><ns1:p pattern="Block" structure="Paragraph ">Examples of DocBook elements typically used as compliant with the<ns1:i pattern="Inline">Block</ns1:i>pattern are<ns1:i pattern="Inline">para</ns1:i>and<ns1:i pattern="Inline">caption</ns1:i>.</ns1:p><ns1:p pattern="Block" structure="Paragraph ">We next define the class<ns1:i pattern="Inline">Inline</ns1:i>with the same use and content model of the pattern<ns1:i pattern="Inline">Block</ns1:i>, but differing primarily because:</ns1:p><ns1:ul pattern="Table" structure="List " type="bullet"><ns1:li pattern="Container"><ns1:p pattern="Block" structure="Paragraph ">inline elements can contain other elements compliant with the same pattern while block elements cannot;</ns1:p></ns1:li><ns1:li pattern="Container"><ns1:p pattern="Block" structure="Paragraph ">inline elements must always be contained by other block or inline elements and by no other type of element.</ns1:p></ns1:li></ns1:ul><ns1:p pattern="Block" structure="Paragraph ">These constraints also imply that inline elements cannot be used as root elements of documents and that the class<ns1:i pattern="Inline">Block</ns1:i>is disjoint with the class<ns1:i pattern="Inline">Inline</ns1:i>(i.e., a markup element cannot be a block and an inline at the same time), as specified by the following axioms:</ns1:p><ns1:p class="code" pattern="Block" structure="Paragraph ">Inline ≡ Mixed ⊓ ∀isContainedBy.(Inline ⊔ Block) Inline ⊑ ∀contains.(Inline ⊔ Atom ⊔ Milestone ⊔ Popup) ⊓ ∃isContainedBy.(Inline ⊔ Block) Block ⊓ Inline ⊑ ⊥</ns1:p><ns1:p pattern="Block" structure="Paragraph ">Examples of DocBook elements typically used as compliant with the<ns1:i pattern="Inline">Inline</ns1:i>pattern are<ns1:i pattern="Inline">link</ns1:i>and<ns1:i pattern="Inline">emphasis</ns1:i>.</ns1:p><ns1:p pattern="Block" structure="Paragraph ">The class<ns1:i pattern="Inline">Atom</ns1:i>is defined to describe literal text that is part of the document body. Moreover, similarly to<ns1:i pattern="Inline">Inline</ns1:i>, elements following the<ns1:i pattern="Inline">Atom</ns1:i>pattern can only be contained within block or inline elements (and consequently they also cannot be used as root elements of documents). It can contain textual content and no other elements, as shown in the following definition:</ns1:p><ns1:p class="code" pattern="Block" structure="Paragraph ">Atom ≡ Flat ⊓ ∀isContainedBy.(Inline ⊔ Block) Atom ⊑ ∃isContainedBy.(Inline ⊔ Block)</ns1:p><ns1:p pattern="Block" structure="Paragraph ">Examples of DocBook elements typically used as compliant with the<ns1:i pattern="Inline">Atom</ns1:i>pattern are<ns1:i pattern="Inline">email</ns1:i>and<ns1:i pattern="Inline">code</ns1:i>.</ns1:p><ns1:p pattern="Block" structure="Paragraph ">We next define the class<ns1:i pattern="Inline">Milestone</ns1:i>to contain neither other elements nor textual content. Moreover, similarly to<ns1:i pattern="Inline">Inline</ns1:i>, elements following the<ns1:i pattern="Inline">Milestone</ns1:i>pattern can only be contained within block or inline elements (and consequently they also cannot be used as root elements of documents). The formal definition of this class is as follows:</ns1:p><ns1:p class="code" pattern="Block" structure="Paragraph ">Milestone ≡ Marker ⊓ ∀isContainedBy.(Inline ⊔ Block) Milestone ⊑ ∃isContainedBy.(Inline ⊔ Block)</ns1:p><ns1:p pattern="Block" structure="Paragraph ">The distinctive characteristic of the pattern<ns1:i pattern="Inline">Milestone</ns1:i>is the<ns1:i pattern="Inline">location</ns1:i>it assumes within the document. Examples of DocBook elements typically used as compliant with the<ns1:i pattern="Inline">Milestone</ns1:i>pattern are<ns1:i pattern="Inline">xref</ns1:i>and<ns1:i pattern="Inline">co</ns1:i>.</ns1:p><ns1:p pattern="Block" structure="Paragraph ">We next define the pattern<ns1:i pattern="Inline">Popup</ns1:i>as that Bucket that is only present within block and inline elements. Moreover, similarly to<ns1:i pattern="Inline">Inline</ns1:i>, elements following the<ns1:i pattern="Inline">Popup</ns1:i>pattern can only be contained within block or inline elements (and consequently they also cannot be used as root elements of documents), as shown in the following excerpt:</ns1:p><ns1:p class="code" pattern="Block" structure="Paragraph ">Popup ≡ Bucket ⊓ ∀isContainedBy.(Inline ⊔ Block) Popup ⊑ ∀contains.(Container ⊔ Field ⊔ Meta ⊔ Block) ⊓ ∃isContainedBy.(Inline ⊔ Block)</ns1:p><ns1:p pattern="Block" structure="Paragraph ">Popup elements are used whenever complex structures need to be placed within content elements such as paragraphs. Examples of DocBook elements typically used as compliant with the<ns1:i pattern="Inline">Popup</ns1:i>pattern are<ns1:i pattern="Inline">footnote</ns1:i>and<ns1:i pattern="Inline">tip</ns1:i>.</ns1:p><ns1:p pattern="Block" structure="Paragraph ">We next define the class Meta also for elements that contain neither other elements nor textual content. Contrarily to the pattern<ns1:i pattern="Inline">Milestone</ns1:i>, which was meant to describe markup elements that impact the document because of their location, the main feature of its disjoint sibling is the mere<ns1:i pattern="Inline">existence</ns1:i>, independently from the position it has within the document.<ns1:i pattern="Inline">Meta</ns1:i>elements convey metadata information about the document or part of it, independently of where they are (e.g., the elements<ns1:i pattern="Inline">imagedata</ns1:i>or<ns1:i pattern="Inline">colspec</ns1:i>in DocBook). Thus, meta elements can be contained only within container or popup elements, as follows:</ns1:p><ns1:p class="code" pattern="Block" structure="Paragraph ">Meta ≡ Marker ⊓ ∀isContainedBy.(Container ⊔ Popup) Meta ⊓ Milestone ⊑ ⊥</ns1:p><ns1:p pattern="Block" structure="Paragraph ">The class<ns1:i pattern="Inline">Field</ns1:i>is defined to describe literal metadata or text that is not really part of the document body, contrarily to its disjointed sibling<ns1:i pattern="Inline">Atom</ns1:i>. Its main difference with<ns1:i pattern="Inline">Meta</ns1:i>is that<ns1:i pattern="Inline">Field</ns1:i>can contain textual content, as shown by the following definition:</ns1:p><ns1:p class="code" pattern="Block" structure="Paragraph ">Field ≡ Flat ⊓ ∀isContainedBy.(Container ⊔ Popup) Field ⊓ Atom ⊑ ⊥</ns1:p><ns1:p pattern="Block" structure="Paragraph ">Examples of DocBook elements typically used as compliant with the<ns1:i pattern="Inline">Field</ns1:i>pattern are<ns1:i pattern="Inline">pubdate</ns1:i>and<ns1:i pattern="Inline">publishername</ns1:i>.</ns1:p><ns1:p pattern="Block" structure="Paragraph ">The next class to be defined is the pattern<ns1:i pattern="Inline">Container</ns1:i>, which concerns the structural organization of a document. Elements following this pattern contain no textual content and contain only elements compliant with the patterns:<ns1:i pattern="Inline">Meta</ns1:i>,<ns1:i pattern="Inline">Field</ns1:i>,<ns1:i pattern="Inline">Block</ns1:i>and any subtype of<ns1:i pattern="Inline">Container</ns1:i>. It is disjointed with the pattern<ns1:i pattern="Inline">Popup</ns1:i>, although they share the same content model. Its formalisation is as follows:</ns1:p><ns1:p class="code" pattern="Block" structure="Paragraph ">Container ≡ Bucket ⊓ ∀isContainedBy.(Container ⊔ Popup) Container ⊑ ∀contains.(Container ⊔ Field ⊔ Meta ⊔ Block) Container ⊓ Popup ⊑ ⊥</ns1:p><ns1:p pattern="Block" structure="Paragraph ">Examples of DocBook elements typically used as compliant with the<ns1:i pattern="Inline">Container</ns1:i>pattern are<ns1:i pattern="Inline">bibliography</ns1:i>and<ns1:i pattern="Inline">preface</ns1:i>.</ns1:p><ns1:p pattern="Block" structure="Paragraph ">Container has a very general definition. It is thus useful to define subclasses that describe situations all ascribable to the Container pattern, but that have a typicality worth of their own pattern. The first such pattern is<ns1:i pattern="Inline">Table</ns1:i>. Elements compliant with<ns1:i pattern="Inline">Table</ns1:i>must contain only homogeneous elements (but they can be repeated), as follows:</ns1:p><ns1:p class="code" pattern="Block" structure="Paragraph ">Table ≡ Container ⊓ canContainHomogeneousElements:true ⊓ canContainHeterogeneousElements:false</ns1:p><ns1:p pattern="Block" structure="Paragraph ">Representative DocBook elements that are commonly used as compliant with the pattern<ns1:i pattern="Inline">Table</ns1:i>are<ns1:i pattern="Inline">tr</ns1:i>and<ns1:i pattern="Inline">keywordset</ns1:i>.</ns1:p><ns1:p pattern="Block" structure="Paragraph ">The pattern<ns1:i pattern="Inline">Record</ns1:i>has the opposite restriction than<ns1:i pattern="Inline">Table</ns1:i>: its element can only contain heterogeneous and non repeatable elements, as in the following axioms:</ns1:p><ns1:p class="code" pattern="Block" structure="Paragraph ">Record ≡ Container ⊓ canContainHomogeneousElements:false ⊓ canContainHeterogeneousElements:true</ns1:p><ns1:p pattern="Block" structure="Paragraph ">Examples of DocBook elements typically used as compliant with the<ns1:i pattern="Inline">Record</ns1:i>pattern are<ns1:i pattern="Inline">address</ns1:i>and<ns1:i pattern="Inline">revision</ns1:i>.</ns1:p><ns1:p pattern="Block" structure="Paragraph ">Next, the pattern<ns1:i pattern="Inline">HeadedContainer</ns1:i>is the subclass of<ns1:i pattern="Inline">Container</ns1:i>whose content model need to begin with one or more block elements (the heading), specified through the property<ns1:i pattern="Inline">containsAsHeader</ns1:i>as follows:</ns1:p><ns1:p class="code" pattern="Block" structure="Paragraph ">HeadedContainer ⊑ Container ⊓ ∀containsAsHeader.Block</ns1:p><ns1:p pattern="Block" structure="Paragraph ">Examples of DocBook elements typically used as compliant with the<ns1:i pattern="Inline">HeadedContainer</ns1:i>pattern are<ns1:i pattern="Inline">section</ns1:i>and<ns1:i pattern="Inline">chapter</ns1:i>.</ns1:p><ns1:p pattern="Block" structure="Paragraph ">Finally, it is also important to point out that all these subclasses of<ns1:i pattern="Inline">Container</ns1:i>are disjoint, as follows:</ns1:p><ns1:p class="code" pattern="Block" structure="Paragraph ">Table ⊓ Record ⊑ ⊥ HeadedContainer ⊓ Record ⊑ ⊥ HeadedContainer ⊓ Table ⊑ ⊥</ns1:p><ns1:p pattern="Block" structure="Paragraph ">In the following section we introduce an algorithm for determining the pattern that best describes each element of an XML document.</ns1:p></ns1:div></ns1:div><ns1:div class="section" id="SectionRetrievingStructuralPatterns" pattern="HeadedContainer" structure="Section "><ns1:h1 pattern="Block" structure="SectionTitle ">Retrieving structural patterns in documents</ns1:h1><ns1:p pattern="Block" structure="Paragraph ">In order to verify whether the theory of patterns presented in the previous section is adequate and complete, we describe here an algorithm we have created to assign one of the patterns to the elements of one or more XML documents using the same vocabulary, relying on no background information about the vocabulary, its intended meaning and its schema.</ns1:p><ns1:p pattern="Block" structure="Paragraph ">During the first preliminary step the algorithm performs a visit of the whole input document in order to group the elements with the same pair<ns1:i pattern="Inline">(namespace,name)</ns1:i><ns1:a class="footnote" component="Reference " href="ftn7" pattern="Milestone" referenceTo="Footnote "/>. This task of associating a structural pattern to each element in the input document is performed in four different steps that will be described in the following.</ns1:p><ns1:p pattern="Block" structure="Paragraph "><ns1:b pattern="Inline">Step 1.</ns1:b>After this introductory phase the algorithm considers each group and assigns their elements to one of the following categories<ns1:a class="ref" component="Reference " href="SectionBasicProperties" pattern="Milestone" referenceTo="Section "/>:</ns1:p><ns1:ul pattern="Table" structure="List " type="number"><ns1:li pattern="Container"><ns1:p pattern="Block" structure="Paragraph "><ns1:i pattern="Inline">Mixed</ns1:i>if the elements contain both non-empty text nodes and other elements. It is sufficient that one element of the group contains both non-empty text and other elements to add all the elements of the group to this category.</ns1:p></ns1:li><ns1:li pattern="Container"><ns1:p pattern="Block" structure="Paragraph "><ns1:i pattern="Inline">Marker</ns1:i>if the elements contain neither other elements nor non-empty text nodes. It is necessary that all the elements of the group are empty to add all the elements to this category.</ns1:p></ns1:li><ns1:li pattern="Container"><ns1:p pattern="Block" structure="Paragraph "><ns1:i pattern="Inline">Textual</ns1:i>if the elements contain text nodes but no elements.</ns1:p></ns1:li><ns1:li pattern="Container"><ns1:p pattern="Block" structure="Paragraph "><ns1:i pattern="Inline">Structured</ns1:i>if the elements contain only elements but no text nodes.</ns1:p></ns1:li></ns1:ul><ns1:p pattern="Block" structure="Paragraph ">These categories correspond to the first four abstract classes defined in the pattern ontology. The algorithm then proceeds to identify more properties of the elements, thereby moving the elements to more specific and eventually concrete pattern classes<ns1:i pattern="Inline">.</ns1:i></ns1:p><ns1:p pattern="Block" structure="Paragraph "><ns1:b pattern="Inline">Step 2.</ns1:b>In this step the definitions of the patterns are used to derive rules that identify even more specific characteristics of the element groups. Consider for instance the first rule:</ns1:p><ns1:ul pattern="Table" structure="List " type="bullet"><ns1:li pattern="Container"><ns1:p pattern="Block" structure="Paragraph ">If a<ns1:i pattern="Inline">Mixed</ns1:i>element (or of one of its subclasses) contains a<ns1:i pattern="Inline">Textual</ns1:i>element, then the<ns1:i pattern="Inline">Textual</ns1:i>element becomes<ns1:i pattern="Inline">Inline</ns1:i>.</ns1:p></ns1:li></ns1:ul><ns1:p pattern="Block" structure="Paragraph ">In fact, given the definitions of the patterns<ns1:a class="ref" component="Reference " href="SectionStructuralPattern" pattern="Milestone" referenceTo="Section "/>, elements classified as<ns1:i pattern="Inline">Textual</ns1:i>can only belong to concrete classes<ns1:i pattern="Inline">Inline</ns1:i>,<ns1:i pattern="Inline">Block</ns1:i>or<ns1:i pattern="Inline">Mixed</ns1:i>, but among these the only pattern that can be contained by<ns1:i pattern="Inline">Mixed</ns1:i>elements is<ns1:i pattern="Inline">Inline</ns1:i>. Using similar arguments we can derive the following rules:</ns1:p><ns1:ul pattern="Table" structure="List " type="bullet"><ns1:li pattern="Container"><ns1:p pattern="Block" structure="Paragraph ">If an<ns1:i pattern="Inline">Inline</ns1:i>element is contained within a<ns1:i pattern="Inline">Structured</ns1:i>element, then the<ns1:i pattern="Inline">Structured</ns1:i>element becomes<ns1:i pattern="Inline">Mixed</ns1:i>.</ns1:p></ns1:li></ns1:ul><ns1:ul pattern="Table" structure="List " type="bullet"><ns1:li pattern="Container"><ns1:p pattern="Block" structure="Paragraph ">If a<ns1:i pattern="Inline">Marker</ns1:i>element is contained within a<ns1:i pattern="Inline">Mixed</ns1:i>element (or any of its subclasses), then the<ns1:i pattern="Inline">Marker</ns1:i>element becomes<ns1:i pattern="Inline">Milestone</ns1:i>.</ns1:p></ns1:li><ns1:li pattern="Container"><ns1:p pattern="Block" structure="Paragraph ">If a<ns1:i pattern="Inline">Structured</ns1:i>element is contained within a<ns1:i pattern="Inline">Mixed</ns1:i>element (or any of its subclasses), then the<ns1:i pattern="Inline">Structured</ns1:i>element becomes<ns1:i pattern="Inline">Popup</ns1:i>.</ns1:p></ns1:li></ns1:ul><ns1:p pattern="Block" structure="Paragraph ">These rules are tested sequentially over the whole document. Since the effects of any rule may change the state of the either of the container and contained element, the premises of another rule could become true therefore triggering its execution, which could trigger yet another rule, and so on, the algorithm tests these rules over all the element groups of the document until no rule can be executed any more.</ns1:p><ns1:p pattern="Block" structure="Paragraph "><ns1:b pattern="Inline">Step 3.</ns1:b>After these steps the algorithm moves the elements that are still associated to abstract patterns into concrete ones. For example, since<ns1:i pattern="Inline">Mixed</ns1:i>is an abstract class and has two concrete subclasses<ns1:i pattern="Inline">Inline</ns1:i>or<ns1:i pattern="Inline">Block</ns1:i>, and since in the previous steps we have identified all the<ns1:i pattern="Inline">Inline</ns1:i>elements, the remaining<ns1:i pattern="Inline">Mixed</ns1:i>elements can become<ns1:i pattern="Inline">Block</ns1:i>. Similarly,<ns1:i pattern="Inline">Textual</ns1:i>elements become either<ns1:i pattern="Inline">Fields</ns1:i><ns1:a class="footnote" component="Reference " href="ftn8" pattern="Milestone" referenceTo="Footnote "/>,<ns1:i pattern="Inline">Marker</ns1:i>elements become<ns1:i pattern="Inline">Meta</ns1:i>, and<ns1:i pattern="Inline">Structured</ns1:i>elements become plain<ns1:i pattern="Inline">Containers</ns1:i>.</ns1:p><ns1:p pattern="Block" structure="Paragraph "><ns1:b pattern="Inline">Step 4.</ns1:b>The following step is to provide for the identification of the three<ns1:i pattern="Inline">Container</ns1:i>subclasses,<ns1:i pattern="Inline">Table</ns1:i>,<ns1:i pattern="Inline">Record</ns1:i>, and<ns1:i pattern="Inline">HeadedContainer</ns1:i>. The algorithm uses their basic properties to discern the Container elements. In particular the algorithm introduces the following shift rules:</ns1:p><ns1:ul pattern="Table" structure="List " type="bullet"><ns1:li pattern="Container"><ns1:p pattern="Block" structure="Paragraph ">If each element in a group contains one or more elements with the same general identifier, then it becomes<ns1:i pattern="Inline">Table</ns1:i>.</ns1:p></ns1:li><ns1:li pattern="Container"><ns1:p pattern="Block" structure="Paragraph ">If each element in a group contains many differently named elements with different general identifiers, then it becomes a<ns1:i pattern="Inline">Record</ns1:i>.</ns1:p></ns1:li><ns1:li pattern="Container"><ns1:p pattern="Block" structure="Paragraph ">If each element in a group contains an initial list of<ns1:i pattern="Inline">Block</ns1:i>elements with the given sequence of general identifiers, followed by a list of one or more elements whose identifier is not contained in the head, then it becomes a<ns1:i pattern="Inline">HeadedContainer</ns1:i>.</ns1:p></ns1:li></ns1:ul></ns1:div><ns1:div class="section" id="SectionTesting" pattern="HeadedContainer" structure="Section "><ns1:h1 pattern="Block" structure="SectionTitle ">Testing the theory</ns1:h1><ns1:p pattern="Block" structure="Paragraph ">We finally performed a preliminary evaluation of the quality of the algorithm for the automatic recognition of structural patterns. To do so, we selected an XML vocabulary (i.e. DocBook), manually assigned each element of its schema to one of our patterns according to our understanding of the semantics of the element (as illustrated in<ns1:a class="ref" component="Reference " href="TableGoldenStandard" pattern="Milestone" referenceTo="TableBox "/>), and compared it to the outcome of the algorithm over a number of documents. Since the schema gives less strict definitions of its element than those allowed in our patterns, and since we compared a human analysis of the schema against an algorithmic evaluation of actual documents, we aimed to prove two important points of our theory: first of all, that there is a reasonable sub-schema of the main schema that is pattern-compliant, and, secondly, that in most cases authors can and will adhere to such subschema for their expressive needs even if the grammar of the language does not require them to do so. The full results of the test and the generic CSS produced from the patterns we recognised are available online at<ns1:a href="http://fpoggi.web.cs.unibo.it/DOCENG2012/patterns.html" pattern="Inline">http://fpoggi.web.cs.unibo.it/DOCENG2012/patterns.html</ns1:a>.</ns1:p><ns1:div class="table" id="TableGoldenStandard" pattern="Record" structure="TableBox "><ns1:table pattern="Table" structure="Table " width="17.013cm"><ns1:tr pattern="Table"><ns1:th pattern="Container" width="19.12767458264754%"><ns1:p pattern="Block" structure="Paragraph ">Pattern</ns1:p></ns1:th><ns1:th pattern="Container" width="80.87232541735246%"><ns1:p pattern="Block" structure="Paragraph ">DocBook elements</ns1:p></ns1:th></ns1:tr><ns1:tr pattern="Table"><ns1:td pattern="Container" width="19.12767458264754%"><ns1:p pattern="Block" structure="Paragraph ">Inline</ns1:p></ns1:td><ns1:td pattern="Container" width="80.87232541735246%"><ns1:p pattern="Block" structure="Paragraph ">biblioid, citation, code, emphasis, link, quote, subscript, superscript, email, jobtitle</ns1:p></ns1:td></ns1:tr><ns1:tr pattern="Table"><ns1:td pattern="Container" width="19.12767458264754%"><ns1:p pattern="Block" structure="Paragraph ">Block</ns1:p></ns1:td><ns1:td pattern="Container" width="80.87232541735246%"><ns1:p pattern="Block" structure="Paragraph ">bibliomixed, mathphrase, orgname, para, subtitle, term, title, programlisting, td, th</ns1:p></ns1:td></ns1:tr><ns1:tr pattern="Table"><ns1:td pattern="Container" width="19.12767458264754%"><ns1:p pattern="Block" structure="Paragraph ">Container</ns1:p></ns1:td><ns1:td pattern="Container" width="80.87232541735246%"><ns1:p pattern="Block" structure="Paragraph ">affiliation, author, equation, figure, info, informaltable, listitem, mediaobject, note, table, variablelist, blockquote, td, th</ns1:p></ns1:td></ns1:tr><ns1:tr pattern="Table"><ns1:td pattern="Container" width="19.12767458264754%"><ns1:p pattern="Block" structure="Paragraph ">Table</ns1:p></ns1:td><ns1:td pattern="Container" width="80.87232541735246%"><ns1:p pattern="Block" structure="Paragraph ">abstract, caption, itemizedlist, keywordset, legalnotice, orderedlist, personblurb, tbody, thead, tr</ns1:p></ns1:td></ns1:tr><ns1:tr pattern="Table"><ns1:td pattern="Container" width="19.12767458264754%"><ns1:p pattern="Block" structure="Paragraph ">Record</ns1:p></ns1:td><ns1:td pattern="Container" width="80.87232541735246%"><ns1:p pattern="Block" structure="Paragraph ">confgroup, imageobject, personname, varlistentry</ns1:p></ns1:td></ns1:tr><ns1:tr pattern="Table"><ns1:td pattern="Container" width="19.12767458264754%"><ns1:p pattern="Block" structure="Paragraph ">HeadedContainer</ns1:p></ns1:td><ns1:td pattern="Container" width="80.87232541735246%"><ns1:p pattern="Block" structure="Paragraph ">appendix, article, bibliography, section</ns1:p></ns1:td></ns1:tr><ns1:tr pattern="Table"><ns1:td pattern="Container" width="19.12767458264754%"><ns1:p pattern="Block" structure="Paragraph ">Popup</ns1:p></ns1:td><ns1:td pattern="Container" width="80.87232541735246%"><ns1:p pattern="Block" structure="Paragraph ">footnote, blockquote, programlisting</ns1:p></ns1:td></ns1:tr><ns1:tr pattern="Table"><ns1:td pattern="Container" width="19.12767458264754%"><ns1:p pattern="Block" structure="Paragraph ">Field</ns1:p></ns1:td><ns1:td pattern="Container" width="80.87232541735246%"><ns1:p pattern="Block" structure="Paragraph ">confdates, conftitle, firstname, keyword, othername, surname, email,<ns1:b pattern="Inline"/>jobtitle</ns1:p></ns1:td></ns1:tr><ns1:tr pattern="Table"><ns1:td pattern="Container" width="19.12767458264754%"><ns1:p pattern="Block" structure="Paragraph ">Meta</ns1:p></ns1:td><ns1:td pattern="Container" width="80.87232541735246%"><ns1:p pattern="Block" structure="Paragraph ">col, imagedata</ns1:p></ns1:td></ns1:tr><ns1:tr pattern="Table"><ns1:td pattern="Container" width="19.12767458264754%"><ns1:p pattern="Block" structure="Paragraph ">Milestone</ns1:p></ns1:td><ns1:td pattern="Container" width="80.87232541735246%"><ns1:p pattern="Block" structure="Paragraph ">xref</ns1:p></ns1:td></ns1:tr></ns1:table><ns1:p class="caption" pattern="Block" structure="Paragraph ">The assignment of each element of the DocBook schema in consideration to one of our patterns.</ns1:p></ns1:div><ns1:p pattern="Block" structure="Paragraph ">Specifically, we have chosen a particular subset of the DocBook language used by the Balisage Markup Conference<ns1:a class="footnote" component="Reference " href="ftn9" pattern="Milestone" referenceTo="Footnote "/>, and 118 papers published in the years by that conference. This was chosen as a first experiment for several reasons: first of all, all the papers of the conference are freely available online<ns1:a class="footnote" component="Reference " href="ftn10" pattern="Milestone" referenceTo="Footnote "/>, then, we know the community and the publication process and are personally certain that the authors of the papers are the actual authors of the XML versions available online (i.e., only a very limited editorial process affected the actual ML vocabulary chosen) and, finally, we know that the authors belong to a community composed of markup experts.</ns1:p><ns1:p pattern="Block" structure="Paragraph ">We first run the algorithm on each paper independently: the outcome of each single execution assigned a pattern to each element present in each input document, thereby creating a scheme of patterns for each paper. We then compared each execution against each other to create a single scheme of patterns for all documents. As shown under the heading “algorithm's outcomes” of the results available online, this phase created a clear polarization of the outcomes in 2 homogeneous groups, composed of 68 and 50 documents respectively, each with really similar pattern schemes to each other. By analysing the results, the group of 68 papers are a good match to the the assignments in<ns1:a class="ref" component="Reference " href="TableGoldenStandard" pattern="Milestone" referenceTo="TableBox "/>created manually on the schema, while the second group did not provide a good set of patterns for a number of reasons, the more evident of which is that the pattern<ns1:i pattern="Inline">Inline</ns1:i>heavily prevails over the others, being assigned to more than a half of the elements.</ns1:p><ns1:div class="table" pattern="Record" structure="TableBox "><ns1:table pattern="Table" structure="Table " width="17cm"><ns1:tr pattern="Table"><ns1:th pattern="Container" width="50%"><ns1:p pattern="Block" structure="Paragraph ">Patterns</ns1:p></ns1:th><ns1:th pattern="Container" width="50%"><ns1:p pattern="Block" structure="Paragraph ">Pattern shift</ns1:p></ns1:th></ns1:tr><ns1:tr pattern="Table"><ns1:td pattern="Container" width="50%"><ns1:p pattern="Block" structure="Paragraph ">Block,Field</ns1:p></ns1:td><ns1:td pattern="Container" width="50%"><ns1:p pattern="Block" structure="Paragraph ">Block</ns1:p></ns1:td></ns1:tr><ns1:tr pattern="Table"><ns1:td pattern="Container" width="50%"><ns1:p pattern="Block" structure="Paragraph ">Milestone, Inline</ns1:p></ns1:td><ns1:td pattern="Container" width="50%"><ns1:p pattern="Block" structure="Paragraph ">Inline</ns1:p></ns1:td></ns1:tr><ns1:tr pattern="Table"><ns1:td pattern="Container" width="50%"><ns1:p pattern="Block" structure="Paragraph ">Meta, Field</ns1:p></ns1:td><ns1:td pattern="Container" width="50%"><ns1:p pattern="Block" structure="Paragraph ">Field</ns1:p></ns1:td></ns1:tr><ns1:tr pattern="Table"><ns1:td pattern="Container" width="50%"><ns1:p pattern="Block" structure="Paragraph ">Meta, Block</ns1:p></ns1:td><ns1:td pattern="Container" width="50%"><ns1:p pattern="Block" structure="Paragraph ">Block</ns1:p></ns1:td></ns1:tr></ns1:table><ns1:p class="caption" pattern="Block" structure="Paragraph ">All the admissible shifts among patterns.</ns1:p></ns1:div><ns1:p pattern="Block" structure="Paragraph ">Even in the first group of papers we had problems. For instance, the algorithm was not able to assign one pattern to each element: thirty elements (i.e., 50% of the total) received the same pattern in all the 68 documents, while the others had two or more patterns assigned. From our point of view this variability should be interpreted neither as a mistake of the authors of those documents nor as wrong outcome of our algorithm. Rather, it means that different authors use the same element in different ways, such as happened to the element<ns1:i pattern="Inline">note</ns1:i>. In this case, all the authors of the first set of papers used this element as a container for one or more blocks (e.g. paragraphs) – and the algorithm correctly associated the pattern<ns1:i pattern="Inline">Container</ns1:i>(or one of its subclasses) to it. However, in five of these documents the element<ns1:i pattern="Inline">note</ns1:i>did not contain repeated elements and thus the algorithm recognised it as<ns1:i pattern="Inline">Record</ns1:i>, while in other six documents it contained homogeneous and repeated elements (and thus it was recognised as<ns1:i pattern="Inline">Table</ns1:i>). In addition, in one document<ns1:i pattern="Inline">note</ns1:i>contained always a sort of header (i.e. an element<ns1:i pattern="Inline">title</ns1:i>), and consequently it was recognised as<ns1:i pattern="Inline">HeadedContainer</ns1:i>.</ns1:p><ns1:p pattern="Block" structure="Paragraph ">In order to reduce the multiplicity of assignments, we applied three specific reduction strategies to all the element groups, so as to select the most suitable pattern in case of disagreement (such as the aforementioned multiple assignment to the element<ns1:i pattern="Inline">note</ns1:i>):</ns1:p><ns1:ul pattern="Table" structure="List " type="number"><ns1:li pattern="Container"><ns1:p pattern="Block" structure="Paragraph ">First, we applied a<ns1:i pattern="Inline">pattern shift</ns1:i>. If element<ns1:i pattern="Inline">E</ns1:i>is associated to both pattern<ns1:i pattern="Inline">P1</ns1:i>and<ns1:i pattern="Inline">P2</ns1:i>and<ns1:i pattern="Inline">P1</ns1:i>can be used in place of<ns1:i pattern="Inline">P2</ns1:i>, then<ns1:i pattern="Inline">E</ns1:i>has pattern<ns1:i pattern="Inline">P1</ns1:i>. For instance, the element<ns1:i pattern="Inline">para</ns1:i>has been recognised as both<ns1:i pattern="Inline">Block</ns1:i>(including both text and elements) and<ns1:i pattern="Inline">Field</ns1:i>(including only text) by the algorithm. Since a<ns1:i pattern="Inline">Block</ns1:i>element can happen to just contain text but Fields can never contain other elements, then<ns1:i pattern="Inline">para</ns1:i>elements can be assigned to the pattern<ns1:i pattern="Inline">Block</ns1:i>without problems. In<ns1:a class="ref" href="TableShift" pattern="Milestone"/>we illustrate all the possible pattern shifts.</ns1:p></ns1:li><ns1:li pattern="Container"><ns1:p pattern="Block" structure="Paragraph ">We then applied a<ns1:i pattern="Inline">discrimination rule for containers</ns1:i><ns1:i pattern="Inline">,</ns1:i>where we chose a specific kind of container whenever an element was associated to more that one subclass of containers (except<ns1:i pattern="Inline">Popup</ns1:i>). Namely, if an element ended up associated to two patterns (both subclasses of Container that are not<ns1:i pattern="Inline">Popups</ns1:i>), then the element is associated to one of the subclasses if there was a clear disparity in the size of the two assignments (i.e., to the subclass that was selected more than 57% of the times), and to their superclass Container if no clear choice emerged (i.e., if both assignments ended up between 43% and 57% of the times).</ns1:p></ns1:li><ns1:li pattern="Container"><ns1:p pattern="Block" structure="Paragraph ">Finally, we applied the<ns1:i pattern="Inline">majority wins rule</ns1:i>to perform final discriminations in the remaining patterns, using a specific order for the comparisons and to solve equalities: first<ns1:i pattern="Inline">Container</ns1:i>or any of its subclasses, then<ns1:i pattern="Inline">Block</ns1:i>,<ns1:i pattern="Inline">Inline</ns1:i>,<ns1:i pattern="Inline">Milestone</ns1:i>,<ns1:i pattern="Inline">Field</ns1:i>, and finally<ns1:i pattern="Inline">Meta</ns1:i>. For instance, the element<ns1:i pattern="Inline">orderedlist</ns1:i>was given pattern<ns1:i pattern="Inline">Table</ns1:i>since it has been recognised twenty times as<ns1:i pattern="Inline">Table</ns1:i>and only five times as<ns1:i pattern="Inline">Popup</ns1:i>.</ns1:p></ns1:li></ns1:ul><ns1:div class="table" id="TableAlgorithmAssignments" pattern="Record" structure="TableBox "><ns1:table pattern="Table" structure="Table " width="17cm"><ns1:tr pattern="Table"><ns1:th pattern="Container" width="24.99411764705882%"><ns1:p pattern="Block" structure="Paragraph ">Pattern</ns1:p></ns1:th><ns1:th pattern="Container" width="75.00588235294117%"><ns1:p pattern="Block" structure="Paragraph ">DocBook elements</ns1:p></ns1:th></ns1:tr><ns1:tr pattern="Table"><ns1:td pattern="Container" width="24.99411764705882%"><ns1:p pattern="Block" structure="Paragraph ">Inline</ns1:p></ns1:td><ns1:td pattern="Container" width="75.00588235294117%"><ns1:p pattern="Block" structure="Paragraph ">biblioid, citation, code, emphasis, link, quote, subscript, superscript</ns1:p></ns1:td></ns1:tr><ns1:tr pattern="Table"><ns1:td pattern="Container" width="24.99411764705882%"><ns1:p pattern="Block" structure="Paragraph ">Block</ns1:p></ns1:td><ns1:td pattern="Container" width="75.00588235294117%"><ns1:p pattern="Block" structure="Paragraph ">bibliomixed, mathphrase, orgname, para, subtitle, term, title, programlisting, td</ns1:p></ns1:td></ns1:tr><ns1:tr pattern="Table"><ns1:td pattern="Container" width="24.99411764705882%"><ns1:p pattern="Block" structure="Paragraph ">Container</ns1:p></ns1:td><ns1:td pattern="Container" width="75.00588235294117%"><ns1:p pattern="Block" structure="Paragraph ">affiliation,<ns1:i pattern="Inline">appendix</ns1:i>, figure, info, informaltable, mediaobject, note, table</ns1:p></ns1:td></ns1:tr><ns1:tr pattern="Table"><ns1:td pattern="Container" width="24.99411764705882%"><ns1:p pattern="Block" structure="Paragraph ">Table</ns1:p></ns1:td><ns1:td pattern="Container" width="75.00588235294117%"><ns1:p pattern="Block" structure="Paragraph ">abstract, caption,<ns1:i pattern="Inline">equation</ns1:i>,<ns1:i pattern="Inline">imageobject</ns1:i>, itemizedlist, keywordset, legalnotice, orderedlist, personblurb, tbody, thead, tr,<ns1:i pattern="Inline">variablelist</ns1:i></ns1:p></ns1:td></ns1:tr><ns1:tr pattern="Table"><ns1:td pattern="Container" width="24.99411764705882%"><ns1:p pattern="Block" structure="Paragraph ">Record</ns1:p></ns1:td><ns1:td pattern="Container" width="75.00588235294117%"><ns1:p pattern="Block" structure="Paragraph "><ns1:i pattern="Inline">author</ns1:i>, confgroup,<ns1:i pattern="Inline">listitem</ns1:i>, personname, varlistentry</ns1:p></ns1:td></ns1:tr><ns1:tr pattern="Table"><ns1:td pattern="Container" width="24.99411764705882%"><ns1:p pattern="Block" structure="Paragraph ">HeadedContainer</ns1:p></ns1:td><ns1:td pattern="Container" width="75.00588235294117%"><ns1:p pattern="Block" structure="Paragraph ">article, bibliography, section</ns1:p></ns1:td></ns1:tr><ns1:tr pattern="Table"><ns1:td pattern="Container" width="24.99411764705882%"><ns1:p pattern="Block" structure="Paragraph ">Popup</ns1:p></ns1:td><ns1:td pattern="Container" width="75.00588235294117%"><ns1:p pattern="Block" structure="Paragraph ">footnote, blockquote</ns1:p></ns1:td></ns1:tr><ns1:tr pattern="Table"><ns1:td pattern="Container" width="24.99411764705882%"><ns1:p pattern="Block" structure="Paragraph ">Field</ns1:p></ns1:td><ns1:td pattern="Container" width="75.00588235294117%"><ns1:p pattern="Block" structure="Paragraph ">confdates, conftitle, firstname, keyword, othername, surname, email,<ns1:b pattern="Inline"/>jobtitle,<ns1:i pattern="Inline">th</ns1:i></ns1:p></ns1:td></ns1:tr><ns1:tr pattern="Table"><ns1:td pattern="Container" width="24.99411764705882%"><ns1:p pattern="Block" structure="Paragraph ">Meta</ns1:p></ns1:td><ns1:td pattern="Container" width="75.00588235294117%"><ns1:p pattern="Block" structure="Paragraph ">col, imagedata</ns1:p></ns1:td></ns1:tr><ns1:tr pattern="Table"><ns1:td pattern="Container" width="24.99411764705882%"><ns1:p pattern="Block" structure="Paragraph ">Milestone</ns1:p></ns1:td><ns1:td pattern="Container" width="75.00588235294117%"><ns1:p pattern="Block" structure="Paragraph ">xref</ns1:p></ns1:td></ns1:tr></ns1:table><ns1:p class="caption" pattern="Block" structure="Paragraph ">The assignments returned by our process. The differences with the assignments illustrated in<ns1:a class="ref" component="Reference " href="TableGoldenStandard" pattern="Milestone" referenceTo="TableBox "/>are highlighted in italics.</ns1:p></ns1:div><ns1:p pattern="Block" structure="Paragraph ">After disposing of all the ambiguous assignments, we obtained the list of pattern assignment shown in<ns1:a class="ref" component="Reference " href="TableAlgorithmAssignments" pattern="Milestone" referenceTo="TableBox "/>, where every element is associated with only one pattern. We then compared such assignments with the ones we illustrated in<ns1:a class="ref" component="Reference " href="TableGoldenStandard" pattern="Milestone" referenceTo="TableBox "/>. Under the heading “Final discussion” of the results available at<ns1:a href="http://fpoggi.web.cs.unibo.it/DOCENG2012/patterns.html" pattern="Inline">http://fpoggi.web.cs.unibo.it/DOCENG2012/patterns.html</ns1:a>it is possible to find a brief overview of all the stages of this process, together with the data related to the comparison with the assignments in<ns1:a class="ref" component="Reference " href="TableGoldenStandard" pattern="Milestone" referenceTo="TableBox "/>. In addition, there are also links to download the code developed and to visualize these documents with the generic CSS produced from the recognised patterns.</ns1:p><ns1:p pattern="Block" structure="Paragraph ">In<ns1:a class="ref" component="Reference " href="TableNumberOfElements" pattern="Milestone" referenceTo="TableBox "/>we illustrate how many elements were assigned to the various patterns by our automatic process, highlighting also the amount of false-positive and false-negative elements emerged from the comparison with the assignments in<ns1:a class="ref" component="Reference " href="TableGoldenStandard" pattern="Milestone" referenceTo="TableBox "/>.</ns1:p><ns1:div class="table" id="TableNumberOfElements" pattern="Record" structure="TableBox "><ns1:table pattern="Table" structure="Table " width="17cm"><ns1:tr pattern="Table"><ns1:th pattern="Container" width="49.98823529411764%"><ns1:p pattern="Block" structure="Paragraph ">pattern</ns1:p></ns1:th><ns1:th pattern="Container" width="50.01176470588236%"><ns1:p pattern="Block" structure="Paragraph ">recognised</ns1:p></ns1:th><ns1:th pattern="Container" width="49.98823529411764%"><ns1:p pattern="Block" structure="Paragraph ">false positive</ns1:p></ns1:th><ns1:th pattern="Container" width="49.98823529411764%"><ns1:p pattern="Block" structure="Paragraph ">false negative</ns1:p></ns1:th></ns1:tr><ns1:tr pattern="Table"><ns1:td pattern="Container" width="49.98823529411764%"><ns1:p pattern="Block" structure="Paragraph ">Inline</ns1:p></ns1:td><ns1:td pattern="Container" width="50.01176470588236%"><ns1:p pattern="Block" structure="Paragraph ">8</ns1:p></ns1:td><ns1:td pattern="Container" width="49.98823529411764%"><ns1:p pattern="Block" structure="Paragraph ">0</ns1:p></ns1:td><ns1:td pattern="Container" width="49.98823529411764%"><ns1:p pattern="Block" structure="Paragraph ">0</ns1:p></ns1:td></ns1:tr><ns1:tr pattern="Table"><ns1:td pattern="Container" width="49.98823529411764%"><ns1:p pattern="Block" structure="Paragraph ">Block</ns1:p></ns1:td><ns1:td pattern="Container" width="50.01176470588236%"><ns1:p pattern="Block" structure="Paragraph ">9</ns1:p></ns1:td><ns1:td pattern="Container" width="49.98823529411764%"><ns1:p pattern="Block" structure="Paragraph ">0</ns1:p></ns1:td><ns1:td pattern="Container" width="49.98823529411764%"><ns1:p pattern="Block" structure="Paragraph ">1</ns1:p></ns1:td></ns1:tr><ns1:tr pattern="Table"><ns1:td pattern="Container" width="49.98823529411764%"><ns1:p pattern="Block" structure="Paragraph ">Container</ns1:p></ns1:td><ns1:td pattern="Container" width="50.01176470588236%"><ns1:p pattern="Block" structure="Paragraph ">8</ns1:p></ns1:td><ns1:td pattern="Container" width="49.98823529411764%"><ns1:p pattern="Block" structure="Paragraph ">1</ns1:p></ns1:td><ns1:td pattern="Container" width="49.98823529411764%"><ns1:p pattern="Block" structure="Paragraph ">4</ns1:p></ns1:td></ns1:tr><ns1:tr pattern="Table"><ns1:td pattern="Container" width="49.98823529411764%"><ns1:p pattern="Block" structure="Paragraph ">Table</ns1:p></ns1:td><ns1:td pattern="Container" width="50.01176470588236%"><ns1:p pattern="Block" structure="Paragraph ">12</ns1:p></ns1:td><ns1:td pattern="Container" width="49.98823529411764%"><ns1:p pattern="Block" structure="Paragraph ">3</ns1:p></ns1:td><ns1:td pattern="Container" width="49.98823529411764%"><ns1:p pattern="Block" structure="Paragraph ">0</ns1:p></ns1:td></ns1:tr><ns1:tr pattern="Table"><ns1:td pattern="Container" width="49.98823529411764%"><ns1:p pattern="Block" structure="Paragraph ">Record</ns1:p></ns1:td><ns1:td pattern="Container" width="50.01176470588236%"><ns1:p pattern="Block" structure="Paragraph ">6</ns1:p></ns1:td><ns1:td pattern="Container" width="49.98823529411764%"><ns1:p pattern="Block" structure="Paragraph ">2</ns1:p></ns1:td><ns1:td pattern="Container" width="49.98823529411764%"><ns1:p pattern="Block" structure="Paragraph ">1</ns1:p></ns1:td></ns1:tr><ns1:tr pattern="Table"><ns1:td pattern="Container" width="49.98823529411764%"><ns1:p pattern="Block" structure="Paragraph ">HeadedContainer</ns1:p></ns1:td><ns1:td pattern="Container" width="50.01176470588236%"><ns1:p pattern="Block" structure="Paragraph ">3</ns1:p></ns1:td><ns1:td pattern="Container" width="49.98823529411764%"><ns1:p pattern="Block" structure="Paragraph ">0</ns1:p></ns1:td><ns1:td pattern="Container" width="49.98823529411764%"><ns1:p pattern="Block" structure="Paragraph ">1</ns1:p></ns1:td></ns1:tr><ns1:tr pattern="Table"><ns1:td pattern="Container" width="49.98823529411764%"><ns1:p pattern="Block" structure="Paragraph ">Popup</ns1:p></ns1:td><ns1:td pattern="Container" width="50.01176470588236%"><ns1:p pattern="Block" structure="Paragraph ">2</ns1:p></ns1:td><ns1:td pattern="Container" width="49.98823529411764%"><ns1:p pattern="Block" structure="Paragraph ">0</ns1:p></ns1:td><ns1:td pattern="Container" width="49.98823529411764%"><ns1:p pattern="Block" structure="Paragraph ">0</ns1:p></ns1:td></ns1:tr><ns1:tr pattern="Table"><ns1:td pattern="Container" width="49.98823529411764%"><ns1:p pattern="Block" structure="Paragraph ">Field</ns1:p></ns1:td><ns1:td pattern="Container" width="50.01176470588236%"><ns1:p pattern="Block" structure="Paragraph ">9</ns1:p></ns1:td><ns1:td pattern="Container" width="49.98823529411764%"><ns1:p pattern="Block" structure="Paragraph ">1</ns1:p></ns1:td><ns1:td pattern="Container" width="49.98823529411764%"><ns1:p pattern="Block" structure="Paragraph ">0</ns1:p></ns1:td></ns1:tr><ns1:tr pattern="Table"><ns1:td pattern="Container" width="49.98823529411764%"><ns1:p pattern="Block" structure="Paragraph ">Meta</ns1:p></ns1:td><ns1:td pattern="Container" width="50.01176470588236%"><ns1:p pattern="Block" structure="Paragraph ">2</ns1:p></ns1:td><ns1:td pattern="Container" width="49.98823529411764%"><ns1:p pattern="Block" structure="Paragraph ">0</ns1:p></ns1:td><ns1:td pattern="Container" width="49.98823529411764%"><ns1:p pattern="Block" structure="Paragraph ">0</ns1:p></ns1:td></ns1:tr><ns1:tr pattern="Table"><ns1:td pattern="Container" width="49.98823529411764%"><ns1:p pattern="Block" structure="Paragraph ">Milestone</ns1:p></ns1:td><ns1:td pattern="Container" width="50.01176470588236%"><ns1:p pattern="Block" structure="Paragraph ">1</ns1:p></ns1:td><ns1:td pattern="Container" width="49.98823529411764%"><ns1:p pattern="Block" structure="Paragraph ">0</ns1:p></ns1:td><ns1:td pattern="Container" width="49.98823529411764%"><ns1:p pattern="Block" structure="Paragraph ">0</ns1:p></ns1:td></ns1:tr></ns1:table><ns1:p class="caption" pattern="Block" structure="Paragraph ">The amount of elements assigned to each pattern by our automatic process, and the false positives and false negatives resulting from the comparison with the assignments in<ns1:a class="ref" component="Reference " href="TableGoldenStandard" pattern="Milestone" referenceTo="TableBox "/>.</ns1:p></ns1:div><ns1:p pattern="Block" structure="Paragraph ">The algorithm produced the same results as in<ns1:a class="ref" component="Reference " href="TableGoldenStandard" pattern="Milestone" referenceTo="TableBox "/>for 53 assignments over 60 (88%). We found the following issues on the other ones:</ns1:p><ns1:ul pattern="Table" structure="List " type="bullet"><ns1:li pattern="Container"><ns1:p pattern="Block" structure="Paragraph ">some assignments (5 over 7) were<ns1:i pattern="Inline">more specific</ns1:i>. In two ways: (i) the pattern assigned to an element was a subclass of the one we identified manually (for instance, the element<ns1:i pattern="Inline">author</ns1:i>was recognized as<ns1:i pattern="Inline">Record</ns1:i>instead of<ns1:i pattern="Inline">Container</ns1:i>) or (ii) the recognized pattern could be shifted to the one identified manually (e.g., the element<ns1:i pattern="Inline">th</ns1:i>has pattern<ns1:i pattern="Inline">Field</ns1:i>instead of<ns1:i pattern="Inline">Block</ns1:i>);</ns1:p></ns1:li><ns1:li pattern="Container"><ns1:p pattern="Block" structure="Paragraph ">one assignment detected a<ns1:i pattern="Inline">more general</ns1:i>pattern. It is the case of the element<ns1:i pattern="Inline">appendix</ns1:i>recognized as<ns1:i pattern="Inline">Container</ns1:i>instead of<ns1:i pattern="Inline">HeadedContainer</ns1:i>;</ns1:p></ns1:li><ns1:li pattern="Container"><ns1:p pattern="Block" structure="Paragraph ">one assignment was completely different from our interpretation, namely<ns1:i pattern="Inline">imageobject</ns1:i>that was recognized as<ns1:i pattern="Inline">Record</ns1:i>instead of<ns1:i pattern="Inline">Table</ns1:i>. Notice that the patterns<ns1:i pattern="Inline">Record</ns1:i>and<ns1:i pattern="Inline">Table</ns1:i>are both (disjoint and not shiftable) subclasses of the same pattern<ns1:i pattern="Inline"/><ns1:i pattern="Inline">Container</ns1:i>.</ns1:p></ns1:li></ns1:ul><ns1:p pattern="Block" structure="Paragraph ">Some 'more specific' assignments may depend on this dataset. Some elements, in fact, are recognized as belonging to a class since the dataset does not contain examples of using that element in a different way. The algorithm does not found enough information to discriminate between patterns and to assign a more general characterization.</ns1:p><ns1:p pattern="Block" structure="Paragraph ">Overall, this preliminary results are very promising. In particular, they confirm that an incremental approach can be exploited to assign patterns to each element of a set of documents, even without knowing the schema that document is validated against. Moreover, experiments showed that the way authors actually use document elements, even if those elements do not follow patterns in the schema declaration, does not differ so much from their pattern-based counterpart.</ns1:p><ns1:p pattern="Block" structure="Paragraph ">Analysing in detail the remaining fifty documents we discarded in our experiments, we established that several elements assigned to the pattern<ns1:i pattern="Inline">Inline</ns1:i>were the result of an ambiguous use (although allowed by the Balisage DTD) of particular elements. For instance, let us consider the element<ns1:i pattern="Inline">figure</ns1:i>. Sometimes, some authors have been used that element within a paragraph (element<ns1:i pattern="Inline">para</ns1:i>), thus implicitly assigning to it the role of<ns1:i pattern="Inline">Popup</ns1:i>. Other times,<ns1:i pattern="Inline">figure</ns1:i>has been used as direct child of<ns1:i pattern="Inline">Containers</ns1:i>and, thus, it has been recognised as a proper<ns1:i pattern="Inline">Container</ns1:i>by our algorithm (since a<ns1:i pattern="Inline">Popup</ns1:i>cannot be contained by a<ns1:i pattern="Inline">Container</ns1:i>). Of course, when these two conditions happen in the same document, the algorithmic computation tends to diverge to a “limit case”, in which the root of the document is considered as a<ns1:i pattern="Inline">Block</ns1:i>and all the other elements are<ns1:i pattern="Inline">Inlines</ns1:i>. In order to avoid this issue, we are investigating strategies to calculate the most appropriate pattern scheme in such a scenario. In addition, we are investigating feasible approaches for the automatic suggestion of document changes (or<ns1:i pattern="Inline">refactor operations</ns1:i>) so as to restructure these documents according to our pattern theory.</ns1:p></ns1:div><ns1:div class="section" id="SectionRelatedWorks" pattern="HeadedContainer" structure="Section "><ns1:h1 pattern="Block" structure="SectionTitle ">Related works</ns1:h1><ns1:p pattern="Block" structure="Paragraph ">In this section we provide an overview of some recent literature that is relevant to our work. For instance, Tannier et al.<ns1:a class="ref" component="Reference " href="TannierClassifying" pattern="Milestone" referenceTo="BibliographicReference "/>, starting from previous works by Lini et al.<ns1:a class="ref" component="Reference " href="LiniTextRetrieval" pattern="Milestone" referenceTo="BibliographicReference "/>and Colazzo et al.<ns1:a class="ref" component="Reference " href="ColazzoXMLDocuments" pattern="Milestone" referenceTo="BibliographicReference "/>, describe an algorithm to assign each XML element in a document to one of three different categories:<ns1:i pattern="Inline">hard tag</ns1:i>,<ns1:i pattern="Inline">soft tag</ns1:i>and<ns1:i pattern="Inline">jump tag</ns1:i>.<ns1:i pattern="Inline">Hard tags</ns1:i>are all those elements that are commonly used to structure the document content in different blocks - they are the most frequent kind of elements and usually “interrupt the linearity of a text” and, in the DocBook vocabulary<ns1:a class="ref" component="Reference " href="WalshDocBook" pattern="Milestone" referenceTo="BibliographicReference "/>, correspond to, e.g.,<ns1:i pattern="Inline">para</ns1:i>,<ns1:i pattern="Inline">section</ns1:i>,<ns1:i pattern="Inline">table</ns1:i>etc. Next, all the elements that identify significant text fragments and are “transparent while reading the text” are<ns1:i pattern="Inline">soft tags –</ns1:i>they are mostly inline elements with some presentation rule (e.g., in DocBook,<ns1:i pattern="Inline">emphasis</ns1:i>,<ns1:i pattern="Inline">link</ns1:i>,<ns1:i pattern="Inline">xref</ns1:i>, etc. shown as bold, italic, in colour, etc.). Finally, the<ns1:i pattern="Inline">jump tags</ns1:i>are elements that are logically “detached from the surrounding text” and that give access to related information – e.g., in DocBook,<ns1:i pattern="Inline">footnote</ns1:i>,<ns1:i pattern="Inline">comment</ns1:i>,<ns1:i pattern="Inline">tip</ns1:i>, etc. Tannier<ns1:i pattern="Inline">et al.</ns1:i>also introduce algorithms to assign XML elements to these categories by means of NLP tools. It is interesting to note that the “soft” category is very close to our<ns1:i pattern="Inline">Inline</ns1:i>pattern, that the group “hard” comprises<ns1:i pattern="Inline">Block</ns1:i>and<ns1:i pattern="Inline">Container</ns1:i>(and its subclasses), and that the category “jump” is similar to the pattern<ns1:i pattern="Inline">Popup</ns1:i>.</ns1:p><ns1:p pattern="Block" structure="Paragraph ">Zou et al.<ns1:a class="ref" component="Reference " href="ZouStructureAndContent" pattern="Milestone" referenceTo="BibliographicReference "/>categorise HTML elements as belonging to one of two classes:<ns1:i pattern="Inline">inline</ns1:i>and<ns1:i pattern="Inline">line-break</ns1:i>tags. Inline elements all those that do not introduce provide horizontal breaks in the visualisation of documents – e.g.,<ns1:i pattern="Inline">em</ns1:i>,<ns1:i pattern="Inline">a</ns1:i>,<ns1:i pattern="Inline">strong</ns1:i>and<ns1:i pattern="Inline">q</ns1:i>, while line-break elements are those that do so – e.g.,<ns1:i pattern="Inline">p</ns1:i>,<ns1:i pattern="Inline">div</ns1:i>,<ns1:i pattern="Inline">ul</ns1:i>,<ns1:i pattern="Inline">table</ns1:i>and<ns1:i pattern="Inline">blockquote</ns1:i>. Based on this categorisation and a Hidden Markov Model the authors try to identify the structural role (e.g., title, author, affiliation, abstract, etc.) of textual fragments of medical journal articles expressed as HTML pages.</ns1:p><ns1:p pattern="Block" structure="Paragraph ">Cardoso et al.<ns1:a class="ref" component="Reference " href="CardosoExtractContent" pattern="Milestone" referenceTo="BibliographicReference "/>introduce an approach to segment news-oriented Web pages so as to recognise the title, publication date and the body of the story. They evaluate both the structure (the DOM hierarchy) and the presentation (the individual CSS styles) of a set of sample documents and train a machine-learning model to try to assess the role of HTML elements in other documents. Although they tested only HTML documents, Cardoso et al. point out that their approach is schema-independent and can thus be applied to other markup languages as well.</ns1:p><ns1:p pattern="Block" structure="Paragraph ">Koh et al.<ns1:a class="ref" component="Reference " href="KohSurrogate" pattern="Milestone" referenceTo="BibliographicReference "/>identify text fragments and images that can work as surrogates of the whole document, where surrogates are “information elements selected from a specific document, which can be used in place of the original document”. In particular, they address the issue of identifying<ns1:i pattern="Inline">junk structures</ns1:i>, such as navigational elements of Web sites, advertisements, footers, etc., that usually do not carry the meaning of a document. Their approach is based on a pattern recognition algorithm that segments the XML elements of the document according to<ns1:i pattern="Inline">tag patterns</ns1:i>, i.e., recurring hierarchies of nested elements that “contextualize the structured markup of text within a document”. They find that junk structures are often described by similarly structured markup in different documents, and thus some tag patterns are crucial for their identification as junk within real HTML pages.</ns1:p><ns1:p pattern="Block" structure="Paragraph ">Finally it is worth mentioning Georg et al.<ns1:a class="ref" component="Reference " href="GeorgDocumentEngineering" pattern="Milestone" referenceTo="BibliographicReference "/>, who introduce an NLP approach to the automatic processing of medical texts such as clinical guidelines, in order to identify linguistic patterns that support the identification of the markup structure of documents. This approach allowed the development of the system for the automatic visualisation and presentation of unstructured documents. In a more recent paper<ns1:a class="ref" component="Reference " href="GeorgRhetoricalStructures" pattern="Milestone" referenceTo="BibliographicReference "/>Georg et al. illustrate an extension of such a work in which they introduce an improved version of their approach.</ns1:p></ns1:div><ns1:div class="section" id="SectionConclusions" pattern="HeadedContainer" structure="Section "><ns1:h1 pattern="Block" structure="SectionTitle ">Conclusions</ns1:h1><ns1:p pattern="Block" structure="Paragraph ">The radical simplification of the documents (meta-)model is a key aspect of the theory presented in this paper: we believe that a small set of patterns is enough to express what users, authors and publishers need in most cases. In our vision, it is possible to find a reasonable pattern-based sub-schema from any schema and to use such a simplified version for validating most of the documents written by a community. The preliminary experiments on the Proceedings of Balisage Conference have confirmed such idea.</ns1:p><ns1:p pattern="Block" structure="Paragraph ">The application of automatic patterns' recognition and visualization to the DocBook galaxy is probably not so useful in practice, since a lot of powerful tools already exist for this language. The point is that the theory and algorithm discussed in this paper are schema-independent: patterns can be exploited to make sense of documents regardless of the availability of schemas, tools and presentation stylesheets. For instance, we plan to process the pattern-based conceptualization of documents to automatically generate table of contents (from<ns1:i pattern="Inline">Containers</ns1:i>and<ns1:i pattern="Inline">HeadedContainers</ns1:i>), to extract terms and glossaries (from<ns1:i pattern="Inline">Inlines</ns1:i>and<ns1:i pattern="Inline">Fields</ns1:i>), to extract structured data (from<ns1:i pattern="Inline">Records</ns1:i>and<ns1:i pattern="Inline">Tables</ns1:i>) and to automatically build editors and navigators.</ns1:p><ns1:p pattern="Block" structure="Paragraph ">In the future, we plan to test our theory taking into account documents written in other XML formats, such as TEI, and by alternative communities of document authors. For example, it will be interesting to use structural patterns for retrospective analysis, in order to investigate how the authors/communities actually use certain grammars, to what extent they share design rules, to what extent they use specific constructs and validation rules. Similarly, we plan to investigate automatic mechanisms to restrict existing grammars in order to be patterns-based and to isolate non-pattern-based examples in large document sets.</ns1:p></ns1:div><ns1:div class="bibliography" id="SectionReferences" pattern="HeadedContainer" structure="Section Bibliography "><ns1:h1 pattern="Block" structure="SectionTitle ">References</ns1:h1><ns1:ul pattern="Table" structure="List BibliographicReferenceList " type="bullet"><ns1:li component="BibliographicReference " id="DattoloStructuralPatterns" pattern="Container"><ns1:p pattern="Block" structure="Paragraph ">Dattolo, A., Di Iorio, A., Duca, S., Feliziani, A.A., Vitali, F. (2007). Structural patterns for descriptive documents. In Baresi, L., Fraternali, P., Houben, G. (Eds.), Proceedings of the 7th International Conference on Web Engineering 2007 (ICWE 2007). Berlin, Germany: Springer.</ns1:p></ns1:li><ns1:li component="BibliographicReference " id="DiIorioDesignPatterns" pattern="Container"><ns1:p pattern="Block" structure="Paragraph ">Di Iorio, A., Gubellini, D., Vitali, F. (2005). Design patterns for document substructures. In Proceedings of the Extreme Markup Languages 2005. Rockville, MD, USA: Mulberry Technologies, Inc. http://conferences.idealliance.org/extreme/html/2005/Vitali01/ EML2005Vitali01.html (last visited March 12, 2012).</ns1:p></ns1:li><ns1:li component="BibliographicReference " id="GammaDesignPatterns" pattern="Container"><ns1:p pattern="Block" structure="Paragraph ">Gamma, E., Helm, R., Johnson, R., Vlissides, J. (1994). Design Patterns: Elements of Reusable Object-Oriented Software. Boston, Massachusetts, USA: Addison-Wesley. ISBN: 0201633610.</ns1:p></ns1:li><ns1:li component="BibliographicReference " id="PresuttiOntologyDesignPatterns" pattern="Container"><ns1:p pattern="Block" structure="Paragraph ">Presutti, V., Gangemi, A. (2008). Content Ontology Design Patterns as practical building blocks for web ontologies. In Li, Q., Spaccapietra, S., Yu, E. S. K., Olivé, A. (Eds.), Proceedings of the 27th International Conference on Conceptual Modeling (ER 2008). Berlin, Germany: Springer.</ns1:p></ns1:li><ns1:li component="BibliographicReference " id="KrotzschDL" pattern="Container"><ns1:p pattern="Block" structure="Paragraph ">Krotzsch, M., Simancik, F., Horrocks, I. (2011). A Description Logic Primer. Ithaca, New York, New York: Cornell University Library. http://arxiv.org/pdf/1201.4089v1 (last visited March 12, 2012).</ns1:p></ns1:li><ns1:li component="BibliographicReference " id="WalshDocBook" pattern="Container"><ns1:p pattern="Block" structure="Paragraph ">Walsh, N. (2010). DocBook 5: The Definitive Guide. Sebastopol, CA, USA: O'Really Media. Version 1.0.3. ISBN: 0596805029.</ns1:p></ns1:li><ns1:li component="BibliographicReference " id="HorrocksOWL" pattern="Container"><ns1:p pattern="Block" structure="Paragraph ">Horrocks, I., Patel-Schneider, P. F., McGuinness, D. L., Welty, C. A. (2007). OWL: A Description Logic Based Ontology Language for the Semantic Web. In Baader, F., Calvanese, D., McGuinness, D. L., Nardi, D., Patel-Schneider, P. F. (Eds.), The Description Logic Handbook: Theory, Implementation and Applications (2nd edition): 458-486. Cambridge, UK: Cambridge University Press. ISBN: 9780521876254.</ns1:p></ns1:li><ns1:li component="BibliographicReference " id="TannierClassifying" pattern="Container"><ns1:p pattern="Block" structure="Paragraph ">Tannier, X., Girardot, J.,Mathieu, M. (2005). Classifying XML tags through “reading contexts”. In Proceedings of the 2005 ACM symposium on Document engineering (DocEng05). DOI: 10.1145/1096601.1096638.</ns1:p></ns1:li><ns1:li component="BibliographicReference " id="ColazzoXMLDocuments" pattern="Container"><ns1:p pattern="Block" structure="Paragraph ">Colazzo, D., Sartiani, C., Albano, A., Manghi, P., Ghelli, G., Lini, L., Paoli, M. (2002). A typed text retrieval query language for XML documents. In Journal of the American Society for Information Science and Technology, 53 (6): 467-488. DOI: 10.1002/asi.10059.</ns1:p></ns1:li><ns1:li component="BibliographicReference " id="GeorgDocumentEngineering" pattern="Container"><ns1:p pattern="Block" structure="Paragraph ">Georg, G., Jaulent, M. (2007). A Document Engineering Environment for Clinical Guidelines. In Proceeding of the 2007 ACM symposium on Document engineering (DocEng07). DOI: 10.1145/1284420.1284440.</ns1:p></ns1:li><ns1:li component="BibliographicReference " id="GeorgRhetoricalStructures" pattern="Container"><ns1:p pattern="Block" structure="Paragraph ">Georg, G., Hernault, H., Cavazza, M., Prendinger, H., Ishizuka, M. (2009). From Rhetorical Structures to Document Structure: Shallow Pragmatic Analysis for Document Engineering. In Proceedings of the 2009 ACM symposium on Document engineering (DocEng09). DOI: 10.1145/1600193.1600235.</ns1:p></ns1:li><ns1:li component="BibliographicReference " id="ZouStructureAndContent" pattern="Container"><ns1:p pattern="Block" structure="Paragraph ">Zou, J., Le, D., Thoma, G. R. (2007). Structure and Content Analysis for HTML Medical Articles: A Hidden Markov Model Approach. In Proceedings of the 2007 ACM symposium on Document engineering (DocEng07). DOI: 10.1145/1284420.1284468.</ns1:p></ns1:li><ns1:li component="BibliographicReference " id="CardosoExtractContent" pattern="Container"><ns1:p pattern="Block" structure="Paragraph ">Cardoso, E., Jabour, I., Laber, E., Rodrigues, R., Cardoso, P. (2011). An efficient language-independent method to extract content from news webpages. In Proceedings of the 2011 ACM symposium on Document engineering (DocEng17). DOI: 10.1145/2034691.2034720.</ns1:p></ns1:li><ns1:li component="BibliographicReference " id="KohSurrogate" pattern="Container"><ns1:p pattern="Block" structure="Paragraph ">Koh, E., Caruso, D., Kerne, A., Gutierrez-Osuna, R. (2007). Elimination of junk document surrogate candidates through pattern recognition. In Proceedings of the 2007 ACM symposium on Document engineering (DocEng07). DOI: 10.1145/1284420.1284466.</ns1:p></ns1:li><ns1:li component="BibliographicReference " id="LiniTextRetrieval" pattern="Container"><ns1:p pattern="Block" structure="Paragraph ">Lini, L., Lombardini, D., Paoli, M., Colazzo, D., Sartiani, C. (2001). XTReSy: A Text Retrieval System for XML documents. In Augmenting Comprehension: Digital Tools for the History of Ideas.</ns1:p></ns1:li><ns1:li component="BibliographicReference " id="TEIConsortiumTEIP5" pattern="Container"><ns1:p pattern="Block" structure="Paragraph ">Text Encoding Initiative Consortium (2005). TEI P5: Guidelines for Electronic Text Encoding and Interchange. Charlottesville, Virginia, USA: TEI Consortium. http://www.tei-c.org/Guidelines/P5 (last visited March 12, 2012).</ns1:p></ns1:li></ns1:ul></ns1:div><ns1:div class="footnote" pattern="Table" structure="List "><ns1:div id="ftn5" pattern="Container" structure="Footnote "><ns1:p pattern="Block" structure="Paragraph ">A brief introduction to description logic can be found in<ns1:a class="ref" component="Reference " href="KrotzschDL" pattern="Milestone" referenceTo="BibliographicReference "/>and<ns1:a class="ref" component="Reference " href="HorrocksOWL" pattern="Milestone" referenceTo="BibliographicReference "/>.</ns1:p></ns1:div><ns1:div id="ftn6" pattern="Container" structure="Footnote "><ns1:p pattern="Block" structure="Paragraph ">By<ns1:i pattern="Inline">name</ns1:i><ns1:i pattern="Inline"/>we mean the pair<ns1:i pattern="Inline">(namespace, general identifier)</ns1:i>of XML elements.</ns1:p></ns1:div><ns1:div id="ftn7" pattern="Container" structure="Footnote "><ns1:p pattern="Block" structure="Paragraph ">We refer to this pair as its<ns1:i pattern="Inline">general identifier</ns1:i>(as a nostalgic remembrance of the good old SGML days). In the rest of this discussion we will refer to these groups of element as “the element with general identifier<ns1:i pattern="Inline">id</ns1:i>”, or just “the element<ns1:i pattern="Inline">id</ns1:i>”, and we will talk simply of “elements” referring to all the elements with the same general identifier.</ns1:p></ns1:div><ns1:div id="ftn8" pattern="Container" structure="Footnote "><ns1:p pattern="Block" structure="Paragraph ">We decided not to consider the pattern<ns1:i pattern="Inline">Atom</ns1:i>in the algorithm for simplicity, since in our experiments it was always captured by the pattern<ns1:i pattern="Inline">Inline</ns1:i>.</ns1:p></ns1:div><ns1:div id="ftn9" pattern="Container" structure="Footnote "><ns1:p pattern="Block" structure="Paragraph "><ns1:a href="http://balisage.net/tagset.html" pattern="Inline">http://balisage.net/tagset.html</ns1:a></ns1:p></ns1:div><ns1:div id="ftn10" pattern="Container" structure="Footnote "><ns1:p pattern="Block" structure="Paragraph "><ns1:a href="http://balisage.net/Proceedings/index.html" pattern="Inline">http://balisage.net/Proceedings/index.html</ns1:a></ns1:p></ns1:div></ns1:div></ns1:body></ns1:iml>