<?xml version="1.0" encoding="UTF-8"?><ns1:iml xmlns:ns1="http://www.cs.unibo.it/2006/iml" pattern="Record"><ns1:head pattern="Container" structure="FrontMatter "><ns1:title pattern="Field" structure="Title ">Semantic lenses as exploration method for scholarly articles</ns1:title><ns1:meta content="1" name="author.1.number" pattern="Meta"/><ns1:meta content="Silvio Peroni" name="author.1.name" pattern="Meta"/><ns1:meta content="University of Bologna (Italy)" name="author.1.affiliation" pattern="Meta"/><ns1:meta content="essepuntato@cs.unibo.it" name="author.1.email" pattern="Meta"/><ns1:meta content="2" name="author.2.number" pattern="Meta"/><ns1:meta content="Francesca Tomasi" name="author.2.name" pattern="Meta"/><ns1:meta content="University of Bologna (Italy)" name="author.2.affiliation" pattern="Meta"/><ns1:meta content="francesca.tomasi@unibo.it" name="author.2.email" pattern="Meta"/><ns1:meta content="3" name="author.3.number" pattern="Meta"/><ns1:meta content="Fabio Vitali" name="author.3.name" pattern="Meta"/><ns1:meta content="University of Bologna (Italy)" name="author.3.affiliation" pattern="Meta"/><ns1:meta content="fabio@cs.unibo.it" name="author.3.email" pattern="Meta"/><ns1:meta content="4" name="author.4.number" pattern="Meta"/><ns1:meta content="Jacopo Zingoni" name="author.4.name" pattern="Meta"/><ns1:meta content="University of Bologna (Italy)" name="author.4.affiliation" pattern="Meta"/><ns1:meta content="jacopo.zingoni@gmail.com" name="author.4.email" pattern="Meta"/><ns1:meta content="document semantics" name="keyword" pattern="Meta"/><ns1:meta content="semantic publishing" name="keyword" pattern="Meta"/><ns1:meta content="context and content" name="keyword" pattern="Meta"/></ns1:head><ns1:body pattern="Container" structure="BodyMatter "><ns1:div class="abstract" id="abs" pattern="HeadedContainer" structure="Section "><ns1:h1 pattern="Block" structure="SectionTitle ">Abstract</ns1:h1><ns1:p pattern="Block" structure="Paragraph ">In a move towards an enrichment of the metadata models that are used in the electronic publication of scholarly literature, modern publishers are making steps towards<ns1:i pattern="Inline">semantic publishing</ns1:i>. The possibility to explore a collection of scientific papers (a digital library, a repository or an archive of data) using different and multiple facets, i.e., different and multiple points of view on the digital collection, increases on the one hand the success of information retrieval and on the other hand the availability of richer data sets. Multiple facets are the natural navigation method made possible by an adequate ontological representation of a class of homogeneous documents. Context and content of published journal articles are thus components that in the representation of information at the metadata level constitute a fundamental approach to semantic enhancement. In this paper we introduced a test in using a particular semantic publishing model, called<ns1:i pattern="Inline">semantic lenses</ns1:i>, to semantically enhance published journal articles.</ns1:p></ns1:div><ns1:div class="section" id="SectionIntroduction" pattern="HeadedContainer" structure="Section "><ns1:h1 pattern="Block" structure="SectionTitle ">Introduction</ns1:h1><ns1:p pattern="Block" structure="Paragraph ">It is a truism to assert that the richness of the metadata model used in digital collections is instrumental in expanding and enhancing the uses made possible by them on the collection, and that models that are too simple may well result in widespread adoption, but on the other hand provide a weak representation of the information contained in the collection, and may induce conceptual errors and misrepresentations, as we discussed (among many) in<ns1:a class="ref" href="PeroniEuropeana" pattern="Milestone"/>.</ns1:p><ns1:p pattern="Block" structure="Paragraph ">Nowhere this is more visible than in the<ns1:i pattern="Inline">publishing domain</ns1:i>. Publishers started to use the Web as distribution channel since its early origins<ns1:a class="ref" href="WhalleyEJournal" pattern="Milestone"/>, but their market exploded with the advent of XML-based languages (e.g. (X)HTML and DocBook), ebook formats (e.g. EPUB and PDF), online vendors (e.g. Apple's iTunes bookstore and Amazon's bookstore), and tablet reading devices (e.g. iPad and Kindle). Similarly, metadata associated to electronic publications while inheriting the results of a multisecular discipline, library studies, have managed to coalesce into a number of very simple, minimal, models, such as Dublin Core<ns1:a class="ref" href="DublinCoreDCTerms" pattern="Milestone"/>, that although pretty successful are inevitably crippled by their own simplicity.</ns1:p><ns1:p pattern="Block" structure="Paragraph ">Simultaneously to the evolution of the Web into the Semantic Web, modern publishers (and in particular scholarly publishers) have started steps to enhance their digital publications with semantics, an approach that is known as<ns1:i pattern="Inline">semantic publishing</ns1:i><ns1:a class="ref" href="ShottonSemanticPublishing" pattern="Milestone"/>. In brief, semantic publishing is the use of Web and Semantic Web technologies to represent formally the meaning of a published document by specifying a large quantity of information about it as metadata and to publish them as Open Linked Data. As a confirmation of this trend, recently the Nature Publishing Group (publisher of<ns1:i pattern="Inline">Nature</ns1:i>), the American Association for the Advancement of Science (publisher of<ns1:i pattern="Inline">Science</ns1:i>) and the Oxford University Press have all announced initiatives to open their articles' reference lists and to publish them as Open Linked Data<ns1:a class="footnote" href="ftn6" pattern="Milestone"/><ns1:span class="sup" pattern="Inline">,</ns1:span><ns1:a class="footnote" href="ftn7" pattern="Milestone"/>. The open archive movement<ns1:a class="footnote" href="ftn8" pattern="Milestone"/>is increasing in the field scientific papers publishing and big commercial companies, like i.e. Springer, support the idea of “institutional repositories” and the concept of “open access publishing” as a way to “makes your work immediately and permanently available online for everyone, everywhere”<ns1:a class="footnote" href="ftn9" pattern="Milestone"/>. A significant increasing of open access journals reveal the impact of new methods of digital publishing<ns1:a class="footnote" href="ftn10" pattern="Milestone"/>.</ns1:p><ns1:p pattern="Block" structure="Paragraph ">Open archives as repositories for the dissemination, the interchange and the preservation of scholarly articles and related metadata but also open access as method of publication are becoming a strategy and a paradigm in the field of publishing. Digital libraries of scientific papers use these techniques, theories and methods in order non only to speed up the access given to publications but also to increase the amount of digital data i.e. research articles, they can associate to such articles. Even editors and publishers that did not marry into the open access philosophy are creating digital collections of scientific papers under the guise of freemium platforms for accessing for free the metadata related to their publication, and pay for the full-text of the articles. Even many aggregation platforms (e.g. Elsevier Science and Emerald<ns1:a class="footnote" href="ftn11" pattern="Milestone"/>) found in the possibility to give access to big collections of scientific papers a new way of exploring knowledge.</ns1:p><ns1:p pattern="Block" structure="Paragraph ">Many of these platforms are defining semantic models to enhance the digital representation of their articles. However, this enhancement is not a straightforward operation, since it involves much more that simply making semantically precise statements about named entities within the text. For instance, the sentence “Christopher Marlowe was the real author of many Shakespeare's plays” has possibly one formal representation, but its use in a scholarly document may be characterized in many different ways, as a claim, an hypothesis, a rebutted concept, or even as an example of an English sentence in a paper not discussing Shakespeare's plays at all (as this one).</ns1:p><ns1:p pattern="Block" structure="Paragraph ">In<ns1:a class="ref" href="PeroniSemanticLenses" pattern="Milestone"/>, we showed how several relevant interpretation layers exist beyond the bare words of a scientific paper – such as the context of the publication, its structural components, its rhetorical structures (e.g. Introduction, Results, Discussion), or the network of citations that connects the publication to its wider context of scholarly works. These points of view are usually combined together create an effective unit of scholarly communication so well integrated into the paper as a whole and into the rhetorical flow of the natural language of the text, so as to be scarcely discernible as separate entities by the reader.</ns1:p><ns1:p pattern="Block" structure="Paragraph ">In this paper we use a well-known scholarly paper,<ns1:i pattern="Inline">DelosDLMS – The Integrated DELOS Digital Library Management System</ns1:i>by Agosti<ns1:i pattern="Inline">et al.</ns1:i><ns1:a class="ref" href="AgostiDELOS" pattern="Milestone"/>, to verify that it is possible and useful to separate these aspects into eight different sets of machine-readable semantic assertions (called<ns1:i pattern="Inline">semantic lenses</ns1:i>), where each set describes one of them, from the most contextual to the most document-specific: research context, authors' contributions and roles, publication context, document structure, rhetoric organization of discourse, citation network, argumentative characterisation of text, and textual semantics.</ns1:p><ns1:p pattern="Block" structure="Paragraph ">The rest of the paper is organised as follows. In<ns1:a class="ref" href="SectionRelatedWorks" pattern="Milestone"/>we introduce some significant works related to semantic publishing experiences and models. In<ns1:a class="ref" href="SectionLenses" pattern="Milestone"/>we show an application of semantic lenses onto a particular scholarly article. Finally (<ns1:a class="ref" href="SectionConclusions" pattern="Milestone"/>) we conclude the paper sketching out some future works and briefly present a prototype named TAL (<ns1:i pattern="Inline">Through A Lens</ns1:i>), an HTML interface for scholarly papers.</ns1:p></ns1:div><ns1:div class="section" id="SectionRelatedWorks" pattern="HeadedContainer" structure="Section "><ns1:h1 pattern="Block" structure="SectionTitle ">Related works</ns1:h1><ns1:p pattern="Block" structure="Paragraph ">Much current literature concerns both the proofs of concepts for semantic publishing applications and the models for the description of digital publishing from different perspective. Because of this richness, here we present just some of the most important and significant works on these topics.</ns1:p><ns1:p pattern="Block" structure="Paragraph ">In<ns1:a class="ref" href="ShottonSemanticPublishing" pattern="Milestone"/>, Shotton<ns1:i pattern="Inline">et al.</ns1:i>describe their experience in enriching and providing appropriate Web interfaces for scholarly papers enhanced with provenance informations, scientific data, bibliographic references, interactive maps and tables, with the intention to highlights the advantages of semantic publishing to a broader audience. Along the same lines, in their work<ns1:a class="ref" href="PettiferScholarlyArticle" pattern="Milestone"/>Pettifer<ns1:i pattern="Inline">et al.</ns1:i>introduce pros and cons of the various formats for the publication of scholarly articles and propose an application for the semantic enhancement of PDF documents according to established ontologies.</ns1:p><ns1:p pattern="Block" structure="Paragraph ">A number of vocabularies for the description of research projects and related entities have been developed, e.g. the VIVO Ontology<ns1:a class="footnote" href="ftn15" pattern="Milestone"/>– developed for describing the social networks of academics, their research and teaching activities, their expertise, and their relationships to information resources – and DOAP, the<ns1:i pattern="Inline">Description Of A Project</ns1:i><ns1:a class="footnote" href="ftn16" pattern="Milestone"/>– an ontology with multi-lingual definitions that contains terms specific for software development projects.</ns1:p><ns1:p pattern="Block" structure="Paragraph ">One of the most widely used ontology for describing bibliographic entities and their aggregations is BIBO, the<ns1:i pattern="Inline">Bibliographic Ontology</ns1:i><ns1:a class="ref" href="Bibo" pattern="Milestone"/>. FRBR,<ns1:i pattern="Inline">Functional Requirements for Bibliographic Records</ns1:i><ns1:a class="ref" href="FRBR" pattern="Milestone"/>, is yet another more structured model for describing documents and their evolution in time. One of the most important aspects of FRBR is the fact that it is not tied to a particular metadata schema or implementation.</ns1:p><ns1:p pattern="Block" structure="Paragraph ">Several works have been proposed in the past to model the rhetoric and argumentation of papers. For instance, the SALT application<ns1:a class="ref" href="GrozaClaim" pattern="Milestone"/>permits someone such as the author “to enrich the document with formal descriptions of claims, supports and rhetorical relation as part of their writing process”. There are other works, based on<ns1:a class="ref" href="ToulminUsesOfArgument" pattern="Milestone"/>, that offer an application of Toulmin's model within specific scholarly domains, for instance the legal and legislative domain<ns1:a class="ref" href="LauritsenDocumentModeling" pattern="Milestone"/>. A good review of all the others Semantic Web models for the description of arguments can be found in<ns1:a class="ref" href="SchneiderArgumentation" pattern="Milestone"/>. A comprehensive analysis of the application of Semantic Web ideas and techniques in digital repositories can be read in<ns1:a class="ref" href="KoutsomitropoulosSemanticWeb" pattern="Milestone"/>.</ns1:p></ns1:div><ns1:div class="section" id="SectionLenses" pattern="HeadedContainer" structure="Section "><ns1:h1 pattern="Block" structure="SectionTitle ">Context and content through semantic lenses</ns1:h1><ns1:p pattern="Block" structure="Paragraph ">In<ns1:a class="ref" href="PeroniSemanticLenses" pattern="Milestone"/>we introduced the idea that the semantics of a document is definable from different perspectives, where each perspective is represented as a<ns1:i pattern="Inline">semantic</ns1:i><ns1:i pattern="Inline">lens</ns1:i>that is<ns1:i pattern="Inline">applied</ns1:i>to a document to reveal a particular semantic facet.</ns1:p><ns1:p pattern="Block" structure="Paragraph ">A faceted classification system<ns1:a class="ref" href="RanganathanCatalogue" pattern="Milestone"/>in the field of library science is a bottom-up scheme that divides a subject into concepts and gives rules to use these concepts in constructing a structured subject. This approach makes it possible use a kind of poly-hierarchical relationship between the elements of the description<ns1:a class="ref" href="QuintarelliFolksonomies" pattern="Milestone"/>.</ns1:p><ns1:p pattern="Block" structure="Paragraph ">But facets have to be transformed in an ontology in order to give access to the deep meaning of the documents. An ontology has been defined<ns1:a class="footnote" href="ftn18" pattern="Milestone"/>to formally define these lenses so as to allow the annotation of resources such as scholarly papers. In addition, since the application of the semantic lenses to a document is an<ns1:i pattern="Inline">authorial activity</ns1:i>, i.e. the action of a person (the original author as well as anyone else) taking responsibility for a semantic interpretation of the document, we also need to record the<ns1:i pattern="Inline"/>provenance of the semantic statements according to the<ns1:i pattern="Inline">PROV Ontology</ns1:i>(<ns1:i pattern="Inline">PROV-O</ns1:i>)<ns1:a class="ref" href="W3CProv" pattern="Milestone"/>.</ns1:p><ns1:p pattern="Block" structure="Paragraph ">In the following subsections we introduce the lenses using the well-known paper<ns1:i pattern="Inline">DelosDLMS – The Integrated DELOS Digital Library Management System</ns1:i>by Agosti et al.<ns1:a class="ref" href="AgostiDELOS" pattern="Milestone"/>as the scholarly article on which the small snippets of semantic lenses are based.</ns1:p><ns1:div class="section" pattern="HeadedContainer" structure="Section "><ns1:h1 pattern="Block" structure="SectionTitle ">Describing the context</ns1:h1><ns1:p pattern="Block" structure="Paragraph ">Writing a scientific paper is usually the final stage of an often complex collaborative and multi-domain activity of undertaking the research investigation from which the paper arises. The organizations involved, the people affiliated to these organizations and their roles and contributions, the grants provided by funding agencies, the research projects funded by such grants, the social context in which a scientific paper is written, the venue within which a paper appears: all these provide the research<ns1:i pattern="Inline">context</ns1:i>that leads, directly or indirectly, to the genesis of the paper, and awareness of these may have a strong impact on the credibility and authoritativeness of its scientific content.</ns1:p><ns1:p pattern="Block" structure="Paragraph ">The concept of context is a polysemic textual situation because it runs across a variety of different disciplines. In general “the broad notion of context [is] constituted by the interactions and relationships between a TE [target entity] and its environment”<ns1:a class="ref" href="LeeFramework" pattern="Milestone"/>. In particular in the archival domain this concept regards the need to separate the description of document form the description of people that create the documents. The EAC-CPF (Encoded Archival Context-Corporate Bodies, Persons and Families) is a DTD<ns1:a class="footnote" href="ftn19" pattern="Milestone"/>, an XML Schema<ns1:a class="footnote" href="ftn20" pattern="Milestone"/>and now an ontology<ns1:a class="ref" href="MazziniEAC" pattern="Milestone"/>for translate the ISAAR (CPF), the International Standard for Archival Authority Records<ns1:a class="ref" href="ICAISAAR" pattern="Milestone"/>, in a formal language.</ns1:p><ns1:p pattern="Block" structure="Paragraph ">Daniel Pitti states that “relations between records, creators, and functions and activities are dynamic and complex, and not fixed and simple. Creators are related to other creators. Records are related to other records. Functions and activities are related to other functions and activities. And each of these is interrelated with the others. [...]. By developing dedicated semantics and structures for describing each descriptive component and its complex interrelations, we can build descriptive systems that are far more efficient and effective than those we have realized in print”<ns1:a class="ref" href="PittiCreatorDescription" pattern="Milestone"/>. So the context reflects the need to separate the object (the paper) from the information surrounding it, and in fact the context reflects the relationships between data and structured metadata, but is also an interpretation key of the document as a complex entity whose information emerges only when analysing the elements of the document in their specific context.</ns1:p><ns1:p pattern="Block" structure="Paragraph ">Given these assumptions, we need to point out that semantic lenses have to be used as a complex system, in a network perspective of interconnected scopes rather than as a hierarchical model of independent layers.</ns1:p><ns1:p pattern="Block" structure="Paragraph ">Three lenses are designed to cover the contextual aspects of a scholarly text:</ns1:p><ns1:ul pattern="Table" structure="List " type="bullet"><ns1:li pattern="Container"><ns1:p pattern="Block" structure="Paragraph "><ns1:i pattern="Inline">Research context</ns1:i>: the background from which the paper emerged (the research described, the institutions involved, the sources of funding, etc.).</ns1:p></ns1:li><ns1:li pattern="Container"><ns1:p pattern="Block" structure="Paragraph "><ns1:i pattern="Inline">Contributions and roles</ns1:i>: the individuals claiming authorship on the paper and what specific contributions each of them provided.</ns1:p></ns1:li><ns1:li pattern="Container"><ns1:p pattern="Block" structure="Paragraph "><ns1:i pattern="Inline">Publication context</ns1:i>: any information about the event (e.g. conference or workshop) and publication venue of the paper (such as the proceedings or the journal), as well as connections to the other papers sharing the same event or venue.</ns1:p></ns1:li></ns1:ul><ns1:p pattern="Block" structure="Paragraph ">Using<ns1:a class="ref" href="AgostiDELOS" pattern="Milestone"/>as the basis for the annotations example, we describe the<ns1:i pattern="Inline">contextual environment</ns1:i>, that is the<ns1:i pattern="Inline">research context,</ns1:i>that made possible writing this paper by using<ns1:a class="footnote" href="ftn21" pattern="Milestone"/><ns1:i pattern="Inline">FRAPO</ns1:i>, the<ns1:i pattern="Inline">Funding, Research Administration and Projects Ontology</ns1:i><ns1:a class="footnote" href="ftn22" pattern="Milestone"/>, as shown in the following excerpt. The excerpt specifies that the European Commission, as a funding agency<ns1:i pattern="Inline">(#1</ns1:i>), funded the network of excellence DELOS (<ns1:i pattern="Inline">#2</ns1:i>) that led to the aforementioned paper (<ns1:i pattern="Inline">#3</ns1:i>)<ns1:a class="footnote" href="ftn0" pattern="Milestone"/>:</ns1:p><ns1:p class="code" pattern="Block" structure="Paragraph ">:research-context { :ec a frapo:FundingAgency ; foaf:name “European Commission” ; #1 frapo:funds [ a frapo:Endeavour ; #2 foaf:name “A Network of Excellence on Digital Libraries” ; frapo:hasOutput :delosdlms ] . } #3</ns1:p><ns1:p pattern="Block" structure="Paragraph ">Then we use<ns1:i pattern="Inline">SCoRO</ns1:i>(the<ns1:i pattern="Inline">Scholarly Contributions and Roles Ontology</ns1:i><ns1:a class="footnote" href="ftn24" pattern="Milestone"/>) and its imported ontology<ns1:i pattern="Inline">PRO</ns1:i>(the<ns1:i pattern="Inline">Publishing Roles Ontology</ns1:i><ns1:a class="footnote" href="ftn25" pattern="Milestone"/>)<ns1:a class="ref" href="PeroniTVC" pattern="Milestone"/>to identify the<ns1:i pattern="Inline">roles and contributions.</ns1:i>Once again, in order to be concise, only the code for one of the many contributors will be shown, in this case for the first one, Maristella Agosti. We can identify her<ns1:i pattern="Inline">role</ns1:i>(e.g. being affiliate with the University of Padua during the realization of the paper –<ns1:i pattern="Inline">#4</ns1:i>) and her<ns1:i pattern="Inline">contribution</ns1:i>(<ns1:i pattern="Inline">#5</ns1:i>) within the context of this paper.</ns1:p><ns1:p class="code" pattern="Block" structure="Paragraph ">:contributions-and-roles { :agosti a foaf:Person ; foaf:name “Maristella Agosti” ; pro:holdsRoleInTime [ a scoro:OrganizationalRole ; #4 pro:withRole scoro:affiliate ; pro:relatesToOrganization [ a frapo:University ; foaf:name “University of Padua” ] ; pro:relatesToDocument :delosdlms ], scoro:makesContribution [ a scoro:ContributionSituation ; #5 scoro:withContribution scoro:writes-manuscript-draft ; scoro:withContributionEffort scoro:major-effort ; scoro:relatesToEntity :delosdlms ] }</ns1:p><ns1:p pattern="Block" structure="Paragraph ">We then describe the<ns1:i pattern="Inline">publication context</ns1:i>of the paper using FaBiO, the<ns1:i pattern="Inline">FRBR-aligned Bibliographic Ontology</ns1:i><ns1:a class="ref" href="PeroniFabioCito" pattern="Milestone"/>and BiRO, the<ns1:i pattern="Inline">Bibliographic Reference Ontology</ns1:i><ns1:a class="footnote" href="ftn39" pattern="Milestone"/>, specifying the conference proceedings in which the paper was published (<ns1:i pattern="Inline">#6</ns1:i>)<ns1:i pattern="Inline"/>and the list of its references to other related documents<ns1:i pattern="Inline">(#7</ns1:i>)<ns1:i pattern="Inline">–</ns1:i>which is crucial for semantic publishing</ns1:p><ns1:p class="code" pattern="Block" structure="Paragraph ">:publication-context { # The textual realisation of the paper :version-of-record a fabio:ConferencePaper ; #6 frbr:realisationOf :delosdlms ; dcterms:title “DelosDLMS – – - The Integrated DELOS Digital Library Management System” ; prism:doi “10.1007/978-3-540-77088-6_4” ; frbr:partOf [ a fabio:ConferenceProceedings ; dcterms:title “Proceedings 1st International DELOS Conference” ; fabio:hasPublicationYear “2007”^^xsd:gYear ] frbr:part [ a biro:ReferenceList ; #7 co:element [ biro:references &lt;http://dx.doi.org/10.1109/ICCV.1998.710779&gt; ] … ]}</ns1:p></ns1:div><ns1:div class="section" pattern="HeadedContainer" structure="Section "><ns1:h1 pattern="Block" structure="SectionTitle ">Describing the content</ns1:h1><ns1:p pattern="Block" structure="Paragraph ">The semantics of<ns1:i pattern="Inline">the content</ns1:i>of a document, i.e. the semantics that is implicitly defined in and inferable from the text, can be described from different points of view. For example, the overall<ns1:i pattern="Inline">structure</ns1:i>of the text – i.e. the organization of the text of the document into structured containers, blocks of text, inline elements – is often expressed by means of markup languages such as XML and LaTeX, that have constructs for describing content hierarchically.</ns1:p><ns1:p pattern="Block" structure="Paragraph ">In the field of textual editing, the TEI schema<ns1:a class="ref" href="TEITEIP5" pattern="Milestone"/>represents a standard model for the encoding of humanistic texts using an embedded markup. The<ns1:i pattern="Inline">Guidelines</ns1:i>elaborated in the TEI project reflect on different aspects of the interpretative intervention of the editor in describing textual entities. A big effort is now devoted towards the translation of this XML Schema into an ontology in the domain of cultural heritage, mapping TEI onto CIDOC-CRM<ns1:a class="ref" href="OreTEI" pattern="Milestone"/>a conceptual model for describing concepts and relationships used in cultural heritage documentation.</ns1:p><ns1:p pattern="Block" structure="Paragraph ">In an Semantic Web context, we would rather use an ontology that describes the markup structures in OWL. For this we need a way to separate the document from its interpretation, i.e., a way to apply a meta-syntax for stand-off annotations of textual content with fully W3C-compliant technologies. For this reason, we use<ns1:i pattern="Inline">EARMARK</ns1:i><ns1:a class="ref" href="DiIorioEARMARK" pattern="Milestone"/>, an ontology<ns1:a class="footnote" href="ftn31" pattern="Milestone"/>of a markup metalanguage, to describe the structure of the document as a set of OWL assertions to associate formal and explicit semantics<ns1:a class="ref" href="PeroniSemantics" pattern="Milestone"/>. Through the<ns1:i pattern="Inline">Pattern Ontology</ns1:i>(<ns1:i pattern="Inline">PO</ns1:i>)<ns1:a class="footnote" href="ftn32" pattern="Milestone"/><ns1:a class="ref" href="DiIorioStructuralPatterns" pattern="Milestone"/>in combination with EARMARK we can associate a particular structural semantics to markup elements, such an element<ns1:i pattern="Inline">h3</ns1:i><ns1:i pattern="Inline">expressing</ns1:i>the concept of being a block of text (<ns1:i pattern="Inline">#9</ns1:i>)<ns1:i pattern="Inline">,</ns1:i>or the<ns1:i pattern="Inline">div</ns1:i>element containing it being a container with an header (<ns1:i pattern="Inline">#8</ns1:i>)<ns1:i pattern="Inline">,</ns1:i>as shown in the following:</ns1:p><ns1:p class="code" pattern="Block" structure="Paragraph ">:structure { :div a earmark:Element la:expresses pattern:HeadedContainer ; #8 earmark:hasGeneralIdentifier “div” ; c:firstItem [ c:itemContent … ; c:nextItem [ c:itemContent :h-sec-2 ; … c:nextItem [ … c:itemContent :p4-sec-2 … ] ] ] . :h-sec-3-1 a earmark:Element #9 la:expresses pattern:Block ; earmark:hasGeneralIdentifier “h3” ; c:firstItem [ c:itemContent :r-h-sec-3-1 ] . # Text node within :h-sec-3 :r-h-sec-3-1 a earmark:PointerRange … :p1-sec-3-1 a earmark:Element # Sec 3.1, Par 1 la:expresses pattern:Block ; earmark:hasGeneralIdentifier “p” … }</ns1:p><ns1:p pattern="Block" structure="Paragraph ">Just a little above a pure structural perspective, we place the identification and organization of the<ns1:i pattern="Inline">rhetorical components</ns1:i>of the text, such as a section being an<ns1:i pattern="Inline">Introduction</ns1:i>, some paragraphs describing the<ns1:i pattern="Inline">Methods</ns1:i>of the research, or the presented<ns1:i pattern="Inline">Results</ns1:i>or the paper's<ns1:i pattern="Inline">Conclusion</ns1:i>), in order to label explicitly all the meaningful aspects of the scientific discourse.</ns1:p><ns1:p pattern="Block" structure="Paragraph ">Such rhetoric characterization of markup structures can be specified through<ns1:i pattern="Inline">DoCO</ns1:i>, the<ns1:i pattern="Inline">Document</ns1:i><ns1:i pattern="Inline">Components Ontology</ns1:i><ns1:a class="footnote" href="ftn33" pattern="Milestone"/>, and<ns1:i pattern="Inline">DEO</ns1:i>, the<ns1:i pattern="Inline">Discourse Elements Ontology</ns1:i><ns1:a class="footnote" href="ftn34" pattern="Milestone"/>. The following excerpt expresses that the elements<ns1:i pattern="Inline">div</ns1:i>,<ns1:i pattern="Inline">h3</ns1:i>and<ns1:i pattern="Inline">p</ns1:i>introduced in the previous excerpt represent, respectively, a<ns1:i pattern="Inline">section</ns1:i>of the paper (<ns1:i pattern="Inline">#10</ns1:i>)<ns1:i pattern="Inline">,</ns1:i>a<ns1:i pattern="Inline">section title</ns1:i>(<ns1:i pattern="Inline">#11</ns1:i>), and a<ns1:i pattern="Inline">paragraph</ns1:i>(<ns1:i pattern="Inline">#12</ns1:i>) introducing some<ns1:i pattern="Inline">background</ns1:i>assets (<ns1:i pattern="Inline">#13</ns1:i>):</ns1:p><ns1:p class="code" pattern="Block" structure="Paragraph ">:rhetoric { :div la:expresses doco:Section . #10 :h-sec-3-1 la:expresses doco:SectionTitle . #11 :p1-sec-3-1 la:expresses doco:Paragraph , #12 deo:Background } #13</ns1:p><ns1:p pattern="Block" structure="Paragraph ">Besides its structural and rhetorical characterisation, a document takes also part to a<ns1:i pattern="Inline">citation network</ns1:i>with its cited documents, in particular taking into account the<ns1:i pattern="Inline">reasons</ns1:i>for particular citations – e.g. to express qualification of or disagreement with the ideas presented in the cited paper – which may significantly effect the evaluation of a citation network itself.</ns1:p><ns1:p pattern="Block" structure="Paragraph ">For instance, analysing the content of the paper, for instance the aforementioned 1<ns1:span class="sup" pattern="Inline">st</ns1:span>paragraph of the 3<ns1:span class="sup" pattern="Inline">rd</ns1:span>section (1<ns1:span class="sup" pattern="Inline">st</ns1:span>subsection) of the paper (i.e.<ns1:i pattern="Inline">:p1-sec-3-1</ns1:i>), we encounter several citations to other works that are introduced for a particular reason, e.g. to express qualification of or disagreement with the ideas presented in the cited papers. Using CiTO, the<ns1:i pattern="Inline">Citation Typing Ontology</ns1:i><ns1:a class="footnote" href="ftn35" pattern="Milestone"/><ns1:a class="ref" href="PeroniFabioCito" pattern="Milestone"/>, we provide descriptions of the factual or rhetorical nature of the citations, as shown in the following example, where paper “[5]” is cited as a source of background information (<ns1:i pattern="Inline">#14</ns1:i>), and paper “[7]” is also cited as evidence supporting a statement (<ns1:i pattern="Inline">#15</ns1:i>):</ns1:p><ns1:p class="code" pattern="Block" structure="Paragraph ">:citation { :delosdlms # citation to [5] in Sec 3.1, Par 1 cito:obtainsBackgroundFrom #14 &lt;http://doi.ieeecomputersociety.org/10.1109/ICME.2005.1521528&gt; ; # citation to [7] in Sec 3.1, Par 1 cito:citesAsEvidence #15 &lt;http://dx.doi.org/10.1109/ICCV.1998.710779&gt; }</ns1:p><ns1:p pattern="Block" structure="Paragraph ">In addition, strictly correlated with the citational aspects of a document, we can detail the organization of the claims and the arguments of the paper (providing evidences to a claim)<ns1:span class="code" pattern="Inline">.</ns1:span>The argumentative organisation of discourse is described using<ns1:i pattern="Inline">AMO</ns1:i>, the<ns1:i pattern="Inline">Argument Model Ontology</ns1:i><ns1:a class="footnote" href="ftn36" pattern="Milestone"/>, that implements Toulmin's model of argumentation<ns1:a class="ref" href="ToulminUsesOfArgument" pattern="Milestone"/><ns1:a class="footnote" href="ftn37" pattern="Milestone"/>in OWL, as shown in<ns1:a class="ref" href="FigureArgumentation" pattern="Milestone"/>and introduced in the following excerpt:</ns1:p><ns1:div class="picture" id="FigureArgumentation" pattern="Record" structure="FigureBox "><ns1:p class="img.block" pattern="Block" structure="Paragraph "><ns1:img class="17cm-9.462cm" pattern="Milestone" src="1000000000000550000002F5D6B26207.jpg" structure="Figure "/></ns1:p><ns1:p class="caption" pattern="Block" structure="Paragraph ">The argument organisation of the first paragraph of Section 3.1 in the DelosDMS paper..</ns1:p></ns1:div><ns1:p class="code" pattern="Block" structure="Paragraph ">:argumentation { :argument a amo:Argument ; amo:hasClaim :r-cl-p1 ; # correlograms...about amo:hasQualifier :r-qual-p1 ; # In...features amo:hasRebuttal :r-reb-p1 ; # However...false positive amo:hasEvidence :r-ev-1-p1 … # Correlograms...content amo:hasWarrant :r-war-2-p1 … # To...problems amo:hasBacking :r-back-1-p1 … # we used...3D objects :r-qual-p1 amo:forces :r-cl-p1 . :r-cl-p1 amo:isValidUnless :r-reb-p1 :r-ev-1-p1 amo:proves :r-cl-p1 ; amo:supports :r-war-1-p1 … :r-war-2-p1 amo:leadsTo :r-cl-p1 . :r-back-1-p1 amo:backs :r-war-2-p1 . …</ns1:p><ns1:p pattern="Block" structure="Paragraph ">Finally, the<ns1:i pattern="Inline">textual semantics</ns1:i>, i.e. the very message contained in a piece of text, is the final step in the definition of the semantics of a piece of text. For instance, the formal description of a claim needs to be expressed in such a way as to represent as faithfully as possible the meaning of the claim itself. Since each document expresses content in domains that are specific of the topic of the paper, we cannot provide an encompassing ontology to express claims. In some cases, the claim of an argument can be encoded through using a simple model, e.g. DBPedia<ns1:a class="ref" href="BizerDBPedia" pattern="Milestone"/>, as shown in the following excerpt. In other cases, more appropriate specific ontologies exist.</ns1:p><ns1:p class="code" pattern="Block" structure="Paragraph ">:semantics { dbpedia:Correlogram a dbpedia:Mathematical_model }</ns1:p></ns1:div></ns1:div><ns1:div class="section" id="SectionConclusions" pattern="HeadedContainer" structure="Section "><ns1:h1 pattern="Block" structure="SectionTitle ">Conclusions</ns1:h1><ns1:p pattern="Block" structure="Paragraph ">The evolution of modern digital collections implies that the metadata we associate to their content are enhanced and enriched with more and more information. Simple metadata model may increase the likelihood of their adoption, but eventually result in simple annotations and possibly in errors and misrepresentations of the associated documents. Modern publishers are now approaching digital publishing from a semantic perspective, making steps towards<ns1:i pattern="Inline">semantic publishing</ns1:i><ns1:a class="ref" href="ShottonSemanticPublishing" pattern="Milestone"/>.</ns1:p><ns1:p pattern="Block" structure="Paragraph ">In this paper we tested our<ns1:i pattern="Inline">semantic lenses</ns1:i><ns1:a class="ref" href="PeroniSemanticLenses" pattern="Milestone"/>to semantically enhance a published scholarly article with direct, explicit, and hopefully correct annotations about the context, structure and argumentation of the paper as well as its actual content. Since one of the criteria for evaluating digital libraries as complex systems is the performance, which “depends strongly on the formats, structure and representations of the content”<ns1:a class="ref" href="FuhrDigitalLibraries" pattern="Milestone"/>, we strongly believe that to use of semantic lenses as ontological keys could markedly improve usefulness of a library of scholarly articles. We are now working on<ns1:i pattern="Inline">Through A Lens</ns1:i>(<ns1:i pattern="Inline">TAL</ns1:i>), a prototypical application<ns1:a class="footnote" href="ftn5" pattern="Milestone"/>we developed as proof of concept of the use of semantic lenses in a real-case scenario, that enables the navigation and understanding of a scholarly document through these semantic lenses.</ns1:p></ns1:div><ns1:div class="bibliography" id="references" pattern="HeadedContainer" structure="Section "><ns1:h1 pattern="Block" structure="SectionTitle ">References</ns1:h1><ns1:ul pattern="Table" structure="List " type="bullet"><ns1:li id="ShottonSemanticPublishing" pattern="Container" structure="Footnote "><ns1:p pattern="Block" structure="Paragraph ">Shotton, D., Portwin, K., Klyne, G., Miles, A. (2009). Adventures in Semantic Publishing: Exemplar Semantic Enhancements of a Research Article. PLoS Computational Biology, 5 (4): e1000361. DOI: 10.1371/journal.pcbi.1000361</ns1:p></ns1:li><ns1:li id="ToulminUsesOfArgument" pattern="Container" structure="Footnote "><ns1:p pattern="Block" structure="Paragraph ">Toulmin, S. (1959). The uses of argument. Cambridge University Press. ISBN: 0521827485</ns1:p></ns1:li><ns1:li id="GrozaClaim" pattern="Container" structure="Footnote "><ns1:p pattern="Block" structure="Paragraph ">Groza, T., Moller, K., Handschuh, S., Trif, D., Decker, S. (2007). SALT: Weaving the claim web. In Proceedings of the 6th International Semantic Web Conference: 197-210. DOI:10.1007/978-3-540-76298-0_15</ns1:p></ns1:li><ns1:li id="W3CProv" pattern="Container" structure="Footnote "><ns1:p pattern="Block" structure="Paragraph ">Lebo, T., Sahoo, S., McGuinness, D. (2012). PROV-O: The PROV Ontology. W3C Working Draft 03 May 2012. World Wide Web Consortium. http://www.w3.org/TR/prov-o</ns1:p></ns1:li><ns1:li id="LauritsenDocumentModeling" pattern="Container" structure="Footnote "><ns1:p pattern="Block" structure="Paragraph ">Lauritsen, M., Gordon, T. F. (2009). Toward a general theory of document modeling. In Proceedings of the 12th International Conference on Artificial Intelligence and Law: 202-211. DOI:10.1145/1568234.1568257</ns1:p></ns1:li><ns1:li id="DiIorioEARMARK" pattern="Container" structure="Footnote "><ns1:p pattern="Block" structure="Paragraph ">Di Iorio, A., Peroni, S., Vitali, F. (2011). A Semantic Web Approach To Everyday Overlapping Markup. In Journal of the American Society for Information Science and Technology, 62 (9): 1696-1716. DOI: 10.1002/asi.21591</ns1:p></ns1:li><ns1:li id="Bibo" pattern="Container" structure="Footnote "><ns1:p pattern="Block" structure="Paragraph ">D'Arcus, B., Giasson, F. (2009). Bibliographic Ontology Specification. Specification Document, 4 November 2009. http://bibliontology.com/specification</ns1:p></ns1:li><ns1:li id="FRBR" pattern="Container" structure="Footnote "><ns1:p pattern="Block" structure="Paragraph ">IFLA Study Group on the Functional Requirements for Bibliographic Records (1998). Functional Requirements for Bibliographic Records (FRBR). Final Report, http://archive.ifla.org/VII/s13/frbr/frbr_current_toc.htm</ns1:p></ns1:li><ns1:li id="PeroniFabioCito" pattern="Container" structure="Footnote "><ns1:p pattern="Block" structure="Paragraph ">Peroni, S., Shotton, D. (2012). FaBiO and CiTO: ontologies for describing bibliographic resources and citations. In Journal of Web Semantics: Science, Services and Agents on the World Wide Web. DOI: 10.1016/j.websem.2012.08.001</ns1:p></ns1:li><ns1:li id="DiIorioStructuralPatterns" pattern="Container" structure="Footnote "><ns1:p pattern="Block" structure="Paragraph ">Di Iorio, A., Peroni, S., Poggi, F., Vitali, F. (2012). A first approach to the automatic recognition of structural patterns in XML documents. To appear in the Proceedings of the 2012 ACM symposium on Document Engineering.</ns1:p></ns1:li><ns1:li id="WhalleyEJournal" pattern="Container" structure="Footnote "><ns1:p pattern="Block" structure="Paragraph ">Whalley, W. B., MacNeil, J., Munroe, G., Landy, S., Power, S. (1997). Developing a flexible structure for a pure e-journal. In Rowland, F., Meadows, J. (Eds), Proceedings of the 1st ICCC/IFIP Conference on Electronic Publishing: New Models and Opportunities (ELPUB 1997). http://elpub.scix.net/data/works/att/97112.content.pdf</ns1:p></ns1:li><ns1:li id="PeroniSemanticLenses" pattern="Container" structure="Footnote "><ns1:p pattern="Block" structure="Paragraph ">Peroni, S., Shotton, D., Vitali, F. (2012). Faceted documents: describing document characteristics using semantic lenses. In Proceedings of the 2012 ACM symposium on Document Engineering (DocEng 2012): 191-194. New York, New York, USA: ACM. DOI: 10.1145/2361354.2361396</ns1:p></ns1:li><ns1:li id="PeroniTVC" pattern="Container" structure="Footnote "><ns1:p pattern="Block" structure="Paragraph ">Peroni, S., Shotton, D., Vitali, F. (2012). Scholarly publishing and the Linked Data: describing roles, statuses, temporal and contextual extents. In Proceedings of the 8th International Conference on Semantic Systems (i-Semantics 2012): 9-16. New York, New York, USA: ACM. DOI: 10.1145/2362499.2362502</ns1:p></ns1:li><ns1:li id="PeroniSemantics" pattern="Container" structure="Footnote "><ns1:p pattern="Block" structure="Paragraph ">Peroni, S., Gangemi, A., Vitali, F. (2011). Dealing with Markup Semantics. In Proceedings the 7th International Conference on Semantic Systems (I-SEMANTICS 2011): 111-118. New York, New York, USA: ACM. DOI: 10.1145/2063518.2063533</ns1:p></ns1:li><ns1:li id="BizerDBPedia" pattern="Container" structure="Footnote "><ns1:p pattern="Block" structure="Paragraph ">Bizer, C., Lehmann, J., Kobilarov, G., Auer, S., Becker, C., Cyganiak, R., Hellmann, S. (2009). DBpedia – A Crystallization Point for the Web of Data. In Journal of Web Semantics: Science, Services and Agents on the World Wide Web, 7 (3): 154.165. DOI: 10.1016/j.websem.2009.07.002</ns1:p></ns1:li><ns1:li id="PettiferScholarlyArticle" pattern="Container" structure="Footnote "><ns1:p pattern="Block" structure="Paragraph ">Pettifer, S., McDermott, P., Marsh, J., Thorne, D., Villeger, A., Attwood, T. K. (2011). Ceci n’est pas un hamburger: modelling and representing the scholarly article. In Learned Publishing, 24: 207-220. DOI: 10.1087/20110309</ns1:p></ns1:li><ns1:li id="SchneiderArgumentation" pattern="Container" structure="Footnote "><ns1:p pattern="Block" structure="Paragraph ">Schneider, J., Groza, T., Passant, A. (2012). A review of argumentation for the Social Semantic Web. In Semantic Web - Interoperability, Usability, Applicability. Pre-press available at: http://iospress.metapress.com/content/ 016x47v66347462v/fulltext.pdf (last visited 25.07.2012) (in press).</ns1:p></ns1:li><ns1:li id="ShottonFiveStars" pattern="Container"><ns1:p pattern="Block" structure="Paragraph ">Shotton, D. (2012). The Five Stars of Online Journal Articles – a Framework for Article Evaluation. In D-lib magazine, 18 (1/2). DOI: 10.1045/january2012-shotton</ns1:p></ns1:li><ns1:li id="KoutsomitropoulosSemanticWeb" pattern="Container" structure="Footnote "><ns1:p pattern="Block" structure="Paragraph ">Koutsomitropoulos, D. A., Solomou, G. D., Alexopoulos, A. D., Papatheodorou, T. S. (2009). Semantic Web enabled digital repositories. In International Journal on Digital Libraries 10: 179-199. DOI: 10.1007/s00799-010-0059-z</ns1:p></ns1:li><ns1:li id="QuintarelliFolksonomies" pattern="Container" structure="Footnote "><ns1:p pattern="Block" structure="Paragraph ">Quintarelli, E. (2005). Folksonomies: power to the people. Presented at the ISKO Italy-UniMIB meeting. http://www.iskoi.org/doc/folksonomies.htm</ns1:p></ns1:li><ns1:li id="RanganathanCatalogue" pattern="Container" structure="Footnote "><ns1:p pattern="Block" structure="Paragraph ">Ranganathan, S.R. (1938). Theory of Library Catalogue. Madras Library Association.</ns1:p></ns1:li><ns1:li id="LeeFramework" pattern="Container" structure="Footnote "><ns1:p pattern="Block" structure="Paragraph ">Lee, C.A. (2011). A framework for contextual information in digital collections. In Journal of Documentation, 67 (1): 95-143. DOI: 10.1108/00220411111105470</ns1:p></ns1:li><ns1:li id="MazziniEAC" pattern="Container" structure="Footnote "><ns1:p pattern="Block" structure="Paragraph ">Mazzini, S., Ricci, F. (2011). EAC-CPF Vocabulary Specification 1.0. http://archivi.ibc.regione.emilia-romagna.it/ontology/reference_document/referencedocument.html</ns1:p></ns1:li><ns1:li id="PittiCreatorDescription" pattern="Container" structure="Footnote "><ns1:p pattern="Block" structure="Paragraph ">Pitti, D. V. (2003). Creator Description: Encoded Archival Context. In Proceedings of the International Authority Control Conference. http://www.sba.unifi.it/ac/relazioni/pitti_eng.pdf</ns1:p></ns1:li><ns1:li id="ICAISAAR" pattern="Container" structure="Footnote "><ns1:p pattern="Block" structure="Paragraph ">International Council on Archives (2003). ISAAR (CPF): International Standard Archival Authority Record for Corporate Bodies, Persons and Families, Second Edition. http://www.icacds.org.uk/eng/ISAAR(CPF)2ed.pdf</ns1:p></ns1:li><ns1:li id="OreTEI" pattern="Container" structure="Footnote "><ns1:p pattern="Block" structure="Paragraph ">Ore, C.E., Eide, O. (2009). TEI and cultural heritage ontologies: Exchange of information? In Literary and Linguistic Computing, 24 (2): 161-172. DOI: 10.1093/llc/fqp010</ns1:p></ns1:li><ns1:li id="TEITEIP5" pattern="Container" structure="Footnote "><ns1:p pattern="Block" structure="Paragraph ">Text Encoding Initiative Consortium (2005). TEI P5: Guidelines for Electronic Text Encoding and Interchange. TEI Consortium. http://www.tei-c.org/Guidelines/P5</ns1:p></ns1:li><ns1:li id="FuhrDigitalLibraries" pattern="Container" structure="Footnote "><ns1:p pattern="Block" structure="Paragraph ">Fuhr, N., Tsakonas, G., Aalberg, T., Agosti, M., Hansen, P., Kapidakis, S., Klas, C., Kovacs, L., Landoni, M., Micsik, A., Papatheodorou, C., Peters, C., Solvberg, I. (2007). Evaluation of digital libraries. In International Journal on Digital Libraries, 8 (1): 21-28. DOI: 10.1007/s00799-007-0011-z</ns1:p></ns1:li><ns1:li id="AgostiDELOS" pattern="Container" structure="Footnote "><ns1:p pattern="Block" structure="Paragraph ">Agosti, M., Berretti, S., Brettlecker, G., Del Bimbo, A., Ferro, N., Fuhr, N., Keim, D. A., Klas, C., Lidy, T., Milano, D., Norrie, M. C., Ranaldi, P., Rauber, A., Schek, H., Schreck, T., Schuldt, H., Signer, B., Springmann, M. (2007). DelosDLMS – The Integrated DELOS Digital Library Management System. In Proceedings of the 1st International DELOS Conference 2007: 36-45. DOI: 10.1007/978-3-540-77088-6_4</ns1:p></ns1:li><ns1:li id="PeroniEuropeana" pattern="Container" structure="Footnote "><ns1:p pattern="Block" structure="Paragraph ">Peroni, S., Tomasi, F., Vitali, F. (2012). Reflecting on the Europeana Data Model. To appear in Proceedings of the 8th Italian Research Conference on Digital Libraries (IRCDL 2012) - Revised Selected Papers. Heidelberg, Germany: Springer.</ns1:p></ns1:li><ns1:li id="DublinCoreDCTerms" pattern="Container" structure="Footnote "><ns1:p pattern="Block" structure="Paragraph ">Dublin Core Metadata Initiative (2012). DCMI Metadata Terms. DCMI Recommendation, 14 June 2012. http://dublincore.org/documents/dcmi-terms/</ns1:p></ns1:li></ns1:ul></ns1:div><ns1:div class="footnote" pattern="Table" structure="List "><ns1:div id="ftn42" pattern="Container"><ns1:p pattern="Block" structure="Paragraph ">Nature.com Linked Data:<ns1:a href="http://data.nature.com/" pattern="Inline">http://data.nature.com</ns1:a>.</ns1:p></ns1:div><ns1:div id="ftn42" pattern="Container"><ns1:p pattern="Block" structure="Paragraph ">ProQuest:<ns1:a href="http://search.proquest.com/" pattern="Inline">http://search.proquest.com</ns1:a>,<ns1:a href="http://www.jstor.org/" pattern="Inline">http://www.jstor.org</ns1:a>,<ns1:a href="http://www.sciencedirect.com/" pattern="Inline">http://www.sciencedirect.com</ns1:a>,<ns1:a href="http://www.emeraldinsight.com/" pattern="Inline">http://www.emeraldinsight.com</ns1:a></ns1:p></ns1:div><ns1:div id="ftn42" pattern="Container"><ns1:p pattern="Block" structure="Paragraph ">JSTOR: http://www.jstor.org/</ns1:p></ns1:div><ns1:div id="ftn42" pattern="Container"><ns1:p pattern="Block" structure="Paragraph ">Elsevier Science: http://www.sciencedirect.com/</ns1:p></ns1:div><ns1:div id="ftn42" pattern="Container"><ns1:p pattern="Block" structure="Paragraph ">Elsevier Science: http://www.sciencedirect.com/</ns1:p></ns1:div><ns1:div id="ftn42" pattern="Container"><ns1:p pattern="Block" structure="Paragraph ">Emerald:<ns1:a href="http://www.emeraldinsight.com/index.htm" pattern="Inline">http://www.emeraldinsight.com/index.htm</ns1:a></ns1:p></ns1:div><ns1:div id="ftn42" pattern="Container"><ns1:p pattern="Block" structure="Paragraph ">Emerald:<ns1:a href="http://www.emeraldinsight.com/index.htm" pattern="Inline">http://www.emeraldinsight.com/index.htm</ns1:a></ns1:p></ns1:div><ns1:div id="ftn42" pattern="Container"><ns1:p pattern="Block" structure="Paragraph ">This method of classification was a new approach to cataloguing proposed by the indian mathematician and librarian Shiyali Ramamrita Ranganathan in 1930 [Ranganathan]. He is the father of the Colon Classification (CC) based on the concept of facets (personality, matter, energy, space and time called PMEST) as a way to analise the description of a document.</ns1:p></ns1:div><ns1:div id="ftn42" pattern="Container"><ns1:p pattern="Block" structure="Paragraph ">FaBiO:<ns1:a href="http://purl.org/spar/fabio" pattern="Inline">http://purl.org/spar/fabio</ns1:a>,<ns1:a href="http://purl.org/spar/biro" pattern="Inline">http://purl.org/spar/biro</ns1:a></ns1:p></ns1:div><ns1:div id="ftn42" pattern="Container"><ns1:p pattern="Block" structure="Paragraph ">BiRO:<ns1:a href="http://purl.org/spar/biro" pattern="Inline">http://purl.org/spar/biro</ns1:a></ns1:p></ns1:div><ns1:div id="ftn42" pattern="Container"><ns1:p pattern="Block" structure="Paragraph ">TEI:<ns1:a href="http://tei-c.org/" pattern="Inline">http://tei-c.org</ns1:a>.</ns1:p></ns1:div><ns1:div id="ftn42" pattern="Container"><ns1:p pattern="Block" structure="Paragraph ">CIDOC-CRM:<ns1:a href="http://www.cidoc-crm.org/" pattern="Inline">http://www.cidoc-crm</ns1:a><ns1:a href="http://www.cidoc-crm.org/" pattern="Inline">.org</ns1:a>.</ns1:p></ns1:div><ns1:div id="ftn42" pattern="Container"><ns1:p pattern="Block" structure="Paragraph ">See the TEI Special interest Group on ontology development:<ns1:a href="http://wiki.tei-c.org/index.php/SIG:Ontologies" pattern="Inline">http://wiki.tei-c.org/index.php/SIG:Ontologies</ns1:a>.</ns1:p></ns1:div><ns1:div id="ftn42" pattern="Container"><ns1:p pattern="Block" structure="Paragraph ">Available at<ns1:a href="http://www.essepuntato.it/2013/tal/LensedMika.html" pattern="Inline">http://www.essepuntato.it/2013/tal/LensedMika.html</ns1:a>.</ns1:p></ns1:div><ns1:div id="ftn6" pattern="Container" structure="Footnote "><ns1:p pattern="Block" structure="Paragraph "><ns1:a href="http://opencitations.wordpress.com/2012/06/16/science-joins-nature-in-opening-reference-citations" pattern="Inline">http://opencitations.wordpress.com/2012/06/16/science-joins-nature-in-opening-reference-citations</ns1:a>.</ns1:p></ns1:div><ns1:div id="ftn7" pattern="Container" structure="Footnote "><ns1:p pattern="Block" structure="Paragraph "><ns1:a href="http://opencitations.wordpress.com/2012/06/22/oxford-university-press-to-support-open-citations" pattern="Inline">http://opencitations.wordpress.com/2012/06/22/oxford-university-press-to-support-open-citations</ns1:a>.</ns1:p></ns1:div><ns1:div id="ftn8" pattern="Container" structure="Footnote "><ns1:p pattern="Block" structure="Paragraph "><ns1:a href="http://www.openarchives.org/" pattern="Inline">http://www.openarchives.org/</ns1:a></ns1:p></ns1:div><ns1:div id="ftn9" pattern="Container" structure="Footnote "><ns1:p pattern="Block" structure="Paragraph "><ns1:a href="http://www.springer.com/open+access?SGWID=0-169302-0-0-0" pattern="Inline">http://www.springer.com/open+access?SGWID=0-169302-0-0-0</ns1:a></ns1:p></ns1:div><ns1:div id="ftn10" pattern="Container" structure="Footnote "><ns1:p pattern="Block" structure="Paragraph ">(<ns1:a href="http://www.doaj.org/doaj?func=newTitles&amp;fromDate=2012-11-14+00%3A00%3A00&amp;untilDate=2012-12-14+19%3A15%3A31" pattern="Inline">http://www.doaj.org/doaj?func=newTitles&amp;fromDate=2012-11-14+00%3A00%3A00&amp;untilDate=2012-12-14+19%3A15%3A31</ns1:a>).</ns1:p></ns1:div><ns1:div id="ftn11" pattern="Container" structure="Footnote "><ns1:p pattern="Block" structure="Paragraph "><ns1:a href="http://www.sciencedirect.com/" pattern="Inline">http://www.sciencedirect.com</ns1:a>,<ns1:a href="http://www.emeraldinsight.com/" pattern="Inline">http://www.emeraldinsight.com</ns1:a></ns1:p></ns1:div><ns1:div id="ftn15" pattern="Container" structure="Footnote "><ns1:p pattern="Block" structure="Paragraph ">VIVO Ontology:<ns1:a href="http://vivoweb.org/ontology/core" pattern="Inline">http://vivoweb.org/ontology/core</ns1:a></ns1:p></ns1:div><ns1:div id="ftn16" pattern="Container" structure="Footnote "><ns1:p pattern="Block" structure="Paragraph ">DOAP:<ns1:a href="http://usefulinc.com/ns/doap" pattern="Inline">http://usefulinc.com/ns/doap</ns1:a></ns1:p></ns1:div><ns1:div id="ftn18" pattern="Container" structure="Footnote "><ns1:p pattern="Block" structure="Paragraph ">Lens Application Ontology (LAO):<ns1:a href="http://www.essepuntato.it/2011/03/lens" pattern="Inline">http://www.essepuntato.it/2011/03/lens</ns1:a>.</ns1:p></ns1:div><ns1:div id="ftn19" pattern="Container" structure="Footnote "><ns1:p pattern="Block" structure="Paragraph "><ns1:a href="http://www3.iath.virginia.edu/eac/" pattern="Inline">http://www3.iath.virginia.edu/eac/</ns1:a></ns1:p></ns1:div><ns1:div id="ftn20" pattern="Container" structure="Footnote "><ns1:p pattern="Block" structure="Paragraph "><ns1:a href="http://eac.staatsbibliothek-berlin.de/" pattern="Inline">http://eac.staatsbibliothek-berlin.de</ns1:a></ns1:p></ns1:div><ns1:div id="ftn21" pattern="Container" structure="Footnote "><ns1:p pattern="Block" structure="Paragraph ">Note that all the ontologies used or suggested in this paper to describe “lenses” statements have been chosen as an appropriate and convincing example of an ontology that fulfils the requirements for the lens, since they allow us to fully describe all the document aspects we are interested in. However, their choice is not unique, and many other ontologies may exist to fulfil the same role, so as to allow the use of other models (such as those described in<ns1:a class="ref" href="SectionRelatedWorks" pattern="Milestone"/>) instead of them.</ns1:p></ns1:div><ns1:div id="ftn22" pattern="Container" structure="Footnote "><ns1:p pattern="Block" structure="Paragraph ">FRAPO:<ns1:a href="http://purl.org/cerif/frapo" pattern="Inline">http://purl.org/cerif/frapo</ns1:a></ns1:p></ns1:div><ns1:div id="ftn0" pattern="Container" structure="Footnote "><ns1:p pattern="Block" structure="Paragraph ">This and the following RDF examples are written in Turtle (<ns1:a href="http://www.w3.org/TeamSubmission/turtle/" pattern="Inline">http://www.w3.org/TeamSubmission/turtle/</ns1:a>), with namespace definitions defined at<ns1:a href="http://www.essepuntato.it/2013/tal/prefixes" pattern="Inline">http://www.essepuntato.it/2013/tal/prefixes</ns1:a>.</ns1:p></ns1:div><ns1:div id="ftn24" pattern="Container" structure="Footnote "><ns1:p pattern="Block" structure="Paragraph ">SCoRO:<ns1:a href="http://purl.org/spar/scoro" pattern="Inline">http://purl.org/spar/scoro</ns1:a></ns1:p></ns1:div><ns1:div id="ftn25" pattern="Container" structure="Footnote "><ns1:p pattern="Block" structure="Paragraph ">PRO:<ns1:a href="http://purl.org/spar/pro" pattern="Inline">http://purl.org/spar/pro</ns1:a></ns1:p></ns1:div><ns1:div id="ftn39" pattern="Container" structure="Footnote "><ns1:p pattern="Block" structure="Paragraph "><ns1:a href="http://purl.org/spar/fabio" pattern="Inline">http://purl.org/spar/fabio</ns1:a>,<ns1:a href="http://purl.org/spar/biro" pattern="Inline">http://purl.org/spar/biro</ns1:a></ns1:p></ns1:div><ns1:div id="ftn31" pattern="Container" structure="Footnote "><ns1:p pattern="Block" structure="Paragraph ">EARMARK:<ns1:a href="http://www.essepuntato.it/2008/12/earmark" pattern="Inline">http://www.essepuntato.it/2008/12/earmark</ns1:a></ns1:p></ns1:div><ns1:div id="ftn32" pattern="Container" structure="Footnote "><ns1:p pattern="Block" structure="Paragraph ">PO:<ns1:a href="http://www.essepuntato.it/2008/12/pattern" pattern="Inline">http://www.essepuntato.it/2008/12/pattern</ns1:a></ns1:p></ns1:div><ns1:div id="ftn33" pattern="Container" structure="Footnote "><ns1:p pattern="Block" structure="Paragraph ">DoCO:<ns1:a href="http://purl.org/spar/doco" pattern="Inline">http://purl.org/spar/doco</ns1:a></ns1:p></ns1:div><ns1:div id="ftn34" pattern="Container" structure="Footnote "><ns1:p pattern="Block" structure="Paragraph ">DEO:<ns1:a href="http://purl.org/spar/deo" pattern="Inline">http://purl.org/spar/deo</ns1:a></ns1:p></ns1:div><ns1:div id="ftn35" pattern="Container" structure="Footnote "><ns1:p pattern="Block" structure="Paragraph ">CiTO:<ns1:a href="http://purl.org/spar/cito" pattern="Inline">http://purl.org/spar/cito</ns1:a></ns1:p></ns1:div><ns1:div id="ftn36" pattern="Container" structure="Footnote "><ns1:p pattern="Block" structure="Paragraph ">AMO:<ns1:a href="http://www.essepuntato.it/2011/02/argumentmodel" pattern="Inline">http://www.essepuntato.it/2011/02/argumentmodel</ns1:a></ns1:p></ns1:div><ns1:div id="ftn37" pattern="Container" structure="Footnote "><ns1:p pattern="Block" structure="Paragraph ">Toulmin proposed that arguments are composed of statements having specific argumentative roles: the<ns1:i pattern="Inline">claim</ns1:i>(a fact that must be asserted), the<ns1:i pattern="Inline">evidence</ns1:i>(a foundation for the claim), the<ns1:i pattern="Inline">warrant</ns1:i>(a statement bridging from the evidence to the claim), the<ns1:i pattern="Inline">backing</ns1:i>(credentials that certifies the warrant), the<ns1:i pattern="Inline">qualifier</ns1:i>(words or phrases expressing the degree of certainty of the claim) and the<ns1:i pattern="Inline">rebuttal</ns1:i>(restrictions that may be applied to the claim).</ns1:p></ns1:div><ns1:div id="ftn5" pattern="Container" structure="Footnote "><ns1:p pattern="Block" structure="Paragraph ">Available at<ns1:a href="http://www.essepuntato.it/2013/tal/LensedMika.html" pattern="Inline">http://www.essepuntato.it/2013/tal/LensedMika.html</ns1:a>.</ns1:p></ns1:div></ns1:div></ns1:body></ns1:iml>