<?xml version="1.0" encoding="UTF-8"?><ns1:article xmlns:ns1="http://docbook.org/ns/docbook" pattern="HeadedContainer" version="5.0-subset Balisage-1.2"><ns1:title pattern="Block" structure="Title ">Markup Discontinued</ns1:title><ns1:subtitle pattern="Block">Discontinuity in TexMecs, Goddag structures, and rabbit/duck grammars</ns1:subtitle><ns1:info pattern="Record" structure="FrontMatter "><ns1:confgroup pattern="Record"><ns1:conftitle pattern="Field">Balisage: The Markup Conference 2008</ns1:conftitle><ns1:confdates pattern="Field">August 12 - 15, 2008</ns1:confdates></ns1:confgroup><ns1:abstract pattern="Container"><ns1:para pattern="Block" structure="Paragraph ">That the textual phenomena of interest for markup are not always hierarchically arranged is well known and widely discussed. Less frequently discussed is the fact that they are also not always contiguous, so that the units of our analysis cannot always correspond to single elements in the document. Various notations for discontinuous elements exist, but the mapping from those notations to data structures has not been well analysed or understood. And as far as we know, there are no standard mechanisms for validating discontinuous elements. We propose a data structure (a modification of the Goddag structure) to better handle discontinuous elements: we relax the rule that every pair of elements where one contains the other be related by a path of parent/child links. Parent/child links are then not an automatic result of containment. We conclude with a brief sketch of the issues involved in extending current validation mechanisms to handle discontinuity.</ns1:para></ns1:abstract><ns1:author pattern="Record"><ns1:personname pattern="Record"><ns1:firstname pattern="Field">C. M.</ns1:firstname><ns1:surname pattern="Field">Sperberg-McQueen</ns1:surname></ns1:personname><ns1:personblurb pattern="Container"><ns1:para pattern="Block" structure="Paragraph ">C. M. Sperberg-McQueen is a member of the technical staff of the World Wide Web Consortium. He has served as co-editor of the XML 1.0 specification, the Guidelines of the Text Encoding Initiative, and the XML Schema Definition Language (XSDL) 1.1 specification. He holds a doctorate in comparative literature.</ns1:para></ns1:personblurb><ns1:affiliation pattern="Record"><ns1:jobtitle pattern="Field">Member of the technical staff</ns1:jobtitle><ns1:orgname pattern="Block">World Wide Web Consoritum / MIT</ns1:orgname></ns1:affiliation></ns1:author><ns1:author pattern="Record"><ns1:personname pattern="Record"><ns1:firstname pattern="Field">Claus</ns1:firstname><ns1:surname pattern="Field">Huitfeldt</ns1:surname></ns1:personname><ns1:personblurb pattern="Container"><ns1:para pattern="Block" structure="Paragraph ">Mag.art. Claus Huitfeldt (born 1957) is Associate Professor (fÃ&#131;Â¸rsteamanuensis) at the Department of Philosophy of the University of Bergen since 1994.</ns1:para><ns1:para pattern="Block" structure="Paragraph ">He was founding Director (1990-2000) of the Wittgenstein Archives at the University of Bergen, for which he developed the text encoding system MECS as well as the editorial methods for the publication of<ns1:emphasis pattern="Inline">Wittgenstein's Nachlass Ã¢â&#130;¬â&#128;&#157; The Bergen Electronic Edition</ns1:emphasis>(Oxford University Press, 2000).</ns1:para><ns1:para pattern="Block" structure="Paragraph ">He was Research Director (2000-2002) of Aksis (Section for Culture, Language and Information Technology at the Bergen University Research Foundation). In 2003 he returned to his position at the Department of Philosophy, where he teaches modern philosophy and philosophy of language, and also gives frequent courses in text technology at the The Department of Humanistic Informatics.</ns1:para><ns1:para pattern="Block" structure="Paragraph ">He was active in the Text Encoding Initiative (TEI) since 1991, and was centrally involved in the foundation of the TEI Consortium in 2001. The consortium now counts more than 90 member institutions.</ns1:para><ns1:para pattern="Block" structure="Paragraph ">Huitfeldt's research interests are within philosophy of language, philosophy of technology, text theory, editorial philology and markup theory. He is currently leader of the project Markup Languages for Complex Documents (MLCD).</ns1:para></ns1:personblurb><ns1:affiliation pattern="Record"><ns1:jobtitle pattern="Field">Associate Professor (fÃ&#131;Â¸rsteamanuensis)</ns1:jobtitle><ns1:orgname pattern="Block">Department of Philophy, University of Bergen</ns1:orgname></ns1:affiliation></ns1:author><ns1:legalnotice pattern="Container"><ns1:para pattern="Block" structure="Paragraph ">Copyright Ã&#130;Â© 2008 by the authors. Used with permission.</ns1:para></ns1:legalnotice></ns1:info><ns1:para pattern="Block" structure="Paragraph ">This paper describes work in progress on the problem of discontinuous structures undertaken in the context of the project Markup Languages for Complex Documents (MLCD) at the University of Bergen. The first section describes the problem in simple terms. Subsequent sections describe the problem as it relates to other work of the MLCD project: the TexMecs notation for marked up documents in serial form, to the Goddag data structure, and to validation with rabbit/duck grammars.</ns1:para><ns1:para pattern="Block" structure="Paragraph ">We consider the problem of discontinuity in the light of a recent proposal to treat<ns1:emphasis pattern="Inline">containment</ns1:emphasis>and<ns1:emphasis pattern="Inline">dominance</ns1:emphasis>as distinct relations. We suggest that this proposal allows a solution (or dissolution) of the problem, at least for Goddag structures. In the context of validation, a number of problems remain for future work.</ns1:para><ns1:section xmlns:ns3="http://www.w3.org/XML/1998/namespace" xml:id="intro" pattern="HeadedContainer" structure="Section "><ns1:title pattern="Block" structure="SectionTitle ">The problem of discontinuity</ns1:title><ns1:para pattern="Block" structure="Paragraph ">Consider the following familiar passage from Lewis Carroll's<ns1:emphasis pattern="Inline">Alice in Wonderland</ns1:emphasis>:<ns1:blockquote pattern="Container"><ns1:para pattern="Block" structure="Paragraph ">Alice was beginning to get very tired of sitting by her sister on the bank, and of having nothing to do: once or twice she had peeped into the book her sister was reading, but it had no pictures or conversations in it,<ns1:quote pattern="Inline">and what is the use of a book,</ns1:quote>thought Alice<ns1:quote pattern="Inline">without pictures or conversation?</ns1:quote></ns1:para></ns1:blockquote></ns1:para><ns1:para pattern="Block" structure="Paragraph ">In its most general form, the problem of discontinuity is the question<ns1:quote pattern="Inline">How can we represent this passage, and others like it, in a satisfactory way?</ns1:quote>This general problem takes more specific forms in the context of specific notations, data structures, and validation tools.</ns1:para><ns1:para pattern="Block" structure="Paragraph ">We might mark this up using<ns1:emphasis pattern="Inline">p</ns1:emphasis>(<ns1:quote pattern="Inline">paragraph</ns1:quote>) and<ns1:emphasis pattern="Inline">q</ns1:emphasis>(<ns1:quote pattern="Inline">quotation</ns1:quote>, for reported discourse) elements in a straightforward way:<ns1:programlisting xml:space="preserve" pattern="Block">&lt;p&gt; Alice was beginning to get very tired of sitting by her sister on the bank, and of having nothing to do: once or twice she had peeped into the book her sister was reading, but it had no pictures or conversations in it, &lt;q&gt;and what is the use of a book,&lt;/q&gt; thought Alice &lt;q&gt;without pictures or conversation?&lt;/q&gt; &lt;/p&gt;</ns1:programlisting></ns1:para><ns1:para pattern="Block" structure="Paragraph ">This encoding satisfactorily distinguishes the narrative voice from that of the characters (although it does not capture the fact that the<ns1:emphasis pattern="Inline">q</ns1:emphasis>elements are to be read as uttered by Alice), and it allows a formatting application to supply quotation marks in the right places.</ns1:para><ns1:para pattern="Block" structure="Paragraph ">It does not, however, capture the intuitive sense the reader may have that the reported thoughts of Alice form a single continuous unitary utterance, nor the interplay and alternation between the two voices. It would be desirable if the markup sufficed to allow some of the more obviously relevant inferences to be drawn, without losing any of the information provided in the original simple markup:<ns1:itemizedlist pattern="Table" structure="List "><ns1:listitem pattern="Container"><ns1:para pattern="Block" structure="Paragraph ">This paragraph contains one (<ns1:emphasis pattern="Inline">one</ns1:emphasis>!) quotation from Alice.</ns1:para></ns1:listitem><ns1:listitem pattern="Container"><ns1:para pattern="Block" structure="Paragraph ">The sentence<ns1:quote pattern="Inline">What is the use of a book, without pictures or conversation?</ns1:quote>occurs in the text (and should in principle be retrievable by a phrase search looking for<ns1:emphasis pattern="Inline">book</ns1:emphasis>adjacent to<ns1:emphasis pattern="Inline">without</ns1:emphasis>).<ns1:footnote pattern="Popup" structure="Footnote "><ns1:para pattern="Block" structure="Paragraph ">An anonymous reviewer points out that the XQuery and XPath Full Text specification [<ns1:xref component="Reference " linkend="add-ft" pattern="Milestone" referenceTo="BibliographicReference "/>] provides at least a partial solution to this problem. That is, it provides the concept of a full-text window which one could use to express the adjacency of<ns1:emphasis pattern="Inline">book</ns1:emphasis>and<ns1:emphasis pattern="Inline">without</ns1:emphasis>. It does not, as far as we can tell, define a way to specify that<ns1:emphasis pattern="Inline">book</ns1:emphasis>should for some purposes be treated as adjacent to<ns1:emphasis pattern="Inline">thought</ns1:emphasis>, and for other purposes as adjacent to<ns1:emphasis pattern="Inline">without</ns1:emphasis>. It is of course not alone in this lack. (The TauRo system now being developed at the Scuola Normale Superiore in Pisa is unusual, in our experience, in providing for declarations which specify that particular element types (<ns1:quote pattern="Inline">jump tags</ns1:quote>) create a context switch for purposes of full-text retrieval and proximity measures. See<ns1:link xmlns:ns2="http://www.w3.org/1999/xlink" ns2:actuate="onRequest" ns2:href="http://tauro.signum.sns.it/index.php" ns2:show="new" ns2:type="simple" pattern="Inline">http://tauro.signum.sns.it/index.php</ns1:link>.)</ns1:para></ns1:footnote></ns1:para></ns1:listitem><ns1:listitem pattern="Container"><ns1:para pattern="Block" structure="Paragraph ">That one quotation from Alice is interrupted by the narrator's attribution of the thought to Alice.</ns1:para></ns1:listitem></ns1:itemizedlist></ns1:para><ns1:para pattern="Block" structure="Paragraph ">The problem encountered here is not new; it has been recognized for some years. We digress briefly here to review some earlier approaches to the problem, since they help illuminate the issues.</ns1:para><ns1:para pattern="Block" structure="Paragraph ">The 1990 version of the TEI Guidelines [<ns1:xref component="Reference " linkend="teip1" pattern="Milestone" referenceTo="BibliographicReference "/>] proposes specialized markup for discontinuities in the reporting of direct discourse.<ns1:quote pattern="Inline">Interruptions of the quotation by a narrator may be tagged with the tag<ns1:code pattern="Atom">&lt;in.quot&gt;</ns1:code>.</ns1:quote>Using this element, the example would read:<ns1:programlisting xml:space="preserve" pattern="Block">&lt;p&gt; Alice was beginning to get very tired ... but it had no pictures or conversations in it, &lt;q&gt;and what is the use of a book,&lt;in.quot&gt; thought Alice &lt;/in.quot&gt;without pictures or conversation?&lt;/q&gt; &lt;/p&gt;</ns1:programlisting>The<ns1:emphasis pattern="Inline">in.quot</ns1:emphasis>element did not survive the revision of the<ns1:emphasis pattern="Inline">Guidelines</ns1:emphasis>. Some readers may find it awkward (although this can be debated back and forth) because they perceive the attribution<ns1:quote pattern="Inline">thought Alice</ns1:quote>as an interruption or suspension of the quotation, and not as something embedded within (and thus in some sense forming part of) the quotation. The fact that a formatting application will emit a<ns1:emphasis pattern="Inline">closing</ns1:emphasis>quotation mark for the<ns1:emphasis pattern="Inline">start</ns1:emphasis>-tag of<ns1:emphasis pattern="Inline">in.quot</ns1:emphasis>, and an<ns1:emphasis pattern="Inline">opening</ns1:emphasis>quotation mark for its<ns1:emphasis pattern="Inline">end-</ns1:emphasis>tag, may contribute to a feeling of unease. And<ns1:emphasis pattern="Inline">in.quot</ns1:emphasis>does not in any case handle all forms of discontinuity.<ns1:footnote pattern="Popup" structure="Footnote "><ns1:para pattern="Block" structure="Paragraph ">In verse drama, for example, speaker attributions interrupt the verse structure and are not generally regarded as embedded in the verse; in the latter way, they differ from stage directions.</ns1:para></ns1:footnote></ns1:para><ns1:para pattern="Block" structure="Paragraph ">Later versions of the TEI<ns1:emphasis pattern="Inline">Guidelines</ns1:emphasis>[<ns1:xref component="Reference " linkend="teip3" pattern="Milestone" referenceTo="BibliographicReference "/>] define more powerful methods of encoding discontinuity. For certain elements (specifically, verse lines and text divisions), a<ns1:emphasis pattern="Inline">part</ns1:emphasis>attribute is defined, which takes the values<ns1:code pattern="Atom">I</ns1:code>(<ns1:quote pattern="Inline">initial</ns1:quote>),<ns1:code pattern="Atom">M</ns1:code>(<ns1:quote pattern="Inline">medial</ns1:quote>), and<ns1:code pattern="Atom">F</ns1:code>(<ns1:quote pattern="Inline">final</ns1:quote>) (as well as<ns1:code pattern="Atom">Y</ns1:code>and<ns1:code pattern="Atom">N</ns1:code>for less informative encodings). The unity of a discontinuous element can be reconstructed by taking the fragment with<ns1:code pattern="Atom">part="I"</ns1:code>, followed by the zero or more fragments with<ns1:code pattern="Atom">part="M"</ns1:code>, and concluding with<ns1:code pattern="Atom">part="F"</ns1:code>. A second mechanism uses<ns1:emphasis pattern="Inline">next</ns1:emphasis>and<ns1:emphasis pattern="Inline">prev</ns1:emphasis>attributes of type<ns1:code pattern="Atom">IDREF</ns1:code>to allow each fragment of a whole to point at the next such fragment. The<ns1:emphasis pattern="Inline">next</ns1:emphasis>/<ns1:emphasis pattern="Inline">prev</ns1:emphasis>mechanism is more general than the<ns1:emphasis pattern="Inline">part</ns1:emphasis>attribute because it does not require the fragments of a discontinuous whole to appear in order in the larger document. The<ns1:emphasis pattern="Inline">next</ns1:emphasis>and<ns1:emphasis pattern="Inline">prev</ns1:emphasis>attributes are defined for every element type, if the additional tag set for linking is selected. Using<ns1:emphasis pattern="Inline">next</ns1:emphasis>and<ns1:emphasis pattern="Inline">prev</ns1:emphasis>, our example might look like this:<ns1:programlisting xml:space="preserve" pattern="Block">&lt;p&gt; Alice was beginning to get very tired ... but it had no pictures or conversations in it, &lt;q id="q1" next="q2"&gt;and what is the use of a book,&lt;/q&gt; thought Alice &lt;q id="q2" prev="q1"&gt;without pictures or conversation?&lt;/q&gt; &lt;/p&gt;</ns1:programlisting>A third mechanism, less convenient but more powerful, is the TEI's<ns1:emphasis pattern="Inline">join</ns1:emphasis>element, which creates a virtual element by joining fragments together.<ns1:footnote pattern="Popup" structure="Footnote "><ns1:para pattern="Block" structure="Paragraph ">We describe<ns1:emphasis pattern="Inline">join</ns1:emphasis>as more powerful because unlike the<ns1:emphasis pattern="Inline">next</ns1:emphasis>/<ns1:emphasis pattern="Inline">prev</ns1:emphasis>mechanism it is not limited to gluing together fragments which are tagged as elements with the same generic identifier. It also has the ability to specify that the target elements should be treated as children, or that the target elements should be disregarded and their children treated as children of the virtual element, which is lacking in the other mechanisms described here (including TexMecs).</ns1:para></ns1:footnote>Assuming the same IDs as just shown, the unitary nature of Alice's utterance might be encoded thus:<ns1:programlisting xml:space="preserve" pattern="Block">&lt;join result="q" targets="q1 q2" scope="branches"/&gt;</ns1:programlisting></ns1:para></ns1:section><ns1:section xmlns:ns3="http://www.w3.org/XML/1998/namespace" xml:id="texmecs" pattern="HeadedContainer" structure="Section "><ns1:title pattern="Block" structure="SectionTitle ">TexMecs notation</ns1:title><ns1:para pattern="Block" structure="Paragraph ">Mechanisms like those defined by the TEI are not, of course, understood or supported by generic XML tools; they require vocabulary-specific support by a different layer of code. One goal of the TexMecs notation first specified in 2001 and revised in 2003 [<ns1:xref component="Reference " linkend="ref-texmecs" pattern="Milestone" referenceTo="BibliographicReference "/>] is to move such information about virtual elements and element discontinuity out of the application level and into the level of basic syntax. TexMecs includes a generic notation for discontinuous elements: in addition to start- and end-tags of the form<ns1:code pattern="Atom">&lt;e|</ns1:code>and<ns1:code pattern="Atom">|e&gt;</ns1:code>, TexMecs defines<ns1:quote pattern="Inline">suspend-</ns1:quote>(<ns1:code pattern="Atom">|-e&gt;</ns1:code>) and<ns1:quote pattern="Inline">resume-</ns1:quote>(<ns1:code pattern="Atom">&lt;+e|</ns1:code>) tags, which can be used to signal discontinuity in the element.</ns1:para><ns1:para pattern="Block" structure="Paragraph ">Using this TexMecs notation, the passage from Alice in Wonderland can be encoded thus:<ns1:programlisting xml:space="preserve" pattern="Block">&lt;p|Alice was beginning to get very tired of sitting by her sister on the bank, and of having nothing to do: once or twice she had peeped into the book her sister was reading, but it had no pictures or conversations in it, &lt;q|and what is the use of a book,|-q&gt; thought Alice &lt;+q|without pictures or conversation?|q&gt; |p&gt;</ns1:programlisting></ns1:para><ns1:para pattern="Block" structure="Paragraph ">This has the modest advantage over the<ns1:emphasis pattern="Inline">next</ns1:emphasis>/<ns1:emphasis pattern="Inline">prev</ns1:emphasis>mechanism of TEI P3 that it does not require that we generate unique identifiers for the fragments; it's also a bit more compact than the attribute-based notations. It shares with the other mechanisms mentioned the property of assuming some more abstract layer in which elements fragmented in the concrete syntax are treated as units, and of leaving the details of that more abstract layer to be specified elsewhere, while it focuses solely on the serialization layer.</ns1:para><ns1:para pattern="Block" structure="Paragraph ">In the MLCD project, efforts to define that more abstract layer have focused on the definition of generalized ordered-descendant directed acyclic graphs (Goddags).</ns1:para></ns1:section><ns1:section xmlns:ns3="http://www.w3.org/XML/1998/namespace" xml:id="goddag" pattern="HeadedContainer" structure="Section "><ns1:title pattern="Block" structure="SectionTitle ">Goddag structures</ns1:title><ns1:para pattern="Block" structure="Paragraph ">The Goddag structure is a directed acyclic graph structure developed by the MLCD project for the convenient representation of overlapping document structures [<ns1:xref component="Reference " linkend="ref-goddag" pattern="Milestone" referenceTo="BibliographicReference "/>].</ns1:para><ns1:para pattern="Block" structure="Paragraph ">Although in principle the goal of the MLCD project is to ensure that every TexMecs document be representable using a Goddag structure, and that every Goddag structure be serializable as a TexMecs document, nevertheless work to date on Goddag structures has not addressed the topic of discontinuous elements directly. The definition of Goddag structures antedated the specification of the TexMecs notation, and when the notation for discontinuous elements was added to TexMecs, we did not initially notice that it caused a problem for the existing rules for mapping documents into Goddag structures.</ns1:para><ns1:para pattern="Block" structure="Paragraph ">Our colleague Paul Meurer called our attention to the problem, when he discovered that his program for drawing diagrams of Goddag structures from TexMecs data [<ns1:xref component="Reference " linkend="ref-meurer" pattern="Milestone" referenceTo="BibliographicReference "/>] was producing output structurally different from the input whenever it was asked to re-serialize TexMecs examples with discontinuous elements. His program maps the example into the Goddag structure shown in<ns1:xref component="Reference " linkend="alice.3" pattern="Milestone" referenceTo="FigureBox "/>.<ns1:figure xml:id="alice.3" pattern="Container" structure="FigureBox "><ns1:title pattern="Block">A Goddag for the Alice example</ns1:title><ns1:mediaobject pattern="Container"><ns1:imageobject pattern="Container"><ns1:imagedata fileref="../../../vol1/graphics/Sperberg-McQueen01/Sperberg-McQueen01-001.png" format="png" pattern="Meta" structure="Figure " width="100%"/></ns1:imageobject></ns1:mediaobject></ns1:figure>The crossing lines here signal a conceptual difficulty; from a graph-theoretic point of view, and thus from the point of view of the definition of Goddag structures,<ns1:xref component="Reference " linkend="alice.3" pattern="Milestone" referenceTo="FigureBox "/>is just another way of drawing the graph in<ns1:xref component="Reference " linkend="alice.4" pattern="Milestone" referenceTo="FigureBox "/>.<ns1:figure xml:id="alice.4" pattern="Container" structure="FigureBox "><ns1:title pattern="Block">A Goddag for the Alice example, without crossing lines</ns1:title><ns1:mediaobject pattern="Container"><ns1:imageobject pattern="Container"><ns1:imagedata fileref="../../../vol1/graphics/Sperberg-McQueen01/Sperberg-McQueen01-002.png" format="png" pattern="Meta" structure="Figure " width="100%"/></ns1:imageobject></ns1:mediaobject></ns1:figure></ns1:para><ns1:para pattern="Block" structure="Paragraph ">That is, the<ns1:emphasis pattern="Inline">p</ns1:emphasis>has three children, in the following order: a text node (<ns1:quote pattern="Inline">Alice was beginning ... of a book</ns1:quote>), a<ns1:emphasis pattern="Inline">q</ns1:emphasis>element, and a text node (<ns1:quote pattern="Inline">thought Alice</ns1:quote>); the<ns1:emphasis pattern="Inline">q</ns1:emphasis>element has two text-node children (<ns1:quote pattern="Inline">and what ...</ns1:quote>and<ns1:quote pattern="Inline">without ...</ns1:quote>). This is equivalent, in turn, to the TexMecs document<ns1:programlisting xml:space="preserve" pattern="Block">&lt;p|Alice was beginning to get very tired ... it had no pictures or conversations in it, &lt;q|and what is the use of a book,|-q&gt; &lt;+q|without pictures or conversation?|q&gt; thought Alice |p&gt;</ns1:programlisting>And indeed a straightforward serialization of the Goddag structure into TexMecs notation is likely to produce this form of the document, or something similar.</ns1:para><ns1:para pattern="Block" structure="Paragraph ">These observations may be interpreted as indicating a problem in the serialization of Goddag structures, and we and our colleagues in the MLCD project have spent some time attempting to understand and solve the problem in those terms, without achieving results that we have found wholly satisfactory. This paper proposes that in fact the problem indicated by this example lies not in the serialization of Goddag structures, but in the mapping from TexMecs into Goddag structures and in the definition of Goddag structures.</ns1:para><ns1:para pattern="Block" structure="Paragraph ">We can formulate the problem as we now understand it in slightly more abstract terms.</ns1:para><ns1:para pattern="Block" structure="Paragraph ">A discontinuous element in TexMecs has a start-tag, an end-tag, one or more suspend-tag / resume-tag pairs. Any discontinuous element<ns1:emphasis pattern="Inline">E</ns1:emphasis>with<ns1:emphasis pattern="Inline">P</ns1:emphasis>suspend/resume pairs divides the material appearing between the start-tag and end-tag of<ns1:emphasis pattern="Inline">E</ns1:emphasis>into 2Ã&#131;â&#128;&#148;<ns1:emphasis pattern="Inline">P</ns1:emphasis>+1 sequences:<ns1:itemizedlist pattern="Table" structure="List "><ns1:listitem pattern="Container"><ns1:para pattern="Block" structure="Paragraph "><ns1:emphasis pattern="Inline">s</ns1:emphasis>[1] is the sequence between the start-tag and the first suspend-tag,</ns1:para></ns1:listitem><ns1:listitem pattern="Container"><ns1:para pattern="Block" structure="Paragraph "><ns1:emphasis pattern="Inline">s</ns1:emphasis>[2] between the first suspend-tag and the first resume-tag,</ns1:para></ns1:listitem><ns1:listitem pattern="Container"><ns1:para pattern="Block" structure="Paragraph "><ns1:emphasis pattern="Inline">s</ns1:emphasis>[3] between the first resume- and the second suspend-tag</ns1:para></ns1:listitem><ns1:listitem pattern="Container"><ns1:para pattern="Block" structure="Paragraph ">...</ns1:para></ns1:listitem><ns1:listitem pattern="Container"><ns1:para pattern="Block" structure="Paragraph "><ns1:emphasis pattern="Inline">s</ns1:emphasis>[2Ã&#131;â&#128;&#148;<ns1:emphasis pattern="Inline">N</ns1:emphasis>] is the sequence between the<ns1:emphasis pattern="Inline">N</ns1:emphasis>th suspend-tag and the<ns1:emphasis pattern="Inline">N</ns1:emphasis>th resume-tag (for 1 Ã¢â&#128;°Â¤<ns1:emphasis pattern="Inline">N</ns1:emphasis>&lt;<ns1:emphasis pattern="Inline">P</ns1:emphasis>)</ns1:para></ns1:listitem><ns1:listitem pattern="Container"><ns1:para pattern="Block" structure="Paragraph "><ns1:emphasis pattern="Inline">s</ns1:emphasis>[2Ã&#131;â&#128;&#148;<ns1:emphasis pattern="Inline">N</ns1:emphasis>+1] the sequence between the<ns1:emphasis pattern="Inline">N</ns1:emphasis>th resume-tag and the<ns1:emphasis pattern="Inline">N</ns1:emphasis>+1th suspend-tag (for 1 Ã¢â&#128;°Â¤<ns1:emphasis pattern="Inline">N</ns1:emphasis>&lt;<ns1:emphasis pattern="Inline">P</ns1:emphasis>)</ns1:para></ns1:listitem><ns1:listitem pattern="Container"><ns1:para pattern="Block" structure="Paragraph ">...</ns1:para></ns1:listitem><ns1:listitem pattern="Container"><ns1:para pattern="Block" structure="Paragraph "><ns1:emphasis pattern="Inline">s</ns1:emphasis>[2Ã&#131;â&#128;&#148;<ns1:emphasis pattern="Inline">P</ns1:emphasis>+1] is the sequence between the last resume-tag and the end-tag</ns1:para></ns1:listitem></ns1:itemizedlist>For any<ns1:emphasis pattern="Inline">i</ns1:emphasis>, if<ns1:emphasis pattern="Inline">i</ns1:emphasis>is odd,<ns1:emphasis pattern="Inline">s</ns1:emphasis>[<ns1:emphasis pattern="Inline">i</ns1:emphasis>] is contained within<ns1:emphasis pattern="Inline">E</ns1:emphasis>, and if<ns1:emphasis pattern="Inline">i</ns1:emphasis>is even, then<ns1:emphasis pattern="Inline">s</ns1:emphasis>[<ns1:emphasis pattern="Inline">i</ns1:emphasis>] is not contained within<ns1:emphasis pattern="Inline">E</ns1:emphasis>.</ns1:para><ns1:para pattern="Block" structure="Paragraph ">Without loss of generality, let us consider the TexMecs document<ns1:emphasis pattern="Inline">D</ns1:emphasis><ns1:programlisting xml:space="preserve" pattern="Block">&lt;A|&lt;B|x|-B&gt;y&lt;+B|z|B&gt;|A&gt;</ns1:programlisting>where sequence<ns1:emphasis pattern="Inline">s</ns1:emphasis>[1] contains just the character<ns1:quote pattern="Inline">x</ns1:quote>,<ns1:emphasis pattern="Inline">s</ns1:emphasis>[2] contains<ns1:quote pattern="Inline">y</ns1:quote>, and<ns1:emphasis pattern="Inline">s</ns1:emphasis>[3] contains<ns1:quote pattern="Inline">z</ns1:quote>. Let us refer to<ns1:emphasis pattern="Inline">s</ns1:emphasis>[1],<ns1:emphasis pattern="Inline">s</ns1:emphasis>[2], and<ns1:emphasis pattern="Inline">s</ns1:emphasis>[3] as<ns1:emphasis pattern="Inline">x</ns1:emphasis>,<ns1:emphasis pattern="Inline">y</ns1:emphasis>, and<ns1:emphasis pattern="Inline">z</ns1:emphasis>.</ns1:para><ns1:para pattern="Block" structure="Paragraph ">TexMecs discontinuity is meaningful just on the assumption that there is some significance both to the sequence<ns1:emphasis pattern="Inline">x</ns1:emphasis><ns1:emphasis pattern="Inline">z</ns1:emphasis>and to the sequence<ns1:emphasis pattern="Inline">x</ns1:emphasis><ns1:emphasis pattern="Inline">y</ns1:emphasis><ns1:emphasis pattern="Inline">z</ns1:emphasis>. Otherwise, there is no need to make<ns1:emphasis pattern="Inline">B</ns1:emphasis>be discontinuous; the material interrupting it (i.e.,<ns1:emphasis pattern="Inline">y</ns1:emphasis>) can be moved to one side or the other of<ns1:emphasis pattern="Inline">B</ns1:emphasis>.</ns1:para><ns1:para pattern="Block" structure="Paragraph ">The sequence<ns1:emphasis pattern="Inline">x</ns1:emphasis><ns1:emphasis pattern="Inline">y</ns1:emphasis><ns1:emphasis pattern="Inline">z</ns1:emphasis>can be preserved without difficulty in the data structure if the<ns1:emphasis pattern="Inline">A</ns1:emphasis>node has three children, in order, which are or contain<ns1:emphasis pattern="Inline">x</ns1:emphasis>,<ns1:emphasis pattern="Inline">y</ns1:emphasis>, and<ns1:emphasis pattern="Inline">z</ns1:emphasis>respectively. Similarly, the unity of<ns1:emphasis pattern="Inline">B</ns1:emphasis>can be indicated, and its contents correctly represented, if the<ns1:emphasis pattern="Inline">B</ns1:emphasis>node has the two children<ns1:emphasis pattern="Inline">x</ns1:emphasis>and<ns1:emphasis pattern="Inline">z</ns1:emphasis>, in that order. And the fact that<ns1:emphasis pattern="Inline">B</ns1:emphasis>is wholly contained within<ns1:emphasis pattern="Inline">A</ns1:emphasis>can be captured by having the<ns1:emphasis pattern="Inline">A</ns1:emphasis>node dominate the<ns1:emphasis pattern="Inline">B</ns1:emphasis>node.</ns1:para><ns1:para pattern="Block" structure="Paragraph ">It appears difficult to reconcile these different demands. The original description of Goddag structures [<ns1:xref component="Reference " linkend="ref-goddag" pattern="Milestone" referenceTo="BibliographicReference "/>, p. 151] specifies a rule we will call here<ns1:emphasis pattern="Inline">R1</ns1:emphasis>:<ns1:variablelist pattern="Table" structure="List "><ns1:varlistentry pattern="Record"><ns1:term pattern="Block">R1</ns1:term><ns1:listitem pattern="Container"><ns1:para pattern="Block" structure="Paragraph ">One node dominates a second if and only if the second node is completely contained within the first.</ns1:para></ns1:listitem></ns1:varlistentry></ns1:variablelist>Since<ns1:emphasis pattern="Inline">A</ns1:emphasis>contains<ns1:emphasis pattern="Inline">B</ns1:emphasis>, rule<ns1:emphasis pattern="Inline">R1</ns1:emphasis>requires that<ns1:emphasis pattern="Inline">A</ns1:emphasis>dominate<ns1:emphasis pattern="Inline">B</ns1:emphasis>. A second rule,<ns1:emphasis pattern="Inline">R2</ns1:emphasis>, stipulates that:<ns1:variablelist pattern="Table" structure="List "><ns1:varlistentry pattern="Record"><ns1:term pattern="Block">R2</ns1:term><ns1:listitem pattern="Container"><ns1:para pattern="Block" structure="Paragraph ">No node dominates another node both directly and indirectly.</ns1:para></ns1:listitem></ns1:varlistentry></ns1:variablelist>Since<ns1:emphasis pattern="Inline">A</ns1:emphasis>dominates<ns1:emphasis pattern="Inline">B</ns1:emphasis>and<ns1:emphasis pattern="Inline">B</ns1:emphasis>dominates<ns1:emphasis pattern="Inline">x</ns1:emphasis>and<ns1:emphasis pattern="Inline">z</ns1:emphasis>,<ns1:emphasis pattern="Inline">A</ns1:emphasis>dominates<ns1:emphasis pattern="Inline">x</ns1:emphasis>and<ns1:emphasis pattern="Inline">z</ns1:emphasis>indirectly and is forbidden by rule<ns1:emphasis pattern="Inline">R2</ns1:emphasis>to dominate them directly as well.</ns1:para></ns1:section><ns1:section xmlns:ns3="http://www.w3.org/XML/1998/namespace" xml:id="c.d" pattern="HeadedContainer" structure="Section "><ns1:title pattern="Block" structure="SectionTitle ">Containment and dominance</ns1:title><ns1:para pattern="Block" structure="Paragraph ">In recent work reported elsewhere [<ns1:xref component="Reference " linkend="ref-cd" pattern="Milestone" referenceTo="BibliographicReference "/>], we have for other reasons begun to contemplate distinguishing more sharply than heretofore between<ns1:emphasis pattern="Inline">dominance</ns1:emphasis>(regarded as the transitive closure of the parent/child relation). and<ns1:emphasis pattern="Inline">containment</ns1:emphasis>(regarded as superset/subset relation on the leaf nodes reachable from a node by following parent-child arcs).</ns1:para><ns1:para pattern="Block" structure="Paragraph ">In previous work, containment and dominance have been regarded as near synonyms, connected by the principles<ns1:emphasis pattern="Inline">R3</ns1:emphasis>and<ns1:emphasis pattern="Inline">R4</ns1:emphasis>, which are a fuller and more precise statement of the same general idea as<ns1:emphasis pattern="Inline">R1</ns1:emphasis>:<ns1:variablelist pattern="Table" structure="Table "><ns1:varlistentry pattern="Record"><ns1:term pattern="Block">R3</ns1:term><ns1:listitem pattern="Container"><ns1:para pattern="Block" structure="Paragraph ">If two nodes<ns1:emphasis pattern="Inline">A</ns1:emphasis>and<ns1:emphasis pattern="Inline">B</ns1:emphasis>each contain the other (i.e. they dominate the same set of leaves), then either<ns1:emphasis pattern="Inline">A</ns1:emphasis>dominates<ns1:emphasis pattern="Inline">B</ns1:emphasis>or<ns1:emphasis pattern="Inline">B</ns1:emphasis>dominates<ns1:emphasis pattern="Inline">A</ns1:emphasis>.</ns1:para></ns1:listitem></ns1:varlistentry><ns1:varlistentry pattern="Record"><ns1:term pattern="Block">R4</ns1:term><ns1:listitem pattern="Container"><ns1:para pattern="Block" structure="Paragraph ">Given two nodes<ns1:emphasis pattern="Inline">A</ns1:emphasis>and<ns1:emphasis pattern="Inline">B</ns1:emphasis>which do not dominate the same set of leaves,<ns1:emphasis pattern="Inline">A</ns1:emphasis>dominates<ns1:emphasis pattern="Inline">B</ns1:emphasis>if and only if<ns1:emphasis pattern="Inline">A</ns1:emphasis>contains<ns1:emphasis pattern="Inline">B</ns1:emphasis>.</ns1:para></ns1:listitem></ns1:varlistentry></ns1:variablelist></ns1:para><ns1:para pattern="Block" structure="Paragraph ">The rationale for distinguishing more broadly between containment and dominance can be summarized here briefly. When a document contains several hierarchical structures, a purely containment-based method of deriving the Goddag structure leads to a confusing mixture of hierarchies: sometimes (for example) pages contain paragraphs, sometimes paragraphs contain pages, and sometimes pages and paragraphs simply share children without either containing the other. Similar things can be said about verse lines and speeches, in verse drama. This leads to a confusing account of the structure of the larger units of the document. It is convenient to be able to view a chapter either as a sequence of paragraphs (oversimplifying slightly for brevity) or a sequence of pages; it is somewhat less convenient to have to view it as containing a sequence of children some of whom are pages, others paragraphs. Such a mixed view offers little help in describing or understanding the nature of chapters, and still less in validating them against a document grammar.</ns1:para><ns1:para pattern="Block" structure="Paragraph ">We propose, then, to relax rules<ns1:emphasis pattern="Inline">R3</ns1:emphasis>and<ns1:emphasis pattern="Inline">R4</ns1:emphasis>. We propose to replace them by stipulating that dominance (parent-child) relations in a Goddag structure entail containment, but not vice versa. In other words:<ns1:variablelist pattern="Table" structure="List "><ns1:varlistentry pattern="Record"><ns1:term pattern="Block">R5</ns1:term><ns1:listitem pattern="Container"><ns1:para pattern="Block" structure="Paragraph ">Given two nodes<ns1:emphasis pattern="Inline">A</ns1:emphasis>and<ns1:emphasis pattern="Inline">B</ns1:emphasis>, if<ns1:emphasis pattern="Inline">A</ns1:emphasis>dominates<ns1:emphasis pattern="Inline">B</ns1:emphasis>, then<ns1:emphasis pattern="Inline">A</ns1:emphasis>contains<ns1:emphasis pattern="Inline">B</ns1:emphasis>.</ns1:para></ns1:listitem></ns1:varlistentry></ns1:variablelist>But the converse implication, from containment to dominance, does not apply. Dominance relations are based upon some other criteria, which require elaboration in future work. At the moment, our best suggestion for such criteria are grammatical: node<ns1:emphasis pattern="Inline">A</ns1:emphasis>dominates node<ns1:emphasis pattern="Inline">B</ns1:emphasis>only if both are first-class elements in some rabbit/duck grammar, and there is some rule in the grammar with<ns1:emphasis pattern="Inline">A</ns1:emphasis>on the left-hand side and<ns1:emphasis pattern="Inline">B</ns1:emphasis>(posssibly among other things) on the right-hand side. (And, of course,<ns1:emphasis pattern="Inline">A</ns1:emphasis>must contain<ns1:emphasis pattern="Inline">B</ns1:emphasis>.) In the usual case there will be several different grammars. Each node may, by virtue of being first-class in more than one of them, have several different sequences of children, one for each grammar; these sequences of children need to be distinguished somehow. We speculate that some Goddag-based structure analogous to the multi-colored trees of [<ns1:xref component="Reference " linkend="jagadish.etal.2004" pattern="Milestone" referenceTo="BibliographicReference "/>] may be a useful solution, but we do not have concrete results yet.</ns1:para><ns1:para pattern="Block" structure="Paragraph ">If we replace<ns1:emphasis pattern="Inline">R3</ns1:emphasis>and<ns1:emphasis pattern="Inline">R4</ns1:emphasis>with<ns1:emphasis pattern="Inline">R5</ns1:emphasis>, then there are two Goddag structures that could be used to describe the Alice example. In the first, we adopt the rule that neither a discontinuous element (here the<ns1:emphasis pattern="Inline">q</ns1:emphasis>) nor any of its fragments is ever a child of any element which directly dominates any material between any of its suspend- / resume-tag pairs (here, the<ns1:emphasis pattern="Inline">p</ns1:emphasis>). The result is shown in<ns1:xref component="Reference " linkend="alice.5" pattern="Milestone" referenceTo="FigureBox "/><ns1:figure xml:id="alice.5" pattern="Container" structure="FigureBox "><ns1:title pattern="Block">A Goddag in which P does not dominate Q</ns1:title><ns1:mediaobject pattern="Container"><ns1:imageobject pattern="Container"><ns1:imagedata fileref="../../../vol1/graphics/Sperberg-McQueen01/Sperberg-McQueen01-003.png" format="png" pattern="Meta" structure="Figure " width="100%"/></ns1:imageobject></ns1:mediaobject></ns1:figure></ns1:para><ns1:para pattern="Block" structure="Paragraph ">The Goddag shown in<ns1:xref component="Reference " linkend="alice.5" pattern="Milestone" referenceTo="FigureBox "/>, however, does not reflect our intuition as readers that the paragraph and the<ns1:emphasis pattern="Inline">q</ns1:emphasis>element are not quite so unrelated. From a narrative point of view, the paragraph does not contain just four text nodes in sequence; the paragraph contains text in the narrative voice interspersed with text in Alice's voice. It may be more satisfactory, then, to treat the fragments of the<ns1:emphasis pattern="Inline">q</ns1:emphasis>as themselves nodes in the Goddag structure and allow them, though not the discontinuous<ns1:emphasis pattern="Inline">q</ns1:emphasis>itself, to be dominated by the<ns1:emphasis pattern="Inline">p</ns1:emphasis>.<ns1:figure xml:id="alice.6" pattern="Container" structure="FigureBox "><ns1:title pattern="Block">A Goddag in which P dominates the Q fragments</ns1:title><ns1:mediaobject pattern="Container"><ns1:imageobject pattern="Container"><ns1:imagedata fileref="../../../vol1/graphics/Sperberg-McQueen01/Sperberg-McQueen01-004.png" format="png" pattern="Meta" structure="Figure " width="100%"/></ns1:imageobject></ns1:mediaobject></ns1:figure></ns1:para><ns1:para pattern="Block" structure="Paragraph "><ns1:xref component="Reference " linkend="alice.6" pattern="Milestone" referenceTo="FigureBox "/>conveys accurately that from one point of view the paragraph has four children: two text nodes and two fragmentary<ns1:emphasis pattern="Inline">q</ns1:emphasis>elements.</ns1:para><ns1:para pattern="Block" structure="Paragraph ">It is not immediately obvious whether the right thing to do with the<ns1:emphasis pattern="Inline">q</ns1:emphasis>element is to make it dominate the two text nodes directly (as shown) or to make it dominate the two fragmentary<ns1:emphasis pattern="Inline">q</ns1:emphasis>elements which are its representation in the TexMecs markup. At the moment, we lean toward the solution shown, on the grounds that if we want to treat the<ns1:emphasis pattern="Inline">q</ns1:emphasis>element as a unitary object (which was, after all, the starting point of our discussion), no good purpose is served by making it structurally anomalous. A normal<ns1:emphasis pattern="Inline">q</ns1:emphasis>element recording the sentence<ns1:quote pattern="Inline">What is the use of a book without pictures or conversations?</ns1:quote>will contain textual data, not fragmentary sub-elements.<ns1:footnote pattern="Popup" structure="Footnote "><ns1:para pattern="Block" structure="Paragraph ">That the<ns1:emphasis pattern="Inline">q</ns1:emphasis>element has two text-node children rather than one is already an artifact of the encoding. But like many such artifacts, this one dissolves if instead of positing text nodes we instead posit individual characters as children of the element. Conceptually, individual character children are probably the preferable approach. We adopt the text-node approach for drawing pictures, however, since it simplifies the drawing task.</ns1:para></ns1:footnote>If it is desirable to make some connection between the nodes<ns1:emphasis pattern="Inline">q</ns1:emphasis>,<ns1:emphasis pattern="Inline">q1</ns1:emphasis>, and<ns1:emphasis pattern="Inline">q2</ns1:emphasis>explicit in the Goddag structure, it had better take some other form.</ns1:para></ns1:section><ns1:section xmlns:ns3="http://www.w3.org/XML/1998/namespace" xml:id="rabbit-duck" pattern="HeadedContainer" structure="Section "><ns1:title pattern="Block" structure="SectionTitle ">Rabbit/duck grammars</ns1:title><ns1:para pattern="Block" structure="Paragraph ">The MLCD project has proposed rabbit/duck grammars as a possible mechanism for validating overlapping structures [<ns1:xref component="Reference " linkend="ref-rabbit-duck" pattern="Milestone" referenceTo="BibliographicReference "/>].</ns1:para><ns1:para pattern="Block" structure="Paragraph ">Previous work on rabbit/duck grammars has not dealt with the validation of discontinuous elements; many questions remain open, and we can do nothing here but sketch some possible avenues of attack.</ns1:para><ns1:para pattern="Block" structure="Paragraph ">It seems clear that if we specify that the discontinuous element (<ns1:emphasis pattern="Inline">q</ns1:emphasis>or<ns1:emphasis pattern="Inline">B</ns1:emphasis>in our examples) matches a normal (<ns1:quote pattern="Inline">first-class</ns1:quote>) token in a content model, then the usual rules for interpreting right-hand sides in the production rules of context-free grammars do not apply: the usual interpretation is that the right-hand side specifies a sequence of children for the left-hand side, but as described at some length above (section<ns1:xref component="Reference " linkend="goddag" pattern="Milestone" referenceTo="Section "/>) the discontinuous element itself<ns1:emphasis pattern="Inline">cannot</ns1:emphasis>be part of any sequence which also contains the material which interrupts it. We postulate, therefore, that discontinuous elements, taken as wholes, do not match first-class tokens in content models. If then the content model for<ns1:emphasis pattern="Inline">p</ns1:emphasis>is<ns1:programlisting xml:space="preserve" pattern="Block">(#PCDATA | q)*</ns1:programlisting>and no further adjustments are made to the rules for rabbit/duck grammars, then the example from<ns1:emphasis pattern="Inline">Alice in Wonderland</ns1:emphasis>cannot be valid.</ns1:para><ns1:para pattern="Block" structure="Paragraph ">There seem to be two obvious alternatives, each of which would make the example valid. We could introduce a new kind of content-model token for fragmentary elements, allowing us to write the content model for<ns1:emphasis pattern="Inline">p</ns1:emphasis>as<ns1:programlisting xml:space="preserve" pattern="Block">(#PCDATA | q | #frag(q))*</ns1:programlisting>meaning that a<ns1:emphasis pattern="Inline">p</ns1:emphasis>element can contain<ns1:code pattern="Atom">PCDATA</ns1:code>, entire<ns1:emphasis pattern="Inline">q</ns1:emphasis>elements, or fragmentary<ns1:emphasis pattern="Inline">q</ns1:emphasis>elements, intermixed in any order. This would allow the example to be valid.</ns1:para><ns1:para pattern="Block" structure="Paragraph ">It might be simpler, however, to allow fragments of a first-class element to match content model tokens for that element type. When validating the<ns1:emphasis pattern="Inline">p</ns1:emphasis>element in the example, each fragmentary<ns1:emphasis pattern="Inline">q</ns1:emphasis>element would match the<ns1:emphasis pattern="Inline">q</ns1:emphasis>token in the content model, so the example would be valid against the first content model given. This amounts to saying: for purposes of validating the parent, the plusses and minus-signs in the suspend- and resume-tags are ignored, and they are treated as if they were end- and start-tags; only for validation of the discontinuous element itself does the difference between fragmentary element and entire element matter.</ns1:para><ns1:para pattern="Block" structure="Paragraph ">The content model for<ns1:emphasis pattern="Inline">q</ns1:emphasis>itself, however, should probably be validated against the whole discontinuous<ns1:emphasis pattern="Inline">q</ns1:emphasis>element, not against the individual fragments. Since conventional content models for quotations are likely to take a form like<ns1:programlisting xml:space="preserve" pattern="Block">(#PCDATA | %phrase.mix;)*</ns1:programlisting>this distinction doesn't matter for<ns1:emphasis pattern="Inline">q</ns1:emphasis>. But if we imagine a stricter content model with a sequence of required sub-elements, the difference will matter. For example, take a conventional content model for<ns1:emphasis pattern="Inline">text</ns1:emphasis>:<ns1:programlisting xml:space="preserve" pattern="Block">(front, body, back?)</ns1:programlisting>and imagine a text embedded in a larger text which interrupts it:<ns1:programlisting xml:space="preserve" pattern="Block">&lt;doc| &lt;p|...|p&gt; &lt;p|... &lt;text| &lt;front| ... |front&gt; &lt;body|... ... |-body&gt;|-text&gt; &lt;p|Just then, we were interrupted. ... |p&gt; &lt;+text|&lt;+body| ... |body&gt; |text&gt; ...|p&gt; |doc&gt;</ns1:programlisting>As regards the discontinuous<ns1:emphasis pattern="Inline">text</ns1:emphasis>element, this document should probably be valid, not invalid. Validating each fragmentary<ns1:emphasis pattern="Inline">text</ns1:emphasis>element separately, however, would make the second<ns1:emphasis pattern="Inline">text</ns1:emphasis>fragment invalid, as it has no front matter.</ns1:para><ns1:para pattern="Block" structure="Paragraph ">Integrating this idea more firmly into the definition of validation using rabbit/duck grammars remains work for the future.</ns1:para><ns1:para pattern="Block" structure="Paragraph ">Another pressing task will be modifying the parsing algorithm for rabbit/duck grammars to integrate support for discontinuity. The published algorithm uses Brzozowski derivatives, and it is not at all clear how to suspend the validation of an element while it is interrupted, and return when it is resumed. The validation of discontinuous elements would be easier using the graph data structure, but the only known algorithms for validating with rabbit/duck grammars rely on an event stream created by parsing TexMecs documents, and cannot be used on Goddag structures. The current working assumption is that Goddag structures contain no nodes for start- or end-tags (or any other form of tags, in languages with multiple forms of tags); if this assumption were abandoned, validation could work from the Goddag structure (but the structures themselves would be harder to define and work with).</ns1:para><ns1:para pattern="Block" structure="Paragraph ">It is possible that the treatment of interleave in Creole [<ns1:xref component="Reference " linkend="creole" pattern="Milestone" referenceTo="BibliographicReference "/>] will indicate a solution. Further study of the problem remains a task for future work.</ns1:para></ns1:section><ns1:section xmlns:ns3="http://www.w3.org/XML/1998/namespace" xml:id="otherwork" pattern="HeadedContainer" structure="Section "><ns1:title pattern="Block" structure="SectionTitle ">Relation to other proposals</ns1:title><ns1:para pattern="Block" structure="Paragraph ">A few remarks may be in order on how discontinuity, and the proposal to distinguish between containment and dominance, relate to other proposals for handling overlapping structures.</ns1:para><ns1:para pattern="Block" structure="Paragraph ">LMNL, the layered markup and annotation language [<ns1:xref component="Reference " linkend="add-lmnl" pattern="Milestone" referenceTo="BibliographicReference "/>], cannot readily make a distinction between containment and dominance (we are indebted to a reviewer of this paper for this observation), and so seems unlikely to satisfy the competing demands which suggest to us that both concepts are needed. On the other hand, there is a sense in which LMNL does not need to make the distinction. Elements in a LMNL document are in any case just ranges with annotations; containment relations follow from the arithmetic of the range start and end points, but no dominance relations are ever postulated except by some application logic. The same applies for the unity of discontinuous elements: such a unity may be asserted by the application layer (that is, by the definition of a LMNL vocabulary), but it is not visible on the LMNL level, and thus need not be accounted for at the level of LMNL itself.</ns1:para><ns1:para pattern="Block" structure="Paragraph ">The design of LMNL thus seems to require that any account of dominance (as distinct from containment), and any account of discontinuous elements, be handled in the application layer. LMNL itself achieves a degree of simplicity and regularity as a result, at the expense of complexity in the application.</ns1:para><ns1:para pattern="Block" structure="Paragraph ">XCONCUR and similar mechanisms ([<ns1:xref component="Reference " linkend="add-concur" pattern="Milestone" referenceTo="BibliographicReference "/>], [<ns1:xref component="Reference " linkend="add-concur2006" pattern="Milestone" referenceTo="BibliographicReference "/>]) already incorporate the containment/dominance distinction to a certain degree. The usual rules for hierarchical markup ensure that in a set of concurrent trees, dominance entails containment, but the fact that two elements in a containment relation may be in different trees ensures that in systems with concurrent markup, the relations of containment and dominance are systematically separate and distinct. For elements in the same tree, containment and dominance are essentially equivalent (except for elements with identical character data content), and elements in different trees never have dominance relations. But these are the only two choices: either two elements are both in the same tree, or they are not. The complex network of factors in examples like the<ns1:emphasis pattern="Inline">q</ns1:emphasis>and<ns1:emphasis pattern="Inline">p</ns1:emphasis>elements in the Alice example, however, lead us to wish both that the<ns1:emphasis pattern="Inline">p</ns1:emphasis>element should dominate the<ns1:emphasis pattern="Inline">q</ns1:emphasis>fragments and that it should<ns1:emphasis pattern="Inline">not</ns1:emphasis>dominate the<ns1:emphasis pattern="Inline">q</ns1:emphasis>element as a whole. In cases like this, the either/or choice of concurrent markup can seem unsatisfactory. And like non-concurrent XML, XCONCUR has no conception of discontinuous elements.</ns1:para><ns1:para pattern="Block" structure="Paragraph ">Mechanisms like Trojan Horse markup ([<ns1:xref component="Reference " linkend="add-derose" pattern="Milestone" referenceTo="BibliographicReference "/>], [<ns1:xref component="Reference " linkend="add-bauman" pattern="Milestone" referenceTo="BibliographicReference "/>]) can be used to serialize discontinuous elements, provided the empty XML elements used to mark the boundaries of virtual elements have ways to signal that they record a resumption, rather than only a beginning or end, of the virtual element. Trojan Horse markup can be used to encode data models which make a distinction between containment and dominance, but it does not require such a distinction; its inclination is to leave details of the abstract model for elaboration by the user. Indeed, the treatment above of discontinuity, dominance, and containment may be regarded as an attempt to make more explicit what Trojan Horse markup hints at without making explicit.</ns1:para></ns1:section><ns1:section xmlns:ns3="http://www.w3.org/XML/1998/namespace" xml:id="concl" pattern="HeadedContainer" structure="Section "><ns1:title pattern="Block" structure="SectionTitle ">Conclusion</ns1:title><ns1:para pattern="Block" structure="Paragraph ">We have illustrated the problem of discontinuity, in particular the problems it raises for data structures intended to represent documents.</ns1:para><ns1:para pattern="Block" structure="Paragraph ">We have proposed that a graph structure which more nearly reflects our intuitions about the document can be constructed if we retain the principle that parent/child and ancestor/descendant relations imply that the ancestor contain the descendant, but jettison the converse principle that any element properly contained by another element is necessarily a descendant of (dominated by) that other element.</ns1:para><ns1:para pattern="Block" structure="Paragraph ">A number of questions remain open and will require further work:<ns1:itemizedlist pattern="Table" structure="List "><ns1:listitem pattern="Container"><ns1:para pattern="Block" structure="Paragraph ">Can a principled set of criteria be found for assigning parent/child relations to node pairs? What are they? Do the criteria apply at the meta-language level, or are they a function of how document type designers specify the document types they are working with?</ns1:para></ns1:listitem><ns1:listitem pattern="Container"><ns1:para pattern="Block" structure="Paragraph ">Can discontinuous elements be integreated into the notion of validity associated with rabbit/duck grammars?</ns1:para></ns1:listitem><ns1:listitem pattern="Container"><ns1:para pattern="Block" structure="Paragraph ">Can the algorithms for validation with rabbit/duck grammars be extended to handle discontinuous elements?</ns1:para></ns1:listitem><ns1:listitem pattern="Container"><ns1:para pattern="Block" structure="Paragraph ">Can the ideas of multi-colored trees be applied successfully to Goddag structures?</ns1:para></ns1:listitem></ns1:itemizedlist></ns1:para></ns1:section><ns1:bibliography pattern="HeadedContainer" structure="Section Bibliography "><ns1:title pattern="Block" structure="SectionTitle ">References</ns1:title><ns1:bibliomixed xmlns:ns3="http://www.w3.org/XML/1998/namespace" component="BibliographicReference " xml:id="teip1" pattern="Block" xreflabel="ACH/ACL/ALLC 1990">Association for Computers and the Humanities, Association for Computational Linguistics, and Association for Literary and Linguistic Computing. 1990.<ns1:emphasis pattern="Inline">Guidelines for the Encoding and Interchange of Machine-Readable Texts (TEI P1)</ns1:emphasis>. Ed. C. M. Sperberg-McQueen and Lou Burnard. Chicago, Oxford: Text Encoding Initiative, 1990.</ns1:bibliomixed><ns1:bibliomixed xmlns:ns3="http://www.w3.org/XML/1998/namespace" component="BibliographicReference " xml:id="teip3" pattern="Block" xreflabel="ACH/ACL/ALLC 1994">Association for Computers and the Humanities, Association for Computational Linguistics, and Association for Literary and Linguistic Computing. 1994.<ns1:emphasis pattern="Inline">Guidelines for Electronic Text Encoding and Interchange (TEI P3)</ns1:emphasis>. Ed. C. M. Sperberg-McQueen and Lou Burnard. Chicago, Oxford: Text Encoding Initiative, 1994.</ns1:bibliomixed><ns1:bibliomixed xmlns:ns3="http://www.w3.org/XML/1998/namespace" component="BibliographicReference " xml:id="add-bauman" pattern="Block" xreflabel="Bauman 2005">Bauman, Syd. 2005.<ns1:quote pattern="Inline">TEI HORSEing around.</ns1:quote>In<ns1:emphasis pattern="Inline">Proceedings of Extreme Markup Languages 2005</ns1:emphasis>. On the Web at<ns1:link xmlns:ns2="http://www.w3.org/1999/xlink" ns2:actuate="onRequest" ns2:href="http://www.idealliance.org/papers/extreme/proceedings/html/2005/Bauman01/EML2005Bauman01.html" ns2:show="new" ns2:type="simple" pattern="Inline">http://www.idealliance.org/papers/extreme/proceedings/html/2005/Bauman01/EML2005Bauman01.html</ns1:link></ns1:bibliomixed><ns1:bibliomixed xmlns:ns3="http://www.w3.org/XML/1998/namespace" component="BibliographicReference " xml:id="add-derose" pattern="Block" xreflabel="DeRose 2004">DeRose, Steven J. 2004.<ns1:quote pattern="Inline">Markup overlap: A review and a horse.</ns1:quote>In<ns1:emphasis pattern="Inline">Proceedings of Extreme Markup Languages 2004</ns1:emphasis>. On the Web at<ns1:link xmlns:ns2="http://www.w3.org/1999/xlink" ns2:actuate="onRequest" ns2:href="http://www.idealliance.org/papers/extreme/proceedings/html/2004/DeRose01/EML2004DeRose01.html" ns2:show="new" ns2:type="simple" pattern="Inline">http://www.idealliance.org/papers/extreme/proceedings/html/2004/DeRose01/EML2004DeRose01.html</ns1:link></ns1:bibliomixed><ns1:bibliomixed xmlns:ns3="http://www.w3.org/XML/1998/namespace" component="BibliographicReference " xml:id="add-concur" pattern="Block" xreflabel="Hilbert / Schonefeld / Witt 2005">Hilbert, Mirco, Oliver Schonefeld, and Andreas Witt. 2005.<ns1:quote pattern="Inline">Making CONCUR work.</ns1:quote>In<ns1:emphasis pattern="Inline">Proceedings of Extreme Markup Languages 2005</ns1:emphasis>. On the Web at<ns1:link xmlns:ns2="http://www.w3.org/1999/xlink" ns2:actuate="onRequest" ns2:href="http://www.idealliance.org/papers/extreme/proceedings/html/2005/Witt01/EML2005Witt01.xml" ns2:show="new" ns2:type="simple" pattern="Inline">http://www.idealliance.org/papers/extreme/proceedings/html/2005/Witt01/EML2005Witt01.xml</ns1:link></ns1:bibliomixed><ns1:bibliomixed xmlns:ns3="http://www.w3.org/XML/1998/namespace" component="BibliographicReference " xml:id="ref-texmecs" pattern="Block" xreflabel="Huitfeldt/Sperberg-McQueen 2003">Huitfeldt, Claus, and C. M. Sperberg-McQueen. 2003.<ns1:quote pattern="Inline">TexMECS: An experimental markup meta-language for complex documents</ns1:quote>. Working paper of the project Markup Languages for Complex Documents (MLCD), University of Bergen. January 2001, rev. October 2003. Available on the Web at<ns1:link xmlns:ns2="http://www.w3.org/1999/xlink" ns2:actuate="onRequest" ns2:href="http://decentius.aksis.uib.no/mlcd/2003/Papers/texmecs.html" ns2:show="new" ns2:type="simple" pattern="Inline">http://decentius.aksis.uib.no/mlcd/2003/Papers/texmecs.html</ns1:link></ns1:bibliomixed><ns1:bibliomixed xmlns:ns3="http://www.w3.org/XML/1998/namespace" component="BibliographicReference " xml:id="jagadish.etal.2004" pattern="Block" xreflabel="Jagadish et al. 2004">Jagadish, H. V., Laks V. S. Lakshmanan, Monica Scannapieco, Divesh Srivastava, and Nuwee Wiwatwattana. 2004.<ns1:quote pattern="Inline">Colorful XML: One hierarchy isn't enough</ns1:quote>.<ns1:emphasis pattern="Inline">Proceedings of the 2004 ACM SIGMOD International conference on management of data</ns1:emphasis>, Paris, sponsored by the Association for Computing Machinery Special Interest Group on Management of Data. New York: ACM Press. doi:<ns1:biblioid class="doi" pattern="Atom">10.1145/1007568.1007598</ns1:biblioid>.</ns1:bibliomixed><ns1:bibliomixed xmlns:ns3="http://www.w3.org/XML/1998/namespace" component="BibliographicReference " xml:id="ref-meurer" pattern="Block" xreflabel="Meurer 2001">Meurer, Paul. 2001.<ns1:emphasis pattern="Inline">TexMECS tester</ns1:emphasis>. Web-accessible program for drawing Goddags from TexMecs data. Available on the Web at<ns1:link xmlns:ns2="http://www.w3.org/1999/xlink" ns2:actuate="onRequest" ns2:href="http://decentius.aksis.uib.no/cl/mlcd/texmecs-tester.html" ns2:show="new" ns2:type="simple" pattern="Inline">http://decentius.aksis.uib.no/cl/mlcd/texmecs-tester.html</ns1:link></ns1:bibliomixed><ns1:bibliomixed xmlns:ns3="http://www.w3.org/XML/1998/namespace" component="BibliographicReference " xml:id="add-concur2006" pattern="Block" xreflabel="Schonefeld / Witt 2006">Schonefeld, Oliver, and Andreas Witt. 2006.<ns1:quote pattern="Inline">Towards validation of concurrent markup.</ns1:quote>In<ns1:emphasis pattern="Inline">Proceedings of Extreme Markup Languages 2006</ns1:emphasis>. On the Web at<ns1:link xmlns:ns2="http://www.w3.org/1999/xlink" ns2:actuate="onRequest" ns2:href="http://www.idealliance.org/papers/extreme/proceedings/html/2006/Schonefeld01/EML2006Schonefeld01.html" ns2:show="new" ns2:type="simple" pattern="Inline">http://www.idealliance.org/papers/extreme/proceedings/html/2006/Schonefeld01/EML2006Schonefeld01.html</ns1:link></ns1:bibliomixed><ns1:bibliomixed xmlns:ns3="http://www.w3.org/XML/1998/namespace" component="BibliographicReference " xml:id="ref-rabbit-duck" pattern="Block" xreflabel="Sperberg-McQueen 2006">Sperberg-McQueen, C. M. 2006.<ns1:quote pattern="Inline">Rabbit/duck grammars: a validation method for overlapping structures.</ns1:quote>In<ns1:emphasis pattern="Inline">Proceedings of Extreme Markup Languages 2006</ns1:emphasis>. On the Web at<ns1:link xmlns:ns2="http://www.w3.org/1999/xlink" ns2:actuate="onRequest" ns2:href="http://www.idealliance.org/papers/extreme/proceedings/html/2006/SperbergMcQueen01/EML2006SperbergMcQueen01.html" ns2:show="new" ns2:type="simple" pattern="Inline">http://www.idealliance.org/papers/extreme/proceedings/html/2006/SperbergMcQueen01/EML2006SperbergMcQueen01.html</ns1:link></ns1:bibliomixed><ns1:bibliomixed xmlns:ns3="http://www.w3.org/XML/1998/namespace" component="BibliographicReference " xml:id="ref-goddag" pattern="Block" xreflabel="Sperberg-McQueen/Huitfeldt 2000">Sperberg-McQueen, C. M., and Claus Huitfeldt. 2000.<ns1:quote pattern="Inline">GODDAG: A Data Structure for Overlapping Hierarchies</ns1:quote>, paper given at Digital Documents: Systems and Principles. 8th International Conference on Digital Documents and Electronic Publishing, DDEP 2000, 5th International Workshop on the Principles of Digital Document Processing, PODDP 2000, Munich, Germany, September 13-15, 2000. Published in<ns1:emphasis pattern="Inline">DDEP-PODDP 2000</ns1:emphasis>, ed. P. King and E.V. Munson. Lecture Notes in Computer Science 2023. Berlin: Springer, 2004, pp. 139-160. Available on the Web at<ns1:link xmlns:ns2="http://www.w3.org/1999/xlink" ns2:actuate="onRequest" ns2:href="http://www.w3.org/People/cmsmcq/2000/poddp2000.html" ns2:show="new" ns2:type="simple" pattern="Inline">http://www.w3.org/People/cmsmcq/2000/poddp2000.html</ns1:link></ns1:bibliomixed><ns1:bibliomixed xmlns:ns3="http://www.w3.org/XML/1998/namespace" component="BibliographicReference " xml:id="ref-cd" pattern="Block" xreflabel="Sperberg-McQueen/Huitfeldt 2008">Sperberg-McQueen, C. M., and Claus Huitfeldt. 2008.<ns1:quote pattern="Inline">Containment and dominance in Goddag structures</ns1:quote>, paper given at the conference<ns1:emphasis pattern="Inline">Processing text-technological resources</ns1:emphasis>, Bielefeld, March 13-15, 2008, organized by the Zentrum fÃ&#131;Â¼r interdisziplinÃ&#131;Â¤re Forschung der UniversitÃ&#131;Â¤t Bielefeld. Slides (but not full text) available on the Web at<ns1:link xmlns:ns2="http://www.w3.org/1999/xlink" ns2:actuate="onRequest" ns2:href="http://www.w3.org/People/cmsmcq/2008/bielefeld/slides.html" ns2:show="new" ns2:type="simple" pattern="Inline">http://www.w3.org/People/cmsmcq/2008/bielefeld/slides.html</ns1:link></ns1:bibliomixed><ns1:bibliomixed xmlns:ns3="http://www.w3.org/XML/1998/namespace" component="BibliographicReference " xml:id="add-lmnl" pattern="Block" xreflabel="Tennison/Piez 2002">Tennison, Jeni, and Wendell Piez. 2002.<ns1:quote pattern="Inline">The layered markup and annotation language (LMNL).</ns1:quote>Late-breaking talk given at Extreme Markup Languages 2002 (not in proceedings). Slides on the Web at<ns1:link xmlns:ns2="http://www.w3.org/1999/xlink" ns2:actuate="onRequest" ns2:href="http://www.idealliance.org/papers/extreme/proceedings/author-pkg/2002/Tennison02/EML2002Tennison02.zip" ns2:show="new" ns2:type="simple" pattern="Inline">http://www.idealliance.org/papers/extreme/proceedings/author-pkg/2002/Tennison02/EML2002Tennison02.zip</ns1:link></ns1:bibliomixed><ns1:bibliomixed xmlns:ns3="http://www.w3.org/XML/1998/namespace" component="BibliographicReference " xml:id="creole" pattern="Block" xreflabel="Tennison 2007">Tennison, Jeni. 2007.<ns1:quote pattern="Inline">Creole: Validating Overlapping Markup</ns1:quote>. In<ns1:emphasis pattern="Inline">Proceedings of XTech 2007</ns1:emphasis>, Paris, 2007. Available on the Web at<ns1:link xmlns:ns2="http://www.w3.org/1999/xlink" ns2:actuate="onRequest" ns2:href="http://www.lmnl.org/wiki/images/8/86/Creole.zip" ns2:show="new" ns2:type="simple" pattern="Inline">http://www.lmnl.org/wiki/images/8/86/Creole.zip</ns1:link></ns1:bibliomixed><ns1:bibliomixed xmlns:ns3="http://www.w3.org/XML/1998/namespace" component="BibliographicReference " xml:id="add-ft" pattern="Block" xreflabel="W3C 2008">World Wide Web Consortium (W3C). 2008.<ns1:quote pattern="Inline">XQuery 1.0 and XPath 2.0 Full-Text 1.0</ns1:quote>, ed. Sihem Amer-Yahia et al. W3C Candidate Recommendation 16 May 2008. [Cambridge, Sophia-Antipolis, Tokyo]: W3C, 2007. Available on the Web at<ns1:link xmlns:ns2="http://www.w3.org/1999/xlink" ns2:actuate="onRequest" ns2:href="http://www.w3.org/TR/xpath-full-text-10/" ns2:show="new" ns2:type="simple" pattern="Inline">http://www.w3.org/TR/xpath-full-text-10/</ns1:link></ns1:bibliomixed></ns1:bibliography></ns1:article>