<?xml version="1.0" encoding="UTF-8"?><ns1:iml xmlns:ns1="http://www.cs.unibo.it/2006/iml" pattern="Record"><ns1:head pattern="Container"><ns1:title pattern="Field">Using Semantic Web technologies for analysis and validation of structural markup</ns1:title><ns1:meta content="1" name="author.1.number" pattern="Meta"/><ns1:meta content="Angelo Di Iorio" name="author.1.name" pattern="Meta"/><ns1:meta content="Department of Computer Science@University of Bologna@Bologna (Italy)" name="author.1.affiliation" pattern="Meta"/><ns1:meta content="diiorio@cs.unibo.it" name="author.1.email" pattern="Meta"/><ns1:meta content="Angelo Di Iorio holds a Ph.D. in Computer Science, from the University of Bologna. His thesis is positioned over markup languages and document engineering areas, being focused on design patterns for digital documents and automatic processes of analysis and segmentation. During his PhD he has also worked on collaborative authoring, document versioning, content formatting, and semantic web technologies. His research interests have recently extended towards layout languages and algorithms. He is a member of the W3C XSL-FO working group, and author of several conference and journal papers on markup languages, digital publishing and Web technologies." name="author.1.blurb" pattern="Meta"/><ns1:meta content="2" name="author.2.number" pattern="Meta"/><ns1:meta content="Silvio Peroni" name="author.2.name" pattern="Meta"/><ns1:meta content="Department of Computer Science@University of Bologna@Bologna (Italy)" name="author.2.affiliation" pattern="Meta"/><ns1:meta content="speroni@cs.unibo.it" name="author.2.email" pattern="Meta"/><ns1:meta content="Silvio Peroni holds a degree in Computer Science at the University of Bologna. The main research interests in his current Ph.D. career include Semantic Web technologies, markup languages for complex documents, design patterns for digital documents and ontology modelling, and automatic processes of analysis and segmentation." name="author.2.blurb" pattern="Meta"/><ns1:meta content="3" name="author.3.number" pattern="Meta"/><ns1:meta content="Fabio Vitali" name="author.3.name" pattern="Meta"/><ns1:meta content="Department of Computer Science@University of Bologna@Bologna (Italy)" name="author.3.affiliation" pattern="Meta"/><ns1:meta content="fabio@cs.unibo.it" name="author.3.email" pattern="Meta"/><ns1:meta content="Fabio Vitali is associate professor in Computer Science at the University of Bologna, where he teaches Web Technologies and Human-Computer Interaction. His interests lie in models and languages for document management and hypertext support, and has published more than 60 papers in national and international venues. He is member of the W3C Working Group on XML Schema, and member of the scientific committee of several conferences and journals in Web engineering and technologies. He is author of important standards in the legislative XML Domain, and work on issues related to digital publishing, Web technologies and Semantic Web technologies." name="author.3.blurb" pattern="Meta"/><ns1:meta content="EARMARK" name="keyword" pattern="Meta"/><ns1:meta content="Structural Markup Ontology" name="keyword" pattern="Meta"/><ns1:meta content="Overlapping" name="keyword" pattern="Meta"/><ns1:meta content="Structural Pattern For Documents" name="keyword" pattern="Meta"/><ns1:meta content="Document Structure" name="keyword" pattern="Meta"/><ns1:meta content="Validation" name="keyword" pattern="Meta"/><ns1:meta content="OWL" name="keyword" pattern="Meta"/></ns1:head><ns1:body pattern="Container"><ns1:div class="abstract" id="a" pattern="HeadedContainer"><ns1:h1 pattern="Block">Abstract</ns1:h1><ns1:p pattern="Block">An increasing part of research in the Semantic Web has been mainly directed at making data become the main concept of the Web, thereby moving the focus off documents, its previous object of discourse, and off the purely-structural markup declared for them. Plenty of languages and specifications, such as RDFa, support this transition to the Web of Data, and work by inserting additional markup into Web documents and to enhance it by providing a semantic connotation. Yet, while research effort is mainly towards adding semantic annotations around text, little attention is being paid to the possibility of expressing the actual structures of the documents in a form suitable for the Semantic Web. EARMARK is a model for explicitly expressing structural assertions of markup and documents, allowing a straightforward integration of the semantics of the markup and the semantics of the content of a web document. The well-formedness of the hierarchy becomes an explicit assertion, and not a requirement of the markup syntax, and similarly the analysis of the validity of markup structures or the adherence to content model patterns become matter for further semantic analysis. In this paper we present an exhaustive description of EARMARK and we show a framework for using OWL ontologies, that implement particular markup properties (such as markup schemas), to demonstrate the compliance of EARMARK documents with those properties.</ns1:p></ns1:div><ns1:div class="section" id="intro" pattern="HeadedContainer"><ns1:h1 pattern="Block">Introduction</ns1:h1><ns1:p pattern="Block">Broadly speaking,<ns1:i pattern="Inline">markup</ns1:i>is anything added to a text content with the intention to say something about it. Formerly, this definition has been applied on all those markup languages that used (and still use) to describe the syntactical structure of text contents: LaTeX, DocBook, Office OpenXML, OpenDocument, and HTML are languages that fit the above mentioned definition, since they allow to describe the structures – in some cases, associating them to a bit of presentational behaviour – of text.</ns1:p><ns1:p pattern="Block">One of the most important issues addressed by this kind of<ns1:i pattern="Inline">structural</ns1:i>markup concerns the possibility to express and verify specific syntactical properties:</ns1:p><ns1:ul pattern="Table" type="bullet"><ns1:li pattern="Container"><ns1:p pattern="Block">the<ns1:i pattern="Inline">well-formedness</ns1:i>, that depends to the syntax specified for the particular markup language considered – e.g., in XML-based languages the begin and end tags which delimit elements must correctly nest without overlapping;</ns1:p></ns1:li><ns1:li pattern="Container"><ns1:p pattern="Block">the<ns1:i pattern="Inline">validity</ns1:i>against a<ns1:i pattern="Inline">vocabulary</ns1:i>, that (formally) restricts the set of values we can use for naming elements and attributes – definable by using schema languages such as XML Schema and RelaxNG for XML;</ns1:p></ns1:li><ns1:li pattern="Container"><ns1:p pattern="Block">the<ns1:i pattern="Inline">validity</ns1:i>against a<ns1:i pattern="Inline">content model</ns1:i>, that defines contexts in which a particular named element can or cannot be<ns1:a class="footnote" href="ftn4" pattern="Milestone"/>– definable by using schema languages as well. Particularly interesting in this context is the validity of a document against a set of<ns1:i pattern="Inline">patterns</ns1:i>, i.e., a set of recurring rules and content models.</ns1:p></ns1:li></ns1:ul><ns1:p pattern="Block">By electing data, instead of documents, as the main concept of the Web, the Semantic Web brought with it the will to mark up not only text content in a structural way, as before, but to mark up any kind of resource in a<ns1:i pattern="Inline">semantic</ns1:i>way: we have attended to a shift of interest from a syntactic (HTML and the like) to a semantic level (RDF and OWL).</ns1:p><ns1:p pattern="Block">Similarly to the structural markup domain, in which we want to declare particular syntactical properties for it, here, in the<ns1:i pattern="Inline">semantic markup</ns1:i>, we want to model these data around some particular needs, sometimes constraining their semantics around some limits by using proper tools, such as ontologies.</ns1:p><ns1:p pattern="Block">Everybody is now participating, as active or passive user, to this transition from a syntactic paradigm, in which documents are the subject of the discourse, to a semantic one, using data as main concept. Obviously, this transition has been possible also by means of a number of hybrid languages, such as RDFa<ns1:a class="ref" href="RDFa" pattern="Milestone"/><ns1:a class="ref" href="RDFa" pattern="Milestone"/>, that use structural markup as the basis to build semantic assertions on text and resources in general.</ns1:p><ns1:p pattern="Block">Much research has been done to enrich text content with semantic assertions about it but, strangely enough, little attention is being paid to the possibility of describing the structures of documents in a form suitable for the Semantic Web, even when there are opportunities in bringing together the structural and the semantical domains.</ns1:p><ns1:p pattern="Block">With these ideas in mind, we developed<ns1:i pattern="Inline">EARMARK</ns1:i>(<ns1:i pattern="Inline">Extremely Annotational RDF Markup</ns1:i>)<ns1:a class="ref" href="DOCENG" pattern="Milestone"/>as a model for explicitly expressing structural assertions of markup onto documents, allowing a straightforward integration of the<ns1:i pattern="Inline">semantics of the markup</ns1:i>(e.g., what is the meaning of all those markup elements<ns1:i pattern="Inline">p</ns1:i>contained in a document<ns1:i pattern="Inline">d</ns1:i>?) and the<ns1:i pattern="Inline">semantics of the content</ns1:i>of a document (e.g., the string “Fabio” represents a particular person having that name)<ns1:a class="ref" href="RenearTowardsSemantics" pattern="Milestone"/>. EARMARK can be used for fine tuning exactly the set of statements we need to assert on the content of a document and on its structures, and for verifying exactly the constraints we need to verify, and not others implied by the syntax we used.</ns1:p><ns1:p pattern="Block">In previous works, we compared EARMARK with other markup models<ns1:a class="ref" href="b-bib1" pattern="Milestone"/>– GODDAG<ns1:a class="ref" href="SperbergMcQueenGODDAG" pattern="Milestone"/>– and languages – TeXMECS<ns1:a class="ref" href="HuitfeldtTexMECS" pattern="Milestone"/>, LMNL<ns1:a class="ref" href="b-bib12" pattern="Milestone"/>, TEI<ns1:a class="ref" href="b-bib15" pattern="Milestone"/>– and we shown<ns1:a class="ref" href="EKAW" pattern="Milestone"/>how to use it for handling complex and very frequent scenarios of overlapping markup concerning Microsoft Word<ns1:a class="ref" href="OOXML" pattern="Milestone"/>and Open Office<ns1:a class="ref" href="ODT" pattern="Milestone"/>XML formats. Although in XML the only way to encode overlaps is to use workarounds and to hide overlapping hierarchies within the main tree-based structure of a document, EARMARK is not obliged to depend on such (i.e., XML<ns1:i pattern="Inline">well-formedness</ns1:i>) syntactic constraints and allows users to verify them only if needed. Different structures can be in fact encoded as different sets of RDF/OWL statements on the top of the same content. They are given the same relevance and they can be accessed separately.</ns1:p><ns1:p pattern="Block">In this article we introduce the EARMARK model in detail and discuss how most correctness properties typical of the structural markup, such as the<ns1:i pattern="Inline">validity</ns1:i>against a schema, can be expressed through OWL ontologies and verified upon EARMARK documents at a semantic level by means of reasoners, such as Pellet<ns1:a class="footnote" href="ftn5" pattern="Milestone"/>, even when dealing with non-hierarchical or multi-hierarchical structures. In order to support this claim, we also introduce two different running examples, the former based on an simple markup schema and the latter on a specific meta-level theory for document structures based on structural patterns<ns1:a class="ref" href="b-bib2" pattern="Milestone"/>.</ns1:p><ns1:p pattern="Block">The paper is thus structured as follows: in<ns1:a class="ref" href="SectionEARMARK" pattern="Milestone"/>we introduce EARMARK and its core ontology. In<ns1:a class="ref" href="property" pattern="Milestone"/>the general issue of using EARMARK for expressing and assessing properties over text content is introduced. In<ns1:a class="ref" href="SectionPattern" pattern="Milestone"/>, as an example of properties to be assessed, patterns over content models are introduced in general and expressed in EARMARK terms.<ns1:a class="ref" href="SectionRelatedWorks" pattern="Milestone"/>contains a short but focussed overview of similar works dealing with using semantic web technologies for markup and validation, and in<ns1:a class="ref" href="SectionConclusions" pattern="Milestone"/>we draw some lessons from our experience and detail further work we plan to perform on and with EARMARK.</ns1:p></ns1:div><ns1:div class="section" id="SectionEARMARK" pattern="HeadedContainer"><ns1:h1 pattern="Block">An ontological approach for meta-markup languages: EARMARK</ns1:h1><ns1:p pattern="Block">This section describes the model behind EARMARK<ns1:a class="ref" href="DOCENG" pattern="Milestone"/><ns1:a class="ref" href="b-bib1" pattern="Milestone"/><ns1:a class="ref" href="EKAW" pattern="Milestone"/>,<ns1:i pattern="Inline">Extreme Annotational RDF Markup.</ns1:i>The model itself is defined through an OWL document<ns1:a class="footnote" href="ftn6" pattern="Milestone"/>specifying classes and relationships. We distinguish between<ns1:i pattern="Inline">ghost classes –</ns1:i>that define the general model – and<ns1:i pattern="Inline">shell classes –</ns1:i>that are actually used to create EARMARK instances.</ns1:p><ns1:div class="section" id="secGhost" pattern="HeadedContainer"><ns1:h1 pattern="Block">Ghost classes</ns1:h1><ns1:p pattern="Block">The ghost classes describe three disjoint base concepts –<ns1:i pattern="Inline">docuverses</ns1:i>,<ns1:i pattern="Inline">ranges</ns1:i>and<ns1:i pattern="Inline">markup items</ns1:i>– through three different and disjoint OWL classes<ns1:a class="footnote" href="ftn7" pattern="Milestone"/>.</ns1:p><ns1:p pattern="Block">The textual content of an EARMARK document is conceptually separated from its annotations, and is referred to through the<ns1:i pattern="Inline">Docuverse</ns1:i>class<ns1:a class="footnote" href="ftn8" pattern="Milestone"/>. The individuals of this class represent the object of discourse, i.e. all the containers of text of an EARMARK document.</ns1:p><ns1:p class="code" pattern="Block">Class: Docuverse DatatypeProperty: hasContent Characteristics: FunctionalProperty Domain: Docuverse Range: rdfs:Literal</ns1:p><ns1:p pattern="Block">Any individual of the<ns1:i pattern="Inline">Docuverse</ns1:i>class – commonly called a<ns1:i pattern="Inline">docuverse</ns1:i>(lowercase to distinguish it from the class) – specifies its actual content with the property<ns1:i pattern="Inline">hasContent</ns1:i>.</ns1:p><ns1:p pattern="Block">We then define the class<ns1:i pattern="Inline">Range</ns1:i>for any text lying between two locations of a docuverse. A<ns1:i pattern="Inline">range</ns1:i>, i.e, an individual of the class<ns1:i pattern="Inline">Range</ns1:i>, is defined by a starting and an ending location (any literal) of a specific docuverse through the properties<ns1:i pattern="Inline">begins</ns1:i>,<ns1:i pattern="Inline">ends</ns1:i>and<ns1:i pattern="Inline">refersTo</ns1:i>respectively.</ns1:p><ns1:p class="code" pattern="Block">Class: Range EquivalentTo: refersTo some Docuverse and begins some rdfs:Literal and ends some rdfs:Literal ObjectProperty: refersTo Characteristics: FunctionalProperty Domain: Range Range: Docuverse DatatypeProperty: begins Characteristics: FunctionalProperty Domain: Range Range: rdfs:Literal DatatypeProperty: ends Characteristics: FunctionalProperty Domain: Range Range: rdfs:Literal</ns1:p><ns1:p pattern="Block">There is no restriction on locations used for the<ns1:i pattern="Inline">begins</ns1:i>and<ns1:i pattern="Inline">ends</ns1:i>properties. That is very useful: it allows us to define ranges that<ns1:i pattern="Inline">follow</ns1:i>or<ns1:i pattern="Inline">reverse</ns1:i>the text order of the docuverse they refer to. For instance, the string “desserts” can be considered both in document order, with the<ns1:i pattern="Inline">begins</ns1:i>location lower than the<ns1:i pattern="Inline">ends</ns1:i>location or in the opposite one, forming “stressed”<ns1:a class="footnote" href="ftn9" pattern="Milestone"/>. Thus, the values of properties<ns1:i pattern="Inline">begins</ns1:i>and<ns1:i pattern="Inline">ends</ns1:i>define the way a range must be read.</ns1:p><ns1:p pattern="Block">The class<ns1:i pattern="Inline">MarkupItem</ns1:i>is the superclass defining artefacts to be interpreted as markup (such as elements and attributes).</ns1:p><ns1:p class="code" pattern="Block">Class: MarkupItem SubClassOf: (c:Set that c:element only (Range or MarkupItem)) or (c:Bag that c:item only (c:itemContent only (Range or MarkupItem)) DatatypeProperty: hasGeneralIdentifier Characteristics: FunctionalProperty Domain: MarkupItem Range: xsd:string DatatypeProperty: hasNamespace Characteristics: FunctionalProperty Domain: MarkupItem Range: xsd:anyURI Class: c:Collection Class: c:Set SubClassOf: c:Collection Class: c:Bag SubClassOf: c:Collection Class: c:List SubClassOf: c:Bag Class: c:Item Class: c:ListItem SubClassOf: c:Item ObjectProperty: c:element Domain: c:Collection ObjectProperty: c:item SubPropertyOf: c:element Domain: c:Bag Range: c:Item ObjectProperty: c:firstItem SubPropertyOf: c:item Domain: c:List ObjectProperty: c:itemContent Characteristics: FunctionalProperty Domain: c:Item Range: not c:Item ObjectProperty: c:nextItem Characteristics: FunctionalProperty Domain: c:ListItem Range: c:ListItem</ns1:p><ns1:p pattern="Block">A<ns1:i pattern="Inline">markupitem</ns1:i>individual is a collection (<ns1:span class="code" pattern="Inline">c:Set</ns1:span>,<ns1:span class="code" pattern="Inline">c:Bag</ns1:span>or<ns1:span class="code" pattern="Inline">c:List</ns1:span>, where the latter is a subclass of the second one and all of them are subclasses of<ns1:span class="code" pattern="Inline">c:Collection</ns1:span>) of individuals belonging to the classes<ns1:i pattern="Inline">MarkupItem</ns1:i>and<ns1:i pattern="Inline">Range</ns1:i>. Through these collections it is possible:</ns1:p><ns1:ul pattern="Table" type="bullet"><ns1:li pattern="Container"><ns1:p pattern="Block">to define a markup item as a set of other markup items and ranges by using the property<ns1:i pattern="Inline">element</ns1:i>;</ns1:p></ns1:li><ns1:li pattern="Container"><ns1:p pattern="Block">to define a markup item as a bag of items (defined by individuals belonging to the class<ns1:span class="code" pattern="Inline">c:Item</ns1:span>), each of them containing a markup item or a range, by using the properties<ns1:i pattern="Inline">item</ns1:i>and<ns1:i pattern="Inline">itemContent</ns1:i>respectively;</ns1:p></ns1:li><ns1:li pattern="Container"><ns1:p pattern="Block">to define a markup item as a list of items (defined by individuals belonging to the class<ns1:span class="code" pattern="Inline">c:ListItem</ns1:span>), each of them containing a markup item or a range, in which we can also specify a particular order among the items themselves by using the property<ns1:i pattern="Inline">nextItem</ns1:i>.</ns1:p></ns1:li></ns1:ul><ns1:p pattern="Block">Thus it becomes possible to define elements containing nested elements or text, or attributes containing values, as well as overlapping and complex structures. Note also that handling collections directly in OWL allows us to reason about content models for markup items, which would not be possible if we had used the corresponding constructs in RDF<ns1:a class="footnote" href="ftn10" pattern="Milestone"/>.</ns1:p><ns1:p pattern="Block">A<ns1:i pattern="Inline">markupitem</ns1:i>might also have a name, specified in the functional property<ns1:i pattern="Inline">hasGeneralIdentifier</ns1:i>(recalling the SGML term to refer to the name of elements<ns1:a class="ref" href="b-bib13" pattern="Milestone"/>), and a namespace specified using the functional property<ns1:i pattern="Inline">hasNamespace</ns1:i>. Note that we can have<ns1:i pattern="Inline">anonymous</ns1:i>markup items<ns1:i pattern="Inline">–</ns1:i>as it is possible in LMNL<ns1:a class="ref" href="b-bib12" pattern="Milestone"/>and GODDAG<ns1:a class="ref" href="SperbergMcQueenGODDAG" pattern="Milestone"/>– by simply asserting that the item belongs to the class of all those markupitems that do not have a general identifier (i.e.,<ns1:span class="code" pattern="Inline">hasGeneralIdentifier exactly 0</ns1:span>).</ns1:p><ns1:div class="picture" id="FigureEARMARKOntology" pattern="Record"><ns1:p class="img.block" pattern="Block"><ns1:img class="17cm-12.749cm" pattern="Milestone" src="10000201000003200000025853BBE5A8.png"/></ns1:p><ns1:p class="caption" pattern="Block">A graphical representation of the EARMARK ontology.</ns1:p></ns1:div><ns1:p pattern="Block">A graphical summarisation of the ghost classes and their relations is shown in<ns1:a class="ref" href="FigureEARMARKOntology" pattern="Milestone"/>.</ns1:p></ns1:div><ns1:div class="section" id="secShell" pattern="HeadedContainer"><ns1:h1 pattern="Block">Shell classes</ns1:h1><ns1:p pattern="Block">The ghost classes discussed so far give us an abstract picture of the EARMARK framework. We need to specialize our model, defining a concrete description of our classes. These new<ns1:i pattern="Inline">shell</ns1:i>subclasses apply specific restrictions to the<ns1:i pattern="Inline">ghost</ns1:i>classes.</ns1:p><ns1:p pattern="Block">First of all, the class<ns1:i pattern="Inline">Docuverse</ns1:i>is restricted to be either a<ns1:i pattern="Inline">StringDocuverse</ns1:i>(the content is specified by a string) or an<ns1:i pattern="Inline">URIDocuverse</ns1:i>(the actual content is located at the URI specified).</ns1:p><ns1:p class="code" pattern="Block">Class: StringDocuverse SubClassOf: Docuverse , hasContent some xsd:string DisjointWith: URIDocuverse Class: URIDocuverse SubClassOf: Docuverse , hasContent some xsd:anyURI</ns1:p><ns1:p pattern="Block">Depending on particular scenarios or on the kind of docuverse we are dealing with – it may be plain-text, XML, LaTeX, a picture, etc. – we need to use different kinds of ranges. Therefore, the class<ns1:i pattern="Inline">Range</ns1:i>has three different subclasses:</ns1:p><ns1:ul pattern="Table" type="bullet"><ns1:li pattern="Container"><ns1:p pattern="Block"><ns1:i pattern="Inline">PointerRange</ns1:i>defines a range by counting characters. In that case, the value of the properties<ns1:i pattern="Inline">begins</ns1:i>and<ns1:i pattern="Inline">ends</ns1:i>must be a non-negative integer that identifies unambiguous positions in the character stream, remembering that the value<ns1:i pattern="Inline">0</ns1:i>refers to the location immediately before the 1st character, the value<ns1:i pattern="Inline">1</ns1:i>refers to the location after the 1st character and before the 2nd one, and so on. By using the<ns1:i pattern="Inline">hasKey</ns1:i>OWL property, we also assert that two pointer ranges having equal docuverse, begin and end locations are the same range;</ns1:p></ns1:li><ns1:li pattern="Container"><ns1:p pattern="Block"><ns1:i pattern="Inline">XPathRange</ns1:i>defines a range considering the whole docuverse or its particular context specifiable through an XPath expression<ns1:a class="ref" href="b-bib34" pattern="Milestone"/>as value of the property<ns1:i pattern="Inline">hasXPathContext</ns1:i>. Note that, by using these ranges, we implicitly admit that the docuverse it refers to must be an XML structure. Moreover, the properties<ns1:i pattern="Inline">begins</ns1:i>and<ns1:i pattern="Inline">ends</ns1:i>have to be applied on the string value obtained by juxtaposing all the text nodes identified by the XPath. By using the<ns1:i pattern="Inline">hasKey</ns1:i>OWL property, we also assert that two xpath ranges having equal docuverse, XPath context, begin and end locations are the same range;</ns1:p></ns1:li><ns1:li pattern="Container"><ns1:p pattern="Block"><ns1:i pattern="Inline">XPathPointerRange</ns1:i>is an<ns1:i pattern="Inline">XPathRange</ns1:i>in which the value of the properties begins and ends must be a non-negative integer.</ns1:p></ns1:li></ns1:ul><ns1:p class="code" pattern="Block">Class: PointerRange SubClassOf: Range , begins some xsd:nonNegativeInteger and ends some xsd:nonNegativeInteger HasKey: refersTo begins ends Class: XPathRange SubClassOf: Range EquivalentTo: hasXPathContext some rdfs:Literal HasKey: refersTo begins ends hasXPathContext Class: XPathPointerRange SubClassOf: XPathRange , begins some xsd:nonNegativeInteger and ends some xsd:nonNegativeInteger DatatypeProperty: hasXPathContext Characteristics: FunctionalProperty Domain: XPathRange Range: rdfs:Literal</ns1:p><ns1:p pattern="Block"><ns1:i pattern="Inline">MarkupItem</ns1:i>is specialized in three disjointed sub-classes:<ns1:i pattern="Inline">Element</ns1:i>,<ns1:i pattern="Inline">Attribute</ns1:i>and<ns1:i pattern="Inline">Comment</ns1:i>, that allow a more precise characterization of markup items.</ns1:p><ns1:p class="code" pattern="Block">Class: Element SubClassOf: MarkupItem Class: Attribute SubClassOf: MarkupItem Class: Comment SubClassOf: MarkupItem DisjointedClasses: Element , Attribute , Comment</ns1:p><ns1:p pattern="Block">In order to understand how EARMARK is used to describe markup hierarchies, let us to introduce an XML excerpt, using TEI fragmentation<ns1:a class="ref" href="b-bib15" pattern="Milestone"/>to express overlapping elements upon the string “Fabio says that overlhappens”:</ns1:p><ns1:p class="code" pattern="Block">&lt;phrase&gt; Fabio says that &lt;noun xml:id="e1" next="e2"&gt;overl&lt;/noun&gt; &lt;verb&gt;h&lt;noun xml:id="e2"&gt;ap&lt;noun&gt;pens&lt;/verb&gt; &lt;/phrase&gt;</ns1:p><ns1:p pattern="Block">Here, the two elements<ns1:i pattern="Inline">noun</ns1:i>represent the same element fragmented and overlapping with part of the textual content of<ns1:i pattern="Inline">verb</ns1:i>, i.e., the characters “ap”. The EARMARK translation of it is the following:</ns1:p><ns1:p class="code" pattern="Block">@prefix ex: &lt;http://www.example.com/&gt; . ex:doc :hasContent "Fabio says that overlhappens" . ex:r0-16 a :PointerRange ; :refersTo ex:doc ; :begins "0"^^xsd:integer ; :ends "16"^^xsd:integer . ex:r16-21 a :PointerRange ; :refersTo ex:doc ; :begins "16"^^xsd:integer ; :ends "21"^^xsd:integer . ex:r21-28 a :PointerRange ; :refersTo ex:doc ; :begins "21"^^xsd:integer ; :ends "28"^^xsd:integer . ex:r22-24 a :PointerRange ; :refersTo ex:doc ; :begins "22"^^xsd:integer ; :ends "24"^^xsd:integer . ex:phrase a :Element ; :hasGeneralIdentifier "phrase" ; c:firstItem [ c:itemContent ex:r0-16 ; c:nextItem [ c:itemContent ex:noun ; c:nextItem [ c:itemContent ex:verb ] ] ] . ex:noun a :Element ; :hasGeneralIdentifier "noun" ; c:firstItem [ c:itemContent ex:r16-21 ; c:nextItem [ c:itemContent ex:r22-24 ] ] . ex:verb a :Element ; :hasGeneralIdentifier "verb" ; c:firstItem [ c:itemContent ex:r21-28 ] .</ns1:p></ns1:div><ns1:div class="section" id="generating" pattern="HeadedContainer"><ns1:h1 pattern="Block">The EARMARK framework and API</ns1:h1><ns1:p pattern="Block">We have already designed and implemented a framework for the creation, validation and manipulation of EARMARK data structures. The API is hosted by SourceForge<ns1:a class="footnote" href="ftn12" pattern="Milestone"/>under the Apache 2.0 license and fully implements the current EARMARK model.</ns1:p><ns1:p pattern="Block">All the code is written in Java™ and uses well-known libraries in the Semantic Web community such as Jena<ns1:a class="footnote" href="ftn13" pattern="Milestone"/>. The implementation of the data structure follows exactly what is defined in the EARMARK ontology and uses ghost and shell classes, encoding OWL properties as methods of these classes.</ns1:p><ns1:p pattern="Block">The Java™ classes<ns1:i pattern="Inline">EARMARKDocument,</ns1:i><ns1:i pattern="Inline">Range</ns1:i>and<ns1:i pattern="Inline">MarkupItem</ns1:i>have been written taking into consideration a particular interface, called<ns1:i pattern="Inline">EARMARKNode</ns1:i>, directly derived from the<ns1:i pattern="Inline">Node</ns1:i>interface of the Java™ DOM implementation<ns1:a class="footnote" href="ftn14" pattern="Milestone"/>. This choice has been made to maintain the EARMARK data structure as close as possible to a well-known and used model for XML documents.</ns1:p><ns1:p pattern="Block">The API makes it simple to create/load/store/modify EARMARK documents directly in a Java™ framework. Let us take again into consideration the example introduced in<ns1:a class="ref" href="secShell" pattern="Milestone"/>. In the followings excerpts we illustrate how to build that document using the API.</ns1:p><ns1:p pattern="Block">Let us start creating a new EARMARK document and a docuverse, containing all the text content of our document:</ns1:p><ns1:p class="code" pattern="Block">EARMARKDocument ed = new EARMARKDocument(URI.create("http://www.example.com")); String ex = "http://www.example.com/"; Docuverse doc = ed.createStringDocuverse(ex+"doc", "Fabio says that overlhappens");</ns1:p><ns1:p pattern="Block">The next excerpt shows how to create ranges starting from the above docuverse:</ns1:p><ns1:p class="code" pattern="Block">Range r0_16 = ed.createPointerRange(ex+"r0_16", doc, 0, 16);</ns1:p><ns1:p pattern="Block">Finally, we define all the markup items we need to build the structure of the document. Usually, a markup item needs three different values in order to be created: a string representing its general identifier, an identifier for the item and the type for the collection it defines (either set, bag or list). In the following excerpt we show the creation of three different elements, composed in order to define hierarchical relations among them by using the method<ns1:i pattern="Inline">appendChild</ns1:i>:</ns1:p><ns1:p class="code" pattern="Block">Element phrase = ed.createElement( "phrase", ex+"phrase", Collection.Type.List); ed.appendChild(phrase); phrase.appendChild(r0_16); Element noun = ed.createElement( "noun", ex+"noun", Collection.Type.List); phrase.appendChild(noun); Element verb = ed.createElement( "verb", ex+"verb", Collection.Type.List); phrase.appendChild(verb); …</ns1:p><ns1:p pattern="Block">As seen, the API allow to create EARMARK structures with very simple and straightforward methods. Even rather complicated structures can be created with a few lines of Java code.</ns1:p></ns1:div></ns1:div><ns1:div class="section" id="property" pattern="HeadedContainer"><ns1:h1 pattern="Block">Assessing properties on EARMARK documents</ns1:h1><ns1:p pattern="Block">In previous works we discussed the expressivity of EARMARK<ns1:a class="ref" href="DOCENG" pattern="Milestone"/><ns1:a class="ref" href="b-bib1" pattern="Milestone"/>and we shown possible applications of it in different contexts, such as scholarly disciplines (e.g., linguistics) and mainstream applications (e.g., word processors)<ns1:a class="ref" href="EKAW" pattern="Milestone"/>.</ns1:p><ns1:p pattern="Block">In this paper we focus on another important advantage of using EARMARK, i.e., the possibility of expressing structural assertions of markup, allowing:</ns1:p><ns1:ul pattern="Table" type="bullet"><ns1:li pattern="Container"><ns1:p pattern="Block">a straightforward integration of the<ns1:i pattern="Inline">semantics of the markup</ns1:i>(e.g., what is the meaning of all those markup elements<ns1:i pattern="Inline">p</ns1:i>contained in a document<ns1:i pattern="Inline">d</ns1:i>?) and the<ns1:i pattern="Inline">semantics of the content</ns1:i>of a web document (e.g., the string “Fabio” of the example in<ns1:a class="ref" href="secShell" pattern="Milestone"/>, identifiable through a range, represents a particular person having that name)<ns1:a class="ref" href="RenearTowardsSemantics" pattern="Milestone"/>;</ns1:p></ns1:li><ns1:li pattern="Container"><ns1:p pattern="Block">to define and assess, in a semantic way, all those typical properties of the structural markup, such as validity. Moreover, by means of the intrinsic nature of EARMARK, we can easily assess these structural properties even in presence of very complex overlapping hierarchies.</ns1:p></ns1:li></ns1:ul><ns1:p pattern="Block">The assessment of ontological properties in the semantic domain is in a way comparable and can be made to act as validation in the XML domain, that is the process of verification of whether relevant markup items of a well-formed XML document satisfy the constraints embodied in the relevant components of a schema. In the world of XML, several schema languages have been introduced such as DTD, XML Schema and RelaxNG. They have different expressive power but they share the same objectives and basic principles: the validator checks the structural properties of a well-formed document by verifying all the<ns1:i pattern="Inline">syntactical</ns1:i>constraints expressed in the schema.</ns1:p><ns1:p pattern="Block">Moving from a syntactical perspective to a<ns1:i pattern="Inline">semantical</ns1:i>one – as proposed by EARMARK – opens new perspectives for a general approach to assessment as well. A key point of such approach is the translation of many markup properties from a syntactical to an ontological level. In the case of XML schema validation, for instance, this means expressing (a) schema definitions as ontology classes and properties and (b) schema documents as ontology instances and assertions, that express hierarchies as semantic relations. Starting from an ontological<ns1:i pattern="Inline">TBox</ns1:i>representing the schema and an<ns1:i pattern="Inline">ABox</ns1:i>representing the document, we can then conclude that the document is valid according to the schema if and only if the<ns1:i pattern="Inline">ABox</ns1:i>is consistent with the<ns1:i pattern="Inline">TBox</ns1:i>.</ns1:p><ns1:p pattern="Block">Our goal is to design a framework and to implement tools that verify if an EARMARK document is compliant to any property<ns1:i pattern="Inline">P</ns1:i>over its syntax, structure and semantics. The same approach can thus be used for common validation as well as for all the other above-mentioned constraints we want to verify on our documents. Our approach – that is meant to be instantiated for each specific case – can be summarized as follows:</ns1:p><ns1:ul pattern="Table" type="number"><ns1:li pattern="Container"><ns1:p pattern="Block">define an ontology fragment<ns1:i pattern="Inline">O</ns1:i>that details the particular property<ns1:i pattern="Inline">P</ns1:i>we want to verify;</ns1:p></ns1:li><ns1:li pattern="Container"><ns1:p pattern="Block">associate the EARMARK document instances to<ns1:i pattern="Inline">O</ns1:i>, so as to obtain an ABox for<ns1:i pattern="Inline">O</ns1:i>;</ns1:p></ns1:li><ns1:li pattern="Container"><ns1:p pattern="Block">use a reasoner to prove whether the ABox is consistent (i.e., that property<ns1:i pattern="Inline">P</ns1:i>is held) or not (and<ns1:i pattern="Inline">P</ns1:i>is not held).</ns1:p></ns1:li></ns1:ul><ns1:div class="section" pattern="HeadedContainer"><ns1:h1 pattern="Block">Defining content-models on EARMARK documents</ns1:h1><ns1:p pattern="Block">In order to illustrate how to assess properties on EARMARK documents defining specific ontologies, we first take into consideration simple syntactical property definitions, such as those specifiable for the content models of markup items using schema languages such as DTD, XML schema or RelaxNG.</ns1:p><ns1:p pattern="Block">For instance, let us consider the following seven-sentences informal description of a schema:</ns1:p><ns1:ul pattern="Table" type="number"><ns1:li pattern="Container"><ns1:p pattern="Block">it is only possible to use elements (e.g., no attributes are allowed anywhere);</ns1:p></ns1:li><ns1:li pattern="Container"><ns1:p pattern="Block">no element is associated to a namespace;</ns1:p></ns1:li><ns1:li pattern="Container"><ns1:p pattern="Block">all elements must specify a general identifier;</ns1:p></ns1:li><ns1:li pattern="Container"><ns1:p pattern="Block">each element contains the other nodes in a specific order;</ns1:p></ns1:li><ns1:li pattern="Container"><ns1:p pattern="Block">no element with a general identifier different from “phrase”, “noun” and “verb” can be used;</ns1:p></ns1:li><ns1:li pattern="Container"><ns1:p pattern="Block">each element with general identifier “phrase” can contain, in any order, only an unlimited number of elements with general identifier “noun” or “verb”, and cannot contain text;</ns1:p></ns1:li><ns1:li pattern="Container"><ns1:p pattern="Block">each element with general identifier “noun” or “verb” can contain only text and no other elements.</ns1:p></ns1:li></ns1:ul><ns1:p pattern="Block">Using a RelaxNG Compact-like syntax<ns1:a class="ref" href="RelaxNG" pattern="Milestone"/>, opportunely extended to allow us to define more than one root element for our documents in the structure<ns1:i pattern="Inline">start</ns1:i>(when applied to XML documents, RelaxNG only allows to define one root), the previous informal schema may be formally expressed as follows:</ns1:p><ns1:p class="code" pattern="Block">start = (e.phrase | e.noun | e.verb)* e.phrase = element phrase { (e.noun | e.verb)* } e.noun = element noun { text } e.verb = element verb { text }</ns1:p><ns1:p pattern="Block">As we have previously introduced, in order to understand whether an EARMARK document is written according to the previous sentences and, consequently, to the previous schema, we have to develop an OWL ontology that implements them. In this case, we can obtain implicit associations between EARMARK document instances and the above property constraints to assess by extending the EARMARK ontology itself.</ns1:p><ns1:p pattern="Block">First of all, we can limit the use of elements (sentence 1) simply defining all markup items equivalent to elements only, as shown in the following excerpt:</ns1:p><ns1:p class="code" pattern="Block">Class: MarkupItem EquivalentTo: Element and not(Attribute or Comment)</ns1:p><ns1:p pattern="Block">This sentence also results in asserting, by inference, that<ns1:i pattern="Inline">Attribute</ns1:i>and<ns1:i pattern="Inline">Comment</ns1:i>are subclass of the OWL class<ns1:i pattern="Inline">Nothing</ns1:i>, which represents the empty set: no individuals can belong to it.</ns1:p><ns1:p pattern="Block">Then, we express sentences 2 to 4 by adding three subclass relations to the<ns1:i pattern="Inline">Element</ns1:i>class:</ns1:p><ns1:p class="code" pattern="Block">Class: Element SubClassOf: hasNamespace exactly 0 , c:List , hasGeneralIdentifier some xsd:string</ns1:p><ns1:p pattern="Block">To express sentences 5 to 7, we create a new object property to describe the parent-child relations among EARMARK nodes (i.e., markup items and ranges):</ns1:p><ns1:p class="code" pattern="Block">ObjectProperty: hasChild SubPropertyChain: c:item o c:itemContent</ns1:p><ns1:p pattern="Block">Since it is defined by a property chain between the properties<ns1:i pattern="Inline">item</ns1:i>and<ns1:i pattern="Inline">itemContent</ns1:i>, we can say that if an Element individual<ns1:i pattern="Inline">e</ns1:i>has an item<ns1:i pattern="Inline">i</ns1:i>that refers to a particular EARMARK node<ns1:i pattern="Inline">m</ns1:i>– that is a typical parent-child relation concerning EARMARK elements expressed by bags or lists – then we can infer that<ns1:i pattern="Inline">e</ns1:i>has<ns1:i pattern="Inline">m</ns1:i>as child.</ns1:p><ns1:p pattern="Block">Then, using this property, we can easily cover the remaining sentences (4-7) by adding another subclass relation to the<ns1:i pattern="Inline">Element</ns1:i>class:</ns1:p><ns1:p class="code" pattern="Block">(hasGeneralIdentifier value 'phrase' and hasChild only (hasGeneralIdentifier some {'noun' , 'verb'})) or ((hasGeneralIdentifier some {'noun' , 'verb'}) and hasChild only Range)</ns1:p><ns1:p pattern="Block">That's it: the above assertions are sufficient to assess whether an EARMARK document is valid against the schema presented<ns1:a class="footnote" href="ftn15" pattern="Milestone"/>. For instance, when we try to verify, through a reasoner, whether the EARMARK document in<ns1:a class="ref" href="secShell" pattern="Milestone"/>is consistent with the model introduced in this section, we will receive an inconsistency exception because the element<ns1:i pattern="Inline">phrase</ns1:i>of the sample document contains free text where it is not allowed<ns1:a class="footnote" href="ftn16" pattern="Milestone"/>.</ns1:p><ns1:p pattern="Block">Property definitions through OWL ontologies can be used to define schemas for EARMARK documents. Yet, rather than discussing validation, that is addressed in other works, such as<ns1:a class="ref" href="b-bib7" pattern="Milestone"/><ns1:a class="ref" href="b-bib5" pattern="Milestone"/><ns1:a class="ref" href="b-bib6" pattern="Milestone"/>), in the following sections we will concentrate, as an extensive example, on the assessment of the properties connected to<ns1:i pattern="Inline">structural patterns</ns1:i>, such as the ones discussed in<ns1:a class="ref" href="b-bib2" pattern="Milestone"/>and<ns1:a class="ref" href="b-bib32" pattern="Milestone"/>.</ns1:p></ns1:div></ns1:div><ns1:div class="section" id="SectionPattern" pattern="HeadedContainer"><ns1:h1 pattern="Block">Using and verifying patterns in EARMARK documents</ns1:h1><ns1:p pattern="Block">In this section we elaborate on the topic of the validity of EARMARK documents against particular theories for document structures, introducing another, much more complex, example of other markup syntactic constraints that goes beyond the common markup content-model validation: the<ns1:i pattern="Inline">structural patterns</ns1:i>. Then we verify these patterns on EARMARK documents with multiple hierarchies and overlapping elements.</ns1:p><ns1:p pattern="Block">Before showing the OWL implementation of these constraints and their use in EARMARK documents, we need to introduce the theory grounding these constraint themselves. Therefore, in<ns1:a class="ref" href="SectionStructuralPatterns" pattern="Milestone"/>we present a meta-level theory for document structures based on specific patterns<ns1:a class="ref" href="b-bib2" pattern="Milestone"/>and then, in<ns1:a class="ref" href="SectionPatternAssess" pattern="Milestone"/>, we implement it in an OWL ontology used for validating EARMARK documents against this theory.</ns1:p><ns1:div class="section" id="SectionStructuralPatterns" pattern="HeadedContainer"><ns1:h1 pattern="Block">Structural patterns</ns1:h1><ns1:p pattern="Block">The idea of using patterns to produce reusable and high-quality assets is not new in the literature. Software engineers<ns1:a class="ref" href="b-bib29" pattern="Milestone"/>, architects (as Alexander who first introduced this term<ns1:a class="ref" href="b-bib30" pattern="Milestone"/>) and designers very often use – or rather<ns1:i pattern="Inline">reuse</ns1:i>– patterns to handle problems which recur over and over. Patterns have also been studied to modularize and customize web ontologies<ns1:a class="ref" href="b-bib31" pattern="Milestone"/>. They guarantee the flexibility and maintainability of concepts and solutions in several heterogeneous scenarios.</ns1:p><ns1:p pattern="Block">We have been investigating patterns for XML documents for some time<ns1:a class="ref" href="b-bib2" pattern="Milestone"/><ns1:a class="ref" href="b-bib32" pattern="Milestone"/>. The overall goal of our research is to understand how the structure of digital documents can be segmented into atomic components, that can be manipulated independently and re-flowed in different contexts. Instead of defining a large number of complex and diversified structures, we have identified a small number of<ns1:i pattern="Inline">structures/patterns</ns1:i>that are sufficient to express what most users need. Our idea is that ten patterns, shown in<ns1:a class="ref" href="patternTable" pattern="Milestone"/>, are enough to capture the most relevant document structures.</ns1:p><ns1:p pattern="Block">The two main characterizing aspects of such pattern theory are:</ns1:p><ns1:ul pattern="Table" type="bullet"><ns1:li pattern="Container"><ns1:p pattern="Block"><ns1:i pattern="Inline">orthogonality</ns1:i>– each pattern has a specific goal and fits a specific context. The orthogonality between patterns makes it possible to associate a single pattern to each of the most common situations in document design. Then, whenever a designer has a particular need he/she has to only select the corresponding pattern and to apply it;</ns1:p></ns1:li><ns1:li pattern="Container"><ns1:p pattern="Block"><ns1:i pattern="Inline">assemblability</ns1:i>– each pattern can be used only in some locations (within other patterns). Although this may seem a limitation, such strictness improves the expressiveness and non-ambiguity of patterns. By limiting the possible choices, patterns prevent the creation of uncontrolled and misleading content structures. This characteristic still allows the presence of overlapping items – for example, a block that contains two different inlines that overlap upon the same segment continues to be a valid structure in terms of patterns because its content model is not violated, even though the presence of overlapping descendants.</ns1:p></ns1:li></ns1:ul><ns1:div class="table" id="patternTable" pattern="Record"><ns1:table pattern="Table" width="16.999cm"><ns1:tr pattern="Table"><ns1:th pattern="Container" width="14.006706276839815%"><ns1:p pattern="Block">Pattern</ns1:p></ns1:th><ns1:th pattern="Container" width="42.06718042237779%"><ns1:p pattern="Block">Description</ns1:p></ns1:th><ns1:th pattern="Container" width="14.765574445555622%"><ns1:p pattern="Block">Example</ns1:p><ns1:p pattern="Block">(XHTML)</ns1:p></ns1:th><ns1:th pattern="Container" width="29.160538855226783%"><ns1:p pattern="Block">May contain</ns1:p></ns1:th></ns1:tr><ns1:tr pattern="Table"><ns1:td pattern="Container" width="14.006706276839815%"><ns1:p pattern="Block">Meta</ns1:p></ns1:td><ns1:td pattern="Container" width="42.06718042237779%"><ns1:p pattern="Block">an empty element whose meaning depends on its presence in a document (rather than on its position) and its attributes</ns1:p></ns1:td><ns1:td pattern="Container" width="14.765574445555622%"><ns1:p pattern="Block">meta</ns1:p></ns1:td><ns1:td pattern="Container" width="29.160538855226783%"><ns1:p pattern="Block">EMPTY</ns1:p></ns1:td></ns1:tr><ns1:tr pattern="Table"><ns1:td pattern="Container" width="14.006706276839815%"><ns1:p pattern="Block">Milestone</ns1:p></ns1:td><ns1:td pattern="Container" width="42.06718042237779%"><ns1:p pattern="Block">an empty element whose meaning depends on its position</ns1:p></ns1:td><ns1:td pattern="Container" width="14.765574445555622%"><ns1:p pattern="Block">br</ns1:p></ns1:td><ns1:td pattern="Container" width="29.160538855226783%"><ns1:p pattern="Block">EMPTY</ns1:p></ns1:td></ns1:tr><ns1:tr pattern="Table"><ns1:td pattern="Container" width="14.006706276839815%"><ns1:p pattern="Block">Atom</ns1:p></ns1:td><ns1:td pattern="Container" width="42.06718042237779%"><ns1:p pattern="Block">a unit of unstructured information</ns1:p></ns1:td><ns1:td pattern="Container" width="14.765574445555622%"><ns1:p pattern="Block">title</ns1:p></ns1:td><ns1:td pattern="Container" width="29.160538855226783%"><ns1:p pattern="Block">text</ns1:p></ns1:td></ns1:tr><ns1:tr pattern="Table"><ns1:td pattern="Container" width="14.006706276839815%"><ns1:p pattern="Block">Block</ns1:p></ns1:td><ns1:td pattern="Container" width="42.06718042237779%"><ns1:p pattern="Block">a block of text mixed with unordered and repeatable inline elements, with the same content model</ns1:p></ns1:td><ns1:td pattern="Container" width="14.765574445555622%"><ns1:p pattern="Block">p</ns1:p></ns1:td><ns1:td pattern="Container" width="29.160538855226783%"><ns1:p pattern="Block">text, milestone, inline, popup</ns1:p></ns1:td></ns1:tr><ns1:tr pattern="Table"><ns1:td pattern="Container" width="14.006706276839815%"><ns1:p pattern="Block">Inline</ns1:p></ns1:td><ns1:td pattern="Container" width="42.06718042237779%"><ns1:p pattern="Block">a block of text mixed with unordered and repeatable inline elements, with the same content model</ns1:p></ns1:td><ns1:td pattern="Container" width="14.765574445555622%"><ns1:p pattern="Block">i</ns1:p></ns1:td><ns1:td pattern="Container" width="29.160538855226783%"><ns1:p pattern="Block">text, milestone, inline, popup</ns1:p></ns1:td></ns1:tr><ns1:tr pattern="Table"><ns1:td pattern="Container" width="14.006706276839815%"><ns1:p pattern="Block">Container</ns1:p></ns1:td><ns1:td pattern="Container" width="42.06718042237779%"><ns1:p pattern="Block">a sequence of heterogeneous, unordered, optional and repeatable elements</ns1:p></ns1:td><ns1:td pattern="Container" width="14.765574445555622%"><ns1:p pattern="Block">body</ns1:p></ns1:td><ns1:td pattern="Container" width="29.160538855226783%"><ns1:p pattern="Block">meta, atom, block, record, container, table</ns1:p></ns1:td></ns1:tr><ns1:tr pattern="Table"><ns1:td pattern="Container" width="14.006706276839815%"><ns1:p pattern="Block">Headed Container</ns1:p></ns1:td><ns1:td pattern="Container" width="42.06718042237779%"><ns1:p pattern="Block">a sequence of heterogeneous, unordered, optional and repeatable elements headed by a sequence of blocks</ns1:p></ns1:td><ns1:td pattern="Container" width="14.765574445555622%"><ns1:p pattern="Block">div that contains h1</ns1:p></ns1:td><ns1:td pattern="Container" width="29.160538855226783%"><ns1:p pattern="Block">meta, atom, block, record, container, table</ns1:p></ns1:td></ns1:tr><ns1:tr pattern="Table"><ns1:td pattern="Container" width="14.006706276839815%"><ns1:p pattern="Block">Record</ns1:p></ns1:td><ns1:td pattern="Container" width="42.06718042237779%"><ns1:p pattern="Block">a set of optional, heterogeneous and non-repeatable elements</ns1:p></ns1:td><ns1:td pattern="Container" width="14.765574445555622%"><ns1:p pattern="Block">html</ns1:p></ns1:td><ns1:td pattern="Container" width="29.160538855226783%"><ns1:p pattern="Block">meta, atom, block, record, container, table</ns1:p></ns1:td></ns1:tr><ns1:tr pattern="Table"><ns1:td pattern="Container" width="14.006706276839815%"><ns1:p pattern="Block">Table</ns1:p></ns1:td><ns1:td pattern="Container" width="42.06718042237779%"><ns1:p pattern="Block">a sequence of homogeneous elements</ns1:p></ns1:td><ns1:td pattern="Container" width="14.765574445555622%"><ns1:p pattern="Block">ul</ns1:p></ns1:td><ns1:td pattern="Container" width="29.160538855226783%"><ns1:p pattern="Block">meta, atom, block, record, container, table</ns1:p></ns1:td></ns1:tr><ns1:tr pattern="Table"><ns1:td pattern="Container" width="14.006706276839815%"><ns1:p pattern="Block">Popup</ns1:p></ns1:td><ns1:td pattern="Container" width="42.06718042237779%"><ns1:p pattern="Block">a sequence of heterogeneous, unordered, optional and repeatable elements</ns1:p></ns1:td><ns1:td pattern="Container" width="14.765574445555622%"><ns1:p pattern="Block">iframe</ns1:p></ns1:td><ns1:td pattern="Container" width="29.160538855226783%"><ns1:p pattern="Block">meta, atom, block, record, container, table</ns1:p></ns1:td></ns1:tr></ns1:table><ns1:p class="caption" pattern="Block">A brief summary of the structural pattern theory of<ns1:a class="ref" href="b-bib2" pattern="Milestone"/>extended with two more patterns:<ns1:i pattern="Inline">headed container</ns1:i>and<ns1:i pattern="Inline">popup</ns1:i>.</ns1:p></ns1:div><ns1:p pattern="Block">These patterns allow authors to create unambiguous, manageable and well-structured documents. The regularity of pattern-based documents makes it possible to perform easily complex operations even when knowing very little about the documents' vocabulary. In fact, designers can implement more reliable and efficient tools, can make hypotheses regarding the meanings of document fragments, can identify singularities and can study global properties of sets of documents.</ns1:p><ns1:p pattern="Block">There are two main methods to check if (and how) a document uses patterns or can be normalized into a new pattern-based resource. A procedural approach requires<ns1:i pattern="Inline">ad hoc</ns1:i>tools – written in a procedural programming language and running on a software platform – that are difficult to write, test, maintain, and extend. A declarative approach, on the other hand, guarantees more flexibility, extensibility and portability. The ontological model adopted by EARMARK is particularly suitable for such a context: verifying that a document meets the requirements given by patterns, in fact, only requires verification using a reasoner of some properties of an OWL ontology.</ns1:p><ns1:p pattern="Block">In the next section we will propose an example of this approach, made even more complex by the presence of an overlapping structure that makes property verification through XML technologies much more complex, and possibly even impossible.</ns1:p></ns1:div><ns1:div class="section" id="SectionPatternAssess" pattern="HeadedContainer"><ns1:h1 pattern="Block">Assessing structural patterns on EARMARK documents</ns1:h1><ns1:p pattern="Block">The first step to verify patterns-related properties of EARMARK documents is obviously to build an ontology that describes such patterns and their relationships. We developed the ontology through a set of hierarchical class/sub-class relations, summarized in<ns1:a class="ref" href="pattern" pattern="Milestone"/>.</ns1:p><ns1:p pattern="Block">We have three levels of abstraction modelling different aspects of our theory:</ns1:p><ns1:ul pattern="Table" type="bullet"><ns1:li pattern="Container"><ns1:p pattern="Block">the<ns1:i pattern="Inline">top-level</ns1:i>classes describe the general features of a pattern. In particular, they characterize their content model expressing the possibility for the element to contain text (<ns1:i pattern="Inline">Textual</ns1:i>) or not (<ns1:i pattern="Inline">Structural</ns1:i>) and to contain other elements (<ns1:i pattern="Inline">Hierarchical</ns1:i>) or not (<ns1:i pattern="Inline">Leaf</ns1:i>);</ns1:p></ns1:li><ns1:li pattern="Container"><ns1:p pattern="Block">the<ns1:i pattern="Inline">middle-level</ns1:i>classes model all the combinations of top-level classes and express their disjointness;</ns1:p></ns1:li><ns1:li pattern="Container"><ns1:p pattern="Block">the<ns1:i pattern="Inline">bottom-level</ns1:i>classes include all the “instanceable” classes, i.e., all those classes which document elements can explicitly belong to.</ns1:p></ns1:li></ns1:ul><ns1:p pattern="Block">This ontology allows us to verify whether or not an EARMARK document follows the structural patterns. In particular, it allows us to verify if a given association between elements and patterns (that assigns one pattern to each element) is valid. That, again, means checking whether the ontological association of each element to a particular pattern is consistent.</ns1:p><ns1:p pattern="Block">For assessing patterns on an EARMARK document<ns1:i pattern="Inline">D</ns1:i>, we need to apply the following steps:</ns1:p><ns1:ul pattern="Table" type="number"><ns1:li pattern="Container"><ns1:p pattern="Block">for each element in<ns1:i pattern="Inline">D</ns1:i>, associate an instanceable pattern to the element;</ns1:p></ns1:li><ns1:li pattern="Container"><ns1:p pattern="Block">for each element in<ns1:i pattern="Inline">D</ns1:i>, assert the element<ns1:i pattern="Inline"/>belongs to the class defined by the restriction<ns1:span class="code" pattern="Inline">isContainedBy exactly 0 Pattern</ns1:span>whether it is not contained by any other element – where<ns1:i pattern="Inline">isContainedBy</ns1:i>is the inverse property of property<ns1:i pattern="Inline">contains</ns1:i>shown in<ns1:a class="ref" href="pattern" pattern="Milestone"/>;</ns1:p></ns1:li><ns1:li pattern="Container"><ns1:p pattern="Block">launch a reasoner to check if the pattern ontology with these added assertions is consistent (all the pattern constraints hold) or not (there are some errors when assigning patterns to elements).</ns1:p></ns1:li></ns1:ul><ns1:p pattern="Block">Before presenting experimental results, let us show some excerpts from the pattern ontology developed, just to sketch out how we formally define those structural properties. First of all, we need to express containment relations among patterns through specific OWL object properties, as shown as follows.</ns1:p><ns1:p class="code" pattern="Block">ObjectProperty: contains Domain: Hierarchical Range: Pattern ObjectProperty: isContainedBy InverseOf: contains</ns1:p><ns1:div class="picture" id="pattern" pattern="Record"><ns1:p class="img.block" pattern="Block"><ns1:img class="13.682cm-12.799cm" pattern="Milestone" src="100000000000027B0000025203FAE60E.png"/></ns1:p><ns1:p class="caption" pattern="Block">The ontology describing the patterns theory</ns1:p></ns1:div><ns1:p pattern="Block">Expressing EARMARK markup item containments in terms of these two properties is straightforward by using particular rules to infer new assertions:</ns1:p><ns1:p class="code" pattern="Block">MarkupItem(x), c:Set(x), c:element(x,y), MarkupItem(y) -&gt; contains(x,y) MarkupItem(x), c:item(x,y), itemContent(y,z), MarkupItem(z) -&gt; contains(x,z)</ns1:p><ns1:p pattern="Block">Taking into consideration the above properties and assertions, we illustrate, as example, the definition of<ns1:i pattern="Inline">inline</ns1:i>and<ns1:i pattern="Inline">block</ns1:i>patterns, discussing the main differences among them. We implement them through two OWL classes:</ns1:p><ns1:p class="code" pattern="Block">Class: Inline SubClassOf: Mixed and contains only (Inline or Milestone or Popup) , isContainedBy some Block Class: Block SubClassOf: Mixed and contains only (Inline or Milestone or Popup) DisjointWith: Inline</ns1:p><ns1:p pattern="Block">As shown, content models for these classes are defined by adding restrictions in form of superclasses, such as:</ns1:p><ns1:p class="code" pattern="Block">Mixed and contains only (Inline or Milestone or Popup)</ns1:p><ns1:p pattern="Block">All<ns1:i pattern="Inline">Textual</ns1:i>individuals are inferred starting from markup items containing some ranges:</ns1:p><ns1:p class="code" pattern="Block">MarkupItem(x), c:Set(x), c:element(x,y), Range(y) -&gt; Textual(x) MarkupItem(x), c:item(x,y), c:itemContent(y,z), Range(z) -&gt; Textual(x)</ns1:p><ns1:p pattern="Block">Although we cannot discuss any structural pattern implementation in this paper because of space limits, the entire pattern ontology definition is available online<ns1:a class="footnote" href="ftn17" pattern="Milestone"/>and uses SWRL<ns1:a class="ref" href="b-bib11" pattern="Milestone"/>as the rule language.</ns1:p></ns1:div><ns1:div class="section" pattern="HeadedContainer"><ns1:h1 pattern="Block">Experimental results</ns1:h1><ns1:p pattern="Block">In the following we discuss an explicative example on the first three verses of the<ns1:i pattern="Inline">Paradise Lost</ns1:i>by John Milton, which are often quoted as a standard example for enjambement in poetry:</ns1:p><ns1:div class="picture" id="patternExample" pattern="Record"><ns1:p class="img.block" pattern="Block"><ns1:img class="11.017cm-7.392cm" pattern="Milestone" src="100000000000030700000208CB3BFE5B.png"/></ns1:p><ns1:p class="caption" pattern="Block">The EARMARK document, in the form of a graph, of the first three verses of the Paradise Lost by John Milton.</ns1:p></ns1:div><ns1:p class="quote" pattern="Block">Of Man's first disobedience, and the fruit</ns1:p><ns1:p class="quote" pattern="Block">Of that forbidden tree whose mortal taste</ns1:p><ns1:p class="quote" pattern="Block">Brought death into the World</ns1:p><ns1:p pattern="Block">We want to describe two different hierarchies, one for the verses and another one for the syntactical units giving rise to the enjambments, and we use an HTML-like syntax for the general identifiers.<ns1:a class="ref" href="patternExample" pattern="Milestone"/>shows the graph representation of a corresponding EARMARK document<ns1:a class="footnote" href="ftn18" pattern="Milestone"/>.</ns1:p><ns1:p pattern="Block"><ns1:a class="ref" href="test" pattern="Milestone"/>summarizes our experiments running a reasoner to verify patterns on the previous example<ns1:a class="footnote" href="ftn19" pattern="Milestone"/>. We tried eight different combinations of patterns and – for each combination – we checked whether it generated a consistent ontology.</ns1:p><ns1:p pattern="Block">The fourth column of the table shows the output of the reasoner. The answer “yes” indicates that a specific combination does not violate the constraints of the relevant patterns. That combination is then valid and can be used for identifying structural roles of document's elements. Negative results are very relevant because the reasoner is able to identify that requirements are not respected, and why. For instance, the reasoner detects that an element<ns1:i pattern="Inline">div</ns1:i>cannot be an inline, being the root of a hierarchy.</ns1:p><ns1:div class="table" id="test" pattern="Record"><ns1:table pattern="Table" width="16.999cm"><ns1:tr pattern="Table"><ns1:th pattern="Container" width="12.277192776045649%"><ns1:p pattern="Block">div</ns1:p></ns1:th><ns1:th pattern="Container" width="8.80051767751044%"><ns1:p pattern="Block">p</ns1:p></ns1:th><ns1:th pattern="Container" width="20.8129889993529%"><ns1:p pattern="Block">span</ns1:p></ns1:th><ns1:th pattern="Container" width="58.109300547091%"><ns1:p pattern="Block">Is the ontology still consistent?</ns1:p></ns1:th></ns1:tr><ns1:tr pattern="Table"><ns1:td pattern="Container" width="12.277192776045649%"><ns1:p pattern="Block">container</ns1:p></ns1:td><ns1:td pattern="Container" width="8.80051767751044%"><ns1:p pattern="Block">block</ns1:p></ns1:td><ns1:td pattern="Container" width="20.8129889993529%"><ns1:p pattern="Block">atom</ns1:p></ns1:td><ns1:td pattern="Container" width="58.109300547091%"><ns1:p pattern="Block">yes</ns1:p></ns1:td></ns1:tr><ns1:tr pattern="Table"><ns1:td pattern="Container" width="12.277192776045649%"><ns1:p pattern="Block">container</ns1:p></ns1:td><ns1:td pattern="Container" width="8.80051767751044%"><ns1:p pattern="Block">block</ns1:p></ns1:td><ns1:td pattern="Container" width="20.8129889993529%"><ns1:p pattern="Block">inline</ns1:p></ns1:td><ns1:td pattern="Container" width="58.109300547091%"><ns1:p pattern="Block">no: a container (syntax) cannot contain inline</ns1:p></ns1:td></ns1:tr><ns1:tr pattern="Table"><ns1:td pattern="Container" width="12.277192776045649%"><ns1:p pattern="Block">block</ns1:p></ns1:td><ns1:td pattern="Container" width="8.80051767751044%"><ns1:p pattern="Block">block</ns1:p></ns1:td><ns1:td pattern="Container" width="20.8129889993529%"><ns1:p pattern="Block">inline</ns1:p></ns1:td><ns1:td pattern="Container" width="58.109300547091%"><ns1:p pattern="Block">no: a block (stanza) cannot contain at any level another block</ns1:p></ns1:td></ns1:tr><ns1:tr pattern="Table"><ns1:td pattern="Container" width="12.277192776045649%"><ns1:p pattern="Block">block</ns1:p></ns1:td><ns1:td pattern="Container" width="8.80051767751044%"><ns1:p pattern="Block">inline</ns1:p></ns1:td><ns1:td pattern="Container" width="20.8129889993529%"><ns1:p pattern="Block">inline</ns1:p></ns1:td><ns1:td pattern="Container" width="58.109300547091%"><ns1:p pattern="Block">yes</ns1:p></ns1:td></ns1:tr><ns1:tr pattern="Table"><ns1:td pattern="Container" width="12.277192776045649%"><ns1:p pattern="Block">inline</ns1:p></ns1:td><ns1:td pattern="Container" width="8.80051767751044%"><ns1:p pattern="Block">inline</ns1:p></ns1:td><ns1:td pattern="Container" width="20.8129889993529%"><ns1:p pattern="Block">inline</ns1:p></ns1:td><ns1:td pattern="Container" width="58.109300547091%"><ns1:p pattern="Block">no: inlines (both stanza and syntax) cannot be the root of a hierarchy</ns1:p></ns1:td></ns1:tr><ns1:tr pattern="Table"><ns1:td pattern="Container" width="12.277192776045649%"><ns1:p pattern="Block">block</ns1:p></ns1:td><ns1:td pattern="Container" width="8.80051767751044%"><ns1:p pattern="Block">inline</ns1:p></ns1:td><ns1:td pattern="Container" width="20.8129889993529%"><ns1:p pattern="Block">inline for unit1 and atom for unit2</ns1:p></ns1:td><ns1:td pattern="Container" width="58.109300547091%"><ns1:p pattern="Block">no: elements with the same general identifier (unit1 and unit2) must have the same pattern</ns1:p></ns1:td></ns1:tr><ns1:tr pattern="Table"><ns1:td pattern="Container" width="12.277192776045649%"><ns1:p pattern="Block">atom</ns1:p></ns1:td><ns1:td pattern="Container" width="8.80051767751044%"><ns1:p pattern="Block">atom</ns1:p></ns1:td><ns1:td pattern="Container" width="20.8129889993529%"><ns1:p pattern="Block">atom</ns1:p></ns1:td><ns1:td pattern="Container" width="58.109300547091%"><ns1:p pattern="Block">no: atoms (both stanza and syntax) cannot contain other elements</ns1:p></ns1:td></ns1:tr><ns1:tr pattern="Table"><ns1:td pattern="Container" width="12.277192776045649%"><ns1:p pattern="Block">table</ns1:p></ns1:td><ns1:td pattern="Container" width="8.80051767751044%"><ns1:p pattern="Block">atom</ns1:p></ns1:td><ns1:td pattern="Container" width="20.8129889993529%"><ns1:p pattern="Block">atom</ns1:p></ns1:td><ns1:td pattern="Container" width="58.109300547091%"><ns1:p pattern="Block">yes</ns1:p></ns1:td></ns1:tr><ns1:tr pattern="Table"><ns1:td pattern="Container" width="12.277192776045649%"><ns1:p pattern="Block">record</ns1:p></ns1:td><ns1:td pattern="Container" width="8.80051767751044%"><ns1:p pattern="Block">atom</ns1:p></ns1:td><ns1:td pattern="Container" width="20.8129889993529%"><ns1:p pattern="Block">atom</ns1:p></ns1:td><ns1:td pattern="Container" width="58.109300547091%"><ns1:p pattern="Block">no: records (stanza and syntax) can contain only elements with different general identifiers</ns1:p></ns1:td></ns1:tr></ns1:table><ns1:p class="caption" pattern="Block">Testing associations between elements and patterns on the “Paradise Lost” example through an OWL reasoner.</ns1:p></ns1:div><ns1:p pattern="Block">Although this example is very simple (and focusses only on a few patterns), it should give readers the idea of how a reasoner and the ontological descriptions of a set of constraints can give validity results on rules expressed over an EARMARK document, and regardless of whether the document is in fact a single hierarchy (i.e., an XML document) or actually represents a multiplicity of hierarchies hard or impossible to express in XML. The fact that here we deal with patterns is just an example, and does not affect the generality and applicability of this approach: additional classes and additional SWRL rules would allow us to test other properties of the same documents.</ns1:p></ns1:div></ns1:div><ns1:div class="section" id="SectionRelatedWorks" pattern="HeadedContainer"><ns1:h1 pattern="Block">Related Works</ns1:h1><ns1:p pattern="Block">Three particular topics are relevant to what we examine in this work: the ontological declaration of markup on resources, the ontological representation of digital document properties such as schema validity and other non-ontological approaches for validating complex overlapping structures.</ns1:p><ns1:p pattern="Block">The first issue for ontological declaration of markup is to find a way to define locations and ranges on a particular text. A W3C activity<ns1:a class="ref" href="b-bib16" pattern="Milestone"/>proposes to address this issue. In this approach, the authors propose an ontology in which the various classes refer to different kinds of points that can be used to identify particular positions in a digital document, particularly XML and HTML structures. Through this ontology, we can define single points using one of several sub-classes of<ns1:i pattern="Inline">SinglePoint</ns1:i>(e.g.,<ns1:i pattern="Inline">XPathPointer</ns1:i>,<ns1:i pattern="Inline">ExpressionPointer</ns1:i>,<ns1:i pattern="Inline">XPointerPointer</ns1:i>, etc.), and ranges using specific sub-classes of<ns1:i pattern="Inline">CompoundPointer</ns1:i>.</ns1:p><ns1:p pattern="Block">After defining ranges of text content, the next step is to design a model that allows markup structures for the ranges. One of the best contributions in addressing that issue is presented in<ns1:a class="ref" href="b-bib14" pattern="Milestone"/>. This study represents one of the first real inputs for our work. It offers an interesting way to encode text content into RDF resources – marking them up through a particular OWL ontology expressing the various parts of discourse – and allowing the simultaneous presence of multiple (and possibly overlapping) hierarchies. The result of this work is the development of a framework, called<ns1:i pattern="Inline">RDF Textual Encoding Framework</ns1:i>(or<ns1:i pattern="Inline">RDFTEF</ns1:i><ns1:a class="footnote" href="ftn20" pattern="Milestone"/>), that supports textual encodings for RDF and OWL, allowing expression of textual annotations in RDF/XML.</ns1:p><ns1:p pattern="Block">After generating a well-defined document structure mapped into ontological assertions, we would like to verify whether it satisfies some particular properties or not – for example, validation against a document schema. Document schemas can also be good starting points for developing or reengineering ontologies, as pointed out in<ns1:a class="ref" href="b-bib5" pattern="Milestone"/>. Proposing a translation mechanism from an XML document into a set of RDF assertions that describe it, the authors' main aim is to define a way to translate an XML Schema document into an OWL ontology in order to obtain a complete TBox+ABox from a document with markup and its schema.</ns1:p><ns1:p pattern="Block">Similar to the previous work but following a different approach,<ns1:a class="ref" href="b-bib6" pattern="Milestone"/>introduces a framework for producing an ABox starting from an XML document, passing through an existing OWL ontology and the XML Schema document used by the original document. The<ns1:i pattern="Inline">JXML2OWL</ns1:i><ns1:a class="footnote" href="ftn21" pattern="Milestone"/>framework thus generates such an Abox via some XSLT processing, made possible through handmade associations between the XML Schema declarations and the OWL classes. The result of this process is a set of OWL instances related to the OWL ontology used for the transformation. Proving the consistency of these instances with respect to the ontology means verifying the validity of the original document against the referred schema.</ns1:p><ns1:p pattern="Block">Another study that works similarly is<ns1:a class="ref" href="b-bib7" pattern="Milestone"/>. After introducing the main differences between XML Schema and ontologies in general, the authors propose an ontology-based approach for representing mappings between that document schema language and ontologies. The goals of this work are round-trip translations from an XML document into ontology instances and the realization of an ontology-mediated transformation between different XML documents, in order to allow seamless data exchange between heterogeneous XML data source.</ns1:p><ns1:p pattern="Block">Considering non-ontological approaches, the<ns1:i pattern="Inline">rabbit/duck grammars</ns1:i>mechanism<ns1:a class="ref" href="SperbergMcQueenRabbitDuck" pattern="Milestone"/><ns1:a class="ref" href="SperbergMcQueenRabbitDuck" pattern="Milestone"/><ns1:a class="ref" href="SperbergMcQueenRabbitDuck" pattern="Milestone"/>is a good technique for the validation of documents with overlaps. The basic idea of this approach is simple: to define different document schemas whose intersection describes the markup language to be validated. In each schema, each markup element is associated to one out of four classes –<ns1:i pattern="Inline">normal</ns1:i>,<ns1:i pattern="Inline">milestones</ns1:i>,<ns1:i pattern="Inline">transparent</ns1:i>and<ns1:i pattern="Inline">opaque</ns1:i>– that define how elements have to be considered in the context of the schema taken into consideration. Given a complete set of rabbit/duck grammars, each element must belong to the class<ns1:i pattern="Inline">normal</ns1:i>in at least one schema of the set. Then, a document is considered valid against the set of rabbit/duck grammars if and only if it is valid against each schema in the set.</ns1:p></ns1:div><ns1:div class="section" id="SectionConclusions" pattern="HeadedContainer"><ns1:h1 pattern="Block">Conclusion and future works</ns1:h1><ns1:p pattern="Block">EARMARK is proving to be not just a mere exercise in substituting embedded markup with OWL assertions, but a tool to prove that any feature that was available in XML markup can still be kept with a Semantic Web mindset, yet without the limitations that embedding brings along, such as single hierarchy and forced containment. Being able to verify arbitrary rules on markup and content, and on multi-hierarchical documents seems a reasonably strong result so far.</ns1:p><ns1:p pattern="Block">Apart from that, a number of interesting applications can be understood better through EARMARK: from the problem, well-known in overlapping communities, of identifying enjambments<ns1:a class="ref" href="b-bib1" pattern="Milestone"/>in poems expressed in TEI<ns1:a class="ref" href="b-bib15" pattern="Milestone"/>, to a newer issue of correctly describing the versioning events of an office documents over which change tracking has been activated<ns1:a class="ref" href="EKAW" pattern="Milestone"/>, to the currently unexplored problem of purging malicious edits in a wiki page without affecting temporally subsequent, yet legitimate edits. In all these situations, the complex interweaving of annotations on content and annotations drawn from markup can be managed easily and fruitfully with the aid of the EARMARK ontology and model.</ns1:p><ns1:p pattern="Block">Of course, work on EARMARK is far from being finished. Embedding and disembedding tools need to be generated, so as to be able to convert XML documents back and forth to EARMARK, and simple mechanisms for turning schema documents into TBox ontologies for EARMARK are yet to be delivered. We will also explore more deeply all those languages, models and techniques that allow to formally specify, at the same time, different semantics for markup.</ns1:p></ns1:div><ns1:div class="acknowledgements" id="ack" pattern="HeadedContainer"><ns1:h1 pattern="Block">Acknowledgements</ns1:h1><ns1:p pattern="Block">The authors wish to thank Michael Sperberg-McQueen, for his deep and passionate remarks about EARMARK, and Federico Meschini, for strongly supporting the ideas behind our project.</ns1:p></ns1:div><ns1:div class="bibliography" id="b" pattern="HeadedContainer"><ns1:h1 pattern="Block">References</ns1:h1><ns1:ul pattern="Table" type="bullet"><ns1:li id="b-bib1" pattern="Container"><ns1:p pattern="Block">Di Iorio, A., Peroni, S., Vitali, F. (2009). Towards markup support for full GODDAGs and beyond: the EARMARK approach. In Proceedings of Balisage: The Markup Conference 2009, held in Montreal, Canada, 11-14 August 2009. Balisage Series on Markup Technologies, vol. 3 (2009). doi:10.4242/BalisageVol3.Peroni01.</ns1:p></ns1:li><ns1:li id="b-bib2" pattern="Container"><ns1:p pattern="Block">Dattolo, A., Di Iorio, A., Duca, S., Feliziani, A.A., Vitali, F. (2007). Structural patterns for descriptive documents. In Proceedings of the 7th International Conference on Web Engineering 2007 (ICWE 2007), held in Como, Italy, 16-20 July 2007. Lecture Notes in Computer Science, 2007, Volume 4607/2007, 421-426, Springer.</ns1:p></ns1:li><ns1:li id="b-bib5" pattern="Container"><ns1:p pattern="Block">Ferdinand, M., Zirpins, C., Trastour, D. (2004). Lifting Xml Schema to Owl. In Proceedings of the 4th International Conference on Web Engineering 2004 (ICWE 2004), held in Munich, Germany, 26-30 July 2004. Lecture Notes in Computer Science, 2004, Volume 3140/2004, 776-777, Springer.</ns1:p></ns1:li><ns1:li id="b-bib6" pattern="Container"><ns1:p pattern="Block">Rodrigues, T., Rosa, P., Cardoso, J. (2006). Mapping Xml to Existing Owl Ontologies. In Proceedings of the IADIS International conference on WWW/Internet 2006, held in Murcia, Spain, 5-8 October 2006. 72-77, IADIS.</ns1:p></ns1:li><ns1:li id="b-bib7" pattern="Container"><ns1:p pattern="Block">Yang, K., Steele, R., Lo, A. (2007). An Ontology for Xml Schema to Ontology Mapping Representation. In Proceedings of the 9th International Conference on Information Integration and Web-based Applications &amp; Services (iiWAS 2007), held in Jakarta, Indonesia, 3-5 December 2007. Band (volume) 229, 101-111, Austrian Computer Society.</ns1:p></ns1:li><ns1:li id="b-bib11" pattern="Container"><ns1:p pattern="Block">Horrocks, I., Patel-Schneider, P. F., Boley, H. Tabet, S., Grosof, B., Dean, M. (2004). SWRL: A Semantic Web Rule Language Combining OWL and RuleML. W3C Member Submission. World Wide Web Consortium, 21 May 2004, http://www.w3.org/Submission/SWRL/ (last visited 17 November 2010).</ns1:p></ns1:li><ns1:li id="b-bib12" pattern="Container"><ns1:p pattern="Block">Tennison, J., Piez, W. (2002). The Layered Markup and Annotation Language (LMNL). Presented during the Extreme Markup Languages Conference 2002, held in Montreal, Canada, 4-9 August 2002. http://xml.coverpages.org/LMNL-Abstract.html (last visited 17 November 2010).</ns1:p></ns1:li><ns1:li id="b-bib13" pattern="Container"><ns1:p pattern="Block">Goldfarb, C. F. (1990). The SGML Handbook. Oxford University Press.</ns1:p></ns1:li><ns1:li id="b-bib14" pattern="Container"><ns1:p pattern="Block">Tummarello, G., Morbidni, C., Pierazzo, E. (2005). Toward textual encoding based on RDF. In Proceedings of the 9th ICCC Conference on Electronic Publishing (ELPUB 2005), held in Leuven, Belgium, 8-10 June 2005. Peeters Publishing. http://elpub.scix.net/data/works/att/206elpub2005.content.pdf (last visited 17 November 2010).</ns1:p></ns1:li><ns1:li id="b-bib15" pattern="Container"><ns1:p pattern="Block">TEI Consortium (2005). TEI P5: Guidelines for Electronic Text Encoding and Interchange. TEI Consortium. http://www.tei-c.org/Guidelines/P5 (last visited 17 November 2010).</ns1:p></ns1:li><ns1:li id="b-bib16" pattern="Container"><ns1:p pattern="Block">Iglesias, C., Squillace, M. (2009). Pointer Methods in RDF 1.0. W3C Working Draft. World Wide Web Consortium, 29 October 2009, http://www.w3.org/TR/Pointers-in-RDF10/ (last visited 17 November 2010).</ns1:p></ns1:li><ns1:li id="b-bib29" pattern="Container"><ns1:p pattern="Block">Gamma, E., Helm, R., Johnson, R., Vlissides, J. (1994). Patterns: Elements of Reusable Object-Oriented Software. Addison-Wesley.</ns1:p></ns1:li><ns1:li id="b-bib30" pattern="Container"><ns1:p pattern="Block">Alexander, C. (1979). The Timeless Way of Building. Oxford University Press.</ns1:p></ns1:li><ns1:li id="b-bib31" pattern="Container"><ns1:p pattern="Block">Presutti, V., Gangemi, A. (2008). Content Ontology Design Patterns as practical building blocks for web ontologies. In Proceedings of the 27th International Conference on Conceptual Modeling (ER 2008), held in Barcelona, Spain, 20-24 October 2008. Lecture Notes in Computer Science, 2008, 5231/2008, 128-141, Springer.</ns1:p></ns1:li><ns1:li id="b-bib32" pattern="Container"><ns1:p pattern="Block">Di Iorio, A., Gubellini, D., Vitali, F. (2005). Design patterns for document substructures. In Proceedings the Extreme Markup Languages Conference 2005, held in Montreal, Canada, 1-5 August 2005. IDEAlliance. http://conferences.idealliance.org/extreme/html/2005/Vitali01/ EML2005Vitali01.html (last visited 17 November 2010).</ns1:p></ns1:li><ns1:li id="b-bib34" pattern="Container"><ns1:p pattern="Block">Berglund, A., Boag, S., Chamberlin, D., Fernández, M. F., Kay, M., Robie, J., Siméon, J. (2007). XML Path Language (XPath) 2.0. W3C Recommendation. World Wide Web Consortium, 23 January 2007, http://www.w3.org/TR/xpath20/ (last visited 17 November 2010).</ns1:p></ns1:li><ns1:li id="DOCENG" pattern="Container"><ns1:p pattern="Block">Peroni, S., Vitali, F. (2009). Annotations with EARMARK for arbitrary, overlapping and out-of order markup. In Proceedings of the 2009 ACM Symposium on Document Engineering (DocEng 2009), held in Munich, Germany, 21-24 September 2010. 171-180, ACM.</ns1:p></ns1:li><ns1:li id="RelaxNG" pattern="Container"><ns1:p pattern="Block">Clark, J. (2002). RELAX NG Compact Syntax. Committee Specification. Organization for the Advancement of Structured Information Standards. http://relaxng.org/compact-20021121.html (last visited 17 November 2010).</ns1:p></ns1:li><ns1:li id="ManchesterSyntax" pattern="Container"><ns1:p pattern="Block">Horridge, M., Patel-Schneider, P. (2009). OWL 2 Web Ontology Language: Manchester Syntax. W3C Working Group Note. World Wide Web Consortium, 27 October 2009, http://www.w3.org/TR/owl2-manchester-syntax/ (last visited 17 November 2010).</ns1:p></ns1:li><ns1:li id="EKAW" pattern="Container"><ns1:p pattern="Block">Di Iorio, A., Peroni, S., Vitali, F. (2010). Handling markup overlaps using OWL. In Proceedings of the 17th International Conference on Knowledge Engineering and Knowledge Management (EKAW 2010), held in Lisbon, Portugal, 11-15 October 2010. Lecture Notes in Artificial Intelligence, 2010, 6317/2010, 391-400, Springer.</ns1:p></ns1:li><ns1:li id="RDFa" pattern="Container"><ns1:p pattern="Block">Adida, B., Birbeck, M., McCarron, S., Pemberton, S. (2008). RDFa in XHTML: Syntax and processing. W3C Recommendation. World Wide Web Consortium, 14 October 2008, http://www.w3.org/TR/rdfa-syntax/ (last visited 17 November 2010).</ns1:p></ns1:li><ns1:li id="HuitfeldtTexMECS" pattern="Container"><ns1:p pattern="Block">Huitfeldt, C., Sperberg-McQueen, C. M. (2003). TexMECS: An experimental markup meta-language for complex documents. Working paper of the project Markup Languages for Complex Documents (MLCD), University of Bergen. January 2001, rev. October 2003. http://decentius.aksis.uib.no/mlcd/2003/Papers/texmecs.html (last visited 17 November 2010).</ns1:p></ns1:li><ns1:li id="SperbergMcQueenGODDAG" pattern="Container"><ns1:p pattern="Block">Sperberg-McQueen, C.M., Huitfeldt, C. (2004). GODDAG: A Data Structure for Overlapping Hierarchies. In Proceeding of the 5th International Workshop on the Principles of Digital Document Processing (PODDP 2000), held in Munich, Germany, 13-15 September 2000. Lecture Notes in Computer Science, 2004, 2023/2004, 139-160, Springer.</ns1:p></ns1:li><ns1:li id="OOXML" pattern="Container"><ns1:p pattern="Block">JTC1/SC34 WG 4 (2008). ISO/IEC 29500-1:2008 - Information Technology - Document description and processing languages - Office XML File Formats - Part 1: Foundamentals and Markup Language Reference.</ns1:p></ns1:li><ns1:li id="ODT" pattern="Container"><ns1:p pattern="Block">JTC1/SC34 WG 6 (2006). ISO/IEC 26300/2006 - Information Technology - Open Document Format for Office Applications (OpenDocument) v1.0.</ns1:p></ns1:li><ns1:li id="SWAN" pattern="Container"><ns1:p pattern="Block">Ciccarese, P., Wu, E., Kinoshita, J., Wong, G., Ocana, M., Ruttenberg, A., Clark, T. (2008). The SWAN Biomedical Discourse Ontology. Journal of Biomedical Informatics, 41, 5, 739-751, Elsevier.</ns1:p></ns1:li><ns1:li id="Xanadu" pattern="Container"><ns1:p pattern="Block">Nelson, T. (1980). Literary Machines: The report on, and of, Project Xanadu concerning word processing, electronic publishing, hypertext, thinkertoys, tomorrow's intellectual... including knowledge, education and freedom. Mindful Press.</ns1:p></ns1:li><ns1:li id="SperbergMcQueenRabbitDuck" pattern="Container"><ns1:p pattern="Block">Sperberg-McQueen, C. M. (2006). Rabbit/duck grammars: a validation method for overlapping structures. In Proceedings of Extreme Markup Languages Conference 2006, held in Montreal, Canada, 7-11 August 2006. IDEAlliance. http://conferences.idealliance.org/extreme/html/2006/SperbergMcQueen01/ EML2006SperbergMcQueen01.html (last visited 12 March 2011).</ns1:p></ns1:li><ns1:li id="RenearTowardsSemantics" pattern="Container"><ns1:p pattern="Block">Renear, A., Dubin, D., Sperberg-McQueen, C. M. (2002). Towards a Semantics for XML Markup. In Proceedings of the 2002 ACM Symposium on Document Engineering (DocEng 2002), held in McLean (VA), USA, 8-9 November 2002. 119-126, ACM.</ns1:p></ns1:li><ns1:li id="XML" pattern="Container"><ns1:p pattern="Block">Bray, T., Paoli, J., Sperberg-McQueen, C. M., Maler, E., Yergeau, F., Cowan, J. (2006). Extensible Markup Language (XML) 1.1 (Second Edition). W3C Recommendation. World Wide Web Consortium, 16 August 2006, http://www.w3.org/TR/xml11/ (last visited 12 March 2011).</ns1:p></ns1:li></ns1:ul></ns1:div><ns1:div class="footnote" pattern="Table"><ns1:div id="ftn4" pattern="Container"><ns1:p pattern="Block">More formally, for XML-based languages, a<ns1:i pattern="Inline">content model</ns1:i>of a markup element is “a simple grammar governing the allowed types of the child elements and the order in which they are allowed to appear”<ns1:a class="ref" href="XML" pattern="Milestone"/>.</ns1:p></ns1:div><ns1:div id="ftn5" pattern="Container"><ns1:p pattern="Block">http://clarkparsia.com/pellet</ns1:p></ns1:div><ns1:div id="ftn6" pattern="Container"><ns1:p pattern="Block">http://www.essepuntato.it/2008/12/earmark</ns1:p></ns1:div><ns1:div id="ftn7" pattern="Container"><ns1:p pattern="Block">The following code snippets are written using the Manchester Syntax<ns1:a class="ref" href="ManchesterSyntax" pattern="Milestone"/><ns1:a class="ref" href="ManchesterSyntax" pattern="Milestone"/>where the prefixes<ns1:i pattern="Inline">rdfs</ns1:i>and<ns1:i pattern="Inline">xsd</ns1:i>refer respectively to RDF Schema and XML Schema namespaces, while the empty prefix refers to the EARMARK ontology URI plus “#”. Moreover, we use the prefix<ns1:i pattern="Inline">c</ns1:i>to indicate entities taken from an imported ontology made for the SWAN project<ns1:a class="ref" href="SWAN" pattern="Milestone"/>, available at http://swan.mindinformatics.org/spec/1.2/collections.html.</ns1:p></ns1:div><ns1:div id="ftn8" pattern="Container"><ns1:p pattern="Block">This class (and its name) is based on the concept introduced by Ted Nelson in his Xanadu Project<ns1:a class="ref" href="Xanadu" pattern="Milestone"/>to refer to the collection of text fragments that can be interconnected to each other and transcluded into new documents.</ns1:p></ns1:div><ns1:div id="ftn9" pattern="Container"><ns1:p pattern="Block"><ns1:a href="http://en.wikipedia.org/wiki/Palindrome#Semordnilaps" pattern="Inline">http://en.wikipedia.org/wiki/Palindrome#Semordnilaps</ns1:a></ns1:p></ns1:div><ns1:div id="ftn10" pattern="Container"><ns1:p pattern="Block">In EARMARK, the RDF constructs<ns1:i pattern="Inline">rdf:Bag</ns1:i>and<ns1:i pattern="Inline">rdf:Seq</ns1:i>are intentionally avoided, preferring the use of the SWAN collection entities. This is needed to keep EARMARK an OWL2 DL ontology and, consequently, to successfully use OWL2 DL tools, such as reasoners.</ns1:p></ns1:div><ns1:div id="ftn12" pattern="Container"><ns1:p pattern="Block"><ns1:a href="http://earmark.sourceforge.net/" pattern="Inline">http://earmark.sourceforge.net</ns1:a></ns1:p></ns1:div><ns1:div id="ftn13" pattern="Container"><ns1:p pattern="Block">http://jena.sourceforge.net</ns1:p></ns1:div><ns1:div id="ftn14" pattern="Container"><ns1:p pattern="Block"><ns1:a href="http://java.sun.com/xml" pattern="Inline">http://java.sun.com/xml</ns1:a></ns1:p></ns1:div><ns1:div id="ftn15" pattern="Container"><ns1:p pattern="Block">The model is available at http://www.essepuntato.it/2011/03/schemaexample.</ns1:p></ns1:div><ns1:div id="ftn16" pattern="Container"><ns1:p pattern="Block">All tests are available at http://www.essepuntato.it/2011/03/schemaexample/test.</ns1:p></ns1:div><ns1:div id="ftn17" pattern="Container"><ns1:p pattern="Block">http://www.essepuntato.it/2008/12/pattern</ns1:p></ns1:div><ns1:div id="ftn18" pattern="Container"><ns1:p pattern="Block">http://www.essepuntato.it/2010/04/ParadiseLost</ns1:p></ns1:div><ns1:div id="ftn19" pattern="Container"><ns1:p pattern="Block">http://www.essepuntato.it/2010/04/ParadiseLost/test</ns1:p></ns1:div><ns1:div id="ftn20" pattern="Container"><ns1:p pattern="Block">http://rdftef.sourceforge.net</ns1:p></ns1:div><ns1:div id="ftn21" pattern="Container"><ns1:p pattern="Block">http://jxml2owl.projects.semwebcentral.org</ns1:p></ns1:div></ns1:div></ns1:body></ns1:iml>