<?xml version="1.0" encoding="UTF-8"?><ns1:article xmlns:ns1="http://docbook.org/ns/docbook" pattern="HeadedContainer" version="5.0-subset Balisage-1.2"><ns1:title pattern="Block" structure="Title ">An XML user steps into, and escapes from, XPath quicksand</ns1:title><ns1:info pattern="Record" structure="FrontMatter "><ns1:confgroup pattern="Record"><ns1:conftitle pattern="Field">Balisage: The Markup Conference 2009</ns1:conftitle><ns1:confdates pattern="Field">August 11 - 14, 2009</ns1:confdates></ns1:confgroup><ns1:abstract pattern="Container"><ns1:para pattern="Block">Until recently, the admirable and impressive<ns1:emphasis pattern="Inline" role="ital">eXist</ns1:emphasis>XML database sometimes failed to optimize queries with numerical predicates. For example, a search for<ns1:emphasis pattern="Inline" role="ital">$i/following::word[1]</ns1:emphasis>would retrieve<ns1:emphasis pattern="Inline" role="ital">all</ns1:emphasis><ns1:code pattern="Atom">&lt;word&gt;</ns1:code>elements on the<ns1:code pattern="Atom">following</ns1:code>axis and only then apply the predicate as a filter to return only the first of them. This was enormously inefficient when<ns1:code pattern="Atom">$i</ns1:code>pointed to a node near the beginning of a very large document, with many thousands of following<ns1:code pattern="Atom">&lt;word&gt;</ns1:code>elements. As an end-user without the Java programming skills to write optimization code for<ns1:emphasis pattern="Inline" role="ital">eXist</ns1:emphasis>, the author describes two types of optimization in the more familiar XML, XPath, and XQuery, which reduced the number of nodes that needed to be accessed and thus improved response time substantially.</ns1:para><ns1:para pattern="Block">A subsequent optimization introduced by the<ns1:emphasis pattern="Inline" role="ital">eXist</ns1:emphasis>developers into the<ns1:emphasis pattern="Inline" role="ital">eXist</ns1:emphasis>code base is described in an addendum to this paper. Although this revision partially obviates the need for the work-arounds developed earlier, the analysis of the efficiency of various XPath approaches to a single problem continues to provide valuable general lessons about XPath.</ns1:para></ns1:abstract><ns1:author pattern="Record"><ns1:personname pattern="Record"><ns1:firstname pattern="Field">David</ns1:firstname><ns1:othername pattern="Field">J.</ns1:othername><ns1:surname pattern="Field">Birnbaum</ns1:surname></ns1:personname><ns1:personblurb pattern="Container"><ns1:para pattern="Block">David J. Birnbaum is Professor and Chair of the Department of Slavic Languages and Literatures at the University of Pittsburgh. He has been involved in the study of electronic text technology since the mid-1980s, has delivered presentations at a variety of electronic text technology conferences, and has served on the board of the Association for Computers and the Humanities, the editorial board of<ns1:emphasis pattern="Inline" role="ital">Markup Languages: Theory and Practice</ns1:emphasis>, and the Text Encoding Initiative Council. Much of his electronic text work intersects with his research in medieval Slavic manuscript studies, but he also often writes about issues in the philosophy of markup.</ns1:para></ns1:personblurb><ns1:affiliation pattern="Record"><ns1:jobtitle pattern="Field">Professor and Chair</ns1:jobtitle><ns1:orgname pattern="Block">Department of Slavic Languages and Literatures University of Pittsburgh</ns1:orgname></ns1:affiliation><ns1:email pattern="Field">djbpitt@pitt.edu</ns1:email></ns1:author><ns1:legalnotice pattern="Container"><ns1:para pattern="Block">Copyright Ã&#130;Â© 2009 by David J. Birnbaum. All rights reserved. Used by permission.</ns1:para></ns1:legalnotice><ns1:keywordset pattern="Table" role="author" structure="List "><ns1:keyword pattern="Field">XPath</ns1:keyword><ns1:keyword pattern="Field">XQuery</ns1:keyword><ns1:keyword pattern="Field">eXist</ns1:keyword><ns1:keyword pattern="Field">optimization</ns1:keyword><ns1:keyword pattern="Field">efficiency</ns1:keyword><ns1:keyword pattern="Field">indexing</ns1:keyword></ns1:keywordset></ns1:info><ns1:section pattern="HeadedContainer" structure="Section "><ns1:title pattern="Block" structure="SectionTitle ">The corpus</ns1:title><ns1:para pattern="Block">Alain de LilleÃ¢â&#130;¬â&#132;¢s (<ns1:emphasis pattern="Inline" role="ital">Alanus ab insulis</ns1:emphasis>) allegorical-philosophical epic, the<ns1:emphasis pattern="Inline" role="ital">Anticlaudianus,</ns1:emphasis>is a poem divided into nine books with a brief verse prologue and an equally brief prose pre-prologue. The text was published by Robert Bossuat in 1955 (<ns1:emphasis pattern="Inline" role="ital">Anticlaudianus / Alain de Lille: texte critique avec une introduction et des tables</ns1:emphasis>publiÃ&#131;Â© par R. Bossuat [Paris : J. Vrin, 1955]), cleaned up in 2009 by Danuta Shanzer (University of Illinois at Urbana-Champaign,<ns1:link xmlns:ns2="http://www.w3.org/1999/xlink" ns2:actuate="onRequest" ns2:href="mailto:shanzer@illinois.edu" ns2:show="new" ns2:type="simple" pattern="Inline">shanzer@illinois.edu</ns1:link>) as a Dumbarton Oaks Medieval Library Latin Series Work In Progress, and converted to XML and published as a queriable concordance by David J. Birnbaum (University of Pittsburgh,<ns1:link xmlns:ns2="http://www.w3.org/1999/xlink" ns2:actuate="onRequest" ns2:href="mailto:djbpitt@pitt.edu" ns2:show="new" ns2:type="simple" pattern="Inline">djbpitt@pitt.edu</ns1:link>). When this report was last edited in August 2009, the concordance was freely accessible at<ns1:link xmlns:ns2="http://www.w3.org/1999/xlink" ns2:actuate="onRequest" ns2:href="http://clover.slavic.pitt.edu:8081/exist/acl/search.html" ns2:show="new" ns2:type="simple" pattern="Inline">http://clover.slavic.pitt.edu:8081/exist/acl/search.html</ns1:link>; it will eventually move to a different stable freely accessible address, which has not yet been determined, but which should be discoverable through search engines.</ns1:para><ns1:para pattern="Block">The corpus consists of a single XML file subdivided into<ns1:code pattern="Atom">&lt;book&gt;</ns1:code>elements (prose introduction, verse introduction, nine principal chapters). Each<ns1:code pattern="Atom">&lt;book&gt;</ns1:code>is divided into<ns1:code pattern="Atom">&lt;line&gt;</ns1:code>elements (4344<ns1:code pattern="Atom">&lt;line&gt;</ns1:code>elements in the nine principal<ns1:code pattern="Atom">&lt;book&gt;</ns1:code>elements, for an average of 482.7<ns1:code pattern="Atom">&lt;line&gt;</ns1:code>elements per<ns1:code pattern="Atom">&lt;book&gt;</ns1:code>element), and each<ns1:code pattern="Atom">&lt;line&gt;</ns1:code>is divided into<ns1:code pattern="Atom">&lt;word&gt;</ns1:code>elements (27222<ns1:code pattern="Atom">&lt;word&gt;</ns1:code>elements in the nine principal books, or approximately 6.27<ns1:code pattern="Atom">&lt;word&gt;</ns1:code>elements per<ns1:code pattern="Atom">&lt;line&gt;</ns1:code>element; the<ns1:code pattern="Atom">&lt;word&gt;</ns1:code>counts per<ns1:code pattern="Atom">&lt;line&gt;</ns1:code>range from a low of 4 to a high of 10). For example, Book 2 begins:</ns1:para><ns1:programlisting xmlns:ns3="http://www.w3.org/XML/1998/namespace" xml:space="preserve" pattern="Block">&lt;book n="2"&gt; &lt;line&gt; &lt;word&gt;Regia&lt;/word&gt; &lt;word&gt;tota&lt;/word&gt; &lt;word&gt;silet;&lt;/word&gt; &lt;word&gt;expirat&lt;/word&gt; &lt;word&gt;murmur&lt;/word&gt; &lt;word&gt;in&lt;/word&gt; &lt;word&gt;altum,&lt;/word&gt; &lt;/line&gt; &lt;line&gt; &lt;word&gt;cum&lt;/word&gt; &lt;word&gt;visu&lt;/word&gt; &lt;word&gt;placidos&lt;/word&gt; &lt;word&gt;delegat&lt;/word&gt; &lt;word&gt;curia&lt;/word&gt; &lt;word&gt;vultus,&lt;/word&gt; &lt;/line&gt; &lt;!-- more lines --&gt; &lt;/book&gt;</ns1:programlisting><ns1:para pattern="Block">Because scholars are likely to be interested more in the contents of the nine principal books than in the contents of the prose and verse introductions, the counts and calculations below omit the latter. They are, nonetheless, relevant in certain situations, such as when a query consults all<ns1:code pattern="Atom">&lt;word&gt;</ns1:code>elements in the document, including those in the introductions. The prose introduction contains 477<ns1:code pattern="Atom">&lt;word&gt;</ns1:code>elements and the verse introduction 50.</ns1:para></ns1:section><ns1:section pattern="HeadedContainer" structure="Section "><ns1:title pattern="Block" structure="SectionTitle ">The task</ns1:title><ns1:para pattern="Block">The goal of the electronic concordance project is to enable users to search for words and generate a keyword-in-context (KWIC) report on the fly. The system was originally implemented using the<ns1:emphasis pattern="Inline" role="ital">eXist</ns1:emphasis>XML database (<ns1:link xmlns:ns2="http://www.w3.org/1999/xlink" ns2:actuate="onRequest" ns2:href="http://www.exist-db.org" ns2:show="new" ns2:type="simple" pattern="Inline">http://www.exist-db.org</ns1:link>), version 1.3.0dev-rev:8710-20090308. Version 1.3 of<ns1:emphasis pattern="Inline" role="ital">eXist</ns1:emphasis>, still in beta at the time this report was last revised, is the first to introduce a<ns1:emphasis pattern="Inline" role="ital">Lucene</ns1:emphasis>-based index, which is intended eventually to replace the original proprietary full-text index, and the present concordance is indexed and accessed using the<ns1:emphasis pattern="Inline" role="ital">Lucene</ns1:emphasis>index. When the user enters a query string and launches a search, the system retrieves all hits and returns them with several preceding and following words (three each by default, but the user can adjust this number). Line breaks in the original are rendered as slashes in the KWIC output (this part of the code has been omitted from most of this report in the interest of legibility, except when it is the object of optimization). For example, a search for<ns1:code pattern="Atom">pugna</ns1:code>(Latin for Ã¢â&#130;¬Ë&#156;fightÃ¢â&#130;¬â&#132;¢), which occurs four times in the corpus, returns:</ns1:para><ns1:itemizedlist pattern="Table" structure="List "><ns1:listitem pattern="Container"><ns1:para pattern="Block"><ns1:emphasis pattern="Inline" role="bold">Acl.8.254:</ns1:emphasis>Martis amore / succensi,<ns1:emphasis pattern="Inline" role="ital">pugna</ns1:emphasis>cupiunt incidere vitam. /</ns1:para></ns1:listitem><ns1:listitem pattern="Container"><ns1:para pattern="Block"><ns1:emphasis pattern="Inline" role="bold">Acl.9.283:</ns1:emphasis>Luxum / Sobrietas, sed<ns1:emphasis pattern="Inline" role="ital">pugna</ns1:emphasis>favet Virtutibus, harum /</ns1:para></ns1:listitem><ns1:listitem pattern="Container"><ns1:para pattern="Block"><ns1:emphasis pattern="Inline" role="bold">Acl.9.331:</ns1:emphasis>fraudesque recurrit. / degeneri<ns1:emphasis pattern="Inline" role="ital">pugna,</ns1:emphasis>servili Marte, dolosa /</ns1:para></ns1:listitem><ns1:listitem pattern="Container"><ns1:para pattern="Block"><ns1:emphasis pattern="Inline" role="bold">Acl.9.384:</ns1:emphasis>indignata sub umbras. /<ns1:emphasis pattern="Inline" role="ital">Pugna</ns1:emphasis>cadit, cedit iuveni</ns1:para></ns1:listitem></ns1:itemizedlist><ns1:para pattern="Block">The XPath<ns1:code pattern="Atom">preceding</ns1:code>and<ns1:code pattern="Atom">following</ns1:code>axes are ideally suited to this type of project, since they ignore the<ns1:code pattern="Atom">&lt;line&gt;</ns1:code>element boundaries and treat adjacent<ns1:code pattern="Atom">&lt;word&gt;</ns1:code>elements identically irrespective of whether they fall in the same<ns1:code pattern="Atom">&lt;line&gt;</ns1:code>element as the target word or in preceding or following<ns1:code pattern="Atom">&lt;line&gt;</ns1:code>elements. For example, the system can retrieve the three<ns1:code pattern="Atom">&lt;word&gt;</ns1:code>elements that precede the target<ns1:code pattern="Atom">&lt;word&gt;</ns1:code>element with the following XQuery (assume that<ns1:code pattern="Atom">$i</ns1:code>represents the target<ns1:code pattern="Atom">&lt;word&gt;</ns1:code>element):</ns1:para><ns1:programlisting xmlns:ns3="http://www.w3.org/XML/1998/namespace" xml:space="preserve" pattern="Block">for $j in reverse(1 to 3) return $i/preceding::word[$j]</ns1:programlisting><ns1:para pattern="Block">This query returns the third, second, and first<ns1:code pattern="Atom">&lt;word&gt;</ns1:code>elements before the target<ns1:code pattern="Atom">&lt;word&gt;</ns1:code>element, in the specified order. An analogous statement can retrieve the three<ns1:code pattern="Atom">&lt;word&gt;</ns1:code>elements that follow the hit, thus providing the rest of the context. Because queries along the long (<ns1:code pattern="Atom">preceding</ns1:code>and<ns1:code pattern="Atom">following</ns1:code>) axes make no distinction between preceding and following<ns1:code pattern="Atom">&lt;word&gt;</ns1:code>elements within the same<ns1:code pattern="Atom">&lt;line&gt;</ns1:code>element and those that require crossing a<ns1:code pattern="Atom">&lt;line&gt;</ns1:code>element boundary, the resulting XQuery code is lucid and clean, making it extremely easy to read, write, and maintain.</ns1:para></ns1:section><ns1:section pattern="HeadedContainer" structure="Section "><ns1:title pattern="Block" structure="SectionTitle ">The problem</ns1:title><ns1:para pattern="Block">The preceding strategy retrieves the correct results, and does so with elegant code, but initially it proved unusable in practice for reasons of efficiency, even with appropriately configured<ns1:emphasis pattern="Inline" role="ital">eXist Lucene</ns1:emphasis>and range indexes (Ã¢â&#130;¬Å&#147;<ns1:xref linkend="Configuring" pattern="Milestone"/>,Ã¢â&#130;¬ï¿½ Ã¢â&#130;¬Å&#147;<ns1:xref linkend="Lucene" pattern="Milestone"/>,Ã¢â&#130;¬ï¿½ Ã¢â&#130;¬Å&#147;<ns1:xref linkend="Tuning" pattern="Milestone"/>Ã¢â&#130;¬ï¿½). Until a recent revision in the<ns1:emphasis pattern="Inline" role="ital">eXist</ns1:emphasis>code base (see the<ns1:link xmlns:ns2="http://www.w3.org/1999/xlink" linkend="Addendum" ns2:actuate="onRequest" ns2:show="new" ns2:type="simple" pattern="Inline">Addendum</ns1:link>, below), XPath expressions that addressed the long axes were inefficient because<ns1:emphasis pattern="Inline" role="ital">eXist</ns1:emphasis>retrieved the<ns1:emphasis pattern="Inline" role="ital">entire</ns1:emphasis>set of nodes on the specified axis before looking at the predicate. For example, in the worst case a hit would fall at the beginning of the first<ns1:code pattern="Atom">&lt;line&gt;</ns1:code>in the first<ns1:code pattern="Atom">&lt;book&gt;</ns1:code>element, which meant that in order to find the three immediately following<ns1:code pattern="Atom">&lt;word&gt;</ns1:code>elements by looking on the<ns1:code pattern="Atom">following</ns1:code>axis<ns1:emphasis pattern="Inline" role="ital">eXist</ns1:emphasis>would first retrieve as many as 27221 following<ns1:code pattern="Atom">&lt;word&gt;</ns1:code>elements and only then apply a numerical predicate to filter the returned result. Since the context includes both preceding and following<ns1:code pattern="Atom">&lt;word&gt;</ns1:code>elements (that is, it requires accessing the<ns1:code pattern="Atom">preceding</ns1:code>axis in the former case and the<ns1:code pattern="Atom">following</ns1:code>axis in the latter), hits that have fewer preceding<ns1:code pattern="Atom">&lt;word&gt;</ns1:code>elements have more following ones, and vice versa, which means that all hits require sets of retrievals that span the entire document. The overhead was not a significant problem with queries that retrieved a mere handful of hits, but those that retrieved as few as two hundred hits could take several minutes to return, and sometimes they failed to return entirely because they generated Java heap overflow errors (which could have been evaded by increasing the heap size, but that would not have provided a solution to the efficiency problem).</ns1:para><ns1:para pattern="Block">This problem is not a unique or inherent property of the long axes. Rather, it is a property of the number of nodes on which the predicate operates. For example, in a flattened tree (imagine transforming the document to one where all<ns1:code pattern="Atom">&lt;word&gt;</ns1:code>elements are directly under the root and line and book boundaries are encoded as empty milestone tags), a hit at the beginning of the document that queried the<ns1:code pattern="Atom">following-sibling</ns1:code>axis, rather than the<ns1:code pattern="Atom">following</ns1:code>axis, would nonetheless retrieve tens of thousands of unwanted<ns1:code pattern="Atom">&lt;word&gt;</ns1:code>elements before applying the predicates to select the mere three that were actually needed. For this reason, although the problem may initially appear to be an overlap issue in that in its original form it crosses the boundaries of<ns1:code pattern="Atom">&lt;line&gt;</ns1:code>elements, the flattening thought experiment reveals that it is actually an optimization problem that is independent of both the specific axes involved and the depth of the nesting. If, for example,<ns1:emphasis pattern="Inline" role="ital">eXist</ns1:emphasis>were to look first at the predicate and then access only the necessary elements on the specified axis, instead of first retrieving all elements on that axis and only then consulting the predicate and discarding the unwanted ones (in the present case, all but one), processing would not be suffocated by unnecessary retrieval irrespective of whether the query needed to cross a<ns1:code pattern="Atom">&lt;line&gt;</ns1:code>element boundary.</ns1:para><ns1:para pattern="Block">As is discussed in the<ns1:link xmlns:ns2="http://www.w3.org/1999/xlink" linkend="Addendum" ns2:actuate="onRequest" ns2:show="new" ns2:type="simple" pattern="Inline">Addendum</ns1:link>, below,<ns1:emphasis pattern="Inline" role="ital">eXist</ns1:emphasis>has since implemented this type of optimization, but the problem nonetheless continues to merit consideration. Among other things, the issue was never about<ns1:emphasis pattern="Inline" role="ital">eXist</ns1:emphasis>, since were that the case, an obvious solution would have been to use an alternative platform that provided the necessary optimization. Instead, the problem provides an opportunity to reflect more generally on the nature of XPath expressions and the relationship between XPath and XML. For example, although the inefficiency described above is independent of the specific axis involved insofar as it could also have arisen with the sibling axes in a flattened tree, it nonetheless does depend on the XML structure, or, more precisely, on its indifference to the XML structure. What the long axes in the actual problem and the sibling axes in the flattened tree alternative have in common is that they operate independently of the tree structure. For example, the sibling axes in the original tree constrains the number of nodes involved because the tree is balanced in a way that ensures that no<ns1:code pattern="Atom">&lt;word&gt;</ns1:code>element will have more than nine sibling<ns1:code pattern="Atom">&lt;word&gt;</ns1:code>elements. What the long axes in that same tree and the sibling axes in the hypothetical flattened tree alternative have in common, on the other hand, is that all<ns1:code pattern="Atom">&lt;word&gt;</ns1:code>elements are treated as though they are on the same level of the tree (in the former case because the long axes ignore the tree and in the latter case because the tree is flattened, and therefore irrelevant). This suggests that unless one can be certain that the software that will evaluate oneÃ¢â&#130;¬â&#132;¢s XPath expressions will optimize oneÃ¢â&#130;¬â&#132;¢s query, the designer should take into consideration the number of nodes that will be addressed by those expressions.</ns1:para></ns1:section><ns1:section pattern="HeadedContainer" structure="Section "><ns1:title pattern="Block" structure="SectionTitle ">An XPath solution</ns1:title><ns1:para pattern="Block">Since<ns1:emphasis pattern="Inline" role="ital">eXist</ns1:emphasis>was unable to optimize the queries in question, that duty fell on the user, who, in this case, first adopted a strategy that avoided the long axes, favoring instead the sibling axes at all levels (<ns1:code pattern="Atom">&lt;word&gt;</ns1:code>and<ns1:code pattern="Atom">&lt;line&gt;</ns1:code>). This constrains searches for<ns1:code pattern="Atom">&lt;word&gt;</ns1:code>elements within a<ns1:code pattern="Atom">&lt;line&gt;</ns1:code>element to an average of 2.64 (5.27 / 2) elements and searches for<ns1:code pattern="Atom">&lt;line&gt;</ns1:code>elements within a<ns1:code pattern="Atom">&lt;book&gt;</ns1:code>element to 240.5 (481.7 / 2) elements, and in the worst case to 5.27 and 481.7, respectively. These numbers should be multiplied by six for a typical query, which retrieves three preceding and three following<ns1:code pattern="Atom">&lt;word&gt;</ns1:code>elements, but they still compare very favorably to queries along the long axes, which consult 13610.5 (27221 / 2)<ns1:code pattern="Atom">&lt;word&gt;</ns1:code>elements on average and 27221 in the worst case. A prose explanation of the strategy for retrieving the three<ns1:code pattern="Atom">&lt;word&gt;</ns1:code>elements following the target while using the<ns1:code pattern="Atom">following-sibling</ns1:code>axis exclusively instead of the<ns1:code pattern="Atom">following</ns1:code>axis is:</ns1:para><ns1:orderedlist pattern="Table" structure="List "><ns1:listitem pattern="Container"><ns1:para pattern="Block">If there is a<ns1:code pattern="Atom">&lt;word&gt;</ns1:code>element in the appropriate position on the<ns1:code pattern="Atom">following-sibling</ns1:code>axis (that is, in the same<ns1:code pattern="Atom">&lt;line&gt;</ns1:code>element), retrieve it.</ns1:para></ns1:listitem><ns1:listitem pattern="Container"><ns1:para pattern="Block">If not, navigate up to the<ns1:code pattern="Atom">parent</ns1:code>axis (a<ns1:code pattern="Atom">&lt;line&gt;</ns1:code>element), get its following-sibling<ns1:code pattern="Atom">&lt;line&gt;</ns1:code>element, and retrieve the appropriate<ns1:code pattern="Atom">&lt;word&gt;</ns1:code>child element from within that<ns1:code pattern="Atom">&lt;line&gt;</ns1:code>.</ns1:para></ns1:listitem></ns1:orderedlist><ns1:para pattern="Block">The following XQuery snippet retrieves the three<ns1:code pattern="Atom">&lt;word&gt;</ns1:code>elements that follow the target. Assume that<ns1:code pattern="Atom">$i</ns1:code>refers to the target (here and in subsequent examples):</ns1:para><ns1:programlisting xmlns:ns3="http://www.w3.org/XML/1998/namespace" xml:space="preserve" pattern="Block">if (count($i/following-sibling::word) ge 3) then for $j in (1 to 3) return $i/following-sibling::word[$j] else if (count($i/following-sibling::word) eq 2) then (for $j in (1 to 2) return $i/following-sibling::word[$j], $i/parent::line/following-sibling::line/word[1]) else if (count($i/following-sibling::word) eq 1) then ($i/following-sibling::word[1], for $j in (1 to 2) return ($i/parent::line/following-sibling::line/word[$j])) else for $j in (1 to 3) return $i/parent::line/following-sibling::line/word[$j]</ns1:programlisting><ns1:para pattern="Block">An analogous strategy can retrieve the three<ns1:code pattern="Atom">&lt;word&gt;</ns1:code>elements that immediately precede the target.</ns1:para><ns1:para pattern="Block">It is possible to generalize this solution to allow the user to specify at run time the number of preceding or following<ns1:code pattern="Atom">&lt;word&gt;</ns1:code>elements to provide as context along the following lines (assume that<ns1:code pattern="Atom">$scope</ns1:code>specifies the number of words of context to provide after the target<ns1:code pattern="Atom">&lt;word&gt;</ns1:code>):</ns1:para><ns1:programlisting xmlns:ns3="http://www.w3.org/XML/1998/namespace" xml:space="preserve" pattern="Block">if (count($i/following-sibling::word) ge $scope) then for $j in (1 to $scope) return $i/following-sibling::word[$j] else for $k in (0 to ($scope - 1)) return if (count($i/following-sibling::word) eq $k) then ( for $j in (1 to $k) return $i/following-sibling::word[$j], for $j in (1 to ($scope - $k)) return $i/parent::line/following-sibling::line/word[$j] ) else ""</ns1:programlisting><ns1:para pattern="Block">An analogous strategy can retrieve a user-specified number of<ns1:code pattern="Atom">&lt;word&gt;</ns1:code>elements that immediately precede the target. This generalization, however, is fragile because it looks only at the<ns1:code pattern="Atom">&lt;line&gt;</ns1:code>element that contains the target<ns1:code pattern="Atom">&lt;word&gt;</ns1:code>element plus the immediately preceding or following sibling<ns1:code pattern="Atom">&lt;line&gt;</ns1:code>element. This means that, for example, if the user wants to include a context of five following<ns1:code pattern="Atom">&lt;word&gt;</ns1:code>elements, the code will fail when the target<ns1:code pattern="Atom">&lt;word&gt;</ns1:code>falls at the end of a<ns1:code pattern="Atom">&lt;line&gt;</ns1:code>and the following (sibling)<ns1:code pattern="Atom">&lt;line&gt;</ns1:code>contains only four<ns1:code pattern="Atom">&lt;word&gt;</ns1:code>elements. It might be possible to circumvent this limitation through a recursive approach, but by that point the code would become so convoluted as to be difficult to understand and impractical to maintain.</ns1:para></ns1:section><ns1:section pattern="HeadedContainer" structure="Section "><ns1:title pattern="Block" structure="SectionTitle ">A range index solution</ns1:title><ns1:para pattern="Block">In addition to the new<ns1:emphasis pattern="Inline" role="ital">Lucene</ns1:emphasis>-based full-text index (and the original full-text index, which is still available),<ns1:emphasis pattern="Inline" role="ital">eXist</ns1:emphasis>also supports range indexes, which provide very fast access to element nodes on the<ns1:code pattern="Atom">descendant-or-self</ns1:code>(<ns1:code pattern="Atom">//</ns1:code>) or<ns1:code pattern="Atom">child</ns1:code>(<ns1:code pattern="Atom">/</ns1:code>) axis and attribute notes on the<ns1:code pattern="Atom">attribute</ns1:code>(<ns1:code pattern="Atom">/@</ns1:code>) axis according to their typed data value. This suggests an alternative approach:</ns1:para><ns1:orderedlist pattern="Table" structure="List "><ns1:listitem pattern="Container"><ns1:para pattern="Block">Before storing the XML source document, create an<ns1:code pattern="Atom">@offset</ns1:code>attribute for each<ns1:code pattern="Atom">&lt;word&gt;</ns1:code>element and assign it a unique sequential integer value. The first<ns1:code pattern="Atom">&lt;word&gt;</ns1:code>element in the document has an<ns1:code pattern="Atom">@offset</ns1:code>value of<ns1:code pattern="Atom">1</ns1:code>, the next has a value of<ns1:code pattern="Atom">2</ns1:code>, etc.</ns1:para></ns1:listitem><ns1:listitem pattern="Container"><ns1:para pattern="Block">Retrieve the target<ns1:code pattern="Atom">&lt;word&gt;</ns1:code>element by using the new<ns1:emphasis pattern="Inline" role="ital">Lucene</ns1:emphasis>full-text index.</ns1:para></ns1:listitem><ns1:listitem pattern="Container"><ns1:para pattern="Block">Retrieve the adjacent context<ns1:code pattern="Atom">&lt;word&gt;</ns1:code>elements according to their<ns1:code pattern="Atom">@offset</ns1:code>attribute values by counting backward or forward from the<ns1:code pattern="Atom">@offset</ns1:code>value of the target<ns1:code pattern="Atom">&lt;word&gt;</ns1:code>element.</ns1:para></ns1:listitem></ns1:orderedlist><ns1:para pattern="Block">This approach is available only where the designer has control over the XML source and is able to incorporate a specific<ns1:code pattern="Atom">@offset</ns1:code>attribute that is to be used only for navigation during retrieval. It has at least two weaknesses, one aesthetic and one technical:</ns1:para><ns1:itemizedlist pattern="Table" structure="List "><ns1:listitem pattern="Container"><ns1:para pattern="Block">The aesthetic problem is that the ordinal position of each<ns1:code pattern="Atom">&lt;word&gt;</ns1:code>element within the document is an inherent property of the document structure, and the user should not have to specify through the insertion of character-based markup into the document a value that is already encoded implicitly but consistently and unambiguously in the markup structure.</ns1:para></ns1:listitem><ns1:listitem pattern="Container"><ns1:para pattern="Block">The technical problem is that the insertion or deletion of a word in the document will break the numbering, requiring that the<ns1:code pattern="Atom">@offset</ns1:code>values be calculated anew and rewritten. In the present case the document is relatively stable (that is, more stable than, for example, an on-line commerce site that writes new data for every transaction), but the editor may still choose to modify her reading at some point as she reconsiders the available evidence and perhaps discovers and needs to integrate the data from newly discovered manuscript witnesses.</ns1:para></ns1:listitem></ns1:itemizedlist><ns1:para pattern="Block">In practice, neither of these weakness imposes a serious inconvenience in the context of the present project, and the opportunity to use the<ns1:emphasis pattern="Inline" role="ital">eXist</ns1:emphasis>range index feature provides a substantial improvement in response time over alternative strategies (see the time test data below).</ns1:para><ns1:para pattern="Block">With the modification to the XML source described above, the first two lines of Book 2 now look like:</ns1:para><ns1:programlisting xmlns:ns3="http://www.w3.org/XML/1998/namespace" xml:space="preserve" pattern="Block">&lt;book n="2"&gt; &lt;line&gt; &lt;word offset="3708"&gt;Regia&lt;/word&gt; &lt;word offset="3709"&gt;tota&lt;/word&gt; &lt;word offset="3710"&gt;silet;&lt;/word&gt; &lt;word offset="3711"&gt;expirat&lt;/word&gt; &lt;word offset="3712"&gt;murmur&lt;/word&gt; &lt;word offset="3713"&gt;in&lt;/word&gt; &lt;word offset="3714"&gt;altum,&lt;/word&gt; &lt;/line&gt; &lt;line&gt; &lt;word offset="3715"&gt;cum&lt;/word&gt; &lt;word offset="3716"&gt;visu&lt;/word&gt; &lt;word offset="3717"&gt;placidos&lt;/word&gt; &lt;word offset="3718"&gt;delegat&lt;/word&gt; &lt;word offset="3719"&gt;curia&lt;/word&gt; &lt;word offset="3720"&gt;vultus,&lt;/word&gt; &lt;/line&gt; &lt;!-- more lines --&gt; &lt;/book&gt;</ns1:programlisting><ns1:para pattern="Block">The following code will now use a properly-configured<ns1:emphasis pattern="Inline" role="ital">eXist</ns1:emphasis>range index to retrieve the three<ns1:code pattern="Atom">&lt;word&gt;</ns1:code>elements following the target<ns1:code pattern="Atom">&lt;word&gt;</ns1:code>element (assume<ns1:code pattern="Atom">$i</ns1:code>is the target<ns1:code pattern="Atom">&lt;word&gt;</ns1:code>element):</ns1:para><ns1:programlisting xmlns:ns3="http://www.w3.org/XML/1998/namespace" xml:space="preserve" pattern="Block">let $offset := $i/@offset return for $j in (1 to 3) return doc("/db/acl/acl.xml")//word[@offset eq ($offset + $j)]</ns1:programlisting><ns1:para pattern="Block">An analogous strategy can retrieve the three<ns1:code pattern="Atom">&lt;word&gt;</ns1:code>elements that immediately precede the target. Furthermore, this solution is easily generalized to allow the user to specify the number of preceding or following context<ns1:code pattern="Atom">&lt;word&gt;</ns1:code>elements at run time (assume that<ns1:code pattern="Atom">$scope</ns1:code>specifies the number of words of context to provide after the target<ns1:code pattern="Atom">&lt;word&gt;</ns1:code>):</ns1:para><ns1:programlisting xmlns:ns3="http://www.w3.org/XML/1998/namespace" xml:space="preserve" pattern="Block">let $offset := $i/@offset return for $j in (1 to $scope) return doc("/db/acl/acl.xml")//word[@offset eq ($offset + $j)]</ns1:programlisting><ns1:para pattern="Block">The strategy of writing structural information about the XML (such as offset position) into attribute values of the XML source itself in the interest of improved execution time can also be applied to writing slashes to mark the ends of lines. The most natural XPath way to write a slash after the target<ns1:code pattern="Atom">&lt;word&gt;</ns1:code>element when it ends a<ns1:code pattern="Atom">&lt;line&gt;</ns1:code>element in the XML source is:</ns1:para><ns1:programlisting xmlns:ns3="http://www.w3.org/XML/1998/namespace" xml:space="preserve" pattern="Block">if (not($i/following-sibling::word)) then " / " else ""</ns1:programlisting><ns1:para pattern="Block">A similar approach can be used to write slashes after the leading and trailing context<ns1:code pattern="Atom">&lt;word&gt;</ns1:code>elements when they end a<ns1:code pattern="Atom">&lt;line&gt;</ns1:code>element. This method is not maddeningly slow because the number of nodes on the sibling axes is typically small, but further improvement in processing speed is available by modifying the XML source to include the string<ns1:code pattern="Atom">" / "</ns1:code>(without the quotation marks) as an attribute value associated with<ns1:code pattern="Atom">&lt;word&gt;</ns1:code>elements that fall at the end of<ns1:code pattern="Atom">&lt;line&gt;</ns1:code>elements and then retrieving it when generating the report, instead of consulting the sibling axis. The first two lines of Book 2 now look like:</ns1:para><ns1:programlisting xmlns:ns3="http://www.w3.org/XML/1998/namespace" xml:space="preserve" pattern="Block">&lt;book n="2"&gt; &lt;line&gt; &lt;word offset="3708"&gt;Regia&lt;/word&gt; &lt;word offset="3709"&gt;tota&lt;/word&gt; &lt;word offset="3710"&gt;silet;&lt;/word&gt; &lt;word offset="3711"&gt;expirat&lt;/word&gt; &lt;word offset="3712"&gt;murmur&lt;/word&gt; &lt;word offset="3713"&gt;in&lt;/word&gt; &lt;word last=" / " offset="3714"&gt;altum,&lt;/word&gt; &lt;/line&gt; &lt;line&gt; &lt;word offset="3715"&gt;cum&lt;/word&gt; &lt;word offset="3716"&gt;visu&lt;/word&gt; &lt;word offset="3717"&gt;placidos&lt;/word&gt; &lt;word offset="3718"&gt;delegat&lt;/word&gt; &lt;word offset="3719"&gt;curia&lt;/word&gt; &lt;word last=" / " offset="3720"&gt;vultus,&lt;/word&gt; &lt;/line&gt; &lt;!-- more lines --&gt; &lt;/book&gt;</ns1:programlisting><ns1:para pattern="Block">The XQuery code to write trailing context<ns1:code pattern="Atom">&lt;word&gt;</ns1:code>elements is then:</ns1:para><ns1:programlisting xmlns:ns3="http://www.w3.org/XML/1998/namespace" xml:space="preserve" pattern="Block">let $offset := $i/@offset for $j in (1 to 3) return ( " ", data(doc("/db/acl/acl.xml")//word[@offset eq ($offset + $j)]), data(doc("/db/acl/acl.xml")//word[@offset eq ($offset + $j)]/@last) )</ns1:programlisting><ns1:para pattern="Block">This approach writes a space after the target<ns1:code pattern="Atom">&lt;word&gt;</ns1:code>element, followed by the appropriate trailing context<ns1:code pattern="Atom">&lt;word&gt;</ns1:code>element, followed by the value of the<ns1:code pattern="Atom">@last</ns1:code>attribute of that<ns1:code pattern="Atom">&lt;word&gt;</ns1:code>element. If there is a<ns1:code pattern="Atom">@last</ns1:code>attribute, it has the value<ns1:code pattern="Atom">" / "</ns1:code>(without the quotation marks), which is what we want to write. If the attribute is missing, that statement operates vacuously, producing no output.</ns1:para></ns1:section><ns1:section pattern="HeadedContainer" structure="Section "><ns1:title pattern="Block" structure="SectionTitle ">Time test results</ns1:title><ns1:para pattern="Block">To test the relative efficiency of the various coding strategies described above, the same query was executed ten times with each of four strategies. The query was a search for the word<ns1:code pattern="Atom">sed</ns1:code>(Latin for Ã¢â&#130;¬Ë&#156;butÃ¢â&#130;¬â&#132;¢), which occurs 221 times in the corpus, and the XQuery scripts were all written to return it along with its location (book and line number) and with three context words on either side. The search strategies were:</ns1:para><ns1:itemizedlist pattern="Table" structure="List "><ns1:listitem pattern="Container"><ns1:para pattern="Block"><ns1:emphasis pattern="Inline" role="bold">Long axes:</ns1:emphasis>Search for context words using the<ns1:code pattern="Atom">preceding</ns1:code>and<ns1:code pattern="Atom">following</ns1:code>axes. Place slashes at the ends of lines by checking whether each output word has a following sibling<ns1:code pattern="Atom">&lt;word&gt;</ns1:code>element in the same<ns1:code pattern="Atom">&lt;line&gt;</ns1:code>.</ns1:para></ns1:listitem><ns1:listitem pattern="Container"><ns1:para pattern="Block"><ns1:emphasis pattern="Inline" role="bold">Sibling axes:</ns1:emphasis>Search for context words using the sibling axes. If there are not enough context<ns1:code pattern="Atom">&lt;word&gt;</ns1:code>elements in the same<ns1:code pattern="Atom">&lt;line&gt;</ns1:code>, find the nearest sibling of the<ns1:code pattern="Atom">&lt;line&gt;</ns1:code>and navigate to the desired word element along the<ns1:code pattern="Atom">child</ns1:code>axis. Place slashes as described above.</ns1:para></ns1:listitem><ns1:listitem pattern="Container"><ns1:para pattern="Block"><ns1:emphasis pattern="Inline" role="bold"><ns1:code pattern="Atom">@offset</ns1:code>:</ns1:emphasis>Modify the XML to add an<ns1:code pattern="Atom">@offset</ns1:code>attribute to every<ns1:code pattern="Atom">&lt;word&gt;</ns1:code>element and find the context words by counting down or up from the<ns1:code pattern="Atom">@offset</ns1:code>attribute value for the target<ns1:code pattern="Atom">&lt;word&gt;</ns1:code>. Place slashes as described above.</ns1:para></ns1:listitem><ns1:listitem pattern="Container"><ns1:para pattern="Block"><ns1:emphasis pattern="Inline" role="bold"><ns1:code pattern="Atom">@last</ns1:code>:</ns1:emphasis>Same as<ns1:code pattern="Atom">@offset</ns1:code>, except add a<ns1:code pattern="Atom">@last</ns1:code>attribute in the XML to every<ns1:code pattern="Atom">&lt;word&gt;</ns1:code>element that is the last in its parent<ns1:code pattern="Atom">&lt;line&gt;</ns1:code>, and place slashes at the ends of lines by returning the value of that attribute.</ns1:para></ns1:listitem></ns1:itemizedlist><ns1:para pattern="Block">The tests were conducted on a Gateway 3GHz Pentium D with 1MG of memory, running Microsoft Windows Vista with Service Pack 1.0. The Java version is 1.6.0_13 and the<ns1:emphasis pattern="Inline" role="ital">eXist</ns1:emphasis>version is 1.3.0dev-rev:0000-20090528.</ns1:para><ns1:table border="1" pattern="Container" rules="all" structure="Table "><ns1:tr align="center" pattern="Table"><ns1:td pattern="Block" structure="Paragraph "><ns1:para pattern="Block"><ns1:emphasis pattern="Inline" role="ital">Test no.</ns1:emphasis></ns1:para></ns1:td><ns1:td pattern="Block" structure="Paragraph "><ns1:para pattern="Block"><ns1:emphasis pattern="Inline" role="ital">Long axes</ns1:emphasis></ns1:para></ns1:td><ns1:td pattern="Block" structure="Paragraph "><ns1:para pattern="Block"><ns1:emphasis pattern="Inline" role="ital">Sibling axes</ns1:emphasis></ns1:para></ns1:td><ns1:td pattern="Block" structure="Paragraph "><ns1:emphasis pattern="Inline" role="ital"><ns1:code pattern="Atom">@offset</ns1:code></ns1:emphasis></ns1:td><ns1:td pattern="Block" structure="Paragraph "><ns1:emphasis pattern="Inline" role="ital"><ns1:code pattern="Atom">@last</ns1:code></ns1:emphasis></ns1:td></ns1:tr><ns1:tr align="right" pattern="Table"><ns1:td pattern="Block" structure="Paragraph "><ns1:emphasis pattern="Inline" role="ital">1</ns1:emphasis></ns1:td><ns1:td pattern="Block" structure="Paragraph ">447.750</ns1:td><ns1:td pattern="Block" structure="Paragraph ">38.477</ns1:td><ns1:td pattern="Block" structure="Paragraph ">34.345</ns1:td><ns1:td pattern="Block" structure="Paragraph ">24.413</ns1:td></ns1:tr><ns1:tr align="right" pattern="Table"><ns1:td pattern="Block" structure="Paragraph "><ns1:emphasis pattern="Inline" role="ital">2</ns1:emphasis></ns1:td><ns1:td pattern="Block" structure="Paragraph ">440.265</ns1:td><ns1:td pattern="Block" structure="Paragraph ">38.390</ns1:td><ns1:td pattern="Block" structure="Paragraph ">34.446</ns1:td><ns1:td pattern="Block" structure="Paragraph ">24.416</ns1:td></ns1:tr><ns1:tr align="right" pattern="Table"><ns1:td pattern="Block" structure="Paragraph "><ns1:emphasis pattern="Inline" role="ital">3</ns1:emphasis></ns1:td><ns1:td pattern="Block" structure="Paragraph ">559.141</ns1:td><ns1:td pattern="Block" structure="Paragraph ">38.710</ns1:td><ns1:td pattern="Block" structure="Paragraph ">34.438</ns1:td><ns1:td pattern="Block" structure="Paragraph ">24.445</ns1:td></ns1:tr><ns1:tr align="right" pattern="Table"><ns1:td pattern="Block" structure="Paragraph "><ns1:emphasis pattern="Inline" role="ital">4</ns1:emphasis></ns1:td><ns1:td pattern="Block" structure="Paragraph ">905.472</ns1:td><ns1:td pattern="Block" structure="Paragraph ">38.484</ns1:td><ns1:td pattern="Block" structure="Paragraph ">35.409</ns1:td><ns1:td pattern="Block" structure="Paragraph ">24.384</ns1:td></ns1:tr><ns1:tr align="right" pattern="Table"><ns1:td pattern="Block" structure="Paragraph "><ns1:emphasis pattern="Inline" role="ital">5</ns1:emphasis></ns1:td><ns1:td pattern="Block" structure="Paragraph ">702.915</ns1:td><ns1:td pattern="Block" structure="Paragraph ">38.590</ns1:td><ns1:td pattern="Block" structure="Paragraph ">34.562</ns1:td><ns1:td pattern="Block" structure="Paragraph ">24.447</ns1:td></ns1:tr><ns1:tr align="right" pattern="Table"><ns1:td pattern="Block" structure="Paragraph "><ns1:emphasis pattern="Inline" role="ital">6</ns1:emphasis></ns1:td><ns1:td pattern="Block" structure="Paragraph ">530.739</ns1:td><ns1:td pattern="Block" structure="Paragraph ">38.341</ns1:td><ns1:td pattern="Block" structure="Paragraph ">34.798</ns1:td><ns1:td pattern="Block" structure="Paragraph ">24.424</ns1:td></ns1:tr><ns1:tr align="right" pattern="Table"><ns1:td pattern="Block" structure="Paragraph "><ns1:emphasis pattern="Inline" role="ital">7</ns1:emphasis></ns1:td><ns1:td pattern="Block" structure="Paragraph ">851.608</ns1:td><ns1:td pattern="Block" structure="Paragraph ">38.714</ns1:td><ns1:td pattern="Block" structure="Paragraph ">34.145</ns1:td><ns1:td pattern="Block" structure="Paragraph ">24.415</ns1:td></ns1:tr><ns1:tr align="right" pattern="Table"><ns1:td pattern="Block" structure="Paragraph "><ns1:emphasis pattern="Inline" role="ital">8</ns1:emphasis></ns1:td><ns1:td pattern="Block" structure="Paragraph ">473.601</ns1:td><ns1:td pattern="Block" structure="Paragraph ">38.496</ns1:td><ns1:td pattern="Block" structure="Paragraph ">34.410</ns1:td><ns1:td pattern="Block" structure="Paragraph ">24.395</ns1:td></ns1:tr><ns1:tr align="right" pattern="Table"><ns1:td pattern="Block" structure="Paragraph "><ns1:emphasis pattern="Inline" role="ital">9</ns1:emphasis></ns1:td><ns1:td pattern="Block" structure="Paragraph ">670.772</ns1:td><ns1:td pattern="Block" structure="Paragraph ">39.521</ns1:td><ns1:td pattern="Block" structure="Paragraph ">34.423</ns1:td><ns1:td pattern="Block" structure="Paragraph ">24.463</ns1:td></ns1:tr><ns1:tr align="right" pattern="Table"><ns1:td pattern="Block" structure="Paragraph "><ns1:emphasis pattern="Inline" role="ital">10</ns1:emphasis></ns1:td><ns1:td pattern="Block" structure="Paragraph ">473.601</ns1:td><ns1:td pattern="Block" structure="Paragraph ">38.317</ns1:td><ns1:td pattern="Block" structure="Paragraph ">34.429</ns1:td><ns1:td pattern="Block" structure="Paragraph ">24.469</ns1:td></ns1:tr><ns1:tr align="right" pattern="Table"><ns1:td align="left" pattern="Block" structure="Paragraph "><ns1:emphasis pattern="Inline" role="bital">Mean</ns1:emphasis></ns1:td><ns1:td pattern="Block" structure="Paragraph ">631.150</ns1:td><ns1:td pattern="Block" structure="Paragraph ">38.604</ns1:td><ns1:td pattern="Block" structure="Paragraph ">34.541</ns1:td><ns1:td pattern="Block" structure="Paragraph ">24.427</ns1:td></ns1:tr><ns1:tr align="right" pattern="Table"><ns1:td align="left" pattern="Block" structure="Paragraph "><ns1:emphasis pattern="Inline" role="bital">Ratio 1</ns1:emphasis></ns1:td><ns1:td pattern="Block" structure="Paragraph ">25.838</ns1:td><ns1:td pattern="Block" structure="Paragraph ">1.580</ns1:td><ns1:td pattern="Block" structure="Paragraph ">1.414</ns1:td><ns1:td pattern="Block" structure="Paragraph ">1.000</ns1:td></ns1:tr><ns1:tr align="right" pattern="Table"><ns1:td align="left" pattern="Block" structure="Paragraph "><ns1:emphasis pattern="Inline" role="bital">Ratio 2</ns1:emphasis></ns1:td><ns1:td pattern="Block" structure="Paragraph ">18.273</ns1:td><ns1:td pattern="Block" structure="Paragraph ">1.118</ns1:td><ns1:td pattern="Block" structure="Paragraph ">1.000</ns1:td><ns1:td pattern="Block" structure="Paragraph ">Ã&#130;Â </ns1:td></ns1:tr><ns1:tr align="right" pattern="Table"><ns1:td align="left" pattern="Block" structure="Paragraph "><ns1:emphasis pattern="Inline" role="bital">Ratio 3</ns1:emphasis></ns1:td><ns1:td pattern="Block" structure="Paragraph ">16.349</ns1:td><ns1:td pattern="Block" structure="Paragraph ">1.000</ns1:td><ns1:td pattern="Block" structure="Paragraph ">Ã&#130;Â </ns1:td><ns1:td pattern="Block" structure="Paragraph ">Ã&#130;Â </ns1:td></ns1:tr></ns1:table><ns1:para pattern="Block">Times are reported in seconds. The three ratio lines in the table set the time for one of the tests at a value of<ns1:code pattern="Atom">1</ns1:code>and then calculate the amount of time the other implementations required in proportion to it.</ns1:para><ns1:para pattern="Block">The results show that querying along the long axes took more than 16 times as much time as querying along the sibling axes. Using the<ns1:code pattern="Atom">@offset</ns1:code>attribute value instead of either the long axes or the sibling axes saved an additional 11% in time, and using the<ns1:code pattern="Atom">@last</ns1:code>attribute value as well saved an additional 41% in time over that. All told, the implementation that relies on the long axes took more than 25 times as much time as the one with the greatest optimization.</ns1:para></ns1:section><ns1:section pattern="HeadedContainer" structure="Section "><ns1:title pattern="Block" structure="SectionTitle ">Is it XML?</ns1:title><ns1:para pattern="Block">The XML version of the poem has an inherent hierarchy (the poem contains books, which contain lines, which contain words) and inherent order (the words occur in a particular order, as do the lines and books). Those inherent features are encoded naturally in the structure of the XML document because XML documents are obligatorily hierarchical (even though in some projects the hierarchy may be flat) and ordered (even though in some projects the user may ignore the order). The addition of<ns1:code pattern="Atom">@offset</ns1:code>and<ns1:code pattern="Atom">@last</ns1:code>attributes and the adoption of a strategy that treats the document as flat and never looks at the hierarchy essentially transforms the approach from one that is based on natural properties of XML documents to one that is based on a flat-file database way of thinking. That is, we could map each<ns1:code pattern="Atom">&lt;word&gt;</ns1:code>element in the XML version to a record in a database table, the fields of which would be the textual representation of the word (a character string), the offset value (a unique positive integer), an indication of whether the word falls at the end of a line (a boolean value), and the book and line number (a string value, which is used in reporting). Records in a database do not have an inherent order, but once we rely on the value of the<ns1:code pattern="Atom">@offset</ns1:code>attribute in the XML document, the<ns1:code pattern="Atom">&lt;word&gt;</ns1:code>elements might as well be sprinkled through the document in any order, and the<ns1:code pattern="Atom">&lt;line&gt;</ns1:code>and<ns1:code pattern="Atom">&lt;book&gt;</ns1:code>elements play no role at all in the system. That is, except for the book and line number, the most highly optimized (and most efficient) implementation above adopts precisely a flat-file database approach, which raises the question of whether this project should have been undertaken in XML in the first place.</ns1:para><ns1:para pattern="Block">The answer to that rhetorical question is that of course it should have been undertaken in XML because the order and hierarchy are meaningful. They are inherent in the XML structure but must be written explicitly into a corresponding database implementation, which indicates that this is data that wants, as it were, to be regarded as an ordered and hierarchical XML document. The problem is not that the data is inherently tabular, and therefore inherently suited to a flat-file database solution, but that the XML tool available to manipulate the data was not sufficiently optimized for the type of retrieval required.</ns1:para></ns1:section><ns1:section pattern="HeadedContainer" structure="Section "><ns1:title pattern="Block" structure="SectionTitle ">Conclusion</ns1:title><ns1:para pattern="Block">The best solution would be, of course, an optimization within<ns1:emphasis pattern="Inline" role="ital">eXist</ns1:emphasis>that would let users write concise and legible XQuery code (using the long axes), which would then be executed efficiently through optimization behind the scenes. This type of solution would remove the need for both more complex code (along the lines of the sibling-axes approach described above) and modifying the XML to write information into the document in character form when that information is already inherent in the document structure. Until such a solution became available, though, the strategies described above provided a substantial improvement over explicit use of the long axes, salvaging a project that would otherwise have been unusable for reasons of efficiency.</ns1:para></ns1:section><ns1:section xmlns:ns3="http://www.w3.org/XML/1998/namespace" xml:id="Addendum" pattern="HeadedContainer" structure="Section "><ns1:title pattern="Block" structure="SectionTitle ">Addendum</ns1:title><ns1:para pattern="Block"><ns1:emphasis pattern="Inline" role="ital">eXist</ns1:emphasis>is an open-source project, which means that impatient users who require an optimization not already present in the code have the opportunity to implement that optimization themselves and contribute it to the project. Unfortunately, in the present case this particular impatient user lacked the Java programming skills to undertake the task. Fortunately, however, the<ns1:emphasis pattern="Inline" role="ital">eXist</ns1:emphasis>development team is very responsive to feature requests from users, and shortly after I wrote to the developers about the problem they released an upgrade that implemented precisely the modification described above (consult the predicate first and retrieve only the nodes that will be needed from the designated axis). Rerunning the original code that relied on the long axes on the same machine as the earlier tests but using<ns1:emphasis pattern="Inline" role="ital">eXist</ns1:emphasis>version 1.3.0dev-rev9622-20090802, which includes this new optimization, yielded times of 1.754, 1.778, 1.765, 1.944, 1.944, 1.777, 18.949, 1.838, 1.763, and 1.798 seconds. The mean time for these tests was 3.531 seconds, and if we exclude the aberrant long time on the seventh trial (an artifact of a system process that woke up at an inconvenient moment?), the mean drops to 1.818 seconds. The 3.531-second figure is 14.455% of the best mean time (24.427 seconds) achieved with my XSLT-based optimizations and 0.559% of the mean time of the long-axes search (631.150 seconds) before the introduction of the<ns1:emphasis pattern="Inline" role="ital">eXist</ns1:emphasis>-internal optimization. The 1.818-second figure is 7.443% of the best mean time (24.427 seconds) achieved with my XPath-based optimizations and 0.288% of the mean time of the long-axes search (631.150 seconds) before the introduction of the<ns1:emphasis pattern="Inline" role="ital">eXist</ns1:emphasis>-internal optimization.</ns1:para><ns1:para pattern="Block">The<ns1:emphasis pattern="Inline" role="ital">eXist</ns1:emphasis>optimization works by checking the static return type of the predicate expression to determine whether it is a positional predicate. (This paragraph reproduces more or less verbatim an explanation provided by the<ns1:emphasis pattern="Inline" role="ital">eXist</ns1:emphasis>developers.) If the answer is yes and there is no context dependency, the predicate will be evaluated in advance and the result will be used to limit the range of the context selection (e.g.,<ns1:code pattern="Atom">following::word</ns1:code>). For example,<ns1:code pattern="Atom">$i/following::word[1]</ns1:code>would benefit from the optimization because the static return type of the predicate is a positional predicate and it entails no context dependency. On the other hand,<ns1:code pattern="Atom">$i/following::word[position() = 1]</ns1:code>would not be optimized because it introduces a context dependency insofar as<ns1:code pattern="Atom">position()</ns1:code>returns the position of the current context item and cannot be evaluated without looking at the context. Furthermore, determining the static type is not always easy. In particular, the type information is passed along local variables declared in a<ns1:code pattern="Atom">let</ns1:code>or<ns1:code pattern="Atom">for</ns1:code>, but it gets lost through function calls. My original query,<ns1:code pattern="Atom">for $j in (1 to 3) return $i/following::word[$j]</ns1:code>, works, but if<ns1:code pattern="Atom">$j</ns1:code>were a function parameter, it would not. Additionally, support for this optimization with particular XPath functions is being introduced only incrementally, to avoid breaking existing code. For example, the developersÃ¢â&#130;¬â&#132;¢ initial attempt at an optimization failed with the<ns1:code pattern="Atom">reverse()</ns1:code>function that I used to retrieve the three preceding words in the correct order, although support for this function was added later to the optimization.</ns1:para><ns1:para pattern="Block">The unsurprising technical conclusion, then, is that, at least in the present case, optimization of the XPath code by the user to reduce the scope of a query can achieve substantial improvement, but much more impressive results are obtained by optimizing the Java code underlying the XPath interpreter. What this experiment also reveals, though, is that, at least in the present case, the user was not reduced to waiting helplessly for a resolution by the developers, and was able to achieve meaningful improvement in those areas that he did control, viz., the XML, XPath, and XQuery.</ns1:para><ns1:para pattern="Block">In his concluding statement at the Balisage 2009 pre-conference Symposium on Processing XML Efficiently, Michael Kay invoked David WheelerÃ¢â&#130;¬â&#132;¢s advice that application developers optimize the code that users actually write, that is, that they find out what people are doing and make that go quickly. From an end-user perspective, though, the lesson can be reversed: Find out what goes quickly and use it.</ns1:para></ns1:section><ns1:bibliography pattern="HeadedContainer" structure="Section Bibliography "><ns1:title pattern="Block" structure="SectionTitle ">Works cited</ns1:title><ns1:bibliomixed xmlns:ns3="http://www.w3.org/XML/1998/namespace" xml:id="Configuring" pattern="Block" xreflabel="Configuring">Ã¢â&#130;¬Å&#147;Configuring Database Indexes.Ã¢â&#130;¬ï¿½ (Part of the<ns1:emphasis pattern="Inline" role="ital">eXist</ns1:emphasis>documentation.)<ns1:link xmlns:ns2="http://www.w3.org/1999/xlink" ns2:actuate="onRequest" ns2:href="http://www.exist-db.org/indexing.html" ns2:show="new" ns2:type="simple" pattern="Inline">http://www.exist-db.org/indexing.html</ns1:link>. Accessed 2009-05-31.</ns1:bibliomixed><ns1:bibliomixed xmlns:ns3="http://www.w3.org/XML/1998/namespace" xml:id="Lucene" pattern="Block" xreflabel="Lucene">Ã¢â&#130;¬Å&#147;Lucene-based Full Text IndexÃ¢â&#130;¬ï¿½ (Part of the<ns1:emphasis pattern="Inline" role="ital">eXist</ns1:emphasis>documentation.)<ns1:link xmlns:ns2="http://www.w3.org/1999/xlink" ns2:actuate="onRequest" ns2:href="http://www.exist-db.org/lucene.html" ns2:show="new" ns2:type="simple" pattern="Inline">http://www.exist-db.org/lucene.html</ns1:link>. Accessed 2009-05-31.</ns1:bibliomixed><ns1:bibliomixed xmlns:ns3="http://www.w3.org/XML/1998/namespace" xml:id="Tuning" pattern="Block" xreflabel="Tuning">Ã¢â&#130;¬Å&#147;Tuning the Database.Ã¢â&#130;¬ï¿½ (Part of the<ns1:emphasis pattern="Inline" role="ital">eXist</ns1:emphasis>documentation.)<ns1:link xmlns:ns2="http://www.w3.org/1999/xlink" ns2:actuate="onRequest" ns2:href="http://exist.sourceforge.net/tuning.html" ns2:show="new" ns2:type="simple" pattern="Inline">http://exist.sourceforge.net/tuning.html</ns1:link>. Accessed 2009-05-31.</ns1:bibliomixed></ns1:bibliography></ns1:article>