<?xml version="1.0" encoding="UTF-8"?><ns1:article xmlns:ns1="http://docbook.org/ns/docbook" pattern="HeadedContainer" version="5.0-subset Balisage-1.2"><ns1:title pattern="Block" structure="Title ">State of the art on streaming</ns1:title><ns1:subtitle pattern="Block">Why W3C XProc, W3C XSLT WGs and ISO SC34 WG 1 are looking closely to streaming</ns1:subtitle><ns1:info pattern="Record" structure="FrontMatter "><ns1:confgroup pattern="Record"><ns1:conftitle pattern="Field">Balisage: The Markup Conference 2008</ns1:conftitle><ns1:confdates pattern="Field">August 12 - 15, 2008</ns1:confdates></ns1:confgroup><ns1:abstract pattern="Container"><ns1:para pattern="Block" structure="Paragraph ">It's now 10 years that XML is out and is now mainstream. Eventually, XML is perceived for its value (Unicode, Structure, Extensibility) and not only for something heavy and difficult to use. XML needs still to gain in its capacity to be processed more naturally as a stream of information.</ns1:para><ns1:para pattern="Block" structure="Paragraph ">After a short presentation of where we come from, we will take a look very closely at where are the work around streaming processing, and especially from the XSLT WG, XProc WG and ISO DSDL; We will also see how some interesting approach are trying to find workarounds on streaming and propose some new area of use for XML.</ns1:para></ns1:abstract><ns1:author pattern="Record"><ns1:personname pattern="Record"><ns1:firstname pattern="Field">Mohamed</ns1:firstname><ns1:surname pattern="Field">Zergaoui</ns1:surname></ns1:personname><ns1:personblurb pattern="Container"><ns1:para pattern="Block" structure="Paragraph ">A native of Paris, Mohamed Zergaoui completed his post-graduate studies at Paris VI University in 2000. He is currently the CTO and Founder of Innovimax. He is also very active in the W3C XProc WG and XSLT WG and especially active in Streaming. He is also the editor of ISO DSDL Part 10.</ns1:para></ns1:personblurb><ns1:affiliation pattern="Record"><ns1:jobtitle pattern="Field">CTO &amp; Founder</ns1:jobtitle><ns1:orgname pattern="Block">Innovimax</ns1:orgname></ns1:affiliation><ns1:email pattern="Field">innovimax@gmail.com</ns1:email></ns1:author><ns1:legalnotice pattern="Container"><ns1:para pattern="Block" structure="Paragraph ">Copyright Ã&#130;Â© 2008 Innovimax. Used by permission.</ns1:para></ns1:legalnotice><ns1:keywordset pattern="Table" role="author" structure="List "><ns1:keyword pattern="Field">Streaming</ns1:keyword><ns1:keyword pattern="Field">XProc</ns1:keyword><ns1:keyword pattern="Field">XSLT</ns1:keyword><ns1:keyword pattern="Field">W3C</ns1:keyword><ns1:keyword pattern="Field">DSDL</ns1:keyword><ns1:keyword pattern="Field">ISO</ns1:keyword></ns1:keywordset></ns1:info><ns1:note pattern="Container"><ns1:para pattern="Block" structure="Paragraph ">See slideshow</ns1:para></ns1:note><ns1:bibliography pattern="HeadedContainer" structure="Section "><ns1:title pattern="Block" structure="SectionTitle ">Bibliography</ns1:title><ns1:bibliomixed xmlns:ns3="http://www.w3.org/XML/1998/namespace" xml:id="moz001" pattern="Block" structure="Paragraph " xreflabel="xml-rec">Tim Bray, Jean Paoli, C. M. Sperberg-McQueen, and Eve Maler, editors. Extensible Markup Language (XML) 1.0 Fourth Edition. World Wide Web Consortium, 2006. W3C Recommendation.<ns1:link xmlns:ns2="http://www.w3.org/1999/xlink" ns2:actuate="onRequest" ns2:show="new" ns2:type="simple" pattern="Inline">http://www.w3.org/TR/REC-xml</ns1:link></ns1:bibliomixed><ns1:bibliomixed xmlns:ns3="http://www.w3.org/XML/1998/namespace" xml:id="moz002" pattern="Block" structure="Paragraph " xreflabel="xproc">Norman Walsh, Alex Milowski, Henry S. Thompson, editors. XProc: An XML Pipeline Language. World Wide Web Consortium, 2008. W3C Working Draft.<ns1:link xmlns:ns2="http://www.w3.org/1999/xlink" ns2:actuate="onRequest" ns2:show="new" ns2:type="simple" pattern="Inline">http://www.w3.org/TR/xproc/</ns1:link></ns1:bibliomixed><ns1:bibliomixed xmlns:ns3="http://www.w3.org/XML/1998/namespace" xml:id="moz003" pattern="Block" structure="Paragraph " xreflabel="xslt-streaming">Requirements and Use Cases for Streaming XML Transformations. World Wide Web Consortium, 2008. W3C Internal Working Draft.</ns1:bibliomixed><ns1:bibliomixed xmlns:ns3="http://www.w3.org/XML/1998/namespace" xml:id="moz004" pattern="Block" structure="Paragraph " xreflabel="DSDL-Part-6">ISO DSDL Part 6, Path-based integrity constraints</ns1:bibliomixed><ns1:bibliomixed xmlns:ns3="http://www.w3.org/XML/1998/namespace" xml:id="moz005" pattern="Block" structure="Paragraph " xreflabel="DSDL-Part-10">ISO DSDL Part 10, Validation Management</ns1:bibliomixed></ns1:bibliography></ns1:article>