<?xml version="1.0" encoding="UTF-8"?><ns1:iml xmlns:ns1="http://www.cs.unibo.it/2006/iml" pattern="Record"><ns1:head pattern="Container" structure="FrontMatter "><ns1:title pattern="Field" structure="Title ">Literal Reification</ns1:title><ns1:meta content="1" name="author.1.number" pattern="Meta"/><ns1:meta content="Aldo Gangemi" name="author.1.name" pattern="Meta"/><ns1:meta content="ISTC-CNR" name="author.1.affiliation" pattern="Meta"/><ns1:meta content="aldo.gangemi@cnr.it" name="author.1.email" pattern="Meta"/><ns1:meta content="2" name="author.2.number" pattern="Meta"/><ns1:meta content="Silvio Peroni" name="author.2.name" pattern="Meta"/><ns1:meta content="University of Bologna" name="author.2.affiliation" pattern="Meta"/><ns1:meta content="speroni@cs.unibo.it" name="author.2.email" pattern="Meta"/><ns1:meta content="3" name="author.3.number" pattern="Meta"/><ns1:meta content="Fabio Vitali" name="author.3.name" pattern="Meta"/><ns1:meta content="University of Bologna" name="author.3.affiliation" pattern="Meta"/><ns1:meta content="fabio@cs.unibo.it" name="author.3.email" pattern="Meta"/><ns1:meta content="literal reification" name="keyword" pattern="Meta"/><ns1:meta content="OWL" name="keyword" pattern="Meta"/><ns1:meta content="SWRL" name="keyword" pattern="Meta"/></ns1:head><ns1:body pattern="Container" structure="BodyMatter "><ns1:div class="abstract" id="abs" pattern="HeadedContainer" structure="Section "><ns1:h1 pattern="Block" structure="SectionTitle ">Abstract</ns1:h1><ns1:p pattern="Block" structure="Paragraph ">In this paper we introduce the pattern<ns1:i pattern="Inline">literal reification</ns1:i>, a modelling technique to address scenarios, in which we need to bless particular literals, usually when applying data properties, in order to use them as subjects and/or full-fledged objects of semantic assertions.</ns1:p></ns1:div><ns1:div class="section" pattern="HeadedContainer" structure="Section "><ns1:h1 pattern="Block" structure="SectionTitle ">Introduction</ns1:h1><ns1:p pattern="Block" structure="Paragraph ">Recently within the Semantic Web community a new topic has been actively discussed: whether and how to allow literals to be subjects of RDF statements<ns1:a class="footnote" href="ftn4" pattern="Milestone"/>. This discussions failed to provide a unique and clear indication of how to proceed in that regard.</ns1:p><ns1:p pattern="Block" structure="Paragraph ">Although one of the suggestions coming out of the discussion was to explicitly include the proposal in a (future) specification of RDF, this topic is not actually new, particularly in ontology modelling. The needs to describe “typical” literals (specially strings) as individuals of a particular class has been addressed by a lot of models in past, such as Common Tag<ns1:a class="footnote" href="ftn5" pattern="Milestone"/>(through the class<ns1:i pattern="Inline">Tag</ns1:i>), SIOC<ns1:a class="footnote" href="ftn6" pattern="Milestone"/>(through the classes<ns1:i pattern="Inline">Category</ns1:i>and<ns1:i pattern="Inline">Tag</ns1:i>), SKOS-XL<ns1:a class="footnote" href="ftn7" pattern="Milestone"/>(through the class<ns1:i pattern="Inline">Label</ns1:i>), and LMM<ns1:a class="footnote" href="ftn8" pattern="Milestone"/>(through the class<ns1:i pattern="Inline">Expression</ns1:i>). After considering the above-mentioned models and other related and inspiring ones, we have developed a pattern called<ns1:i pattern="Inline">literal reification</ns1:i>to address this issue. It allows to express literal values as proper ontological individuals so as to use them as subject/object of any assertion within OWL models.</ns1:p><ns1:p pattern="Block" structure="Paragraph ">The rest of the paper follows this structure: in<ns1:a class="ref" href="SectionGeneralDescription" pattern="Milestone"/>and<ns1:a class="ref" href="SectionElements" pattern="Milestone"/>we respectively introduce a high level and detailed description of the pattern; in<ns1:a class="ref" href="SectionScenarios" pattern="Milestone"/>we discuss two particular application scenarios that we use to demonstrate all the capabilities of the pattern.</ns1:p></ns1:div><ns1:div class="section" id="SectionGeneralDescription" pattern="HeadedContainer" structure="Section "><ns1:h1 pattern="Block" structure="SectionTitle ">General description</ns1:h1><ns1:p pattern="Block" structure="Paragraph ">Extending the pattern<ns1:i pattern="Inline">region</ns1:i><ns1:a class="footnote" href="ftn9" pattern="Milestone"/>, the pattern<ns1:i pattern="Inline">literal reification</ns1:i>promotes any literal as “first class object” in OWL by reifying it as a proper individual of the class<ns1:i pattern="Inline">litre:Literal</ns1:i>. Individuals of this class express literal values through the functional data property<ns1:i pattern="Inline">litre:hasLiteralValue</ns1:i>and can be connected to other individuals that share the same literal value by using the property<ns1:i pattern="Inline">litre:hasSameLiteralValueAs</ns1:i>. Moreover, a literal may refer to, and may be referred by any OWL individual through<ns1:i pattern="Inline">litre:isLiteralOf</ns1:i>and<ns1:i pattern="Inline">litre:hasLiteral</ns1:i>respectively.</ns1:p><ns1:p pattern="Block" structure="Paragraph ">Note that the pattern defines also a SWRL rule that allows to infer the (not explicitly asserted) literal value of a particular literal individual when it is connected to another literal individual via<ns1:i pattern="Inline">litre:hasSameLiteralValueAs</ns1:i>:</ns1:p><ns1:p class="code" pattern="Block" structure="Paragraph ">litre:hasSameLiteralValueAs(x,y) , litre:hasLiteralValue(y,v) -&gt; litre:hasLiteralValue(x,v)</ns1:p><ns1:p pattern="Block" structure="Paragraph ">This pattern allows to use each reified literal as subject or object of any assertion, and it is able to address scenarios described, for example, by the following competency questions:</ns1:p><ns1:ul pattern="Table" structure="List " type="bullet"><ns1:li pattern="Container"><ns1:p pattern="Block" structure="Paragraph ">What is the context in which entities refer to a particular literal value?</ns1:p></ns1:li><ns1:li pattern="Container"><ns1:p pattern="Block" structure="Paragraph ">What is the meaning of a particular value considering the context in which it is used?</ns1:p></ns1:li></ns1:ul><ns1:p pattern="Block" structure="Paragraph ">Plausible scenarios of its application include:</ns1:p><ns1:ul pattern="Table" structure="List " type="bullet"><ns1:li pattern="Container"><ns1:p pattern="Block" structure="Paragraph ">modelling domains concerning descriptive tags, in which each tag may have more than one meaning depending on the context in which it is used;</ns1:p></ns1:li><ns1:li pattern="Container"><ns1:p pattern="Block" structure="Paragraph ">extending quickly the capabilities of a model by adding the possibility to make assertions on values, previously referred through data properties, without modifying it.</ns1:p></ns1:li></ns1:ul></ns1:div><ns1:div class="section" id="SectionElements" pattern="HeadedContainer" structure="Section "><ns1:h1 pattern="Block" structure="SectionTitle ">Elements</ns1:h1><ns1:p pattern="Block" structure="Paragraph ">As shown in<ns1:a class="ref" href="FigurePattern" pattern="Milestone"/>, the pattern<ns1:i pattern="Inline">literal reification</ns1:i>is composed by a class, a data property and three object properties, described as follows:</ns1:p><ns1:ul pattern="Table" structure="List " type="bullet"><ns1:li pattern="Container"><ns1:p pattern="Block" structure="Paragraph ">Class<ns1:i pattern="Inline">litre:Literal</ns1:i>. It describes reified literals, where the literal value they represent is speficied through the property<ns1:i pattern="Inline">litre:hasLiteralValue</ns1:i>. Each individual of this class must always have a specified value.</ns1:p></ns1:li><ns1:li pattern="Container"><ns1:p pattern="Block" structure="Paragraph ">Data property<ns1:i pattern="Inline">litre:hasLiteralValue</ns1:i>. It is used to specify the literal value that an individual of<ns1:i pattern="Inline">litre:Literal</ns1:i>represents.</ns1:p></ns1:li><ns1:li pattern="Container"><ns1:p pattern="Block" structure="Paragraph ">Object property<ns1:i pattern="Inline">litre:hasSameLiteralValueAs</ns1:i>. It relates the reified literal to another one that has the same literal value.</ns1:p></ns1:li><ns1:li pattern="Container"><ns1:p pattern="Block" structure="Paragraph ">Object property<ns1:i pattern="Inline">litre:hasLiteral</ns1:i>. It connects individuals of any class to a reified literal.</ns1:p></ns1:li><ns1:li pattern="Container"><ns1:p pattern="Block" structure="Paragraph ">Object property<ns1:i pattern="Inline">litre:isLiteralOf</ns1:i>. It connects the reified literal to the individuals that are using it.</ns1:p></ns1:li></ns1:ul><ns1:div class="picture" id="FigurePattern" pattern="Record" structure="FigureBox "><ns1:p class="img.block" pattern="Block" structure="Paragraph "><ns1:img class="11.09cm-12.541cm" pattern="Milestone" src="10000000000001E900000229F520F419.png" structure="Figure "/></ns1:p><ns1:p class="caption" pattern="Block" structure="Paragraph ">A figure summarizing the pattern.</ns1:p></ns1:div></ns1:div><ns1:div class="section" id="SectionScenarios" pattern="HeadedContainer" structure="Section "><ns1:h1 pattern="Block" structure="SectionTitle ">Scenarios</ns1:h1><ns1:div class="section" id="SectionScenario1" pattern="HeadedContainer" structure="Section "><ns1:h1 pattern="Block" structure="SectionTitle ">Same tag, different meanings</ns1:h1><ns1:p pattern="Block" structure="Paragraph ">Used frequently in the Web 2.0, descriptive tags such as the ones used in folksonomies are keywords (e.g., strings) assigned to a particular resource, such as a web document, with the intent to describe it. Just like words in any natural language, tags may have different meanings depending on the context in which they are used.</ns1:p><ns1:p pattern="Block" structure="Paragraph ">For instance, the word “Paris” may be either a name of a city or a first name of a person. Here, it is clear that the act of tagging with “Paris” both the Wikipedia pages about the Eiffel Tower and the one about Paris Hilton hides two different intents: in the former case, “Paris” denotes the city in which the tower stands; in the latter case, “Paris” denotes a particular person, i.e., Paris Hilton.</ns1:p><ns1:p pattern="Block" structure="Paragraph ">Using the literal reification pattern it is possible to express descriptive tags as first class objects in OWL, by considering them as proper individuals of the class<ns1:i pattern="Inline">litre:Literal</ns1:i>. Different individuals may thus represent different meanings even if their literal values are identical<ns1:a class="footnote" href="ftn10" pattern="Milestone"/>:</ns1:p><ns1:p class="code" pattern="Block" structure="Paragraph ">&lt;http://en.wikipedia.org/wiki/Eiffel_Tower&gt; a foaf:Document ; prism:keyword :parisTag1 . &lt;http://en.wikipedia.org/wiki/Paris_Hilton&gt; a foaf:Document ; prism:keyword :parisTag2 . :parisTag1 a litre:Literal , [ a skos:Concept ; skos:definition "A name associated to a city"@en ] ; litre:hasLiteralValue "Paris" ; lmm:denotes dbpedia:Paris . :parisTag2 a litre:Literal , [ a skos:Concept ; skos:definition "A first name of a person"@en ] ; litre:hasSameLiteralValueOf :parisTag1 ; lmm:denotes dbpedia:Paris_Hilton .</ns1:p></ns1:div><ns1:div class="section" id="SectionScenario2" pattern="HeadedContainer" structure="Section "><ns1:h1 pattern="Block" structure="SectionTitle ">Keeping track of name changes</ns1:h1><ns1:p pattern="Block" structure="Paragraph ">NameHistory3.0 is a (fictional) institution that keeps track of all the names of people, and stores them as an ABox of the FOAF ontology. In particular, each person is stored as an individual of the class<ns1:i pattern="Inline">foaf:Person</ns1:i>with a specific first name (data property<ns1:i pattern="Inline">foaf:givenName</ns1:i>) and family name (data property<ns1:i pattern="Inline">foaf:familyName</ns1:i>).</ns1:p><ns1:p pattern="Block" structure="Paragraph ">On 24/09/2010, Bruce Wayne formally applied for changing his first name to Jack. Since NameHistory3.0 has to keep track of everything concerning names of people, on that date “Jack” was added as Mr. Wayne's first name. It was then that NameHistory3.0 noticed that, without any additional information, it is not possible to know which of the two first names are legally valid at any given point in time.</ns1:p><ns1:p pattern="Block" structure="Paragraph ">A solution to that scenario, which avoids any modification of the ontology model and consequently of the entire triple store (operation that is obviously time-consuming and error-prone), is to use the literal reification pattern in combination with the new expressivity for<ns1:i pattern="Inline">punning</ns1:i>in OWL 2. Through them, it is possible to define a literal individual as also belonging to the class<ns1:i pattern="Inline">foaf:givenName</ns1:i>– that is actually defined as a data property, but may be additionally be meta-modelled as a class. We can now associate a particular time interval to each literal, so as to represent when the literal itself, i.e., the given name, is legally valid<ns1:a class="footnote" href="ftn11" pattern="Milestone"/>:</ns1:p><ns1:p class="code" pattern="Block" structure="Paragraph ">:mr_wayne a foaf:Person ; foaf:familyName "Wayne" ; litre:hasLiteral [ a litre:Literal , foaf:givenName ; litre:hasLiteralValue "Bruce" ; dcterms:valid [ a ti:TimeInterval ; ti:hasIntervalStartDate "1983-01-15" ; ti:hasIntervalEndDate "2010-09-24"] ] ; litre:hasLiteral [ a litre:Literal , foaf:givenName ; litre:hasLiteralValue "Jack" ; dcterms:valid [ a ti:TimeInterval ; ti:hasIntervalStartDate "2010-09-24" ] ] .</ns1:p></ns1:div></ns1:div><ns1:div class="footnote" pattern="Table" structure="List BibliographicReferenceList "><ns1:div id="ftn4" pattern="Container"><ns1:p pattern="Block" structure="Paragraph ">http://www.w3.org/2001/sw/wiki/Literals_as_Subjects.</ns1:p></ns1:div><ns1:div id="ftn5" pattern="Container"><ns1:p pattern="Block" structure="Paragraph ">http://www.commontag.org</ns1:p></ns1:div><ns1:div id="ftn6" pattern="Container"><ns1:p pattern="Block" structure="Paragraph ">http://rdfs.org/sioc/spec</ns1:p></ns1:div><ns1:div id="ftn7" pattern="Container"><ns1:p pattern="Block" structure="Paragraph ">http://www.w3.org/TR/skos-reference/#xl</ns1:p></ns1:div><ns1:div id="ftn8" pattern="Container"><ns1:p pattern="Block" structure="Paragraph ">http://www.ontologydesignpatterns.org/ont/lmm/LMM_L1.owl</ns1:p></ns1:div><ns1:div id="ftn9" pattern="Container"><ns1:p pattern="Block" structure="Paragraph ">http://ontologydesignpatterns.org/wiki/Submissions:Region</ns1:p></ns1:div><ns1:div id="ftn10" pattern="Container"><ns1:p pattern="Block" structure="Paragraph ">http://www.essepuntato.it/2010/06/sc1.ttl</ns1:p></ns1:div><ns1:div id="ftn11" pattern="Container"><ns1:p pattern="Block" structure="Paragraph ">http://www.essepuntato.it/2010/06/sc2.ttl</ns1:p></ns1:div></ns1:div></ns1:body></ns1:iml>