<?xml version="1.0" encoding="UTF-8"?><ns1:iml xmlns:ns1="http://www.cs.unibo.it/2006/iml" pattern="Record"><ns1:head pattern="Container" structure="FrontMatter "><ns1:title pattern="Field" structure="Title ">Embedding semantic annotations within texts: the FRETTA approach</ns1:title><ns1:meta content="1" name="author.1.number" pattern="Meta"/><ns1:meta content="Gioele Barabucci" name="author.1.name" pattern="Meta"/><ns1:meta content="Department of Computer Science@University of Bologna@Bologna@Italy" name="author.1.affiliation" pattern="Meta"/><ns1:meta content="barabucc@cs.unibo.it" name="author.1.email" pattern="Meta"/><ns1:meta content="2" name="author.2.number" pattern="Meta"/><ns1:meta content="Silvio Peroni" name="author.2.name" pattern="Meta"/><ns1:meta content="Department of Computer Science@University of Bologna@Bologna@Italy" name="author.2.affiliation" pattern="Meta"/><ns1:meta content="speroni@cs.unibo.it" name="author.2.email" pattern="Meta"/><ns1:meta content="3" name="author.3.number" pattern="Meta"/><ns1:meta content="Francesco Poggi" name="author.3.name" pattern="Meta"/><ns1:meta content="Department of Computer Science@University of Bologna@Bologna@Italy" name="author.3.affiliation" pattern="Meta"/><ns1:meta content="fpoggi@cs.unibo.it" name="author.3.email" pattern="Meta"/><ns1:meta content="4" name="author.4.number" pattern="Meta"/><ns1:meta content="Fabio Vitali" name="author.4.name" pattern="Meta"/><ns1:meta content="Department of Computer Science@University of Bologna@Bologna@Italy" name="author.4.affiliation" pattern="Meta"/><ns1:meta content="fabio@cs.unibo.it" name="author.4.email" pattern="Meta"/><ns1:meta content="I.7.2,Document And Text Processing,Document Preparation,Markup languages" name="category" pattern="Meta"/><ns1:meta content="Languages" name="generalterm" pattern="Meta"/><ns1:meta content="EARMARK" name="keyword" pattern="Meta"/><ns1:meta content="embedded markup" name="keyword" pattern="Meta"/><ns1:meta content="overlapping markup" name="keyword" pattern="Meta"/></ns1:head><ns1:body pattern="Container" structure="BodyMatter "><ns1:div class="abstract" id="abs" pattern="HeadedContainer" structure="Section "><ns1:h1 pattern="Block" structure="SectionTitle ">Abstract</ns1:h1><ns1:p pattern="Block" structure="Paragraph ">In order to make semantic assertions about the text content of a document we need a mechanism to identify and organize the text structures of the document itself. Such mechanism would closely resemble a document-oriented markup language and would be free of the classical constraints of an embedded markup language, having no limitations given by sequentiality, containment, or contiguity of text fragments. In the past years we developed EARMARK, our OWL proposal for expressing arbitrary semantic annotations about the structure and the text content of a document. In this paper we describe FRETTA, our mechanism for rendering arbitrary EARMARK annotations (including non-sequential, non-hierarchical and non-contiguous ones) in XML, bringing into a unifying framework a half dozen of syntactic tricks used in literature to handle overlapping structures in a strictly hierarchical language.</ns1:p></ns1:div><ns1:div class="section" pattern="HeadedContainer" structure="Section "><ns1:h1 pattern="Block" structure="SectionTitle ">Introduction</ns1:h1><ns1:p pattern="Block" structure="Paragraph ">The main purpose of markup is to state something about the text content it contains. This is both true when markup aims mainly at describing the<ns1:i pattern="Inline">structural characteristics</ns1:i>of the text content of a document (e.g., HTML<ns1:a class="ref" component="Reference " href="HicksonHTML5" pattern="Milestone" referenceTo="Section Bibliography BibliographicReference "/>and TEI<ns1:a class="ref" component="Reference " href="TEIConsortiumTEIP5" pattern="Milestone" referenceTo="Section Bibliography BibliographicReference "/>) as well as when it is used as the linearisation format for<ns1:i pattern="Inline">semantic models</ns1:i>(e.g., RDF/XML<ns1:a class="ref" component="Reference " href="BeckettRDFXML" pattern="Milestone" referenceTo="Section Bibliography BibliographicReference "/>and RDFa<ns1:a class="ref" component="Reference " href="AdidaEtAlRDFa" pattern="Milestone" referenceTo="Section Bibliography BibliographicReference "/>). As it has been said, “markup is not part of the text or content of the expression [of a document] but tells us something about it”<ns1:a class="ref" component="Reference " href="CoombsEtAlMarkupSystems" pattern="Milestone" referenceTo="Section Bibliography BibliographicReference "/>. Thus, under this point of view, there is no difference between “embedded” markup (e.g., XML vocabularies when used as document-oriented languages) and “semantic” markup (i.e., embedding semantic statements using a linearisation suitable to the format of the host document, such as RDFa for HTML)<ns1:a class="ref" component="Reference " href="PeroniEtAlDealingWithMarkupSemantics" pattern="Milestone" referenceTo="Section Bibliography BibliographicReference "/>. In fact, they are both following the same principles:</ns1:p><ns1:ul pattern="Table" structure="List " type="bullet"><ns1:li pattern="Container"><ns1:p pattern="Block" structure="Paragraph ">they define a syntax to express relations between the annotations and the text – for XML, this means bracketed elements, wrapping around text fragments and other elements, while for RDF this means “<ns1:i pattern="Inline">subject - predicate - object</ns1:i>” statements;</ns1:p></ns1:li><ns1:li pattern="Container"><ns1:p pattern="Block" structure="Paragraph ">they use (implicit or explicit) document-specific semantics for characterising what the markup refers to – informal human-readable definitions of the purpose of each element and attribute in XML (e.g., what purpose is the element<ns1:i pattern="Inline">p</ns1:i>used for in HTML<ns1:i pattern="Inline">)</ns1:i>and formally defined logic formulas in RDF (e.g., in order to ground the RDFS class<ns1:i pattern="Inline">foaf:Person</ns1:i><ns1:a class="footnote" component="Reference " href="ftn5" pattern="Milestone" referenceTo="Footnote "/>).</ns1:p></ns1:li></ns1:ul><ns1:p pattern="Block" structure="Paragraph ">A major difference in these approaches is the syntactical flexibility of their meta-level models, usually forcing documents to respect specific syntactic constraints, such as a mandatory tree structure for XML documents or the impossibility of using literal values as subjects in RDF statements.</ns1:p><ns1:p pattern="Block" structure="Paragraph ">In order to go beyond the limitations of the tree structure for XML vocabularies, a large amount of scientific communities developed “workarounds”, or “tricks”, for expressing directed graphs in a tree-based syntax. In practice, this means allowing overlapping hierarchies in XML, and it is done in a number of ways by embedding special elements within the main structure of the document<ns1:a class="ref" component="Reference " href="DeRoseReviewHorse" pattern="Milestone" referenceTo="Section Bibliography BibliographicReference "/>. Surprisingly, to date there is a large amount of applications (e.g., Wikis, Microsoft Word, Open Office) that require directed graphs, and that ended up using such workarounds in their storing formats<ns1:a class="ref" component="Reference " href="DiIorioEtAlSemanticWebApproach" pattern="Milestone" referenceTo="Section Bibliography BibliographicReference "/>.</ns1:p><ns1:p pattern="Block" structure="Paragraph ">EARMARK<ns1:a class="ref" component="Reference " href="DiIorioEtAlSemanticWebApproach" pattern="Milestone" referenceTo="Section Bibliography BibliographicReference "/>is our proposal for expressing arbitrary and non-embedded semantic annotations about the structure and the text content of a document using OWL. This meta-markup language overcomes the limitations given by the workarounds based on XML (causing much ambiguity of the interpretation of multiple embedded hierarchies) providing advanced features such as multiple overlapping hierarchies over the same text fragments, and subject to no constraints by sequentiality, containment, or contiguity of text fragments.</ns1:p><ns1:p pattern="Block" structure="Paragraph ">In this paper we introduce<ns1:i pattern="Inline">Fretta</ns1:i>(<ns1:b pattern="Inline">Fr</ns1:b>om<ns1:b pattern="Inline">E</ns1:b>ARMARK<ns1:b pattern="Inline">T</ns1:b>o<ns1:b pattern="Inline">Ta</ns1:b>g), a general and extensible mechanism for expressing EARMARK annotations in an embedded syntax such as XML. Fretta allows the conversion of EARMARK documents into formats that use XML plus some syntactic tricks for representing element overlaps. To do so, users tell Fretta which tricks are used by which format. With this information, Fretta can serialise an EARMARK document into an XML document compliant with the destination format and the tricks it uses.</ns1:p><ns1:p pattern="Block" structure="Paragraph ">The rest of the paper is structured as follows: in<ns1:a class="ref" component="Reference " href="SectionRelatedWorks" pattern="Milestone" referenceTo="Section Bibliography "/>we introduce previous works related to the field of overlapping markup. In<ns1:a class="ref" component="Reference " href="SectionEARMARK" pattern="Milestone" referenceTo="Section Bibliography "/>and<ns1:a class="ref" component="Reference " href="SectionFretta" pattern="Milestone" referenceTo="Section Bibliography "/>we come to the main discussion of the paper, presenting EARMARK and, then, Fretta. In<ns1:a class="ref" component="Reference " href="SectionEvaluation" pattern="Milestone" referenceTo="Section Bibliography "/>we evaluate, by means of a comparison with a<ns1:i pattern="Inline">golden standard</ns1:i>, the capabilities of Fretta in terms of quality of the returned output. Finally, in<ns1:a class="ref" component="Reference " href="SectionConclusions" pattern="Milestone" referenceTo="Section Bibliography "/>we conclude the paper, drawing on-going and future research directions.</ns1:p></ns1:div><ns1:div class="section" id="SectionRelatedWorks" pattern="HeadedContainer" structure="Section "><ns1:h1 pattern="Block" structure="SectionTitle ">Related Works</ns1:h1><ns1:p pattern="Block" structure="Paragraph ">Even before markup languages, the need to associate different annotations to a single piece of text was widespread, as were techniques that assisted document creators in this task. One example in which these problems are often founds are plays in verses. In plays, authors specify more than the dialogue: the script also states which character is saying each line, how different characters interrupt or interact with each other, how the scene changes while the actors are speaking, etc. When a play is in verses, each verse is often composed of parts of dialogues by different characters, and each fragment must be said with the correct rhythm, so as to make the fundamental beat of the verse perceivable by the audience below the individual voices of the different actors. Consider for instance the following extract from<ns1:i pattern="Inline">La Mort d'Agrippine</ns1:i>by Cyrano de Bergerac:</ns1:p><ns1:p class="code" pattern="Block" structure="Paragraph ">TIBERE Poursuivez... AGRIPPINE Quoi, Seigneur? TIBERE Le propos detestable Ou je vous ai surprise. AGRIPPINE Ah! Ce propos damnable d'une si grande horreur tous mes sens travailla</ns1:p><ns1:p pattern="Block" structure="Paragraph ">This fragment shows two overlapping hierarchies over the same content: the first hierarchy describes which character is playing which spoken utterance, the second hierarchy groups spoken words into poetical lines<ns1:a class="footnote" component="Reference " href="ftn0" pattern="Milestone" referenceTo="Footnote "/>under a specific meter (see the overall structure in<ns1:a class="ref" component="Reference " href="FigureMarkup" pattern="Milestone" referenceTo="Section Bibliography FigureBox "/>).</ns1:p><ns1:p pattern="Block" structure="Paragraph ">When written as a TEI document, the first hierarchy would look like the following snippet of XML:</ns1:p><ns1:p class="code" pattern="Block" structure="Paragraph ">&lt;body&gt; &lt;sp&gt;&lt;speaker&gt;Tibere&lt;/speaker&gt; Poursuivez...&lt;/sp&gt; &lt;sp&gt;&lt;speaker&gt;Agrippine&lt;/speaker&gt; Quoi, Seigneur?&lt;/sp&gt; &lt;sp&gt;&lt;speaker&gt;Tibere&lt;/speaker&gt; Le propos detestable ou je vous ai surprise.&lt;/sp&gt; &lt;sp&gt;&lt;speaker&gt;Agrippine&lt;/speaker&gt; Ah! Ce propos damnable d'une si grande horreur tous mes sens travailla&lt;/sp&gt;&lt;/body&gt;</ns1:p><ns1:p pattern="Block" structure="Paragraph ">The second hierarchy, while containing basically the same content, groups it in a rather different way:</ns1:p><ns1:p class="code" pattern="Block" structure="Paragraph ">&lt;body&gt; &lt;l&gt;Poursuivez... Quoi, Seigneur? Le propos detestable&lt;/l&gt; &lt;l&gt;Ou je vous ai surprise. Ah! Ce propos damnable d'une&lt;/l&gt; &lt;l&gt;si grande horreur tous mes sens travailla&lt;/l&gt;&lt;/body&gt;</ns1:p><ns1:p pattern="Block" structure="Paragraph ">To represent these two hierarchies in a single XML document, various techniques have been developed in the past. The TEI guidelines<ns1:a class="ref" component="Reference " href="TEIConsortiumTEIP5" pattern="Milestone" referenceTo="Section Bibliography BibliographicReference "/>describe a few methods that are used to express multiple hierarchies over the same content as a single XML hierarchy.</ns1:p><ns1:p pattern="Block" structure="Paragraph ">The easiest of these techniques uses<ns1:i pattern="Inline">milestones</ns1:i>, i.e. overlapping structures are expressed through a pair of empty elements to mark the boundaries of the “content”. Using milestones for expressing elements<ns1:i pattern="Inline">l</ns1:i>, the two hierarchies of the previous example could be fused in a single hierarchy such as:</ns1:p><ns1:p class="code" pattern="Block" structure="Paragraph ">&lt;sp&gt;&lt;speaker&gt;Tibere&lt;/speaker&gt; &lt;l sID=”l1” /&gt;Poursuivez...&lt;/sp&gt; &lt;sp&gt;&lt;speaker&gt;Agrippine&lt;/speaker&gt; Quoi, Seigneur?&lt;/sp&gt; &lt;sp&gt;&lt;speaker&gt;Tibere&lt;/speaker&gt; Le propos detestable&lt;l eID=”l1” /&gt; &lt;l sID="l2" /&gt;Ou je vous ai surprise.&lt;/sp&gt; &lt;sp&gt; … &lt;l eId="l2" /&gt;&lt;/sp&gt; …</ns1:p><ns1:p pattern="Block" structure="Paragraph ">Another technique commonly used is<ns1:i pattern="Inline">fragmentation</ns1:i>: overlapping structures are split into individual, non-overlapping elements that are linked through<ns1:i pattern="Inline">id–idref</ns1:i>pairs. Our example rewritten using the fragmentation technique would look like the following snippet:</ns1:p><ns1:p class="code" pattern="Block" structure="Paragraph ">&lt;sp&gt;&lt;speaker&gt;Tibere&lt;/speaker&gt; &lt;l xml:id='v1p1' next='#v1p2'&gt;Poursuivez...&lt;/l&gt;&lt;/sp&gt; &lt;sp&gt;&lt;speaker&gt;Agrippine&lt;/speaker&gt; &lt;l xml:id='v1p2' next='#v1p3'&gt;Quoi, Seigneur?&lt;/l&gt;&lt;/sp&gt; &lt;sp&gt;&lt;speaker&gt;Tibere&lt;/speaker&gt; &lt;l xml:id='v1p3'&gt;Le propos detestable&lt;/l&gt; …</ns1:p><ns1:p pattern="Block" structure="Paragraph ">None of these techniques is right or wrong on its own. Depending on the context in which a document has been created, the constraints imposed by the software that must process it and the stylistic preferences present in the community that will deal with it, there may be techniques that are more acceptable than others.</ns1:p><ns1:p pattern="Block" structure="Paragraph ">Unfortunately, this approach to the overlap problem poses serious interoperability issues when documents must be exchanged between different communities or pieces of software. An example of such issues can be seen in the way the ODT format and the OOXML format deal with versioning annotations. Automatic conversion between these two formats is made even more complicated by the fact that ODT and OOXML rely on different techniques: ODT uses milestones, while OOXML uses fragmentation<ns1:a class="ref" component="Reference " href="DiIorioEtAlSemanticWebApproach" pattern="Milestone" referenceTo="Section Bibliography BibliographicReference "/>.</ns1:p><ns1:p pattern="Block" structure="Paragraph ">All those aforementioned (and few other) techniques are fully described from theoretical and applicative points of view in<ns1:a class="ref" component="Reference " href="TowardsUnification" pattern="Milestone" referenceTo="Section Bibliography BibliographicReference "/>and<ns1:a class="ref" component="Reference " href="DeRoseReviewHorse" pattern="Milestone" referenceTo="Section Bibliography BibliographicReference "/>, where a number of algorithms to convert XML documents with overlapping structures from and to the most common approaches are presented.</ns1:p><ns1:p pattern="Block" structure="Paragraph ">Beside the introduced XML-based approaches to overlap, other solutions use different underlying models and newly invented XML-like languages that allow the expression of overlaps through some kind of syntactical flourishing. For instance, TexMecs<ns1:a class="ref" component="Reference " href="TexMECS" pattern="Milestone" referenceTo="Section Bibliography BibliographicReference "/>is a markup language that allows multiple hierarchies through appropriate workarounds, such as standoff markup. LMNL<ns1:a class="ref" component="Reference " href="LMNL" pattern="Milestone" referenceTo="Section Bibliography BibliographicReference "/>is a general data model based on the idea of layered text fragments and ranges, where multiple types of overlap can be modelled using concepts drawn from the mathematical theory of intervals. XConcur<ns1:a class="ref" component="Reference " href="TowardsValidation" pattern="Milestone" referenceTo="Section Bibliography BibliographicReference "/>is a similar solution based on the representation of multiple hierarchies within the same document through layers.</ns1:p><ns1:div class="picture" id="FigureMarkup" pattern="Record" structure="FigureBox "><ns1:p class="img.block" pattern="Block" structure="Paragraph "><ns1:img class="15.132cm-15.52cm" pattern="Milestone" src="10000000000001AD000001B856E84D6B.png" structure="Figure "/></ns1:p><ns1:p class="caption" pattern="Block" structure="Paragraph ">Two alternative TEI markup hierarchies built upon the same text content.</ns1:p></ns1:div></ns1:div><ns1:div class="section" id="SectionEARMARK" pattern="HeadedContainer" structure="Section "><ns1:h1 pattern="Block" structure="SectionTitle ">Expressing multiple markup hierarchies using EARMARK</ns1:h1><ns1:p pattern="Block" structure="Paragraph ">EARMARK (<ns1:b pattern="Inline">E</ns1:b>xtremely<ns1:b pattern="Inline">A</ns1:b>nnotational<ns1:b pattern="Inline">R</ns1:b>DF<ns1:b pattern="Inline">Mark</ns1:b>up)<ns1:a class="ref" component="Reference " href="DiIorioEtAlSemanticWebApproach" pattern="Milestone" referenceTo="Section Bibliography BibliographicReference "/>is a different approach to meta-markup based on ontologies and Semantic Web technologies. The basic idea is to model EARMARK documents as collections of addressable text fragments, and to associate such text content with OWL assertions that describe structural features as well as semantic properties of (parts of) that content. As a result, EARMARK allows multiple overlapping hierarchies where the textual content within the markup items belongs to some hierarchies but not to others.</ns1:p><ns1:p pattern="Block" structure="Paragraph ">In this section we introduce the main capabilities of EARMARK<ns1:a class="footnote" component="Reference " href="ftn6" pattern="Milestone" referenceTo="Footnote "/>using step by step examples (written in Turtle<ns1:a class="ref" component="Reference " href="PrudhommeauxEtAlTurtle" pattern="Milestone" referenceTo="Section Bibliography BibliographicReference "/>) where we are going to implement (part of) the example shown in<ns1:a class="ref" component="Reference " href="FigureMarkup" pattern="Milestone" referenceTo="Section Bibliography FigureBox "/>.</ns1:p><ns1:p pattern="Block" structure="Paragraph ">In EARMARK, all the textual content of a document is defined through the class<ns1:i pattern="Inline">Docuverse</ns1:i>. In the following excerpt, an individual belonging to a Docuverse subclass (i.e.,<ns1:i pattern="Inline">StringDocuverse</ns1:i>) is defined as string container of the all the document text<ns1:a class="footnote" component="Reference " href="ftn7" pattern="Milestone" referenceTo="Footnote "/>:</ns1:p><ns1:p class="code" pattern="Block" structure="Paragraph ">:textual-content a earmark:StringDocuverse ; earmark:hasContent “Tibere Poursuivez... Agrippine Quoi, Seigneur? Tibere Le propos detestable Ou je vous ai surprise. Agrippine Ah! Ce propos damnable d'une si grande horreur tous mes sens travailla”^^xsd:string .</ns1:p><ns1:p pattern="Block" structure="Paragraph ">In order to compose the first line of the example (i.e., the first element<ns1:i pattern="Inline">l</ns1:i>) we need to create three different text nodes in correspondence of “Poursuivez...”, “Quoi, Seigneur” and “Le propos détestable”. In EARMARK, text nodes are definable through the class<ns1:i pattern="Inline">Range</ns1:i>. For creating the three text nodes we need, three different individuals of<ns1:i pattern="Inline">PointerRange</ns1:i>(i.e., a subclass of<ns1:i pattern="Inline">Range</ns1:i>) are defined as pairs of starting and ending locations on the docuverse content:</ns1:p><ns1:p class="code" pattern="Block" structure="Paragraph ">:poursuivez a earmark:PointerRange ; earmark:refersTo :textual-content ; earmark:begins “7”^^xsd:nonNegativeInteger ; earmark:ends “21”^^xsd:nonNegativeInteger . :quoi-seigneur a earmark:PointerRange ; earmark:refersTo :textual-content ; earmark:begins “32”^^xsd:nonNegativeInteger ; earmark:ends “47”^^xsd:nonNegativeInteger . :le-propos-detestable a earmark:PointerRange ; earmark:refersTo :textual-content ; earmark:begins “55”^^xsd:nonNegativeInteger ; earmark:ends “75”^^xsd:nonNegativeInteger .</ns1:p><ns1:p pattern="Block" structure="Paragraph ">Finally, the element<ns1:i pattern="Inline">l</ns1:i>is created through the class<ns1:i pattern="Inline">Element</ns1:i>, that is a subclass of<ns1:i pattern="Inline">MarkupItem</ns1:i>. So as to define order among items contained by the element, it is used an external ontology<ns1:a class="footnote" component="Reference " href="ftn8" pattern="Milestone" referenceTo="Footnote "/>that was built to define ordered and unordered collections of OWL entities, such as lists, sets and bags. Therefore, we can create the new element<ns1:i pattern="Inline">l</ns1:i>as follows:</ns1:p><ns1:p class="code" pattern="Block" structure="Paragraph ">:first-element-l a earmark:Element , c:List ; earmark:hasGeneralIdentifier “l” ; c:firstItem [ c:itemContent :poursuivez ; c:nextItem [ c:itemContent :quoi-seigneur ; c:nextItem [ c:itemContent :le-propos-detestable ] ] ] .</ns1:p><ns1:p pattern="Block" structure="Paragraph ">Since both markup items and ranges are clearly and univocally identifiable through IRIs, EARMARK allows to define overlapping elements, such as the first element<ns1:i pattern="Inline">l</ns1:i>and the first element<ns1:i pattern="Inline">sp</ns1:i>, both that include the same text node “Poursuivez...” as shown as follows:</ns1:p><ns1:p class="code" pattern="Block" structure="Paragraph ">:first-element-sp a earmark:Element , c:List ; earmark:hasGeneralIdentifier “sp” ; c:firstItem [ c:itemContent :first-element-speaker ; c:nextItem [ c:itemContent :poursuivez ]]. :first-element-speaker a earmark:Element …</ns1:p><ns1:p pattern="Block" structure="Paragraph ">Of course EARMARK, whose core ontological classes and properties are illustrated in<ns1:a class="ref" component="Reference " href="FigureEARMARK" pattern="Milestone" referenceTo="Section Bibliography FigureBox "/>, allows to express more than what we introduced, such as multiple repeatability of items, ordered and non-ordered markup items, subclasses of<ns1:i pattern="Inline">Range</ns1:i>able to express starting and ending locations as XPath expressions on XML strings, subclasses of<ns1:i pattern="Inline">Docuverse</ns1:i>that refers indirectly to the content of a document through its URI, and generic RDF statements involving any items defined through the EARMARK ontology.</ns1:p><ns1:div class="picture" id="FigureEARMARK" pattern="Record" structure="FigureBox "><ns1:p class="img.block" pattern="Block" structure="Paragraph "><ns1:img class="17cm-19.951cm" pattern="Milestone" src="10000000000001EF00000245A46E8FF4.png" structure="Figure "/></ns1:p><ns1:p class="caption" pattern="Block" structure="Paragraph ">A graphical representation of the EARMARK ontology.</ns1:p></ns1:div></ns1:div><ns1:div class="section" id="SectionFretta" pattern="HeadedContainer" structure="Section "><ns1:h1 pattern="Block" structure="SectionTitle ">Approaching the XML overlapping markup using Fretta</ns1:h1><ns1:p pattern="Block" structure="Paragraph ">The issue of studying and sketching algorithms for the automatic and semi-automatic conversion of multi-hierarchical markup documents into simple XML tree structure has been studied before from a pure theoretical perspective<ns1:a class="ref" component="Reference " href="TowardsUnification" pattern="Milestone" referenceTo="Section Bibliography BibliographicReference "/>. In fact, no implementations has been developed in the past years, in order to make this conversion process effective and used by interested research communities and practitioners.</ns1:p><ns1:p pattern="Block" structure="Paragraph ">Trying to address this issue, we developed<ns1:i pattern="Inline">Fretta</ns1:i>(<ns1:b pattern="Inline">Fr</ns1:b>om<ns1:b pattern="Inline">E</ns1:b>ARMARK<ns1:b pattern="Inline">T</ns1:b>o<ns1:b pattern="Inline">Ta</ns1:b>g), a general and extensible Java framework for expressing EARMARK annotations in an embedded XML syntax. Users that want to convert from EARMARK into XML document formats (that use different tricks to store overlapping hierarchies) must indicate which trick are used in a certain format and how EARMARK elements can be encoded in that format. Once Fretta has been supplied with this information, it can perform the requested conversion, passing through four different and consecutive steps that will be illustrated in the following sections.</ns1:p><ns1:div class="section" pattern="HeadedContainer" structure="Section "><ns1:h1 pattern="Block" structure="SectionTitle ">Tricks specification</ns1:h1><ns1:p pattern="Block" structure="Paragraph ">In this step, Fretta adds semantic assertions to all the markup items indicated by the user in a particular XML configuration file. By means of this file, the user can specify rules (elements “trick”) to define which trick, among all the available ones – i.e., milestones, fragmentation, stand-off, dominance embedding of an element, “copy of” and “same as” – has to be used for encoding either a particular element (element “refID”), all the elements having a particular name (element “refGID”) or all the elements having a particular namespace (element “refNS”). For instance, if we would encode “http://www.example.com/el1” using a milestone, all the elements l through fragmentation, and all the elements having namespace “<ns1:a href="http://www.namespace.com/" pattern="Inline">http://www.namespace.com</ns1:a>” with dominance embedding, we would write as follows:</ns1:p><ns1:p class="code" pattern="Block" structure="Paragraph ">&lt;!ENTITY trick “http://fpoggi.web.cs.unibo.it/fretta/overlap/overlaptrick.owl#”&gt; &lt;trickspec&gt; &lt;trick&gt; &lt;refID&gt;http://www.example.com/el1&lt;/refID&gt; &lt;type&gt;&amp;trick;Milestone&lt;/type&gt;&lt;/trick&gt; &lt;trick&gt; &lt;refGID&gt;sp&lt;/refGID&gt; &lt;type&gt;&amp;trick;Fragmentation&lt;/type&gt;&lt;/trick&gt; &lt;trick&gt; &lt;refNS&gt;http://www.namespace.com&lt;/refNS&gt; &lt;type&gt;&amp;trick;Dominance&lt;/type&gt;&lt;/trick&gt; &lt;/trickspec&gt;</ns1:p><ns1:p pattern="Block" structure="Paragraph ">All the URIs within the element type must refer to individuals of the class Trick as defined in the ontology<ns1:a class="footnote" component="Reference " href="ftn9" pattern="Milestone" referenceTo="Footnote "/>characterising overlapping tricks that we developed<ns1:a class="footnote" component="Reference " href="ftn10" pattern="Milestone" referenceTo="Footnote "/>.</ns1:p><ns1:p pattern="Block" structure="Paragraph ">Starting from the configuration file, Fretta adds automatically, to the input EARMARK document, assertions that relates, through the OWL property toEncodeWith defined in the tricks ontology, each element indicated to the related trick, as shown in the following excerpt (taking into account again the EARMARK document introduced in<ns1:a class="ref" component="Reference " href="SectionEARMARK" pattern="Milestone" referenceTo="Section Bibliography "/>):</ns1:p><ns1:p class="code" pattern="Block" structure="Paragraph ">:first-element-l trick:toEncodeWith trick:Fragmentation . :second-element-l trick:toEncodeWith trick:Fragmentation . :third-element-l trick:toEncodeWith trick:Fragmentation .</ns1:p></ns1:div><ns1:div class="section" pattern="HeadedContainer" structure="Section "><ns1:h1 pattern="Block" structure="SectionTitle ">Structural conversion</ns1:h1><ns1:p pattern="Block" structure="Paragraph ">Taking into account all the assertions added in the previous step, the framework runs a pure-structural conversion of the EARMARK document. The output of this step is a new EARMARK document in which some elements – i.e., those specified by the user through the configuration file – are transformed opportunely by using the associated trick.</ns1:p><ns1:div class="picture" id="FigureFragmentation" pattern="Record" structure="FigureBox "><ns1:p class="img.block" pattern="Block" structure="Paragraph "><ns1:img class="13.298cm-12.24cm" pattern="Milestone" src="10000000000001790000015BE8C5DCEA.png" structure="Figure "/></ns1:p><ns1:p class="caption" pattern="Block" structure="Paragraph ">The result of the application of the fragmentation trick on all the element<ns1:i pattern="Inline">l</ns1:i>of the document firstly introduced in<ns1:a class="ref" component="Reference " href="FigureMarkup" pattern="Milestone" referenceTo="Section Bibliography FigureBox "/>.</ns1:p></ns1:div><ns1:p pattern="Block" structure="Paragraph ">For instance, if we consider the second rule (i.e., the second element “trick”) of the above configuration file excerpt, and we ask Fretta to apply it on the EARMARK implementation of the document introduced partially in<ns1:a class="ref" component="Reference " href="SectionEARMARK" pattern="Milestone" referenceTo="Section Bibliography "/>, we will obtain a new EARMARK document having all the elements l fragmented and embedded within all the element sp of the document, as described in<ns1:a class="ref" component="Reference " href="FigureFragmentation" pattern="Milestone" referenceTo="Section Bibliography FigureBox "/>and (partially) shown as follows:</ns1:p><ns1:p class="code" pattern="Block" structure="Paragraph ">:aFragmentation a trick:Fragmentation ; c:firstItem [ c:itemContent :fragment1-first-element-l ; c:nextItem [ c:itemContent :fragment2-first-element-l ; c:nextItem [ c:itemContent :fragment3-first-element-l ] ] ] . :first-element-sp a earmark:Element , c:List ; earmark:hasGeneralIdentifier “sp” ; c:firstItem [ c:itemContent :first-element-speaker ; c:nextItem [ c:itemContent :fragment1-first-element-l ] ] . :fragment1-first-element-l a earmark:Element , c:List ; earmark:hasGeneralIdentifier “l” ; c:firstItem [c:itemContent :poursuivez]…</ns1:p></ns1:div><ns1:div class="section" pattern="HeadedContainer" structure="Section "><ns1:h1 pattern="Block" structure="SectionTitle ">Semantic conversion</ns1:h1><ns1:p pattern="Block" structure="Paragraph ">Of course, each XML format has different way of encoding overlapping tricks. For example, each milestone pair of elements in TEI and ODT adopts the same general structural organization – i.e., two empty elements where the former refers to the latter through a<ns1:i pattern="Inline">idref-id</ns1:i>pair of attributes – but may differ in element and attribute names – in fact, TEI use the attributes “sID” and “eID” for identifying those elements, while ODT uses the attribute “text:change-id”.</ns1:p><ns1:p pattern="Block" structure="Paragraph ">For that reason, and strictly depending on the final format the user wants to obtain, Fretta allows to use (and, even, be extended easily with) different XML markup trick semantics, such as TEI, ODT, OOXML. Of course, this semantic conversion may change (and, usually, it does change) the current structure of the EARMARK document, returning a new EARMARK document containing new elements and attributes. The following excerpt shows how the fragmented elements, introduced in the previous section, are returned by Fretta after this step, considering the TEI tricks formalisation:</ns1:p><ns1:p class="code" pattern="Block" structure="Paragraph ">:fragment1-first-element-l a :Element , c:List ; earmark:hasGeneralIdentifier “l” ; c:firstItem [ c:itemContent :id-attr ] ; c:nextItem [ c:itemContent :next-attr ] ; c:nextItem [ c:itemContent :poursuivez ]]]. :id-attr a :Attribute , c:Set ; earmark:hasGeneralIdentifier “id” ; earmark:hasNamespace “http://www.w3.org/xml/ns” … :next-attr a :Attribute , c:Set ; earmark:hasGeneralIdentifier “next” …</ns1:p></ns1:div><ns1:div class="section" pattern="HeadedContainer" structure="Section "><ns1:h1 pattern="Block" structure="SectionTitle ">Linearisation</ns1:h1><ns1:p pattern="Block" structure="Paragraph ">The final step of the process takes the EARMARK document, generated as a result of the previous step, and tries to linearise it as an XML tree. If everything goes well, Fretta returns an XML document that embeds overlapping elements by means of the tricks specified by the user in the first step, otherwise an exception is returned. An exemplar excerpt returned by the framework is:</ns1:p><ns1:p class="code" pattern="Block" structure="Paragraph ">&lt;body&gt; &lt;sp&gt;&lt;speaker&gt;Tibere&lt;/speaker&gt; &lt;l xml:id=”id1” next=”id2”&gt; Poursuivez...&lt;/l&gt;&lt;/sp&gt; &lt;sp&gt;&lt;speaker&gt;Agrippine&lt;/speaker&gt; &lt;l xml:id=”id2” next=”id3”&gt; Quoi, Seigneur?&lt;/l&gt;&lt;/sp&gt;…&lt;/body&gt;</ns1:p></ns1:div></ns1:div><ns1:div class="section" id="SectionEvaluation" pattern="HeadedContainer" structure="Section "><ns1:h1 pattern="Block" structure="SectionTitle ">Evaluation</ns1:h1><ns1:p pattern="Block" structure="Paragraph ">In order to verify the quality of the XML documents produced by Fretta, we performed an evaluation where we aimed at comparing, according to particular principles, Fretta's outputs against a set of twelve TEI documents<ns1:a class="footnote" component="Reference " href="ftn11" pattern="Milestone" referenceTo="Footnote "/>written by experts, that represents our<ns1:i pattern="Inline">golden standard</ns1:i>. We were interested in stressing the frameworks when handling milestones, fragmentation and dominance embedding tricks. The evaluation took into account four different principles:</ns1:p><ns1:ul pattern="Table" structure="List " type="bullet"><ns1:li pattern="Container"><ns1:p pattern="Block" structure="Paragraph "><ns1:i pattern="Inline">well-formedness (WF)</ns1:i>, i.e., whether the framework returns well-formed XML documents;</ns1:p></ns1:li><ns1:li pattern="Container"><ns1:p pattern="Block" structure="Paragraph "><ns1:i pattern="Inline">validity</ns1:i><ns1:i pattern="Inline">(V)</ns1:i>, i.e., whether the framework returns valid XML documents according to the particular target XML vocabulary;</ns1:p></ns1:li><ns1:li pattern="Container"><ns1:p pattern="Block" structure="Paragraph "><ns1:i pattern="Inline">naturalness (N)</ns1:i>, i.e., how much the XML documents returned by the framework are structurally similar according to the<ns1:i pattern="Inline">golden standard</ns1:i>;</ns1:p></ns1:li><ns1:li pattern="Container"><ns1:p pattern="Block" structure="Paragraph "><ns1:i pattern="Inline">minimality</ns1:i><ns1:i pattern="Inline">(M)</ns1:i>, i.e., how much the amount of nodes (i.e., elements and attributes) in the XML documents returned by the framework varies from the<ns1:i pattern="Inline">golden standard</ns1:i>.</ns1:p></ns1:li></ns1:ul><ns1:p pattern="Block" structure="Paragraph ">As input for our framework, we used seven EARMARK documents, obtained translating by hand the TEI documents within our golden standard, and we developed twelve configuration files where we specified which tricks should be used when converting the input documents. Finally, we ran Fretta on these input documents using the associated trick-specification documents (i.e., configuration files), and finally evaluated the results according to the four principles introduced above, following this rule: each output document is evaluated according to each principle and gains 1 or 0 depending on whether the principle is fully satisfied. All the results are summarised in<ns1:a class="ref" component="Reference " href="TableResult" pattern="Milestone" referenceTo="Section TableBox Bibliography "/><ns1:a class="footnote" component="Reference " href="ftn12" pattern="Milestone" referenceTo="Footnote "/>. and are completely available online and are completely available online</ns1:p><ns1:div class="table" id="TableResult" pattern="Record" structure="TableBox "><ns1:table pattern="Table" structure="Table " width="17cm"><ns1:tr pattern="Table"><ns1:th pattern="Container" width="36.61549320628198%"><ns1:p pattern="Block" structure="Paragraph ">document</ns1:p></ns1:th><ns1:th pattern="Container" width="24.851479324745597%"><ns1:p pattern="Block" structure="Paragraph ">XML tricks</ns1:p></ns1:th><ns1:th pattern="Container" width="19.298864772660433%"><ns1:p pattern="Block" structure="Paragraph ">N</ns1:p></ns1:th><ns1:th pattern="Container" width="19.23416269631198%"><ns1:p pattern="Block" structure="Paragraph ">M</ns1:p></ns1:th></ns1:tr><ns1:tr pattern="Table"><ns1:td pattern="Container" width="36.61549320628198%"><ns1:p pattern="Block" structure="Paragraph ">agrippine</ns1:p></ns1:td><ns1:td pattern="Container" width="24.851479324745597%"><ns1:p pattern="Block" structure="Paragraph ">fragmentation</ns1:p></ns1:td><ns1:td pattern="Container" width="19.298864772660433%"><ns1:p pattern="Block" structure="Paragraph ">yes</ns1:p></ns1:td><ns1:td pattern="Container" width="19.23416269631198%"><ns1:p pattern="Block" structure="Paragraph ">yes</ns1:p></ns1:td></ns1:tr><ns1:tr pattern="Table"><ns1:td pattern="Container" width="36.61549320628198%"><ns1:p pattern="Block" structure="Paragraph ">agrippine</ns1:p></ns1:td><ns1:td pattern="Container" width="24.851479324745597%"><ns1:p pattern="Block" structure="Paragraph ">milestones</ns1:p></ns1:td><ns1:td pattern="Container" width="19.298864772660433%"><ns1:p pattern="Block" structure="Paragraph ">yes</ns1:p></ns1:td><ns1:td pattern="Container" width="19.23416269631198%"><ns1:p pattern="Block" structure="Paragraph ">yes</ns1:p></ns1:td></ns1:tr><ns1:tr pattern="Table"><ns1:td pattern="Container" width="36.61549320628198%"><ns1:p pattern="Block" structure="Paragraph ">drivemycar</ns1:p></ns1:td><ns1:td pattern="Container" width="24.851479324745597%"><ns1:p pattern="Block" structure="Paragraph ">fragmentation</ns1:p></ns1:td><ns1:td pattern="Container" width="19.298864772660433%"><ns1:p pattern="Block" structure="Paragraph ">no</ns1:p></ns1:td><ns1:td pattern="Container" width="19.23416269631198%"><ns1:p pattern="Block" structure="Paragraph ">no</ns1:p></ns1:td></ns1:tr><ns1:tr pattern="Table"><ns1:td pattern="Container" width="36.61549320628198%"><ns1:p pattern="Block" structure="Paragraph ">johnlovesmary</ns1:p></ns1:td><ns1:td pattern="Container" width="24.851479324745597%"><ns1:p pattern="Block" structure="Paragraph ">fragmentation</ns1:p></ns1:td><ns1:td pattern="Container" width="19.298864772660433%"><ns1:p pattern="Block" structure="Paragraph ">yes</ns1:p></ns1:td><ns1:td pattern="Container" width="19.23416269631198%"><ns1:p pattern="Block" structure="Paragraph ">yes</ns1:p></ns1:td></ns1:tr><ns1:tr pattern="Table"><ns1:td pattern="Container" width="36.61549320628198%"><ns1:p pattern="Block" structure="Paragraph ">johnlovesmary</ns1:p></ns1:td><ns1:td pattern="Container" width="24.851479324745597%"><ns1:p pattern="Block" structure="Paragraph ">milestones</ns1:p></ns1:td><ns1:td pattern="Container" width="19.298864772660433%"><ns1:p pattern="Block" structure="Paragraph ">yes</ns1:p></ns1:td><ns1:td pattern="Container" width="19.23416269631198%"><ns1:p pattern="Block" structure="Paragraph ">yes</ns1:p></ns1:td></ns1:tr><ns1:tr pattern="Table"><ns1:td pattern="Container" width="36.61549320628198%"><ns1:p pattern="Block" structure="Paragraph ">peergynt</ns1:p></ns1:td><ns1:td pattern="Container" width="24.851479324745597%"><ns1:p pattern="Block" structure="Paragraph ">fragmentation</ns1:p></ns1:td><ns1:td pattern="Container" width="19.298864772660433%"><ns1:p pattern="Block" structure="Paragraph ">yes</ns1:p></ns1:td><ns1:td pattern="Container" width="19.23416269631198%"><ns1:p pattern="Block" structure="Paragraph ">yes</ns1:p></ns1:td></ns1:tr><ns1:tr pattern="Table"><ns1:td pattern="Container" width="36.61549320628198%"><ns1:p pattern="Block" structure="Paragraph ">peergynt</ns1:p></ns1:td><ns1:td pattern="Container" width="24.851479324745597%"><ns1:p pattern="Block" structure="Paragraph ">milestones</ns1:p></ns1:td><ns1:td pattern="Container" width="19.298864772660433%"><ns1:p pattern="Block" structure="Paragraph ">yes</ns1:p></ns1:td><ns1:td pattern="Container" width="19.23416269631198%"><ns1:p pattern="Block" structure="Paragraph ">yes</ns1:p></ns1:td></ns1:tr><ns1:tr pattern="Table"><ns1:td pattern="Container" width="36.61549320628198%"><ns1:p pattern="Block" structure="Paragraph ">peterpaulhammer</ns1:p></ns1:td><ns1:td pattern="Container" width="24.851479324745597%"><ns1:p pattern="Block" structure="Paragraph ">milestones</ns1:p></ns1:td><ns1:td pattern="Container" width="19.298864772660433%"><ns1:p pattern="Block" structure="Paragraph ">yes</ns1:p></ns1:td><ns1:td pattern="Container" width="19.23416269631198%"><ns1:p pattern="Block" structure="Paragraph ">yes</ns1:p></ns1:td></ns1:tr><ns1:tr pattern="Table"><ns1:td pattern="Container" width="36.61549320628198%"><ns1:p pattern="Block" structure="Paragraph ">thoughtalice</ns1:p></ns1:td><ns1:td pattern="Container" width="24.851479324745597%"><ns1:p pattern="Block" structure="Paragraph ">fragmentation</ns1:p></ns1:td><ns1:td pattern="Container" width="19.298864772660433%"><ns1:p pattern="Block" structure="Paragraph ">yes</ns1:p></ns1:td><ns1:td pattern="Container" width="19.23416269631198%"><ns1:p pattern="Block" structure="Paragraph ">yes</ns1:p></ns1:td></ns1:tr><ns1:tr pattern="Table"><ns1:td pattern="Container" width="36.61549320628198%"><ns1:p pattern="Block" structure="Paragraph ">titwillow</ns1:p></ns1:td><ns1:td pattern="Container" width="24.851479324745597%"><ns1:p pattern="Block" structure="Paragraph ">fragmentation</ns1:p></ns1:td><ns1:td pattern="Container" width="19.298864772660433%"><ns1:p pattern="Block" structure="Paragraph ">no</ns1:p></ns1:td><ns1:td pattern="Container" width="19.23416269631198%"><ns1:p pattern="Block" structure="Paragraph ">yes</ns1:p></ns1:td></ns1:tr><ns1:tr pattern="Table"><ns1:td pattern="Container" width="36.61549320628198%"><ns1:p pattern="Block" structure="Paragraph ">titwillow</ns1:p></ns1:td><ns1:td pattern="Container" width="24.851479324745597%"><ns1:p pattern="Block" structure="Paragraph ">fragmentation</ns1:p></ns1:td><ns1:td pattern="Container" width="19.298864772660433%"><ns1:p pattern="Block" structure="Paragraph ">no</ns1:p></ns1:td><ns1:td pattern="Container" width="19.23416269631198%"><ns1:p pattern="Block" structure="Paragraph ">no</ns1:p></ns1:td></ns1:tr><ns1:tr pattern="Table"><ns1:td pattern="Container" width="36.61549320628198%"><ns1:p pattern="Block" structure="Paragraph ">titwillow</ns1:p></ns1:td><ns1:td pattern="Container" width="24.851479324745597%"><ns1:p pattern="Block" structure="Paragraph ">milestones</ns1:p></ns1:td><ns1:td pattern="Container" width="19.298864772660433%"><ns1:p pattern="Block" structure="Paragraph ">no</ns1:p></ns1:td><ns1:td pattern="Container" width="19.23416269631198%"><ns1:p pattern="Block" structure="Paragraph ">yes</ns1:p></ns1:td></ns1:tr></ns1:table><ns1:p class="caption" pattern="Block" structure="Paragraph ">Adherence to the evaluation principles of the outcomes of Fretta – WF and V are not indicated because they are always passed in our tests.</ns1:p></ns1:div><ns1:p pattern="Block" structure="Paragraph ">These results shows how all the output documents are always fine for what concerns correctness and validity. Moreover, the main part of them (83%) continues to be minimal against the documents in the golden standard, sometimes even when the naturalness principle is not respected (33%).</ns1:p></ns1:div><ns1:div class="section" id="SectionConclusions" pattern="HeadedContainer" structure="Section "><ns1:h1 pattern="Block" structure="SectionTitle ">Conclusions</ns1:h1><ns1:p pattern="Block" structure="Paragraph ">In this work we introduced Fretta, a framework for converting any EARMARK document (documents that allow multiple overlapping hierarchies at the same time) into one or more embedded XML markup structures. The resulting multiple markup hierarchies are generated using well-known workarounds widely studied in literature. Moreover, we evaluated Fretta according to a golden standard defined as a set TEI documents made by experts.</ns1:p><ns1:p pattern="Block" structure="Paragraph ">We plan to expand our work in two different ways. On the one hand, we want to extend the current implementation of Fretta to handle other tricks, and implement alternative kinds of semantics, at least one according to the ODT format and another to the OOXML format. On the other hand, we want to integrate Fretta in a much broader on-going framework for the semi-automatic and round-trip conversion from any supported XML format (embedding overlapping markup) into another, that will use EARMARK as intermediate markup format.</ns1:p></ns1:div><ns1:div class="bibliography" id="ref" pattern="HeadedContainer" structure="Section Bibliography "><ns1:h1 pattern="Block" structure="SectionTitle ">References</ns1:h1><ns1:ul pattern="Table" structure="List BibliographicReferenceList " type="bullet"><ns1:li component="BibliographicReference " id="CoombsEtAlMarkupSystems" pattern="Container"><ns1:p pattern="Block" structure="Paragraph ">Coombs, J. H., Renear, A. H., DeRose, S. J. (1987). Markup Systems and the Future of Scholarly Text Processing. In Communication of the ACM 30 (11): 933-947. DOI: 10.1145/32206.32209</ns1:p></ns1:li><ns1:li component="BibliographicReference " id="PeroniEtAlDealingWithMarkupSemantics" pattern="Container"><ns1:p pattern="Block" structure="Paragraph ">Peroni, S., Gangemi, A., Vitali, F. (2011). Dealing with Markup Semantics. In Proceedings of the 7th International Conference on Semantic Systems (i-Semantics 2011). Graz, Austria.</ns1:p></ns1:li><ns1:li component="BibliographicReference " id="DeRoseReviewHorse" pattern="Container"><ns1:p pattern="Block" structure="Paragraph ">DeRose, S. (2004). Markup Overlap: A Review and a Horse. In Proceedings of the Extreme Markup Conference 2004. Montreal, Canada.</ns1:p></ns1:li><ns1:li component="BibliographicReference " id="DiIorioEtAlSemanticWebApproach" pattern="Container"><ns1:p pattern="Block" structure="Paragraph ">Di Iorio, A., Peroni, S., Vitali, F. (2011). A Semantic Web Approach To Everyday Overlapping Markup. Journal of the American Society for Information Science and Technology, 62 (9): 1696–1716. DOI: 10.1002/asi.21591</ns1:p></ns1:li><ns1:li component="BibliographicReference " id="HicksonHTML5" pattern="Container"><ns1:p pattern="Block" structure="Paragraph ">Hickson, I. (2011). HTML5 - A vocabulary and associated APIs for HTML and XHTML. W3C Working Draft 25 May 2011, World Wide Web Consortium. http://www.w3.org/TR/html5/ (last visited 31 October 2011).</ns1:p></ns1:li><ns1:li component="BibliographicReference " id="TEIConsortiumTEIP5" pattern="Container"><ns1:p pattern="Block" structure="Paragraph ">TEI Consortium. (2005). TEI P5: Guidelines for electronic text encoding and interchange. http://www.tei-c.org/Guidelines/P5 (last visited 31 October 2011).</ns1:p></ns1:li><ns1:li component="BibliographicReference " id="AdidaEtAlRDFa" pattern="Container"><ns1:p pattern="Block" structure="Paragraph ">Adida, B., Birbeck, M., McCarron, S., Pemberton, S. (2008). RDFa in XHTML: Syntax and processing. W3C Recommendation October 14 2008, World Wide Web Consortium. http://www.w3.org/TR/rdfa-syntax/ (last visited 31 October 2011).</ns1:p></ns1:li><ns1:li component="BibliographicReference " id="BeckettRDFXML" pattern="Container"><ns1:p pattern="Block" structure="Paragraph ">Beckett, D. (2004). RDF/XML syntax specification (Rev.). W3C Recommendation February 10 2004, World Wide Web Consortium. http://www.w3.org/TR/REC-rdf-syntax/ (last visited 31 October 2011).</ns1:p></ns1:li><ns1:li component="BibliographicReference " id="PrudhommeauxEtAlTurtle" pattern="Container"><ns1:p pattern="Block" structure="Paragraph ">Prud'hommeaux, E., Carothers, G. (2011). Turtle - Terse RDF Triple Language. W3C Working Draft 09 August 2011, World Wide Web Consortium. http://www.w3.org/TR/turtle/ (last visited 31 October 2011).</ns1:p></ns1:li><ns1:li component="BibliographicReference " id="TowardsUnification" pattern="Container"><ns1:p pattern="Block" structure="Paragraph ">Marinelli, P., Vitali, F., Zacchiroli, S. (2008). Towards the unification of formats for overlapping markup. New Review of Hypermedia and Multimedia, 14 (1), 57-94.</ns1:p></ns1:li><ns1:li component="BibliographicReference " id="TexMECS" pattern="Container"><ns1:p pattern="Block" structure="Paragraph ">Huitfeldt, C., Sperberg-McQueen, C. M. (2003). TexMECS: An experimental markup meta-language for complex documents. http://decentius.aksis.uib.no/mlcd/2003/Papers/ texmecs.html (last visited 31 October 2011).</ns1:p></ns1:li><ns1:li component="BibliographicReference " id="TowardsValidation" pattern="Container"><ns1:p pattern="Block" structure="Paragraph ">Schonefeld, O., Witt, A. (2006). Towards validation of concurrent markup. In Proceedings of the Extreme Markup Languages 2006. Montreal, Canada.</ns1:p></ns1:li><ns1:li component="BibliographicReference " id="LMNL" pattern="Container"><ns1:p pattern="Block" structure="Paragraph ">Tennison, J., Piez, W. (2002, August). The Layered Markup and Annotation Language (LMNL). Presented at the Extreme Markup Languages Conference 2002, Montreal, Canada.</ns1:p></ns1:li></ns1:ul></ns1:div><ns1:div class="footnote" pattern="Table" structure="List "><ns1:div id="ftn5" pattern="Container" structure="Footnote "><ns1:p pattern="Block" structure="Paragraph "><ns1:a href="http://xmlns.com/foaf/0.1/Person" pattern="Inline">http://xmlns.com/foaf/0.1/Person</ns1:a></ns1:p></ns1:div><ns1:div id="ftn0" pattern="Container" structure="Footnote "><ns1:p pattern="Block" structure="Paragraph ">The term “line” in English refers to both the individual utterance of a speaking character in a play and the basic unit of a poetical text, so as to make “the lines of the characters overlap the lines of the verse” correct but obscure.</ns1:p></ns1:div><ns1:div id="ftn6" pattern="Container" structure="Footnote "><ns1:p pattern="Block" structure="Paragraph ">An introduction to EARMARK can be found in<ns1:a class="ref" component="Reference " href="DiIorioEtAlSemanticWebApproach" pattern="Milestone" referenceTo="Section Bibliography BibliographicReference "/>.</ns1:p></ns1:div><ns1:div id="ftn7" pattern="Container" structure="Footnote "><ns1:p pattern="Block" structure="Paragraph ">The prefixes<ns1:i pattern="Inline">rdfs</ns1:i>and<ns1:i pattern="Inline">xsd</ns1:i>refer respectively to RDF Schema and to XML Schema.</ns1:p></ns1:div><ns1:div id="ftn8" pattern="Container" structure="Footnote "><ns1:p pattern="Block" structure="Paragraph ">The Collection Ontology, available at<ns1:a href="http://swan.mindinformatics.org/ontologies/1.2/collections" pattern="Inline">http://swan.mindinformatics.org/ontologies/1.2/collections</ns1:a><ns1:a href="http://swan.mindinformatics.org/ontologies/1.2/collections.owl" pattern="Inline">. owl</ns1:a>. The prefix<ns1:i pattern="Inline">c</ns1:i>refers to its ontological lentities.</ns1:p></ns1:div><ns1:div id="ftn9" pattern="Container" structure="Footnote "><ns1:p pattern="Block" structure="Paragraph ">Available at<ns1:a href="http://fpoggi.web.cs.unibo.it/fretta/overlap/" pattern="Inline">http://fpoggi.web.cs.unibo.it/fretta/overlap/</ns1:a><ns1:a href="http://fpoggi.web.cs.unibo.it/fretta/overlap/overlaptrick.owl" pattern="Inline"/><ns1:a href="http://fpoggi.web.cs.unibo.it/fretta/overlap/overlaptrick.owl" pattern="Inline">overlaptrick.owl</ns1:a>(the prefix<ns1:i pattern="Inline">trick</ns1:i>it is used for referring to its entities).</ns1:p></ns1:div><ns1:div id="ftn10" pattern="Container" structure="Footnote "><ns1:p pattern="Block" structure="Paragraph ">Besides what is already implemented, it is possible to extend the set of tricks managed by Fretta in two steps. First, to develop a JAR package that contains a Java class handling the conversion into XML according to the rationale of the new trick. Second, to extend the tricks ontology with the information about the new trick.</ns1:p></ns1:div><ns1:div id="ftn11" pattern="Container" structure="Footnote "><ns1:p pattern="Block" structure="Paragraph ">All the documents considered in the evaluation are contained in the MOC platform, available at<ns1:a href="http://mlcd.blackmesatech.com/mlcd/2011/W/moc-poc/" pattern="Inline">http://mlcd.blackmesatech.com/mlcd/2011/W/moc-poc/</ns1:a>.</ns1:p></ns1:div><ns1:div id="ftn12" pattern="Container" structure="Footnote "><ns1:p pattern="Block" structure="Paragraph ">A webpage with extended results and explanations is available at<ns1:a href="http://fpoggi.web.cs.unibo.it/cgi-bin/testData.php" pattern="Inline">http://fpoggi.web.cs.unibo.it/cgi-bin/testData.php</ns1:a>, with a link for downloading Fretta, the set of documents composing the golden standard and the related EARMARK documents so as to reproduce the evaluation.</ns1:p></ns1:div></ns1:div></ns1:body></ns1:iml>