<?xml version="1.0" encoding="UTF-8"?><ns1:article xmlns:ns1="http://docbook.org/ns/docbook" pattern="HeadedContainer" version="5.0-subset Balisage-1.2"><ns1:title pattern="Block">Why writers don't use XML<ns1:footnote pattern="Popup"><ns1:para pattern="Block">Or, indeed, LaTeX. Or even stylesheets for Word or OpenOffice.</ns1:para></ns1:footnote></ns1:title><ns1:subtitle pattern="Block">The usability of editing software for structured documents</ns1:subtitle><ns1:info pattern="Record"><ns1:confgroup pattern="Record"><ns1:conftitle pattern="Field">Balisage: The Markup Conference 2009</ns1:conftitle><ns1:confdates pattern="Field">August 11 - 14, 2009</ns1:confdates></ns1:confgroup><ns1:abstract pattern="Container"><ns1:para pattern="Block">XML, LaTeX, and other structured-document systems are used daily by those experienced in computing, and by technical authors in many fields. Outside these areas, however, there is a widespread lack of adoption, or resistance to these systems. This forms a barrier to the creation and use of reliable, persistent, unencumbered, and reusable documents, which in turn adds a hidden burden to the use of corporate, institutional, and personal information.</ns1:para><ns1:para pattern="Block">This paper reports on a study of the usability of editing software for structured documents. It extends the research outlined in earlier work [<ns1:xref linkend="fly06" pattern="Milestone"/>], where it was found that there was no essential difference in markup operations between any of the editing software tested, and that any distinction was possibly more attributable to the interaction design of the interfaces.</ns1:para><ns1:para pattern="Block">The objective is to see if changes to the interface to make it user-centered rather than technology-centered could result in greater acceptability to authors and editors both inside and outside the IT and markup fields, and thereby lead to an improved adoption rate of structure-guided writing and editing software.</ns1:para><ns1:para pattern="Block">The earlier analyses of software and features sought by users were extended to cover more recent data, and a survey of existing users was conducted to determine how the interfaces were being used. The results are being applied to construct a model of the interface which can be tested for usability compared with existing systems.</ns1:para></ns1:abstract><ns1:author pattern="Record"><ns1:personname pattern="Record"><ns1:firstname pattern="Field">Peter</ns1:firstname><ns1:surname pattern="Field">Flynn</ns1:surname></ns1:personname><ns1:personblurb pattern="Container"><ns1:para pattern="Block">Peter manages the academic advisory and electronic publishing unit at University College Cork, Ireland, and also runs text management consultancy, Silmaril. He was a member of the W3C's XML Special Interest Group and a member of the IETF's Working Group on HTML. He is maintainer of the XML FAQ and author of<ns1:citation pattern="Atom">The World-Wide Web Handbook</ns1:citation>(ITCP, 1995) and<ns1:citation pattern="Atom">Understanding SGML and XML Tools</ns1:citation>(Kluwer, 1998). He is completing a belated PhD in software usability, and in his copious spare time he surfs, cooks, and listens to early music.</ns1:para></ns1:personblurb><ns1:affiliation pattern="Record"><ns1:jobtitle pattern="Field">Department of Applied Psychology</ns1:jobtitle><ns1:orgname pattern="Block">University College Cork</ns1:orgname></ns1:affiliation><ns1:email pattern="Field">peter.flynn@mars.ucc.ie</ns1:email><ns1:link xmlns:ns2="http://www.w3.org/1999/xlink" ns2:actuate="onRequest" ns2:show="new" ns2:type="simple" pattern="Inline">http://silmaril.ie/blogs/peter</ns1:link></ns1:author><ns1:legalnotice pattern="Container"><ns1:para pattern="Block">Copyright Ã&#130;Â© 2006 University College Cork.</ns1:para></ns1:legalnotice><ns1:keywordset pattern="Table" role="author"><ns1:keyword pattern="Field">documents</ns1:keyword><ns1:keyword pattern="Field">editing</ns1:keyword><ns1:keyword pattern="Field">interface</ns1:keyword><ns1:keyword pattern="Field">latex</ns1:keyword><ns1:keyword pattern="Field">software</ns1:keyword><ns1:keyword pattern="Field">structure</ns1:keyword><ns1:keyword pattern="Field">usability</ns1:keyword><ns1:keyword pattern="Field">xml</ns1:keyword></ns1:keywordset></ns1:info><ns1:note pattern="Container"><ns1:title pattern="Block">Acknowledgments</ns1:title><ns1:para pattern="Block">This paper describes research being submitted as part of a PhD in the Department of Applied Psychology, UCC (Human Factors Research Group).</ns1:para></ns1:note><ns1:section pattern="HeadedContainer"><ns1:title pattern="Block">Background</ns1:title><ns1:para pattern="Block">Writers and editors have until recently used a wide range of editing software. In the Humanities, document-based collaboration is relatively uncommon [<ns1:xref linkend="lar06" pattern="Milestone"/>], so authors were less constrained by compatibility issues; whereas within the IT and scientific communities, the range has been smaller, partly because of the need to use specialist notations, and partly because of the need to remain compatible with co-authors [<ns1:xref linkend="ang04" pattern="Milestone"/>]. In the wider world of writing outside research and academic institutions the difference was wider, because writers do not typically form homogeneous categories. Not all such software was necessarily ideal for the purpose, and much of it has fallen by the wayside in the path of technological advance; particularly in the face of the predominance of a single operating system and a single wordprocessor.</ns1:para><ns1:para pattern="Block">The onus of interpretation, customization, and rendering of publishable material has customarily been the responsibility of the publisher or other intermediary, who expends large sums on specialist labor for this purpose. However, in some fields, publishers have been asking authors for camera-ready copy for over 20 years to minimize costs<!--[<xref linkend="lom83"/>]-->, and the effort involved and the quality of these submitted documents has been a cause for complaint on both sides [<ns1:xref linkend="lue07" pattern="Milestone"/>]. Businesses, database publishers, libraries, search-engine optimizers, and printers have similar concerns: the quality of the documents (in source or camera-ready form) is often insufficient for meaningful capture, re-use, or formatting [<ns1:xref linkend="wil95" pattern="Milestone"/>]. The causes are many, and have been well-established for many years, but among them is a lack of suitable software and lack of author education [<ns1:xref linkend="den86" pattern="Milestone"/>,<ns1:xref linkend="hec93" pattern="Milestone"/>].</ns1:para><ns1:para pattern="Block">As we showed in [<ns1:xref linkend="fly06" pattern="Milestone"/>], there is no lack of software as such, only a lack of<ns1:emphasis pattern="Inline">suitable</ns1:emphasis>softwareÃ&#130;Â Ã¢â&#130;¬â&#128;&#157; for some value of<ns1:quote pattern="Inline">suitable</ns1:quote>described by the respondents. In that report, we discussed three principal findings:</ns1:para><ns1:orderedlist pattern="Table"><ns1:listitem xmlns:ns3="http://www.w3.org/XML/1998/namespace" xml:id="software" pattern="Container"><ns1:para pattern="Block">In a study of editing software, we found that all XML editors are basically the same XML editor: the facilities provided are virtually identical, and the differences are in the interface to these facilities, such as the depth of menu traversal and the naming of actions, rather than in the facilities themselves. The same is nearly as true of editors for LaTeX, but as the markup can be changed arbitrarily by the author, the manipulations required of the editing software are not mandated or implied by the system as they are with XML. Some specific deficiencies were noted which inform the adaptations made in<ns1:xref linkend="model" pattern="Milestone"/>.</ns1:para></ns1:listitem><ns1:listitem pattern="Container"><ns1:para pattern="Block">A survey of expert practitioners in the field of markup-directed authoring and editing (taken to obtain a baseline of recognized problems), we found that the principal criterion for the recommendation of software was familiarity or acceptability to the user, rather than applicability to the tasks, largely because of the difficulties in [re-]training users to an interface seen as less suitable for non-experts.</ns1:para></ns1:listitem><ns1:listitem xmlns:ns3="http://www.w3.org/XML/1998/namespace" xml:id="requests" pattern="Container"><ns1:para pattern="Block">An analysis of requests to the principal discussion forums on XML and LaTeX asking for recommendations, suggestions, or advice on the selection of editing software was used to estimate the requirements of users. The four most frequently-cited criteria were Cost (free or Open Source software), a<ns1:quote pattern="Inline">WYSIWYG</ns1:quote>interface, Ease of Use, and SimplicityÃ&#130;Â Ã¢â&#130;¬â&#128;&#157; over and above any structure-related or markup-related facilities.</ns1:para></ns1:listitem></ns1:orderedlist><ns1:para pattern="Block">The investigations into software and user requirements (items<ns1:xref linkend="software" pattern="Milestone"/>and<ns1:xref linkend="requests" pattern="Milestone"/>above) were updated to 2008, measuring more recent applications and requests, but this showed that the original findings still hold. An additional inquiry was then undertaken to resolve the software facilities and the user requirements with actual current practice (<ns1:xref linkend="stuff" pattern="Milestone"/>) and to build a model of a user interface to test the findings (<ns1:xref linkend="model" pattern="Milestone"/>).</ns1:para></ns1:section><ns1:section xmlns:ns3="http://www.w3.org/XML/1998/namespace" xml:id="stuff" pattern="HeadedContainer"><ns1:title pattern="Block">How authors and editors use their software</ns1:title><ns1:para pattern="Block">The survey of users was constructed to find out what software the authors and editors used and how they used it. The survey was piloted for a week in April 2006 and the revised version made available online between February and April 2008. It used the phpESP web survey package, and was publicized via the online forums to which it was addressed (the comp.text.tex, comp.text.xml, and comp.text.sgml Usenet newsgroups, and the XML-L, TeXhax, and LaTeX (Google) mailing lists).</ns1:para><ns1:para pattern="Block">There were 62 valid responses. All respondents were guaranteed anonymity. An estimate of the population (those who might have seen the announcements of the survey) is difficult to make: the membership of the mailing lists was approximately 700; but the readership of the Usenet newsgroups is not knowable, and may extend to many thousands. The responses therefore represent a small interested sample, and there will have been many readers whose interests in XML were in its use for data representation, not structured documents.</ns1:para><ns1:para pattern="Block">Several attempts were made to widen the scope and seek the interest of publishers and writers' organisations in participating, but all were unsuccessful. The survey does not therefore represent the interests of the generality of writers but concentrates on identifying how users of structured editing software use their interfaces. Further work would be required to extend the reach of this enquiry into other fields.</ns1:para><ns1:para pattern="Block">The questions asked the respondents to describe their way of performing a set of actions, which were obtained from the requirements expressed in the updated analysis of user requests. The available responses in each case were presented as a multiple-choice list which was constructed from the updated survey of editing software to represent the known<ns1:quote pattern="Inline">affordances</ns1:quote>(ways of doing things which are more or less obvious to the user: [<ns1:xref linkend="gib79" pattern="Milestone"/>]). An<ns1:quote pattern="Inline">Other</ns1:quote>category was also provided, but rarely used.</ns1:para><ns1:figure xml:id="background" pattern="Container"><ns1:title pattern="Block">User Survey: background variables</ns1:title><ns1:mediaobject pattern="Container"><ns1:imageobject pattern="Container"><ns1:imagedata fileref="../../../vol3/graphics/Flynn01/Flynn01-001.jpg" format="jpg" pattern="Meta" width="100%"/></ns1:imageobject><ns1:caption pattern="Container"><ns1:para pattern="Block">Number of subjects by industry and occupation by years of experience and multiple responses to operating system</ns1:para></ns1:caption></ns1:mediaobject></ns1:figure><ns1:para pattern="Block">A preliminary set of background questions was included to see if the responses varied by experience (years), operating system, occupation, or document types most commonly used. Unfortunately there was insufficient variability among the background data for any such effects to be detected, possibly due to the nature of an unavoidably self-selected sample (<ns1:xref linkend="background" pattern="Milestone"/>).</ns1:para><ns1:para pattern="Block">Most respondents worked principally with text documents (77%); other document classes were in the single digit percentages. XML and HTML accounted for 44% of usage of markup systems; LaTeX, Word, and OpenOffice were roughly equal at 13Ã¢â&#130;¬â&#128;&#156;14% each. Wiki experience was surprisingly high at 8% but all others (including SGML) were at 2% or below (see<ns1:xref linkend="markup" pattern="Milestone"/>).</ns1:para><ns1:figure xml:id="markup" pattern="Container"><ns1:title pattern="Block">User Survey: Markup types used</ns1:title><ns1:mediaobject pattern="Container"><ns1:imageobject pattern="Container"><ns1:imagedata fileref="../../../vol3/graphics/Flynn01/Flynn01-002.jpg" format="jpg" pattern="Meta" width="70%"/></ns1:imageobject><ns1:caption pattern="Container"><ns1:para pattern="Block">Percentages of all multiple responses</ns1:para></ns1:caption></ns1:mediaobject></ns1:figure><ns1:para pattern="Block">The editors most respondents had experience of were oXygen (24%) followed by Word (13%), Emacs (11%), and vi (7%) [both used for both XML and LaTeX]. Other LaTeX editors accounted for another 12%. The Arbortext editor rated 6% along with OpenOffice, but there was a long tail of other products.</ns1:para><ns1:section pattern="HeadedContainer"><ns1:title pattern="Block">Results</ns1:title><ns1:para pattern="Block">The questions used a multiple-choice answer format because respondents were expected to use (or have used) many different systems. This enabled the survey to reflect a much wider range of behavior than would otherwise have been the case. In the following list, percentages are therefore of all responses to the question, not of the number of individuals.</ns1:para><ns1:variablelist pattern="Table"><ns1:varlistentry xml:id="create" pattern="Record"><ns1:term pattern="Block">Creating a new document</ns1:term><ns1:listitem pattern="Container"><ns1:para pattern="Block">The method of creating a new document was divided approximately equally between creating an empty file (31%), emptying an existing document (29%) and using the New Document menu item (28%). Most of the remainder did not find the menu system useful for creating new documents as it was faster to do it by hand.</ns1:para><ns1:mediaobject pattern="Container"><ns1:imageobject pattern="Container"><ns1:imagedata fileref="../../../vol3/graphics/Flynn01/Flynn01-003.jpg" format="jpg" pattern="Meta" width="90%"/></ns1:imageobject></ns1:mediaobject></ns1:listitem></ns1:varlistentry><ns1:varlistentry xml:id="meta" pattern="Record"><ns1:term pattern="Block">Adding standard metadata</ns1:term><ns1:listitem pattern="Container"><ns1:para pattern="Block">To add metadata, 34% of responses used markup insertion menus; 28% used fill-in-the-blanks customizations; and 14% typed the markup manually. Most of the rest used preset values or the metadata was determined elsewhere.</ns1:para><ns1:mediaobject pattern="Container"><ns1:imageobject pattern="Container"><ns1:imagedata fileref="../../../vol3/graphics/Flynn01/Flynn01-004.jpg" format="jpg" pattern="Meta" width="90%"/></ns1:imageobject></ns1:mediaobject></ns1:listitem></ns1:varlistentry><ns1:varlistentry xml:id="sect" pattern="Record"><ns1:term pattern="Block">Starting a new sectional division</ns1:term><ns1:listitem pattern="Container"><ns1:para pattern="Block">Nearly two-thirds of new sections were started by positioning the cursor manually and typing or otherwise inserting the markup (63%). Style menus were used in 14% of responses and splitting an existing section in 11%. Only 5% of responses used a<ns1:quote pattern="Inline">New section</ns1:quote>menu item.</ns1:para><ns1:mediaobject pattern="Container"><ns1:imageobject pattern="Container"><ns1:imagedata fileref="../../../vol3/graphics/Flynn01/Flynn01-005.jpg" format="jpg" pattern="Meta" width="90%"/></ns1:imageobject></ns1:mediaobject></ns1:listitem></ns1:varlistentry><ns1:varlistentry xml:id="style" pattern="Record"><ns1:term pattern="Block">Styling a document</ns1:term><ns1:listitem pattern="Container"><ns1:para pattern="Block">Nearly half the responses said styling was automated via a stylesheet (47%). The use of a style menu and manual styling were about equal at 15Ã¢â&#130;¬â&#128;&#156;16%, and for most of the others it was done by a production team. Only 2% of responses mentioned using manual methods like toolbar buttons.</ns1:para><ns1:mediaobject pattern="Container"><ns1:imageobject pattern="Container"><ns1:imagedata fileref="../../../vol3/graphics/Flynn01/Flynn01-006.jpg" format="jpg" pattern="Meta" width="90%"/></ns1:imageobject></ns1:mediaobject></ns1:listitem></ns1:varlistentry><ns1:varlistentry xml:id="edit" pattern="Record"><ns1:term pattern="Block">Moving element content</ns1:term><ns1:listitem pattern="Container"><ns1:para pattern="Block">Moving blocks of text around was overwhelmingly done by cursor highlighting and cut-and-paste. Only 15% used a structure window to select the material. However, 11% said they had to reorganize the markup manually after a move (to promote or demote sectioning).</ns1:para><ns1:mediaobject pattern="Container"><ns1:imageobject pattern="Container"><ns1:imagedata fileref="../../../vol3/graphics/Flynn01/Flynn01-007.jpg" format="jpg" pattern="Meta" width="90%"/></ns1:imageobject></ns1:mediaobject></ns1:listitem></ns1:varlistentry><ns1:varlistentry xml:id="nav" pattern="Record"><ns1:term pattern="Block">Navigating in the document</ns1:term><ns1:listitem pattern="Container"><ns1:para pattern="Block">To navigate around the document, 30% of responses used scrolling and 30% used searching. Only 17% used a structure window, but 13% used keyboard shortcuts rather than mouse controls.</ns1:para><ns1:mediaobject pattern="Container"><ns1:imageobject pattern="Container"><ns1:imagedata fileref="../../../vol3/graphics/Flynn01/Flynn01-008.jpg" format="jpg" pattern="Meta" width="90%"/></ns1:imageobject></ns1:mediaobject></ns1:listitem></ns1:varlistentry><ns1:varlistentry xml:id="struct" pattern="Record"><ns1:term pattern="Block">Adding new elements</ns1:term><ns1:listitem pattern="Container"><ns1:para pattern="Block">To add new block-level material (elements in element content), 35% of responses mentioned manual insertion by keyboard shortcuts or typing; 26% via toolbar buttons; and 21% via the Insert menu. Style-driven addition was listed by 7% and there was another 7% of<ns1:quote pattern="Inline">Other</ns1:quote>which were application-specific.</ns1:para><ns1:mediaobject pattern="Container"><ns1:imageobject pattern="Container"><ns1:imagedata fileref="../../../vol3/graphics/Flynn01/Flynn01-009.jpg" format="jpg" pattern="Meta" width="90%"/></ns1:imageobject></ns1:mediaobject></ns1:listitem></ns1:varlistentry><ns1:varlistentry pattern="Record"><ns1:term pattern="Block">Linking and cross-referencing</ns1:term><ns1:listitem xml:id="link" pattern="Container"><ns1:para pattern="Block">For linking items (cross-references, footnotes, citations, and hyperlinks; which are largely mixed-content insertions), 35% again specified keyboard shortcuts or typing, and 23% via toolbar buttons. 21% mentioned having to create the ID target before they could add an IDREF link to it, but 16% used a menu-and-dialog mechanism.</ns1:para><ns1:mediaobject pattern="Container"><ns1:imageobject pattern="Container"><ns1:imagedata fileref="../../../vol3/graphics/Flynn01/Flynn01-010.jpg" format="jpg" pattern="Meta" width="90%"/></ns1:imageobject></ns1:mediaobject></ns1:listitem></ns1:varlistentry><ns1:varlistentry pattern="Record"><ns1:term pattern="Block">Viewing the formatted result</ns1:term><ns1:listitem xml:id="view" pattern="Container"><ns1:para pattern="Block">Fully 40% of responses did not preview a document in development, and relied on the structuring of the markup to ensure it would be formatted correctly. 14% felt that the synchronous typographic display was adequate as a check, another 14% used toolbar button to show a typeset preview window, and yet another 14% used a browser preview. 11% ran a continuous synchronous previewer and 7% relied on a separate production team.</ns1:para><ns1:mediaobject pattern="Container"><ns1:imageobject pattern="Container"><ns1:imagedata fileref="../../../vol3/graphics/Flynn01/Flynn01-011.jpg" format="jpg" pattern="Meta" width="90%"/></ns1:imageobject></ns1:mediaobject></ns1:listitem></ns1:varlistentry><ns1:varlistentry pattern="Record"><ns1:term pattern="Block">General approach to markup</ns1:term><ns1:listitem xml:id="method" pattern="Container"><ns1:para pattern="Block">On the general question of the respondents' approach to editing, roughly equal numbers (37Ã¢â&#130;¬â&#128;&#156;38%) were comfortable with a system that allowed them to specify markup without prescription, and with systems than encouraged but did not enforce a specific way of marking up (for example, optional structural-based styling in wordprocessors). However, 20% did prefer a prescriptive system.</ns1:para><ns1:mediaobject pattern="Container"><ns1:imageobject pattern="Container"><ns1:imagedata fileref="../../../vol3/graphics/Flynn01/Flynn01-012.jpg" format="jpg" pattern="Meta" width="90%"/></ns1:imageobject></ns1:mediaobject></ns1:listitem></ns1:varlistentry></ns1:variablelist><ns1:para pattern="Block">Respondents were also asked in open-ended questions about what features they would recommend to others looking for software; what features they found best and worst in their software; and for any features they would like to see added.</ns1:para><!--<variablelist spacing="compact">--><ns1:variablelist pattern="Table"><ns1:varlistentry xml:id="sel" pattern="Record"><ns1:term pattern="Block">Advice to others</ns1:term><ns1:listitem pattern="Container"><ns1:para pattern="Block">The most important feature was seen as robust compliance with standards (15%). 7% recommended customizability, and 6% felt integration with other systems was important. Level at 4% were<ns1:quote pattern="Inline">Avoid WYSIWYG</ns1:quote>,<ns1:quote pattern="Inline">Avoid Wordprocessors</ns1:quote>, and<ns1:quote pattern="Inline">Keep it simple</ns1:quote>(the converse,<ns1:quote pattern="Inline">Use WYSIWYG</ns1:quote>rated 3%). Again there was a very long tail of other factors, but without significant distinction.</ns1:para><ns1:mediaobject pattern="Container"><ns1:imageobject pattern="Container"><ns1:imagedata fileref="../../../vol3/graphics/Flynn01/Flynn01-013.jpg" format="jpg" pattern="Meta" width="90%"/></ns1:imageobject></ns1:mediaobject></ns1:listitem></ns1:varlistentry><ns1:varlistentry xml:id="useful" pattern="Record"><ns1:term pattern="Block">Most useful features</ns1:term><ns1:listitem pattern="Container"><ns1:para pattern="Block">For usefulness, keyboard shortcuts rated the highest at 14% of mentions. Regular Expression searches followed at 11%, and Integration and Validation features at 8% each. A cluster of editorial functions came next at 5Ã¢â&#130;¬â&#128;&#156;6% each: context-sensitive or structure-sensitive editing; spell-checking, grammar-checking, and thesaurus; autocompletion; and WYSIWG display. At a lower level (3%) were colored editing, adaptability and customizability, and the quality of formatting, DTD/Schema handling, and cross-referencing. Price and multi-platform availability were not significant at 2%.</ns1:para><ns1:mediaobject pattern="Container"><ns1:imageobject pattern="Container"><ns1:imagedata fileref="../../../vol3/graphics/Flynn01/Flynn01-014.jpg" format="jpg" pattern="Meta" width="90%"/></ns1:imageobject></ns1:mediaobject></ns1:listitem></ns1:varlistentry><ns1:varlistentry xml:id="useless" pattern="Record"><ns1:term pattern="Block">Worst features</ns1:term><ns1:listitem pattern="Container"><ns1:para pattern="Block">By contrast, the worst features of editors were led by automated or pre-emptive insertion problems at 20%Ã&#130;Â Ã¢â&#130;¬â&#128;&#157; wrong types, interference with formatting, refusal to mark up as instructed, or insistence on adding incorrect markup. Validation errors (faulty editors, not faulty documents) followed at 11%, and WYSIWYG problems at 9%. Quirkiness or obtuseness of the interface were rated at 7% and 5% respectively (failure to follow established patterns), and matters related to styling and formatting also at 5%. Poor documentation, the need for manual intervention, lack of Unicode support, program stability, and support for different file formats all rated 4%, and there were others in a low long tail.</ns1:para><ns1:mediaobject pattern="Container"><ns1:imageobject pattern="Container"><ns1:imagedata fileref="../../../vol3/graphics/Flynn01/Flynn01-015.jpg" format="jpg" pattern="Meta" width="90%"/></ns1:imageobject></ns1:mediaobject></ns1:listitem></ns1:varlistentry><ns1:varlistentry xml:id="failed" pattern="Record"><ns1:term pattern="Block">Failure to fulfil a task</ns1:term><ns1:listitem pattern="Container"><ns1:para pattern="Block">When asked if they had ever failed to find out how to do something that an editor was actually capable of, 35% mentioned the difficulty of finding items in documentation, and 26% mentioned problems in getting an editor's special feature (one of its unique selling points) to work. 13% mentioned trying to overcome unnecessary complexity, and 6% felt that such failure was down to lack of awareness of a product's capabilities. The tail included mathematical features, searching, validation, and WYSIWYG problems.</ns1:para><ns1:mediaobject pattern="Container"><ns1:imageobject pattern="Container"><ns1:imagedata fileref="../../../vol3/graphics/Flynn01/Flynn01-016.jpg" format="jpg" pattern="Meta" width="90%"/></ns1:imageobject></ns1:mediaobject></ns1:listitem></ns1:varlistentry><ns1:varlistentry xml:id="wish" pattern="Record"><ns1:term pattern="Block">Wish list</ns1:term><ns1:listitem pattern="Container"><ns1:para pattern="Block">The opportunity to add to a Wish list led the<ns1:quote pattern="Inline">Other</ns1:quote>category to account for 27% of responses. Heading the remainder were improved documentation (20%), better WYSIWYG (17%), and better interfaces (13%) and menu systems (10%). The addition of Regular Expressions rated 7% and better access to styling also 7%.</ns1:para><ns1:mediaobject pattern="Container"><ns1:imageobject pattern="Container"><ns1:imagedata fileref="../../../vol3/graphics/Flynn01/Flynn01-017.jpg" format="jpg" pattern="Meta" width="90%"/></ns1:imageobject></ns1:mediaobject></ns1:listitem></ns1:varlistentry></ns1:variablelist></ns1:section><ns1:section pattern="HeadedContainer"><ns1:title pattern="Block">Discussion</ns1:title><ns1:para pattern="Block">In the open-ended questions, and in the<ns1:quote pattern="Inline">Other</ns1:quote>areas of each question, users were able to elaborate on their responses. In these, there was sometimes extensive and persuasive argument both for and against the exposure of markup, the limitation of structural control, the adaptability of editing systems (including DTDs and Schemas), and the conflict between how a writer perceives interaction with a document and how the creator of the editing system perceives it. These viewsÃ&#130;Â Ã¢â&#130;¬â&#128;&#157; necessarily one-sided, as they come from long-term authors with technical understanding, rather than from non-technical writers or newcomers (see<ns1:xref linkend="background" pattern="Milestone"/>)Ã&#130;Â Ã¢â&#130;¬â&#128;&#157; illustrate an important point about<ns1:quote pattern="Inline">structure</ns1:quote>which has not been widely considered at a technical level.</ns1:para><ns1:para pattern="Block">While it is accepted wisdom that<ns1:quote pattern="Inline">structure</ns1:quote>is A Good Thing in all writing (and this has become an article of faith in markup theory), there is a difference between what markup experts mean by structure and what writers understand by it. Both parties accept that there is a framework underlying all formal documents, usually in the conventional part-chapter-section-subsection hierarchy, with other components adduced where needed (principally figures, tables, lists, and their derivatives). The differences appear to lie in the perception of the relationship of these elements to each other.</ns1:para><ns1:para pattern="Block">The classical theory, derived from computer science and graph theory, is that the document is a hierarchical tree (actually inverted: a root-system) and that all necessary actions can be seen in terms of navigation around the tree, and of insertion into and withdrawal from the the nodes which form the branches and leaves.</ns1:para><ns1:para pattern="Block">The conventional writer, howeverÃ&#130;Â Ã¢â&#130;¬â&#128;&#157; and we expressly<ns1:emphasis pattern="Inline">exclude</ns1:emphasis>the markup expert, as well as the experienced technical authors who responded to the surveyÃ&#130;Â Ã¢â&#130;¬â&#128;&#157; is by repute probably only marginally aware of this tree; but we have been unable to measure this at present. In this view, the document is seen as a continuous linear narrative, broken into successive divisions along semantic lines, and interspersed with explanatory material in the form of figures, tables, lists, and their derivatives. From inspection, this appears to hold true whether it is a sales report, a novel, a textbook, or an academic paper. The terminology used is therefore also different:<ns1:quote pattern="Inline">inserting</ns1:quote>a<ns1:quote pattern="Inline">node</ns1:quote>into the tree has meaning for the document engineer who designs the document type or the formatting engine, but is meaningless for the writer, who thinks in terms of<ns1:quote pattern="Inline">new chapter</ns1:quote>or<ns1:quote pattern="Inline">add a paragraph</ns1:quote>.<ns1:footnote pattern="Popup"><ns1:para pattern="Block">In the case of narrative or dramatic literature,<ns1:quote pattern="Inline">structure</ns1:quote>has entirely other meanings, and concerns plot revelation, narrative pace, character development, and other factors completely unrelated to our use of the term.</ns1:para></ns1:footnote></ns1:para><ns1:para pattern="Block">This may explain to a considerable extent why the<ns1:quote pattern="Inline">anything, anywhere</ns1:quote>document model in commonly-used wordprocessors has become so pervasive: it is virtually impossible expressly to allow an object to occur only in a specific place, or to forbid one from occurring at any point. The interface to such models has become widespread precisely because it allows this latitude, regardless of whether it makes structural sense or not, and because such interfaces are marketed for general-purpose, ad hoc, and trivial use, as well as for complex or sophisticated use. This is despite the result that in terms of formal structure, all wordprocessor documents are in effect a simple series of paragraphs one level deep (with a small exception for those that group list items in a container or provide containment at the mixed-content level).<ns1:footnote pattern="Popup"><ns1:para pattern="Block">Containment has its own perils: the author has an example of an OpenOffice document, a book of a dozen chapters by different authors, in which the editor unwittingly pasted chapters two to twelve into the bounds of the last endnote at the end of the first chapter. The publisher asked for some endnotes to be subsumed into the text, and when the editor deleted the last endnote of the first chapter, all the remaining chapters vanished from the document.</ns1:para></ns1:footnote></ns1:para><ns1:para pattern="Block">It would therefore appear that the lack of adoption of structured-editing interfaces could be due to a lack of understanding by authors of the tree model, or to a sense that it constrains them unreasonably during the writing process. But the existence of the tree, and its supervention in the interface, are artefacts of the way in which editing software has been written, and reflections of the preoccupations of the designers and programmers. This is made plain by the fact that the interface of structured editors implements the tree, rather than implementing a model of the document with which the author is more familiar. The use of the synchronous typographic interface (popularly, if erroneously, known as<ns1:quote pattern="Inline">WYSIWYG</ns1:quote>) goes some way towards hiding the technicalities of tree-based editing, but our objective here is to investigate the extent to which it is possible to present writers with a model of the document which matches<ns1:emphasis pattern="Inline">their</ns1:emphasis>expectations rather than those of the document engineer or programmer.</ns1:para><ns1:para pattern="Block">Taking this view, it is possible that an interface which provides the existing markup facilities (from a document engineering point of view) but replaces the engineering-oriented or technology-oriented approach with one more closely matched to the users' expectations, would stand a better chance of acceptance among authors. While this has been attempted in some recent products, it appears to have addressed specific individual demands rather than the general principle.</ns1:para></ns1:section></ns1:section><ns1:section xmlns:ns3="http://www.w3.org/XML/1998/namespace" xml:id="model" pattern="HeadedContainer"><ns1:title pattern="Block">The interface is the product</ns1:title><ns1:para pattern="Block">The development of the graphical user interface, common support libraries, dynamic data exchange, object linking and embedding, context-awareness, and many other related technologies, has led to the frequent blurring of the distinction between applications for the user. Sending an email can now invoke the default wordprocessor as the editor; clicking on a hypertext link in a document will open a web browser; following a link in a browser will open the (usually) appropriate application for the type of file; and a table in a document could be provided by an embedded spreadsheet object.</ns1:para><ns1:para pattern="Block">The commonality of the interface framework (the position of the menus, arrangement of the toolbar, and availability of the other affordances) increases software reusability and makes it easier for the user to carry across skills from one application to another; but it also leads users into a state of unawareness of exactly which application is active at any one time. This also provides one of the building-blocks for the development of interface components which are generically grouped under the banner of<ns1:quote pattern="Inline">Web 2.0</ns1:quote>, which attempts to imbue all visible objects with the status of an affordance.</ns1:para><ns1:para pattern="Block">A side-effect of this is that a large number of applications, even across platforms, share an increasingly common interface framework, and are increasingly expected by the users to provide the same affordances. User tolerance for differences based on platform, vendor, or application appears to be shrinking, such that a new product would have to offer some very radically new and valuable feature indeed for it to justify breaking the conceptual mold expected by the user.</ns1:para><ns1:para pattern="Block">Taking into account the expectations of users found in the survey above, there is a growing sense that the interface is the product, and the product is the interface, regardless of the technologies employed underneath. The structure-directed document editing model, which requires a foreknowledge or awareness of the underlying hierarchical document model, may prove to be unsatisfactory in the light of this approach.</ns1:para><ns1:para pattern="Block">Building on the information gathered in the surveys it was possible to construct a list of operations or actions (keystrokes, menu items, toolbar buttons) which were seen as problematic. This meant either that they were to be handled specially or even avoided because of their meaning or ambiguity (in the opinion of the expert practitioners); or that they were opaque to the user because of terminology, placement, expectation, or effect (in the opinion of the users).</ns1:para><ns1:para pattern="Block">From the requirements of users in the survey of requests to the forums, editing software is required by most users to<ns1:quote pattern="Inline">be WYSIWYG</ns1:quote>; that is, to employ a synchronous typographic interface with no markup visible to the user. Whether or not an editor allows another form of access to the markup (tokenized, raw text, breadcrumb, or marching display), is not relevant for the present purpose: this is something the software creator can choose to do or not to do.</ns1:para><ns1:para pattern="Block">In all cases it was seen as a priority that the behavior of the interface should be<ns1:quote pattern="Inline">what the user expects</ns1:quote>. Where in some cases this becomes context-dependent, it was regarded as essential that the behavior should<ns1:emphasis pattern="Inline">not</ns1:emphasis>be the simple binary-strict IR or CS refusal on the grounds that<ns1:quote pattern="Inline">you can't do that here</ns1:quote>. This was cited on numerous occasions both in the surveys and in related discussions as being The Wrong Thing, especially when the user's action was seen as perfectly reasonable, but simply happened to take place at a time when the cursor position indicated otherwise.</ns1:para><ns1:para pattern="Block">In all cases discussed, it was seen as important to avoid asking the user a question in order to determine what is The Right Thing unless absolutely essential. Additional interface features which learn from past behavior, and which allow preferences to be set where there might be ambiguity, were considered to be outside the scope of this model. While these have been implemented in some systems, the present author is unaware of any specifically related to structural editing, and this would be an important area for future work.</ns1:para><ns1:para pattern="Block">It cannot be emphasized too strongly that users, and especially intending users, vote with their feet when judging an application by its interface. In the absence of compelling direction from elsewhere in an organization, and where products are essentially comparable in function, an interface's appearance as well as its apparent usability are regarded as actually<ns1:emphasis pattern="Inline">being</ns1:emphasis>the product.</ns1:para><ns1:para pattern="Block">By contrast, when functions are widely disparate, and the interfaces are roughly comparable, the functions may become the product. As we saw earlier, some interfaces fail to afford features that do actually exist in the product, and this may provide a third effect on the perceived usability.</ns1:para><ns1:para pattern="Block">In all three cases the quality, behavior, performance, and other attributes of the underlying engines and routines may only rarely be considered by the individual user except as part of a formal evaluation process, and may even then be dismissed in favor of the specific attractions of a particular interface. The importance of accurate interface usability testing<ns1:emphasis pattern="Inline">before product release</ns1:emphasis>cannot therefore be ignored: while the market will always have the final say, releasing an untested interface is likely to be counterproductive.</ns1:para><ns1:para pattern="Block">The following changes to the interaction are derived from the findings of the four enquiries (experts' survey, software analysis, user requirements study, and user survey), and will be subject to testing in the final phase (see<ns1:xref linkend="testing" pattern="Milestone"/>).</ns1:para><ns1:section pattern="HeadedContainer"><ns1:title pattern="Block">Keypresses</ns1:title><ns1:section pattern="HeadedContainer"><ns1:title pattern="Block">The Enter (Return) key</ns1:title><ns1:para pattern="Block">In most synchronous typographic wordprocessor environments the default action is to end the current paragraph and start a new one (the older conflation of<ns1:quote pattern="Inline">new line</ns1:quote>and<ns1:quote pattern="Inline">new paragraph</ns1:quote>has mostly disappeared from wordprocessors but it still present in the less capable web editors). In the case of list items, Enter starts a new item rather than a new paragraph within the same item.</ns1:para><ns1:para pattern="Block">The behavior in an environment like a list raises the question of how to exit the list environmentÃ&#130;Â Ã¢â&#130;¬â&#128;&#157; how to revert from list-item creation to normal paragraphsÃ&#130;Â Ã¢â&#130;¬â&#128;&#157; when the markup is invisible. This is critically relevant where the system is unable to allow the placement of the cursor beyond the end of the last environment because no markup is visible.</ns1:para><ns1:para pattern="Block">The<ns1:quote pattern="Inline">next-paragraph</ns1:quote>behavior can usually be modified in a stylesheet, so that a given paragraph style (for example, Title) can be programmed to create a new paragraph of another style (eg Author) when Enter is pressed. In tabular matter, it may navigate down a cell, or create a new empty row. In some SGML/XML editors investigated, however, it caused a system beep or the insertion of white-space in mixed content.</ns1:para><ns1:para pattern="Block">Because of its history, there is an expected<ns1:quote pattern="Inline">down</ns1:quote>(linefeed) action associated with the key, and the first two examples above conform to this (new paragraph; new item), as does the stylesheet-directed creation of a specific following style, and this is the defined behavior.</ns1:para><ns1:para pattern="Block">The problem of terminating a list or similar second-level container was partly solved in Emacs psgml-mode, STiLO, and some other editors by detecting a repeated Enter or split-element instruction (C-c RET in Emacs) with no intervening keystroke, and interpreting this as signaling a demand to exit to the next level up in the hierarchy. In STiLO, a third and subsequent presses cycled through all element types available at that level. While this kind of complex behavior is very useful to the expert, it is not easily guessable, and is not obvious to the non-expert. Ctrl-Enter was adopted for this<ns1:quote pattern="Inline">exit container</ns1:quote>action on the grounds that it is already familiar in the sense of a<ns1:quote pattern="Inline">hard return</ns1:quote>, and with the possibility that this should be configurable by the user, perhaps via a beginner/expert mode. There appears to be no suitable alternative paradigm from online editing (wikis, blogs, IM) which could be adopted.</ns1:para></ns1:section><ns1:section pattern="HeadedContainer"><ns1:title pattern="Block">The TAB key</ns1:title><ns1:para pattern="Block">Informally, many experts would concur in banning this key altogether by disabling it. Its typewriter-style use to align text with locally-dependent locations across the user's window is a good example of a visual-only instantiation which is not stable.</ns1:para><ns1:para pattern="Block">In practice it appears to have two valid uses, given its association with the<ns1:quote pattern="Inline">forward</ns1:quote>direction, especially in tabular matter.</ns1:para><ns1:para pattern="Block">One use is to navigate forward linearly through markup; that is, from one element or text node to the next in mixed content, identifying its location in a telltale or highlight (this might solve the problem of cursor placement beyond the last text node referred to above); and from one element to the the next in serial order in element content, in effect performing a width-first traverse.</ns1:para><ns1:para pattern="Block">The other use is as an<ns1:quote pattern="Inline">Insert Table</ns1:quote>key when outside a table, moving to the next available location where a table make sense; and it would revert to the traditional spreadsheet-style cell-to-cell traverse when inside a table. Both uses were designed to be tested.</ns1:para></ns1:section><ns1:section pattern="HeadedContainer"><ns1:title pattern="Block">The spacebar</ns1:title><ns1:para pattern="Block">Apart from inserting spaces in character data content, there appears to be no other legitimate use for the key in a structured editing environment. Its use as a pager key in Unix-based systems and its adoption by web browsers for a similar purpose, as well as its use as a button or link selector, is be avoided in the current context except for accessibility functions when using the menus and toolbars.</ns1:para></ns1:section><ns1:section pattern="HeadedContainer"><ns1:title pattern="Block">Backspace and Delete</ns1:title><ns1:para pattern="Block">Backward and forward deletion in character data content would operate as expected. When adjacent to a markup boundary, however, it seems reasonable that deletion should continue in the same direction by jumping linearly to the next point where character data exists (if any; attribute values excluded), possibly accompanied by a transient audio or visual warning.</ns1:para><ns1:para pattern="Block">Another possibility is that when all character data content has been deleted from an element, and all descendant elements are similarly empty, an additional press of one or other of these keys should remove the containing element itself. This would conform to the expectation of deletion associated with both keys, but requires separate testing as it may or may not conform to the user's expectations when content has already been deleted, as the user will be unaware of the existence of any empty markup structure when there is no character data present.</ns1:para></ns1:section></ns1:section><ns1:section pattern="HeadedContainer"><ns1:title pattern="Block">Menu items</ns1:title><ns1:section pattern="HeadedContainer"><ns1:title pattern="Block">The NEW menu item</ns1:title><ns1:para pattern="Block">Many writers on interface usability deprecate the use of nouns and adjectives on toolbar and menu labels, and insist that using verbs or attributes allows greater comprehension (the canonical example being [<ns1:xref linkend="app08" pattern="Milestone"/>]). In many cases they are right, but in the case of software for writing, the terms commonly used (in English) include phrases such as<ns1:quote pattern="Inline">new chapter</ns1:quote>,<ns1:quote pattern="Inline">new paragraph</ns1:quote>, or<ns1:quote pattern="Inline">new section</ns1:quote>, and these are so prevalent a way of expressing the action that they justify being collected under a menu or toolbar button labelled<ns1:quote pattern="Inline">New</ns1:quote>.</ns1:para><ns1:para pattern="Block">The first encounter with this is already familiar in many editors as<ns1:quote pattern="Inline">New Document</ns1:quote>, which allows selection from a set of precompiled DTDs or Schemas. The user indications in the survey were that such a set needs to be very much wider, and must allow a much easier method of adding new document types. (Although that activity is outside the scope of this study, it does have implications for document type and stylesheet designers and for the introduction of a robust means of element type and attribute<ns1:quote pattern="Inline">hint</ns1:quote>documentation.)</ns1:para><ns1:para pattern="Block">The use of<ns1:quote pattern="Inline">Insert</ns1:quote>(which we discussed earlier), or<ns1:quote pattern="Inline">Surround</ns1:quote>/<ns1:quote pattern="Inline">Enclose</ns1:quote>, are always restricted to the element types available at the current cursor location (which may be indeterminable by the user when no markup is visible). By contrast, a selection from a<ns1:quote pattern="Inline">New</ns1:quote>menu moves to the next available location where the selected item can be inserted, if the current location precludes it. If the user asks for a new chapter, and their cursor is currently in the middle of an acronym, they do not mean literally insert the new chapter markup there, or recursively split elements until a valid insertion point is reached; they mean go to the next place where a chapter can start, and start it there.</ns1:para><ns1:para pattern="Block">When requesting the insertion of inline markup in mixed content, however,<ns1:quote pattern="Inline">Add</ns1:quote>may be convenient semantic sugar for<ns1:quote pattern="Inline">New</ns1:quote>(as in<ns1:quote pattern="Inline">add quote</ns1:quote>,<ns1:quote pattern="Inline">add emphasis</ns1:quote>). The same principle of<ns1:quote pattern="Inline">next available location</ns1:quote>would be honored, as such markup can usually occur arbitrarily in mixed content.</ns1:para><ns1:para pattern="Block">As a corollary to this principle, where a new element has required element content,<ns1:emphasis pattern="Inline">all</ns1:emphasis>required element types must be added, and the focus then returned to the first location of character data. Where there is a required choice, that must be presented to the user (one of the unavoidable occasions, and perhaps a suitable opportunity for the implementation of the first mode of TAB key operation explained above).</ns1:para></ns1:section><ns1:section pattern="HeadedContainer"><ns1:title pattern="Block">Formatting controls</ns1:title><ns1:para pattern="Block">Given that a synchronous typographical editor operating with a stylesheet would not normally have any use for the B, I, and U buttons, nor for the typeface and font-size dropdowns, it is tempting to abolish them completely except when in style-creation mode.</ns1:para><ns1:para pattern="Block">However, as the user expects to be able to control formatting from the menu and toolbars, the B, I, and U buttons should operate a drop-down of all the available markup which uses those styles in the current stylesheet. For example, as we have pointed out elsewhere, there are at least eight reasons<ns1:footnote pattern="Popup"><ns1:para pattern="Block">To which might validly be added<ns1:quote pattern="Inline">illustrative</ns1:quote>for authors of manuals on typography.</ns1:para></ns1:footnote>why an author or editor might want to use italics,<!--<itemizedlist spacing="compact">--><ns1:itemizedlist pattern="Table"><ns1:listitem pattern="Container"><ns1:para pattern="Block">foreign words</ns1:para></ns1:listitem><ns1:listitem pattern="Container"><ns1:para pattern="Block">scientific names</ns1:para></ns1:listitem><ns1:listitem pattern="Container"><ns1:para pattern="Block">emphasis</ns1:para></ns1:listitem><ns1:listitem pattern="Container"><ns1:para pattern="Block">titles of documents</ns1:para></ns1:listitem><ns1:listitem pattern="Container"><ns1:para pattern="Block">names of products</ns1:para></ns1:listitem><ns1:listitem pattern="Container"><ns1:para pattern="Block">mathematical variables</ns1:para></ns1:listitem><ns1:listitem pattern="Container"><ns1:para pattern="Block">headings</ns1:para></ns1:listitem><ns1:listitem pattern="Container"><ns1:para pattern="Block">decoration</ns1:para></ns1:listitem></ns1:itemizedlist>and probably as many again for bold and underlining combined [<ns1:xref linkend="fly02" pattern="Milestone"/>].</ns1:para><ns1:para pattern="Block">By the same token, the typeface dropdown (restricted to those faces in use by the stylesheet) can be used to select from those elements currently employing those faces; and the font-size dropdown to select those employing those sizes. The effect for the user is identical to the existing usage, and requires no additional mouse-click, only a longer dwell time and a move to select the right usage.</ns1:para><ns1:para pattern="Block">A similar argument can be made in favor of other visual selectors such as color. In stylesheet-editing mode, if one is provided, the buttons and dropdowns may revert to conventional usage to allow new styles to be constructed or existing ones to be modified.</ns1:para></ns1:section><ns1:section pattern="HeadedContainer"><ns1:title pattern="Block">The toolbar</ns1:title><ns1:para pattern="Block">Many remaining items on a conventional toolbar can to a large extent be replaced by markup-oriented controls when working with a stylesheet, using the principles given above.</ns1:para><ns1:para pattern="Block">Toolbar items with an application in markup control, such as those for use with tabular setting, can of course be retained largely unchanged, but by the same token they must disappear from the toolbar when the DTD or Schema has no tabular elements: a corollary of providing the user with the best affordances possible is that inapplicable ones should be eliminated.</ns1:para><ns1:para pattern="Block">The non-markup document controls such as Save, Open, and Print are of course retained in their normal form.</ns1:para><ns1:para pattern="Block">Additional buttons for cross-reference management, citation, indexing, and other apparatus common in structured formal documents are added where the DTD or Schema provides for such facilities. These are already familiar to many users from reference management software.</ns1:para><ns1:para pattern="Block">Generic tools such as spellcheckers, thesauruses, and grammar-checkers remain unaffected, but they need to be relevant and up-to-date: a number of applications tested failed to include common technical terms like<ns1:quote pattern="Inline">filetype</ns1:quote>as well as recent everyday words like<ns1:quote pattern="Inline">blog</ns1:quote>and<ns1:quote pattern="Inline">wiki</ns1:quote>.</ns1:para></ns1:section></ns1:section><ns1:section pattern="HeadedContainer"><ns1:title pattern="Block">Other</ns1:title><ns1:section pattern="HeadedContainer"><ns1:title pattern="Block">Referencing</ns1:title><ns1:para pattern="Block">For normal cross-references (assuming the ID/IDREF mechanism is used), adding a reference to an existing target is non-problematic, requiring only a pop-up of available targets, or acceptance of a scroll to the target and a click on it). An attempt to add a reference to a non-existent target must create a placeholder for the point of reference, and then require the user to identify the target, completing the resolution when the target is established. In both cases, the stylesheet must know the correct generated text to add at the point of reference, if any, either based on the element type of the target (table number, section number), or as a page number. In all cases, moving the target ID to another element will update all references to it.</ns1:para><ns1:para pattern="Block">For bibliographic references, the stylesheet must contain sufficient information for the correct formatting style (or choice) according to the conventions of the discipline. A similar behavior to the normal cross-reference action can be assumed when the reference entries are embedded in the document (as is possible with DocBook or LaTeX, for example), but this can be pre-empted by dragging and dropping a reference from an external citation database, either maintained locally like Zotero, Endnote, or BIBTeX, or from suitable data in a browser page on a journal or reference database site; with the ID resolution being satisfied by the inclusion of the referenced item in a suitable format at the end of the document.</ns1:para></ns1:section><ns1:section pattern="HeadedContainer"><ns1:title pattern="Block">Mathematics</ns1:title><ns1:para pattern="Block">The visual control of mathematics poses special problems which have been addressed in several models developed by software writers and vendors (Euromath, Arbortext, LyX, Scientific Word, and others), and is not considered here.</ns1:para></ns1:section><ns1:section pattern="HeadedContainer"><ns1:title pattern="Block">Unstructured editing</ns1:title><ns1:para pattern="Block">Several respondents to the surveys mentioned the need for systems which deduce structure while the author writes without structural controls; for systems which can open documents with broken structure (that is, badly-formed or invalid documents) in order to allow them to be mended; and for systems which allow incomplete but otherwise well-formed or valid documents to be saved for later completion. While these are unquestionably still needed [<ns1:xref linkend="bir97" pattern="Milestone"/>], and mechanisms for their instantiation have been available for many years [<ns1:xref linkend="sha95" pattern="Milestone"/>], they are outside the scope of this research.</ns1:para></ns1:section><ns1:section pattern="HeadedContainer"><ns1:title pattern="Block">External files</ns1:title><ns1:para pattern="Block">The use of drag-and-drop is an essential interface component for the inclusion of images, real-time updates, file objects, and other linking actions (like the bibliographic citations mentioned earlier), although traditional attribute entry of filenames and URIs must remain accessible. The embedding of local (file:///) URIs is deprecated for reasons of non-portability, but no viable solution is apparent for standalone usage without widespread adoption of a catalog method (below). The embedding of non-standard methods such as links to OLE objects and local email repositories is a particular difficulty.</ns1:para><ns1:para pattern="Block">A particular demand was seen for the management of external entities, both parsed and unparsed, as this was given as a deficiency in many editors. The use of XML Catalogs is regrettably under-developed.</ns1:para></ns1:section><ns1:section pattern="HeadedContainer"><ns1:title pattern="Block">Character data</ns1:title><ns1:para pattern="Block">It ought to be unnecessary to mention explicitly, but all visible (printable) keyboard charactersÃ&#130;Â Ã¢â&#130;¬â&#128;&#157; indeed all of the Unicode repertoireÃ&#130;Â Ã¢â&#130;¬â&#128;&#157; must be accepted without error. With markup hidden, there can be no excuse for markup characters entered from the keyboard being interpreted<ns1:emphasis pattern="Inline">as</ns1:emphasis>markup characters.</ns1:para><ns1:para pattern="Block">Where letters or symbols from outside the base character repertoire of the document are entered, editors for systems which require additional facilities to handle them (such as LaTeX) must automatically add the relevant modules (packages) to the Preamble (an approximate equivalent to the Internal Subset of an XML document).</ns1:para></ns1:section><ns1:section pattern="HeadedContainer"><ns1:title pattern="Block">Editing</ns1:title><ns1:para pattern="Block">The cut/copy/paste actions applied to character data in text nodes behave as normal. The three-button equivalent mouse actions common in some systems must remain available. Embedded whole-element markup in mixed content is cut/copied/pasted with any marked surrounding character data, but will silently disappear if pasted into a location where that markup would be invalid (see the rules governing Target Markup Adoption below).</ns1:para><ns1:para pattern="Block">The paradigm of clicking on the start-tag to mark the whole of an element is inapplicable when markup is invisible, and a tree or other diagrammatic representation of the document in a side-pane may be confusing for the non-expert, but an equivalent style-oriented margin similar to Word's allows whole-element selection in element content, as does the three-click selection in Mac OSÃ¢â&#130;¬â&#128;°X.</ns1:para><ns1:para pattern="Block">Cutting (or copying) whole elements in element content and pasting them elsewhere is subject to the rules of the DTD/Schema in use. If the user attempts to paste the material into a location where the markup would not be permitted (into mixed content, for example), the markup in the clipboard content is removed down to the mixed content level, and the result pasted as mixed content. Pasting whole-element material from element content into element content at a higher or lower level automatically promotes or demotes the container of the clipboard content to a suitable level to be allowed.</ns1:para><ns1:para pattern="Block">Highlighting across markup boundaries copies the marked character data and any embedded whole-element markup. As mentioned above, cut/copy and paste then work on the text nodes in mixed content and any whole element nodes included in the selection. A principle which we term<ns1:quote pattern="Inline">Target Markup Adoption</ns1:quote>determines that pasting fragmentary mixed content adopts the style of the target container and<ns1:emphasis pattern="Inline">not</ns1:emphasis>the source style, whereas pasting whole elements (in element content) retains the internal consistency of styling, subject to any inheritance or disinheritance at the target location. This principle is already in partial use in some embedded XML editors designed for web applications.</ns1:para><ns1:para pattern="Block">An attempt to apply (inline) styling to marked text across element boundaries will surround any text with the appropriate markup where permitted, but leave text unmarked in elements where the relevant subelements cannot be applied.</ns1:para></ns1:section></ns1:section><ns1:section xml:id="testing" pattern="HeadedContainer"><ns1:title pattern="Block">Testing</ns1:title><ns1:para pattern="Block">Implementing this in program code would, in effect, mean rewriting a large part of the interface of an existing editor, or writing an entire new one from scratch. As this is beyond the scope of the research, the Paper Prototyping method of testing is being used [<ns1:xref linkend="sny03" pattern="Milestone"/>].</ns1:para><ns1:para pattern="Block">This involves preparing sequences of screenshots or facsimiles on sheets of paper, and giving test subjects tasks which they carry out by indicating on the sheets what action they would take. The tester then replaces the sheet with the one which shows the result of that action, and the process is repeated. A record of the sequences is kept for analysis. The use of Personas (constructed psychological profiles of canonical users) enables experienced test subjects to match responses to those of the target audience. Testing will be carried out in the Usability Laboratory of the Human Factors Research Group at University College Cork.</ns1:para><ns1:para pattern="Block">The actions and behaviors are specified as sequences of keystrokes or mouse movements, and prepared for testing using generated simulations of screenshots (see<ns1:xref linkend="testscreen" pattern="Milestone"/>.</ns1:para><ns1:figure xml:id="testscreen" pattern="Container"><ns1:title pattern="Block">Paper prototyping: simulated screenshot of model editor</ns1:title><ns1:mediaobject pattern="Container"><ns1:imageobject pattern="Container"><ns1:imagedata fileref="../../../vol3/graphics/Flynn01/Flynn01-018.jpg" format="jpg" pattern="Meta" width="100%"/></ns1:imageobject><ns1:caption pattern="Container"><ns1:para pattern="Block">Use of the<ns1:quote pattern="Inline">New</ns1:quote>menu in mixed content</ns1:para></ns1:caption></ns1:mediaobject></ns1:figure><ns1:para pattern="Block">Duplicates of each screen using the existing interfaces of OpenOffice, Word, or oXygen as appropriate will be used for a control sample (see<ns1:xref linkend="controlscreen" pattern="Milestone"/>.</ns1:para><ns1:figure xml:id="controlscreen" pattern="Container"><ns1:title pattern="Block">Paper prototyping: control screenshot using OpenOffice</ns1:title><ns1:mediaobject pattern="Container"><ns1:imageobject pattern="Container"><ns1:imagedata fileref="../../../vol3/graphics/Flynn01/Flynn01-019.jpg" format="jpg" pattern="Meta" width="100%"/></ns1:imageobject><ns1:caption pattern="Container"><ns1:para pattern="Block">Inserting a paragraph break</ns1:para></ns1:caption></ns1:mediaobject></ns1:figure><ns1:para pattern="Block">Testing will be conducted in the autumn of 2009.</ns1:para></ns1:section></ns1:section><ns1:bibliography pattern="HeadedContainer"><ns1:title pattern="Block">References</ns1:title><ns1:bibliomixed xmlns:ns3="http://www.w3.org/XML/1998/namespace" xml:id="ang04" pattern="Block" xreflabel="Anghelache2004">Angelache, Romeo:<ns1:quote pattern="Inline">The Meaning of Scientific Documents</ns1:quote>. In New Developments in Electronic Publishing (AMS/SMM Special Session, Houston, May 2004), ECM4 Satellite Conference, Stockholm, June 2004 pp. 5Ã¢â&#130;¬â&#128;&#156;7.</ns1:bibliomixed><ns1:bibliomixed xmlns:ns3="http://www.w3.org/XML/1998/namespace" xml:id="app08" pattern="Block" xreflabel="Apple2008">Apple Corp,<ns1:quote pattern="Inline">Menus: Naming Menu Items</ns1:quote>. In<ns1:emphasis pattern="Inline">Human Interface Guidelines for OSÃ¢â&#130;¬â&#128;°X</ns1:emphasis>. Part III, at<ns1:link xmlns:ns2="http://www.w3.org/1999/xlink" ns2:actuate="onRequest" ns2:show="new" ns2:type="simple" pattern="Inline">http://developer.apple.com/documentation/UserExperience/Conceptual/AppleHIGuidelines/XHIGMenus/XHIGMenus.html#//apple_ref/doc/uid/TP30000356-TPXREF117</ns1:link>(9 June 2008, retrieved 24 April 2009).</ns1:bibliomixed><ns1:bibliomixed xmlns:ns3="http://www.w3.org/XML/1998/namespace" xml:id="bir97" pattern="Block" xreflabel="Birnbaum1997">Birnbaum, David:<ns1:quote pattern="Inline">In Defense of Invalid SGML</ns1:quote>. In Proc. Annual Joint Meeting of the Association for Computing in the Humanities and the Association for Literary and Linguistic Computing, Kingston, Ontario (1997)</ns1:bibliomixed><ns1:bibliomixed xmlns:ns3="http://www.w3.org/XML/1998/namespace" xml:id="den86" pattern="Block" xreflabel="Denning1986">Denning, Peter J:<ns1:quote pattern="Inline">Electronic Publishing</ns1:quote>. Technical Report 86:21, NASA Ames Research (Oct 1986)</ns1:bibliomixed><ns1:bibliomixed xmlns:ns3="http://www.w3.org/XML/1998/namespace" xml:id="fly02" pattern="Block" xreflabel="Flynn2002">Flynn, Peter:<ns1:emphasis pattern="Inline">Formatting Information</ns1:emphasis>, TUGboat single issue 23:2 (2002), pp115Ã¢â&#130;¬â&#128;&#156;250</ns1:bibliomixed><ns1:bibliomixed xmlns:ns3="http://www.w3.org/XML/1998/namespace" xml:id="fly06" pattern="Block" xreflabel="Flynn2006">Flynn, Peter:<ns1:quote pattern="Inline">If XML is so easy, how come it's so hard?: The usability of editing software for structured documents</ns1:quote>. Extreme Markup Conference 2006, MontrÃ&#131;Â©al, QC (Aug 2006)</ns1:bibliomixed><ns1:bibliomixed xmlns:ns3="http://www.w3.org/XML/1998/namespace" xml:id="gib79" pattern="Block" xreflabel="Gibson1979">Gibson, James J:<ns1:emphasis pattern="Inline">The Ecological Approach to Visual Perception</ns1:emphasis>. Houghton Mifflin, Boston (1979), p.36<ns1:emphasis pattern="Inline">et seq</ns1:emphasis>.</ns1:bibliomixed><ns1:bibliomixed xmlns:ns3="http://www.w3.org/XML/1998/namespace" xml:id="hec93" pattern="Block" xreflabel="Heck1993">Heck, AndrÃ&#131;Â©:<ns1:quote pattern="Inline">Electronic Publishing and Advanced Information Retrieval</ns1:quote>. In Astronomical Data Analysis Software and Systems II, 52 (1993)</ns1:bibliomixed><ns1:bibliomixed xmlns:ns3="http://www.w3.org/XML/1998/namespace" xml:id="lar06" pattern="Block" xreflabel="Lariviere2006">LariviÃ&#131;Â¨re, Vincent; Gingras, Yves; and Archambault Ã&#131;â&#128;°ric:<ns1:quote pattern="Inline">Canadian collaboration networks: A comparative analysis of the natural sciences, social sciences and the humanities</ns1:quote>. In Scientometrics 68:3 (Dec 2006) pp.519Ã¢â&#130;¬â&#128;&#156;533. doi:<ns1:biblioid class="doi" pattern="Atom">10.1007/s11192-006-0127-8</ns1:biblioid>.</ns1:bibliomixed><ns1:bibliomixed xmlns:ns3="http://www.w3.org/XML/1998/namespace" xml:id="lom83" pattern="Block" xreflabel="Lombardi1983">Lombardi, John V:<ns1:emphasis pattern="Inline">Computer Literacy: The Basic Concepts and Language</ns1:emphasis>, Indiana University Press (1983) 0253314011</ns1:bibliomixed><ns1:bibliomixed xmlns:ns3="http://www.w3.org/XML/1998/namespace" xml:id="lue07" pattern="Block" xreflabel="Luey2007">Luey, Beth:<ns1:quote pattern="Inline">The education of academic authors</ns1:quote>. In Publishing Research Quarterly, 3:2 (June 1987) pp4Ã¢â&#130;¬â&#128;&#156;10. doi:<ns1:biblioid class="doi" pattern="Atom">10.1007/BF02683607</ns1:biblioid>.</ns1:bibliomixed><ns1:bibliomixed xmlns:ns3="http://www.w3.org/XML/1998/namespace" xml:id="sha95" pattern="Block" xreflabel="Shafer1995">Shafer, Keith:<ns1:quote pattern="Inline">Creating DTDs via the GB-Engine and Fred</ns1:quote>. OCLC Online Computer Library Center, Inc., Dublin, Ohio (1995)</ns1:bibliomixed><ns1:bibliomixed xmlns:ns3="http://www.w3.org/XML/1998/namespace" xml:id="sny03" pattern="Block" xreflabel="Snyder2003">Snyder, Carolyn:<ns1:emphasis pattern="Inline">Paper Prototyping: The Fast and Easy Way to Design and Refine User Interfaces</ns1:emphasis>. Morgan Kaufmann, San Francisco (2003) 1558608702</ns1:bibliomixed><ns1:bibliomixed xmlns:ns3="http://www.w3.org/XML/1998/namespace" xml:id="wil95" pattern="Block" xreflabel="Williams1995">Williams, Martha:<ns1:quote pattern="Inline">Database publishing statistics</ns1:quote>. In Publishing Research Quarterly, 11:3 (Sept 1995). doi:<ns1:biblioid class="doi" pattern="Atom">10.1007/BF02680442</ns1:biblioid>.</ns1:bibliomixed><!--<bibliomixed xml:id="" xreflabel=""></bibliomixed> <bibliomixed xml:id="" xreflabel=""></bibliomixed> <bibliomixed xml:id="" xreflabel=""></bibliomixed> <bibliomixed xml:id="" xreflabel=""></bibliomixed> <bibliomixed xml:id="" xreflabel=""></bibliomixed> <bibliomixed xml:id="" xreflabel=""></bibliomixed> <bibliomixed xml:id="" xreflabel=""></bibliomixed>--></ns1:bibliography></ns1:article>