<?xml version="1.0" encoding="UTF-8"?><ns1:article xmlns:ns1="http://docbook.org/ns/docbook" pattern="HeadedContainer" version="5.0-subset Balisage-1.2"><ns1:title pattern="Block">Managing XML references through the XRM vocabulary</ns1:title><ns1:info pattern="Record"><ns1:confgroup pattern="Record"><ns1:conftitle pattern="Field">Balisage: The Markup Conference 2009</ns1:conftitle><ns1:confdates pattern="Field">August 11 - 14, 2009</ns1:confdates></ns1:confgroup><ns1:abstract pattern="Container"><ns1:para pattern="Block">This paper presents a general purpose method (called<ns1:emphasis pattern="Inline">XRM</ns1:emphasis>for XML References Management) to express knowledge about links common to a family of XML documents (a.k.a. a document type) and to exploit this knowledge in order to operate verifications, transformations or derivations of the corresponding XML instances.</ns1:para></ns1:abstract><ns1:author pattern="Record"><ns1:personname pattern="Record"><ns1:firstname pattern="Field">Jean-Yves</ns1:firstname><ns1:surname pattern="Field">Vion-Dury</ns1:surname></ns1:personname><ns1:personblurb pattern="Container"><ns1:para pattern="Block">Jean-Yves Vion-Dury holds an CS engineering degree from the Ã¢â&#130;¬Å&#147;Conservatoire National des Arts et Metiers, FranceÃ¢â&#130;¬ï¿½ (1993) and graduated with a PhD in CS from Universite Joseph Fourier, Grenoble in 1999. He has been working at Xerox Research Centre Europe (in Grenoble, France) since 1995, as a research scientist; he has also been on a two year sabbatical with Vincent QuintÃ¢â&#130;¬â&#132;¢s team at INRIA in 2002-2004. His research interests relate to various aspect of XML including models, the impact of standards, validation/transformation languages and architectures, with theoretical background in programming languages, compilation, type systems and formal logics.</ns1:para><ns1:para pattern="Block">Jean-Yves was Program Chair of DocEng (ACM Document Engineering Symposium) in 2004, has been a member of its Program Committee since 2003, and a member of its Steering Committee since 2005.</ns1:para></ns1:personblurb><ns1:affiliation pattern="Record"><ns1:jobtitle pattern="Field">Senior Scientist</ns1:jobtitle><ns1:orgname pattern="Block">Xerox Research Centre Europe</ns1:orgname></ns1:affiliation><ns1:email pattern="Field">jean-yves.vion-dury@xeroxlabs.com</ns1:email></ns1:author><ns1:legalnotice pattern="Container"><ns1:para pattern="Block">Copyright Ã&#130;Â© 2009 Mulberry Technologies, Inc. Used with permission.</ns1:para></ns1:legalnotice></ns1:info><ns1:section pattern="HeadedContainer"><ns1:title pattern="Block">Introduction</ns1:title><ns1:para pattern="Block">So far no specific method nor well suited technology exist to address XML link management related applications, although those are numerous and may require quite complex processing when using standard XML tools or programming languages.</ns1:para><ns1:para pattern="Block">We call link or reference any URL, URN, URI, IRI, XLink (see [<ns1:xref linkend="URI" pattern="Milestone"/>] and [<ns1:xref linkend="XLink" pattern="Milestone"/>]) be it relative or absolute that can be found in a given XML document instance, either under the form of an attribute or as a text node (once parsed, an XML document is composed of element nodes, attribute nodes or text nodes: see [<ns1:xref linkend="XML" pattern="Milestone"/>] for a general description of XML standard).</ns1:para><ns1:para pattern="Block">The method and conceptual models we propose hereby allow concise and efficient XML descriptions of links that can be heavily reused, and enable adequate descriptions of main link-based operations required in XML processing environments, especially link relocation for packaging clusters of documents and associated resources, verification of link properties with respect to security, conformance to a predefined selection of HTTP servers, simplification and normalization of link representation inside a given XML instance, smooth redirection of database requests hidden inside the structure of links, to cite a few among the huge variety of relevant cases.</ns1:para><ns1:para pattern="Block">The knowledge about links is formalized into a specification language that<ns1:orderedlist pattern="Table"><ns1:listitem pattern="Container"><ns1:para pattern="Block">describes links location and typology inside a family of XML documents</ns1:para></ns1:listitem><ns1:listitem pattern="Container"><ns1:para pattern="Block">tags these link descriptions in such a way that they can be further designated and reused either individually or collectively.</ns1:para></ns1:listitem></ns1:orderedlist>The operations on XML instances use the link descriptions above in order to<ns1:itemizedlist pattern="Table"><ns1:listitem pattern="Container"><ns1:para pattern="Block">verify the compliance of links according to the standards describing properties that these links must satisfy (e.g. lexical and syntactic structure),</ns1:para></ns1:listitem><ns1:listitem pattern="Container"><ns1:para pattern="Block">check the conformance to specific or general properties (e.g. URI must be relative, or must match a given pattern),</ns1:para></ns1:listitem><ns1:listitem pattern="Container"><ns1:para pattern="Block">generate a list of all links contained in the instance (dependencies), with related useful meta-information such as the path expression that uniquely locate them inside the hierarchical structure and the type of link (URI, IRI, XLink,Ã¢â&#130;¬Â¦)</ns1:para></ns1:listitem><ns1:listitem pattern="Container"><ns1:para pattern="Block">rewrite some links into other links (reference relocation), depending on matching patterns, side conditions of source document as well as side conditions of referenced objects (links targets).</ns1:para></ns1:listitem></ns1:itemizedlist></ns1:para></ns1:section><ns1:section pattern="HeadedContainer"><ns1:title pattern="Block">Problem overview</ns1:title><ns1:para pattern="Block">There are currently two different ways (inside XML standard) for identifying and designating items inside or outside a document. The first one is based on ID/IDREF mechanisms which only apply to intra-document references. The second one, more general, is based on URL (Uniform Resource Locator) that has been historically derived into several variants (e.g. URI, uniform resource identifiers; IRI, internationalized resource identifier; URN Uniform resource name), each having different intended use and slight lexical variations (see [<ns1:xref linkend="URI" pattern="Milestone"/>,<ns1:xref linkend="IRI" pattern="Milestone"/>]).</ns1:para><ns1:para pattern="Block">This research work, whose results are described hereby, focused on the second kind of references. According to the related standards, references have a syntactic structure that enables describing the protocol used for accessing resources over networks, the address of the server providing the resource, the path which uniquely designates the object to be accessed, and in some cases the fragment inside the document (i.e. a unique element identifier) and/or parameters. For instance the URL<ns1:emphasis pattern="Inline">http://ds-1/example/dog.jpeg</ns1:emphasis>designates an object located on the Ã¢â&#130;¬Å&#147;ds-1Ã¢â&#130;¬ï¿½ server and accessible through the Ã¢â&#130;¬Å&#147;httpÃ¢â&#130;¬ï¿½ protocol. This object is called Ã¢â&#130;¬Å&#147;dog.jpegÃ¢â&#130;¬ï¿½ and the server is supposed to find it through the path Ã¢â&#130;¬Å&#147;/exampleÃ¢â&#130;¬ï¿½ before delivering it back to the caller that invoked the protocol.</ns1:para><ns1:para pattern="Block">Although the referential objects are precisely defined through their syntactic and semantic structure, we have poor information about the context in which they are used and where they are located inside a given document. In the best case, an XML instance is compliant with an XML schema, e.g. XHTML, and thus we hopefully know where one can find such a reference, e.g. inside any<ns1:emphasis pattern="Inline">img</ns1:emphasis>element, and more precisely, inside the value of its<ns1:emphasis pattern="Inline">href</ns1:emphasis>attribute. Note that the semantics of the reference is implicitly defined by the informal description of the HTML standard (it points to an image; it must be fetched through the URL and incorporated into the visual representation of the containing document).</ns1:para><ns1:para pattern="Block">However, many specific transformation operations can be envisioned which are quite focused on these referential objects, and no methods or tools are proposed today to simplify these operations and to make them more reliable and easier to specify. Among others, one can mention :<ns1:itemizedlist pattern="Table"><ns1:listitem pattern="Container"><ns1:para pattern="Block"><ns1:emphasis pattern="Inline">link relocation</ns1:emphasis>, which consists in changing the external environment of a given instance (for instance, changing absolute reference to an external server into a pointer on a local cache where the target resources are stored )</ns1:para></ns1:listitem><ns1:listitem pattern="Container"><ns1:para pattern="Block"><ns1:emphasis pattern="Inline">document and resource packaging</ns1:emphasis>, which consists for instance in building an archive containing all dependent resources under a suitable directory structure</ns1:para></ns1:listitem><ns1:listitem pattern="Container"><ns1:para pattern="Block"><ns1:emphasis pattern="Inline">selective link stabilization</ns1:emphasis>; this operation allows one to substitute some references by others pointing to the same resources, but via a storage system that guaranties the long term stability of the access</ns1:para></ns1:listitem><ns1:listitem pattern="Container"><ns1:para pattern="Block"><ns1:emphasis pattern="Inline">static xml:base attribute processing</ns1:emphasis>; this operation aims at interpreting the xml:base attribute according to the W3C standard [<ns1:xref linkend="XBase" pattern="Milestone"/>], but as a standalone operation (usually, this process is done Ã¢â&#130;¬â&#128;&#156; or just ignoredÃ¢â&#130;¬Â¦- inside the applications)</ns1:para></ns1:listitem><ns1:listitem pattern="Container"><ns1:para pattern="Block"><ns1:emphasis pattern="Inline">static XInclude resolution</ns1:emphasis>; similar remark than above</ns1:para></ns1:listitem></ns1:itemizedlist></ns1:para><ns1:para pattern="Block">Our contribution can be understood as a way to express link specific schemas, validations and transformations. It is orthogonal (and complementary) to general purpose schemas.</ns1:para></ns1:section><ns1:section pattern="HeadedContainer"><ns1:title pattern="Block">State of the Art</ns1:title><ns1:section pattern="HeadedContainer"><ns1:title pattern="Block">XCatalog</ns1:title><ns1:para pattern="Block">XCatalog [<ns1:xref linkend="XCalatog" pattern="Milestone"/>,<ns1:xref linkend="XCataEx" pattern="Milestone"/>] is an XML standard which allows describing link resolving mechanisms. More precisely, the links are categorized into references to XML entities, DTD and XML schema resolution (W3C schemas only) on the one hand, and general URI that are defined as strings that must match a given prefix on the other hand.</ns1:para><ns1:para pattern="Block">The first category is focused on link resolution, an operational concept that concerns only programmatic toolkits and software libraries that are in charge of retrieving the content of pointed objects (so called<ns1:emphasis pattern="Inline">resolvers</ns1:emphasis>). It means that the only underlying semantics is predefined as Ã¢â&#130;¬Å&#147;fetch the pointed resource when needed, the way I specifyÃ¢â&#130;¬ï¿½, and this behavior must be implemented by the XCatalog aware processor (typically, XML parsers). A strange point is that the XML catalog specification defines "what" and "how", but not "when". In other words, the semantics of links is presupposed, and indeed strongly related to the XML validation that is accomplished after parsing.</ns1:para><ns1:para pattern="Block">The other link category is quite general, but only defined through the concept of Ã¢â&#130;¬Å&#147;exact prefix matchingÃ¢â&#130;¬ï¿½. Nothing is said about the location of links and a fortiori about their context.</ns1:para><ns1:para pattern="Block">Thus there is a deep conceptual difference between our proposal and XCatalog: the latter is focused on resolving links, where links are recognized through their content, whereas our proposal is based upon a methodology which makes explicit the description of links through their localization in the document structure. These descriptions can be used for specifying various link oriented validation and transformation operations.</ns1:para></ns1:section><ns1:section pattern="HeadedContainer"><ns1:title pattern="Block">XLink</ns1:title><ns1:para pattern="Block">XLink [<ns1:xref linkend="XLink" pattern="Milestone"/>] is a standard that describes a vocabulary and syntax for specifying generic links inside XML documents. This standard relies in a rich model allowing among others the specification of hyper-graphs, that is, graphs based on a generalized notion of arcs possibly binding several sources to several targets. XLink is based upon URI mechanism and namespace modularity.</ns1:para><ns1:para pattern="Block">It is not comparable with our approach, as it is a way to express links whereas our method is a way to express properties of links and the related validation or transformation operations that can be derived from these properties. As a consequence, XLink objects are specific targets of the description mechanisms we propose, so as with XInclude, XPointer and other generic linking objects (URI, IRI,...) (see<ns1:xref linkend="link-descriptors" pattern="Milestone"/>)</ns1:para></ns1:section></ns1:section><ns1:section pattern="HeadedContainer"><ns1:title pattern="Block">Approach Principle</ns1:title><ns1:para pattern="Block">In order to express high level properties over links and their localization inside instances, one needs a specialized language and dedicated abstractions. Moreover, in order to consider the link normalization phenomenon, we also need an execution model. Once captured in an adapted format, the link descriptions we propose in this paper might be reusable for specifying almost any XML link-related operations.</ns1:para><ns1:para pattern="Block">Our method relies on a specification method, a specialized matching language and an execution model.</ns1:para><ns1:section pattern="HeadedContainer"><ns1:title pattern="Block">Specification</ns1:title><ns1:para pattern="Block">From the specification point of view, our vocabulary allows one to<ns1:orderedlist pattern="Table"><ns1:listitem xmlns:ns3="http://www.w3.org/XML/1998/namespace" xml:id="it1" pattern="Container"><ns1:para pattern="Block">express link features by means of three separate sections:</ns1:para><ns1:orderedlist pattern="Table"><ns1:listitem pattern="Container"><ns1:para pattern="Block">the link typology and localization (links description), thanks to an appropriate sublanguage, typically but not exclusively, XPath [<ns1:xref linkend="XPath" pattern="Milestone"/>]</ns1:para></ns1:listitem><ns1:listitem pattern="Container"><ns1:para pattern="Block">the linkÃ¢â&#130;¬â&#132;¢s expected properties (validation description)</ns1:para><ns1:para pattern="Block">This part expresses properties that (groups of) links have to satisfy inside a given XML instance in order to be considered as valid,</ns1:para></ns1:listitem><ns1:listitem pattern="Container"><ns1:para pattern="Block">the link transformation rules (link translation description) :</ns1:para><ns1:orderedlist pattern="Table"><ns1:listitem pattern="Container"><ns1:para pattern="Block">transposition (selected links are eventually normalized, matched against some pattern and rewritten)</ns1:para></ns1:listitem><ns1:listitem pattern="Container"><ns1:para pattern="Block">dependency extraction rules (dependency description)</ns1:para></ns1:listitem></ns1:orderedlist></ns1:listitem></ns1:orderedlist></ns1:listitem><ns1:listitem xmlns:ns3="http://www.w3.org/XML/1998/namespace" xml:id="it2" pattern="Container"><ns1:para pattern="Block">identify, group and designate link descriptions</ns1:para><ns1:para pattern="Block">This one allows the user to attach one or several tags to link descriptors, and offers a mechanism for factorizing the tag assignation. Tags are simple labels intended to abstract over the semantics of links and to memorize them easily.</ns1:para></ns1:listitem></ns1:orderedlist></ns1:para><ns1:para pattern="Block">The idea of points<ns1:xref linkend="it1" pattern="Milestone"/>and<ns1:xref linkend="it2" pattern="Milestone"/>above is to express bindings between the descriptive section and the other sections through a convenient designation mechanism. Hence there is little overhead, and the method enables reusing link descriptions in various applicative contexts.</ns1:para></ns1:section><ns1:section pattern="HeadedContainer"><ns1:title pattern="Block">Matching language</ns1:title><ns1:para pattern="Block">The specialized matching language is designed in order to optimize the ratio expressive power versus complexity; in other words, it simplifies the task of expressing the structural properties of links, the (pre/post) processing and transformation of links; by offering the right abstractions, and by relying on the inherent lexical/syntactical structure of links, it avoids the burden of mastering general regular expression languages, tricky and error prone for a non-specialist. Details on this aspect of our contribution can be found in<ns1:xref linkend="app-match" pattern="Milestone"/></ns1:para></ns1:section><ns1:section pattern="HeadedContainer"><ns1:title pattern="Block">Execution model</ns1:title><ns1:para pattern="Block">From the execution model point of view, our approach allows one to</ns1:para><ns1:orderedlist pattern="Table"><ns1:listitem pattern="Container"><ns1:para pattern="Block">use the link validation description either via an interpreter or via a compiler to operate the verification on any instance expected to comply with the description; the verification may output an error report including the faulty links, their location in the document and an indicative error message or any other relevant information ;</ns1:para></ns1:listitem><ns1:listitem pattern="Container"><ns1:para pattern="Block">use the link translation descriptions either via a direct interpretation or via a compilation/execution scheme to operate the modification of links and possibly generate a new document instance in which relevant links have been modified according to the transcription rules (but without any other structural changes); this operation may output a log report indicating which links have been processed and any other relevant information ;</ns1:para></ns1:listitem><ns1:listitem pattern="Container"><ns1:para pattern="Block">use the dependency extraction rules either via an interpreter or via a compiler to produce a list of all dependencies, i.e. all resources the given instance is sensitive to, as estimated by the designer who specified the dependency rules (Order may be significant, if specified so).</ns1:para></ns1:listitem></ns1:orderedlist><ns1:para pattern="Block">Details of significant steps behind applying XRM to some target XML instances can be found in appendix<ns1:xref linkend="app-verif" pattern="Milestone"/></ns1:para></ns1:section></ns1:section><ns1:section pattern="HeadedContainer"><ns1:title pattern="Block">The approach in more detail</ns1:title><ns1:section pattern="HeadedContainer"><ns1:title pattern="Block">Link Description</ns1:title><ns1:section pattern="HeadedContainer"><ns1:title pattern="Block">Overview</ns1:title><ns1:para pattern="Block">Links are described in a dedicated XRM element called Ã¢â&#130;¬Å&#147;linksÃ¢â&#130;¬ï¿½ associated with information<ns1:itemizedlist pattern="Table"><ns1:listitem pattern="Container"><ns1:para pattern="Block">indicating a unique logical name for this section, which will be used for designing it without ambiguity</ns1:para></ns1:listitem><ns1:listitem pattern="Container"><ns1:para pattern="Block">specifying the namespace of the target document, if any (see [<ns1:xref linkend="wikipedia-NS" pattern="Milestone"/>] for a description of namespaces)</ns1:para></ns1:listitem><ns1:listitem pattern="Container"><ns1:para pattern="Block">providing the URL of one or several schemas to which the target document is expected to comply with (optional)</ns1:para></ns1:listitem><ns1:listitem pattern="Container"><ns1:para pattern="Block">listing all tags used to annotate the link descriptions; this list is optional, but if provided, it defines exactly and exhaustively the authorized tags. Tags are names with any relevant lexical structure, as commonly found in the art.</ns1:para></ns1:listitem></ns1:itemizedlist></ns1:para><ns1:para pattern="Block">Inside the section, the designer of the description can input as many descriptors, possibly embedded in grouping subsections. These subsections are decorated with a tag list; the meaning of this grouping subsection is that all embedded descriptions will be automatically assigned the associated tags. It is thus a way to simplify the specification of descriptors (see example<ns1:xref linkend="link-description" pattern="Milestone"/>).</ns1:para></ns1:section><ns1:section xmlns:ns3="http://www.w3.org/XML/1998/namespace" xml:id="link-descriptors" pattern="HeadedContainer"><ns1:title pattern="Block">The link descriptors</ns1:title><ns1:para pattern="Block">The descriptors themselves are specified through one of the following keywords :</ns1:para><ns1:orderedlist pattern="Table"><ns1:listitem pattern="Container"><ns1:para pattern="Block"><ns1:emphasis pattern="Inline">URL</ns1:emphasis>stands for Uniform Resource Locator (see [<ns1:xref linkend="URI" pattern="Milestone"/>]) and is commonly used to give information on where a resource is located, understanding that the implicit action is to fetch this resource in order to incorporate it inside the document (e.g. an image, a sub-part) or to interpret it with respect to the current document (e.g. a script)</ns1:para></ns1:listitem><ns1:listitem pattern="Container"><ns1:para pattern="Block"><ns1:emphasis pattern="Inline">URN</ns1:emphasis>stands for Uniform Resource Name and aims at naming resources in a worldwide unique and temporally stable way. Thus no specific action or usage is associated with them, they are just used to designate things (e.g. in PUBLIC field of DTDs); however, they often have a specific lexical structure, mainly a Ã¢â&#130;¬Å&#147;urnÃ¢â&#130;¬ï¿½ scheme and Ã¢â&#130;¬Ë&#156;:Ã¢â&#130;¬â&#132;¢ separated sequence of characters (e.g. urn:example:animal:ferret:nose )</ns1:para></ns1:listitem><ns1:listitem pattern="Container"><ns1:para pattern="Block"><ns1:emphasis pattern="Inline">URI</ns1:emphasis>stands for Uniform Resource Identifier ([<ns1:xref linkend="URI" pattern="Milestone"/>]) and commonly used to identify a resource in a broader way. The RFC 3986 from IETF explicitly says:<ns1:blockquote pattern="Container"><ns1:para pattern="Block"><ns1:quote pattern="Inline">[Ã¢â&#130;¬Â¦] A Uniform Resource Identifier (URI) is a compact sequence of characters that identifies an abstract or physical resource. [Ã¢â&#130;¬Â¦]</ns1:quote></ns1:para><ns1:attribution pattern="Pattern"><ns1:citation pattern="Atom">RFC 3986 from IETF</ns1:citation></ns1:attribution></ns1:blockquote>This excerpt insists on the potential abstract nature of the pointed resource. In the sequel, the abstraction hierarchy and relationship between URL, URN and URI is clearly described:<ns1:blockquote pattern="Container"><ns1:para pattern="Block"><ns1:quote pattern="Inline">[Ã¢â&#130;¬Â¦] URI can be further classified as a locator, a name, or both. The term "Uniform Resource Locator" (URL) refers to the subset of URIs that, in addition to identifying a resource, provide a means of locating the resource by describing its primary access mechanism (e.g., its network "location"). The term "Uniform Resource Name" (URN) has been used historically to refer to both URIs under the "urn" scheme [RFC2141], which are required to remain globally unique and persistent even when the resource ceases to exist or becomes unavailable, and to any other URI with the properties of a name. [Ã¢â&#130;¬Â¦]</ns1:quote></ns1:para><ns1:attribution pattern="Pattern"><ns1:citation pattern="Atom">idem</ns1:citation></ns1:attribution></ns1:blockquote></ns1:para><ns1:para pattern="Block">From the lexical point of view, a URI must only use UCS (Universal Character Set) code points; these code points must be converted to bytes through the UTF-8 encoding, but when the character doesnÃ¢â&#130;¬â&#132;¢t belong to the unreserved subset, it must be escaped using a Ã¢â&#130;¬Å&#147;%HHÃ¢â&#130;¬ï¿½ pattern before encoding (full details in [<ns1:xref linkend="URI" pattern="Milestone"/>]).</ns1:para></ns1:listitem><ns1:listitem pattern="Container"><ns1:para pattern="Block"><ns1:emphasis pattern="Inline">IRI</ns1:emphasis>stands for Internationalized Resource Identifier (see [<ns1:xref linkend="IRI" pattern="Milestone"/>]) and has the same meaning and syntactic structure than URI, but a more abstract lexical structure. An IRI uses hence an extended character set supporting foreign languages (foreign should be understood here as non-English), including right-to-left writing languages such as Arabic. The specification describes the translation algorithm that transforms an IRI into an URI (thus allowing physical access if required) through a character normalization phase followed by an escaping mechanism based on %HH patterns (H stands for any hexadecimal letter taken from the 0-9A-F alphabet).</ns1:para></ns1:listitem><ns1:listitem pattern="Container"><ns1:para pattern="Block"><ns1:emphasis pattern="Inline">HREF</ns1:emphasis>refers to Ã¢â&#130;¬Å&#147;Hyper-referencesÃ¢â&#130;¬ï¿½ defined in the HTML vocabulary among others. Those links have a specific encoding policy, using a similar escaping mechanism than URI, but with stricter character set (namely, ASCII)</ns1:para></ns1:listitem><ns1:listitem pattern="Container"><ns1:para pattern="Block"><ns1:emphasis pattern="Inline">XInclude</ns1:emphasis>refers not only to the link associated with it, but to the whole node. This element is meant to express document inclusion, a not so simple mechanism whose semantics is precisely specified in [<ns1:xref linkend="XInclude" pattern="Milestone"/>] and makes use of a predefined attribute Ã¢â&#130;¬Å&#147;hrefÃ¢â&#130;¬ï¿½ containing a specifically encoded URI according to section 4.2.2 of the XML 1.1 specification [<ns1:xref linkend="xml-1.1" pattern="Milestone"/>]:<ns1:blockquote pattern="Container"><ns1:para pattern="Block"><ns1:quote pattern="Inline">[Ã¢â&#130;¬Â¦] System identifiers (and other XML strings meant to be used as URI references) MAY contain characters that, according to [IETF RFC 2396] and [IETF RFC 2732], must be escaped before a URI can be used to retrieve the referenced resource. The characters to be escaped are the control characters #x0 to #x1F and #x7F (most of which cannot appear in XML), space #x20, the delimiters '&lt;' #x3C, '&gt;' #x3E and '"' #x22, the unwise characters '{' #x7B, '}' #x7D, '|' #x7C, '\' #x5C, '^' #x5E and '`' #x60, as well as all characters above #x7F. Since escaping is not always a fully reversible process, it MUST be performed only when absolutely necessary and as late as possible in a processing chain. In particular, neither the process of converting a relative URI to an absolute one nor the process of passing a URI reference to a process or software component responsible for dereferencing it SHOULD trigger escaping. When escaping does occur, it MUST be performed as follows: 1. Each character to be escaped is represented in UTF-8 [Unicode] as one or more bytes. 2. The resulting bytes are escaped with the URI escaping mechanism (that is, converted to %HH, where HH is the hexadecimal notation of the byte value). 3. The original character is replaced by the resulting character sequence. [Ã¢â&#130;¬Â¦]</ns1:quote></ns1:para><ns1:attribution pattern="Pattern"><ns1:citation pattern="Atom">World Wide Web Consortium</ns1:citation></ns1:attribution></ns1:blockquote></ns1:para></ns1:listitem><ns1:listitem pattern="Container"><ns1:para pattern="Block"><ns1:emphasis pattern="Inline">XLink</ns1:emphasis>as for XInclude, refers to a node supposed to contain XLink related attributes (see [<ns1:xref linkend="XLink" pattern="Milestone"/>]); the specific href attribute from the XLink namespace is an URI. The general semantics constraints of XLink are captured by this descriptor.</ns1:para></ns1:listitem><ns1:listitem pattern="Container"><ns1:para pattern="Block"><ns1:emphasis pattern="Inline">XPointer</ns1:emphasis>describes a very rich mechanism (see [<ns1:xref linkend="XPtr-scheme" pattern="Milestone"/>,<ns1:xref linkend="XPtr-frame" pattern="Milestone"/>]), based on URI and possibly using various selection languages (so-called<ns1:emphasis pattern="Inline">schemes</ns1:emphasis>), one of them, most notably, extending XPath in order to designate one or several fragments of an XML document tree including segments in text nodes.</ns1:para></ns1:listitem></ns1:orderedlist><ns1:para pattern="Block">Each such descriptor is associated with a locator, that is, an expression of a node selection language that defines where the link should be located in the document instances under consideration. Note that these XPath may use various namespaces, provided they are consistently declared thanks to a special element called<ns1:emphasis pattern="Inline">ns</ns1:emphasis>(the same mechanism is used inside Schematron specifications [<ns1:xref linkend="Schematron" pattern="Milestone"/>])</ns1:para><ns1:para pattern="Block">The Figure below illustrates how our method can be used to describe links in any XHTML compliant document<ns1:footnote pattern="Popup"><ns1:para pattern="Block">All XPath expressions are here interpreted inside the default namespace specified in top-level element "links" through the "ns" attribute.</ns1:para></ns1:footnote>.</ns1:para><ns1:figure xml:id="link-description" pattern="Container"><ns1:title pattern="Block">a link description for XHTML</ns1:title><ns1:programlisting xml:space="preserve" pattern="Block">&lt;links id="xhtml-1.0" ns="http://www.w3.org/1999/xhtml"&gt; &lt;!-- XHTML 1.0 --&gt; &lt;tags&gt;image-locator source-locator code-locator header links descriptor citation doc-base&lt;/tags&gt; &lt;group tag="header" locator="/html/head"&gt; &lt;iri locator="/@profile"/&gt; &lt;iri tag="doc-base" locator="/base/@href" /&gt; &lt;iri tag="links" locator="/link/@href"/&gt; &lt;uri tag="source-locator code-locator" locator="/script/@src"/&gt; &lt;/group&gt; &lt;iri tag="descriptor" locator="//iframe/@longdesc"/&gt; &lt;iri tag="source-locator" locator="//iframe/@src"/&gt; &lt;iri tag="image-locator" locator="/body/@background"/&gt; &lt;group tag="citation"&gt; &lt;iri locator="//blockquote/@cite"/&gt; &lt;iri locator="//ins/@cite"/&gt; &lt;iri locator="//del/@cite"/&gt; &lt;iri locator="//q/@cite"/&gt; &lt;/group&gt; &lt;group tag="references"&gt; &lt;iri locator="//a/@href"/&gt; &lt;group locator="//object"&gt; &lt;iri locator="/@classid"/&gt; &lt;iri tag="code-locator" locator="/@codebase"/&gt; &lt;iri locator="/@data"/&gt; &lt;iri locator="/@archive" list="yes"/&gt; &lt;iri locator="/@usemap"/&gt; &lt;/group&gt; &lt;iri tag="code-locator" locator="//applet/@codebase"/&gt; &lt;/group&gt; &lt;group locator="//img"&gt; &lt;iri tag="image-locator" locator="/@src"/&gt; &lt;iri tag="descriptor" locator="/@longdesc"/&gt; &lt;iri locator="/@usemap"/&gt; &lt;/group&gt; &lt;iri locator="//area/@href"/&gt; &lt;iri locator="//form/@action"/&gt; &lt;iri locator="//input/@src"/&gt; &lt;iri locator="//input/@usemap"/&gt; &lt;/links&gt;</ns1:programlisting><ns1:caption pattern="Container"><ns1:para pattern="Block">An example of a generic link description for XHTML. The descriptors can be further reused for other operations through a tag based designation mechanism</ns1:para></ns1:caption></ns1:figure></ns1:section></ns1:section><ns1:section pattern="HeadedContainer"><ns1:title pattern="Block">Link Validation</ns1:title><ns1:para pattern="Block">The link verification is specified in a dedicated section called<ns1:emphasis pattern="Inline">validate</ns1:emphasis>which contains at least the reference on a link description section, as detailed above (this reference is an URL), which can be located inside or outside the document containing the<ns1:emphasis pattern="Inline">validate</ns1:emphasis>section. If no other information is specified, all links should be checked with respect to the specified semantics. This means that when the verification is executed on a given target XML instance, the links are extracted thanks to the localization information and are examined in accordance with their type as detailed in the previous section.</ns1:para><ns1:para pattern="Block">Additional constraints can be provided through one or many Ã¢â&#130;¬Å&#147;propertiesÃ¢â&#130;¬ï¿½ subsections.</ns1:para><ns1:para pattern="Block">Each properties subsection applies to one or several link subsets designated through a list of one or several tags. Each tag may designate one or several links, depending on the link description section, as explained above. Each properties subsection is optionally identified through a unique identifier.</ns1:para><ns1:para pattern="Block">The properties are specified through one or several descriptors as listed hereafter:</ns1:para><ns1:orderedlist numeration="arabic" pattern="Table"><ns1:listitem pattern="Container"><ns1:para pattern="Block"><ns1:emphasis pattern="Inline">scheme</ns1:emphasis>defines the expected scheme, e.g. Ã¢â&#130;¬Å&#147;httpÃ¢â&#130;¬ï¿½, Ã¢â&#130;¬Å&#147;ftpÃ¢â&#130;¬ï¿½ or Ã¢â&#130;¬Å&#147;mailtoÃ¢â&#130;¬ï¿½</ns1:para></ns1:listitem><ns1:listitem pattern="Container"><ns1:para pattern="Block"><ns1:emphasis pattern="Inline">absolute</ns1:emphasis>expresses that an absolute link is expected (the scheme and server location are provided)</ns1:para></ns1:listitem><ns1:listitem pattern="Container"><ns1:para pattern="Block"><ns1:emphasis pattern="Inline">relative</ns1:emphasis>expresses that a relative link is expected (the path, resource name and optionally the fragments are provided; the scheme and server location are those of the base URI of the target instance, as specified in [<ns1:xref linkend="URI" pattern="Milestone"/>])</ns1:para></ns1:listitem><ns1:listitem pattern="Container"><ns1:para pattern="Block"><ns1:emphasis pattern="Inline">matches(p)</ns1:emphasis>expresses that the link content must match the provided pattern p. This pattern is expressed according to the method described later.</ns1:para></ns1:listitem><ns1:listitem pattern="Container"><ns1:para pattern="Block"><ns1:emphasis pattern="Inline">path(p)</ns1:emphasis>expresses that the Ã¢â&#130;¬Å&#147;pathÃ¢â&#130;¬ï¿½ part of the link (see URI syntactic structure in [<ns1:xref linkend="URI" pattern="Milestone"/>]) must match the given pattern p.</ns1:para></ns1:listitem><ns1:listitem pattern="Container"><ns1:para pattern="Block"><ns1:emphasis pattern="Inline">fragment(p)</ns1:emphasis>expresses that the Ã¢â&#130;¬Å&#147;fragmentÃ¢â&#130;¬ï¿½ part of the link (see [<ns1:xref linkend="URI" pattern="Milestone"/>]) must match the given pattern p.</ns1:para></ns1:listitem><ns1:listitem pattern="Container"><ns1:para pattern="Block"><ns1:emphasis pattern="Inline">query(p)</ns1:emphasis>expresses that the Ã¢â&#130;¬Å&#147;queryÃ¢â&#130;¬ï¿½ part of the link (see [<ns1:xref linkend="URI" pattern="Milestone"/>]) must match the given pattern p.</ns1:para></ns1:listitem><ns1:listitem pattern="Container"><ns1:para pattern="Block"><ns1:emphasis pattern="Inline">target()</ns1:emphasis>expresses that the target reference is available at the time of the verification; one of several sub-descriptor can be specified, in order to make-it more precise:</ns1:para><ns1:orderedlist pattern="Table"><ns1:listitem xmlns:ns3="http://www.w3.org/XML/1998/namespace" xml:id="ra" pattern="Container"><ns1:para pattern="Block"><ns1:emphasis pattern="Inline">mime-type</ns1:emphasis>This is a standardized notation for indicating the type of internet resources (see [15])</ns1:para></ns1:listitem><ns1:listitem xmlns:ns3="http://www.w3.org/XML/1998/namespace" xml:id="rb" pattern="Container"><ns1:para pattern="Block"><ns1:emphasis pattern="Inline">namespace(ns)</ns1:emphasis>(makes sense only if the mime-type is text/xml or derived).</ns1:para></ns1:listitem><ns1:listitem xmlns:ns3="http://www.w3.org/XML/1998/namespace" xml:id="rc" pattern="Container"><ns1:para pattern="Block"><ns1:emphasis pattern="Inline">condition(p)</ns1:emphasis>; as for previous item, this condition needs a parsable XML content ; requires checking if conditions p holds (p is a XPath qualifier expression)</ns1:para></ns1:listitem></ns1:orderedlist><ns1:para pattern="Block">Note that points<ns1:xref linkend="rb" pattern="Milestone"/>and<ns1:xref linkend="rc" pattern="Milestone"/>above require solving the reference at verification time, and also possibly XML decoding and/or parsing.</ns1:para></ns1:listitem></ns1:orderedlist><ns1:para pattern="Block">If no descriptor is specified, only standard verifications related to the nature of links are conducted.</ns1:para><ns1:para pattern="Block">An additional error message can be specified within each property descriptor, that will be used to report any property violation (e.g. matches(http://{*}:{*}/{*},Ã¢â&#130;¬ï¿½an explicit port number is expectedÃ¢â&#130;¬ï¿½) will display the error message for non-matching link such as<ns1:emphasis pattern="Inline">http://barnum/circus.jpg</ns1:emphasis>)</ns1:para><ns1:para pattern="Block">The following example illustrates the method when applied to an XHTML document</ns1:para><ns1:figure pattern="Container"><ns1:title pattern="Block">A link validation specification</ns1:title><ns1:programlisting xmlns:ns3="http://www.w3.org/XML/1998/namespace" xml:space="preserve" pattern="Block">&lt;validate link-description="../schemas/html.xrm.xml#xhtml-1.0"&gt; &lt;property of="code-locator" xml:id="code1"&gt; &lt;relative&gt;references to code-related objects are expected to be relative&lt;/relative&gt; &lt;fragment&gt; references on code location cannot point to document fragments &lt;/fragment&gt; &lt;matches normalize="yes" pattern="http://bonobo:{*}/code/{*}"/&gt; &lt;/property&gt; &lt;property of="image-locator"&gt; &lt;relative/&gt; &lt;query&gt; references to images cannot contain query &lt;/query&gt; &lt;matches pattern="http://bonobo:{*}/image/{*}"/&gt; &lt;/property&gt; &lt;/validate&gt;</ns1:programlisting><ns1:caption pattern="Container"><ns1:para pattern="Block">This specification reuses the generic description of XHTML links as shown<ns1:xref linkend="link-description" pattern="Milestone"/></ns1:para></ns1:caption></ns1:figure></ns1:section><ns1:section pattern="HeadedContainer"><ns1:title pattern="Block">Link Transformation</ns1:title><ns1:para pattern="Block">Link transformations are specified in a dedicated section called Ã¢â&#130;¬Å&#147;rewriteÃ¢â&#130;¬ï¿½ which comprises a header having the following attributes:<ns1:orderedlist pattern="Table"><ns1:listitem pattern="Container"><ns1:para pattern="Block"><ns1:emphasis pattern="Inline">link-description</ns1:emphasis>: the name of a link description section, against which link tags will be interpreted (mandatory)</ns1:para></ns1:listitem><ns1:listitem pattern="Container"><ns1:para pattern="Block"><ns1:emphasis pattern="Inline">normalize</ns1:emphasis>: take the value yes or no (defaults to yes if omitted); if set to yes, the relevant normalization process will be performed on all links before applying matching operation (the exact nature of normalization operation depends upon the nature of link); if set to no, the pattern matching operation will be applied on the original link<ns1:footnote xmlns:ns3="http://www.w3.org/XML/1998/namespace" xml:id="norma" pattern="Popup"><ns1:para pattern="Block">Some normalization operation may nevertheless occur due to standard XML processing, such as interpretation of escaping sequences and expansion of reference entities.</ns1:para></ns1:footnote>;</ns1:para></ns1:listitem><ns1:listitem pattern="Container"><ns1:para pattern="Block"><ns1:emphasis pattern="Inline">resolving-base</ns1:emphasis>: optionally specifies an URI that will be considered as the reference URI for solving relative link. It supersedes the xml:base information, if present, or the static-base-uri of the original document.</ns1:para></ns1:listitem></ns1:orderedlist></ns1:para><ns1:para pattern="Block">Beside header attributes, this section is composed of zero or many rewriting descriptors possibly embedded inside a base descriptor. Each base descriptor has<ns1:orderedlist continuation="continues" pattern="Table"><ns1:listitem pattern="Container"><ns1:para pattern="Block">an optional Ã¢â&#130;¬Å&#147;locationÃ¢â&#130;¬ï¿½ attribute which expresses where an xml:base attribute must be inserted inside the transformed document. When omitted, the xml:base attribute is inserted into the root node (of course, in any case, it is an inconsistency error if several base descriptors are allocated to the same node).</ns1:para></ns1:listitem><ns1:listitem pattern="Container"><ns1:para pattern="Block">a Ã¢â&#130;¬Å&#147;valueÃ¢â&#130;¬ï¿½ attribute which defines the content of the xml:base attribute. This must be an absolute URL in accordance with the standard [<ns1:xref linkend="XBase" pattern="Milestone"/>]; if omitted, the static-base-uri is used.</ns1:para></ns1:listitem></ns1:orderedlist></ns1:para><ns1:para pattern="Block">Each rewriting descriptor may have<ns1:itemizedlist pattern="Table"><ns1:listitem pattern="Container"><ns1:para pattern="Block">a<ns1:emphasis pattern="Inline">tags</ns1:emphasis>attribute, which is a list of tag name corresponding to the links to be selected as candidates (all link descriptors are considered if the tags attribute is omitted)</ns1:para></ns1:listitem><ns1:listitem pattern="Container"><ns1:para pattern="Block">a<ns1:emphasis pattern="Inline">condition</ns1:emphasis>attribute, which optionally specifies an additional condition to be checked before trying to apply the rewriting (typically, an XPath expression)</ns1:para></ns1:listitem><ns1:listitem pattern="Container"><ns1:para pattern="Block">a<ns1:emphasis pattern="Inline">from</ns1:emphasis>attribute, which optionally specifies a pattern matching expression that must be successfully applied in order to rewrite the link ; such pattern may define matching variables (see the subsection 3.4 Ã¢â&#130;¬Å&#147;Specification of PatternsÃ¢â&#130;¬ï¿½ for the whole description of the link pattern language).</ns1:para></ns1:listitem><ns1:listitem pattern="Container"><ns1:para pattern="Block">an<ns1:emphasis pattern="Inline">into</ns1:emphasis>attribute, which optionally specifies a new value for the link. This value may partially or totally reuse the pattern variables defined inside the from pattern (see the subsection 3.4 Ã¢â&#130;¬Å&#147;Specification of PatternsÃ¢â&#130;¬ï¿½) if any.</ns1:para></ns1:listitem></ns1:itemizedlist></ns1:para><ns1:para pattern="Block">In the case where a rewriting descriptor has no Ã¢â&#130;¬Å&#147;fromÃ¢â&#130;¬ï¿½ and no Ã¢â&#130;¬Å&#147;intoÃ¢â&#130;¬ï¿½ attribute, it may have one or more rewrite sub-descriptor, each of it having a pair of Ã¢â&#130;¬Å&#147;from/intoÃ¢â&#130;¬ï¿½ attribute. The meaning of this list is that each rewriting is tried in order, until a matching Ã¢â&#130;¬Å&#147;fromÃ¢â&#130;¬ï¿½ is found.</ns1:para><ns1:para pattern="Block">Below is an example of link rewriting based on a two-rule sequence to be applied on any link tagged as "images" or "scripts"</ns1:para><ns1:programlisting xmlns:ns3="http://www.w3.org/XML/1998/namespace" xml:space="preserve" pattern="Block">&lt;rewrite link-description=Ã¢â&#130;¬ï¿½../schemas/html.xrm.xml#xhtml-1.0Ã¢â&#130;¬ï¿½ tags=Ã¢â&#130;¬ï¿½images scriptsÃ¢â&#130;¬ï¿½ &gt; &lt;rewriting from=Ã¢â&#130;¬ï¿½{{*}}/{name}.jpgÃ¢â&#130;¬ï¿½ into=Ã¢â&#130;¬ï¿½./images/JPEG/{name}.jpgÃ¢â&#130;¬ï¿½/&gt; &lt;rewriting from=Ã¢â&#130;¬ï¿½{{*}}/{name}.jsÃ¢â&#130;¬ï¿½ into=Ã¢â&#130;¬ï¿½./javascripts/{name}.jsÃ¢â&#130;¬ï¿½/&gt; &lt;/rewrite&gt;</ns1:programlisting><ns1:para pattern="Block">Note that after computing the rewritten link, and if the rewriting descriptor is embedded inside a base descriptor, the result is checked against the value of the base descriptor, and made relative if required.</ns1:para><ns1:programlisting xmlns:ns3="http://www.w3.org/XML/1998/namespace" xml:space="preserve" pattern="Block">&lt;base location=Ã¢â&#130;¬ï¿½/html/bodyÃ¢â&#130;¬ï¿½&gt; &lt;rewrite link-description=Ã¢â&#130;¬ï¿½../schemas/html.xrm.xml#xhtml-1.0Ã¢â&#130;¬ï¿½ tags=Ã¢â&#130;¬ï¿½images scriptsÃ¢â&#130;¬ï¿½ &gt; &lt;rewriting from=Ã¢â&#130;¬ï¿½{{A}}/{name}.jpgÃ¢â&#130;¬ï¿½ into=Ã¢â&#130;¬ï¿½{{A}}/JPEG/{name}.jpgÃ¢â&#130;¬ï¿½/&gt; &lt;rewriting from=Ã¢â&#130;¬ï¿½{{A}}/{name}.jsÃ¢â&#130;¬ï¿½ into=Ã¢â&#130;¬ï¿½{{A}}/javascripts/{name}.jsÃ¢â&#130;¬ï¿½/&gt; &lt;/rewrite&gt; &lt;/base&gt;</ns1:programlisting><ns1:para pattern="Block">The example above will, for instance, change the document below</ns1:para><ns1:programlisting xmlns:ns3="http://www.w3.org/XML/1998/namespace" xml:space="preserve" pattern="Block">&lt;html &gt; &lt;body&gt; &lt;img href=Ã¢â&#130;¬ï¿½http://catworld:8080/friends/garfield.jpgÃ¢â&#130;¬ï¿½ /&gt; &lt;/body&gt; &lt;/html&gt;</ns1:programlisting><ns1:para pattern="Block">into</ns1:para><ns1:programlisting xmlns:ns3="http://www.w3.org/XML/1998/namespace" xml:space="preserve" pattern="Block">&lt;html &gt; &lt;body xml:base=Ã¢â&#130;¬ï¿½http://catworld:8080Ã¢â&#130;¬ï¿½ &gt; &lt;img href=Ã¢â&#130;¬ï¿½JPEG/garfield.jpgÃ¢â&#130;¬ï¿½ /&gt; &lt;/body&gt; &lt;/html&gt;</ns1:programlisting><ns1:para pattern="Block">where the<ns1:emphasis pattern="Inline">xml:base</ns1:emphasis>attribute attached to the body element has been extrapolated from the static-base-uri of the input document (because no more precise information was provided)</ns1:para></ns1:section><ns1:section pattern="HeadedContainer"><ns1:title pattern="Block">Link Dependencies</ns1:title><ns1:para pattern="Block">They are described using a similar mechanism than for link transformation, through a dedicated section Ã¢â&#130;¬Å&#147;dependenciesÃ¢â&#130;¬ï¿½ having the following attributes:</ns1:para><ns1:orderedlist pattern="Table"><ns1:listitem pattern="Container"><ns1:para pattern="Block"><ns1:emphasis pattern="Inline">link-description</ns1:emphasis>: the name of a link description section, against which link tags will be interpreted (mandatory)</ns1:para></ns1:listitem><ns1:listitem pattern="Container"><ns1:para pattern="Block"><ns1:emphasis pattern="Inline">normalize-input</ns1:emphasis>: take the value yes or no (defaults to yes if omitted); if set to yes, the relevant normalization process will be performed on all links before testing operation (the exact nature of normalization operation depends upon the nature of link); if set to no, all tests will be applied on the original link<ns1:xref linkend="norma" pattern="Milestone"/>;</ns1:para></ns1:listitem><ns1:listitem pattern="Container"><ns1:para pattern="Block"><ns1:emphasis pattern="Inline">normalize-output</ns1:emphasis>: take the value yes or no (defaults to yes if omitted); if set to yes, the relevant normalization process will be performed on all links before dumping the dependency (the exact nature of normalization operation depends upon the nature of link); when set to no, minimal transformation may nevertheless occur<ns1:xref linkend="norma" pattern="Milestone"/>.</ns1:para></ns1:listitem><ns1:listitem pattern="Container"><ns1:para pattern="Block"><ns1:emphasis pattern="Inline">resolving-base</ns1:emphasis>: optionally specifies an URI that will be considered as the reference URI for solving relative link. It supersedes the xml:base information, if present, or the static-base-uri of the original document otherwise.</ns1:para></ns1:listitem><ns1:listitem pattern="Container"><ns1:para pattern="Block"><ns1:emphasis pattern="Inline">sorting</ns1:emphasis>: takes one of the following values {Ã¢â&#130;¬Å&#147;document-orderÃ¢â&#130;¬ï¿½, Ã¢â&#130;¬Å&#147;content-orderÃ¢â&#130;¬ï¿½, Ã¢â&#130;¬Å&#147;tag-orderÃ¢â&#130;¬ï¿½}, and expresses the method used to order the link dependencies dumped into the dependency report. With document-order, links are organized in the same order than found inside the original input document. Using content-order, links are alphabetically classified according to the lexical structure of the URL. The flag mode use an alphabetical classification based on the tag name of the link, as defined by the link description section. If omitted, the sorting attribute defaults to Ã¢â&#130;¬Å&#147;document-orderÃ¢â&#130;¬ï¿½.</ns1:para></ns1:listitem></ns1:orderedlist><ns1:para pattern="Block">Note that if no<ns1:emphasis pattern="Inline">extract</ns1:emphasis>sub-descriptor is provided, all links found in the input document are dumped into the dependency report.</ns1:para></ns1:section></ns1:section><ns1:section pattern="HeadedContainer"><ns1:title pattern="Block">Conclusion</ns1:title><ns1:para pattern="Block">We have implemented most of the features described in this proposal through an XML syntax from which the examples above are extracted, which comes with a RelaxNG schema. An XSLT 2.0 stylesheet (interpreter/compiler front-end) analyzes the specifications and generates another XSLT 2.0 stylesheet for each of the three operations (link verification, link transformation and link dependencies) ; the link description section is only interpreted during the compilation phase in order to produce the adequate code. A dedicated, home-made XSLT 2.0 library defines common operations (such as pattern matching functions), and is reused by all stylesheets including the front-end analyzer. The compiled stylesheet can be dumped for later use, or directly executed through the on-the-fly invocation mechanism offered by the Open Source Saxonica Engine [<ns1:xref linkend="Saxonica" pattern="Milestone"/>].</ns1:para><ns1:para pattern="Block">Our experimental results demonstrate that the approach is realistic, useful and leads to realistic performance levels (no particular implementation issue raised).</ns1:para><ns1:para pattern="Block">Evaluation of the qualitative aspect of such a proposal is always a difficult issue, because strongly related to usability and far from being objective matter.</ns1:para><ns1:para pattern="Block">From this point of view, we were happy to observe that the verbosity of specifications turned out to be nicely under control, mainly thanks to the clear conceptual separation between link descriptors and operations, and also because we designed well-targeted default parameters and behaviors. An other fruitful principle we tried to follow was trying to capture as much as possible common and simple operations into simple abstractions, and to scale up most complex operations toward adding attributes or embedding additional information inside the element content (e.g. a simple rewrite operation can use the "from" and "into" attributes whereas a more complex rewrite operation can be decomposed into a sublist of ordered rewriting rules to try sequentially)</ns1:para><ns1:para pattern="Block">Regarding the expressive power, it turned out to be adequate for the cases we had to analyze. Of course, the difficult point is to extrapolate to cases we did not forecast. What we can say is that the methodology we have adopted allowed us to abstract over applications and to focus as much as possible on the functions associated with referential objects</ns1:para><ns1:para pattern="Block">We now consider opening the technology and related tools to a larger technical community as a service accessible through a corporate web portal, and thus to understand if it triggers interest, and hopefully to understand in a deeper way the potential enhancements and evolutions we could envision.</ns1:para></ns1:section><ns1:appendix xmlns:ns3="http://www.w3.org/XML/1998/namespace" xml:id="app-match" pattern="HeadedContainer"><ns1:title pattern="Block">The pattern matching language</ns1:title><ns1:para pattern="Block">The pattern matching language we propose hereafter is based on the Ã¢â&#130;¬Å&#147;{Ã¢â&#130;¬ï¿½ and Ã¢â&#130;¬Å&#147;}Ã¢â&#130;¬ï¿½ characters to serve as delimiters of pattern variables. Those characters have no precise meaning (see the URI specification [<ns1:xref linkend="URI" pattern="Milestone"/>]) and do not belong to the standard alphabet or separator sets. Variables are named through using any identifier built from any alphabet excluding the braces and the star Ã¢â&#130;¬Å&#147;*Ã¢â&#130;¬ï¿½. A label can only be used once in a given pattern. If a star is used instead of a name (e.g. Ã¢â&#130;¬Å&#147;{*}Ã¢â&#130;¬ï¿½), it just means that the matching substring is not stored. Double braces mean that the longest matching substring is expected, whereas the shortest match is returned for single braces.</ns1:para><ns1:para pattern="Block">The table below illustrates the various pattern matching mechanisms:</ns1:para><ns1:table border="1" pattern="Container"><ns1:thead pattern="Container"><ns1:tr pattern="Table"><ns1:th pattern="Field">Pattern</ns1:th><ns1:th pattern="Field">Value</ns1:th><ns1:th pattern="Field">Result</ns1:th></ns1:tr></ns1:thead><ns1:tbody pattern="Table"><ns1:tr pattern="Table"><ns1:td pattern="Block" rowspan="3">http://{server}:{*}/{*}.jpg</ns1:td><ns1:td pattern="Block">http://barnum:80/circus/jumper.jpg</ns1:td><ns1:td pattern="Block">Matches=yes ; server=Ã¢â&#130;¬ï¿½barnumÃ¢â&#130;¬ï¿½</ns1:td></ns1:tr><ns1:tr pattern="Table"><ns1:td pattern="Block">http://barnum:80/circus/acrobats/juggler.jpg</ns1:td><ns1:td pattern="Block">Matches=yes ; server=Ã¢â&#130;¬ï¿½barnumÃ¢â&#130;¬ï¿½</ns1:td></ns1:tr><ns1:tr pattern="Table"><ns1:td pattern="Block">https://barnum:80/circus/jumper.jpg</ns1:td><ns1:td pattern="Block">Matches=no</ns1:td></ns1:tr><ns1:tr pattern="Table"><ns1:td pattern="Block" rowspan="2">http://{server}/{{path}}/{object}</ns1:td><ns1:td pattern="Block">http://barnum:80/circus/jumper.gif</ns1:td><ns1:td pattern="Block">Matches=yes server=Ã¢â&#130;¬ï¿½barnum:80Ã¢â&#130;¬ï¿½ path=Ã¢â&#130;¬ï¿½circusÃ¢â&#130;¬ï¿½ object=Ã¢â&#130;¬ï¿½jumper.gifÃ¢â&#130;¬ï¿½</ns1:td></ns1:tr><ns1:tr pattern="Table"><ns1:td pattern="Block">http://barnum:80/circus/acrobats/juggler.jpg</ns1:td><ns1:td pattern="Block">Matches=yes server=Ã¢â&#130;¬ï¿½barnum:80Ã¢â&#130;¬ï¿½ path=Ã¢â&#130;¬ï¿½circus/acrobatÃ¢â&#130;¬ï¿½ object=Ã¢â&#130;¬ï¿½juggler.gifÃ¢â&#130;¬ï¿½</ns1:td></ns1:tr><ns1:tr pattern="Table"><ns1:td pattern="Block" rowspan="2">http://{server}/{path}/{object}</ns1:td><ns1:td pattern="Block">http://barnum:80/circus/jumper.gif</ns1:td><ns1:td pattern="Block">Matches=yes server=Ã¢â&#130;¬ï¿½barnum:80Ã¢â&#130;¬ï¿½ path=Ã¢â&#130;¬ï¿½circusÃ¢â&#130;¬ï¿½ object =Ã¢â&#130;¬ï¿½jumper.gifÃ¢â&#130;¬ï¿½</ns1:td></ns1:tr><ns1:tr pattern="Table"><ns1:td pattern="Block">http://barnum:80/circus/acrobats/juggler.jpg</ns1:td><ns1:td pattern="Block">Matches=yes server=Ã¢â&#130;¬ï¿½barnum:80Ã¢â&#130;¬ï¿½ path=Ã¢â&#130;¬ï¿½circusÃ¢â&#130;¬ï¿½ object =Ã¢â&#130;¬ï¿½acrobats/juggler.jpgÃ¢â&#130;¬ï¿½</ns1:td></ns1:tr></ns1:tbody></ns1:table></ns1:appendix><ns1:appendix xmlns:ns3="http://www.w3.org/XML/1998/namespace" xml:id="app-verif" pattern="HeadedContainer"><ns1:title pattern="Block">Verification and execution of XRM specifications (principles)</ns1:title><ns1:para pattern="Block">Our descriptions can be expressed through XML or any appropriate language. If the language is not based on XML, a bidirectional, lossless, translation to XML could be provided (this technique is used by the RelaxNG [<ns1:xref linkend="wikipedia-RelaxNG" pattern="Milestone"/>] schema language, which provides both an XML based syntax and a so-called Ã¢â&#130;¬Å&#147;compact syntaxÃ¢â&#130;¬ï¿½, strictly equivalent).</ns1:para><ns1:para pattern="Block">In order to be consistent and usable, our link descriptions must comply with specific properties that can be checked in order to assess the correctness of the specifications:</ns1:para><ns1:orderedlist pattern="Table"><ns1:listitem pattern="Container"><ns1:para pattern="Block">Wellformedness of the logical structure (correct occurrence of sections, subsections and attributes)</ns1:para></ns1:listitem><ns1:listitem pattern="Container"><ns1:para pattern="Block">Correct use of tags (no dangling tag references, coherence of tag declarations if any)</ns1:para></ns1:listitem><ns1:listitem pattern="Container"><ns1:para pattern="Block">Correct structure of URI (reference on link descriptions)</ns1:para></ns1:listitem></ns1:orderedlist><ns1:para pattern="Block">The execution model of any processing component functionally encompasses 3 stages (points<ns1:xref linkend="vr1" pattern="Milestone"/>,<ns1:xref linkend="vr2" pattern="Milestone"/>,<ns1:xref linkend="vr3" pattern="Milestone"/>below all cover the third stage, depending on the active operation):</ns1:para><ns1:orderedlist continuation="continues" pattern="Table"><ns1:listitem xml:id="vr1" pattern="Container"><ns1:para pattern="Block">Performs the XML parsing</ns1:para></ns1:listitem><ns1:listitem xml:id="vr2" pattern="Container"><ns1:para pattern="Block">Extracts of the so-called<ns1:emphasis pattern="Inline">base-uri</ns1:emphasis>(the URL that describes the localization of the instance to be processed)</ns1:para></ns1:listitem><ns1:listitem xml:id="vr3" pattern="Container"><ns1:para pattern="Block">For each link specified into the link validation description,</ns1:para><ns1:orderedlist pattern="Table"><ns1:listitem pattern="Container"><ns1:para pattern="Block">Extracts the link value, using the localization information described in point 1.a above, and accessed through the tag designation mechanism</ns1:para></ns1:listitem><ns1:listitem pattern="Container"><ns1:para pattern="Block">Perform a partial normalization of the link, according to information provided (deals only with escaping issues, depending on the kind of reference, as specified)</ns1:para></ns1:listitem><ns1:listitem pattern="Container"><ns1:para pattern="Block">Verifies if the lexical structure of link meets the validation requirement, depending on those:</ns1:para><ns1:orderedlist pattern="Table"><ns1:listitem pattern="Container"><ns1:para pattern="Block">The link structure is compliant with the declared link type</ns1:para></ns1:listitem><ns1:listitem pattern="Container"><ns1:para pattern="Block">The link is verifying the condition (if provided)</ns1:para></ns1:listitem><ns1:listitem pattern="Container"><ns1:para pattern="Block">The link is matching the pattern (if provided)</ns1:para></ns1:listitem><ns1:listitem pattern="Container"><ns1:para pattern="Block">The link target is available (if this constraint is specified)</ns1:para></ns1:listitem><ns1:listitem pattern="Container"><ns1:para pattern="Block">The link target verifies the expected properties, if any such is specified (namespace, node selection condition)</ns1:para></ns1:listitem></ns1:orderedlist></ns1:listitem></ns1:orderedlist></ns1:listitem><ns1:listitem pattern="Container"><ns1:para pattern="Block">For each link specified into the link transformation description,</ns1:para><ns1:orderedlist pattern="Table"><ns1:listitem pattern="Container"><ns1:para pattern="Block">Extracts the link value, using the localization information described in point 1.a above, and accessed through the tag designation mechanism</ns1:para></ns1:listitem><ns1:listitem pattern="Container"><ns1:para pattern="Block">Normalizes the link, according to the information provided by the<ns1:emphasis pattern="Inline">normalize</ns1:emphasis>attribute of the link transformation section (if normalize is set to true, solves the relative references into absolute references, in accordance with the XML Base standard [<ns1:xref linkend="XBase" pattern="Milestone"/>] ; deal with escaping issues, depending on the kind of reference, as specified)</ns1:para></ns1:listitem><ns1:listitem pattern="Container"><ns1:para pattern="Block">Applies the rule logic as described above for rewriting descriptors</ns1:para></ns1:listitem><ns1:listitem pattern="Container"><ns1:para pattern="Block">Normalizes the resulting link, with respect to xml:base mechanism, if required</ns1:para></ns1:listitem><ns1:listitem pattern="Container"><ns1:para pattern="Block">Handle forbidden characters inside link content, as required by its type (use escaping mechanisms defined in [<ns1:xref linkend="URI" pattern="Milestone"/>], e.g. a space Ã¢â&#130;¬Å&#147; Ã¢â&#130;¬Å&#147; is escaped into Ã¢â&#130;¬Å&#147;%20Ã¢â&#130;¬ï¿½)</ns1:para></ns1:listitem><ns1:listitem pattern="Container"><ns1:para pattern="Block">Inserts the resulting link into the output document in replacement of the original link</ns1:para></ns1:listitem></ns1:orderedlist></ns1:listitem><ns1:listitem pattern="Container"><ns1:para pattern="Block">For each link specified in the dependencies section,</ns1:para><ns1:orderedlist pattern="Table"><ns1:listitem pattern="Container"><ns1:para pattern="Block">extracts all relevant link values satisfying the filtering conditions (prior normalization if required)</ns1:para></ns1:listitem><ns1:listitem pattern="Container"><ns1:para pattern="Block">normalize the link (if required by the extract sub-descriptor) and orders the links according to the specified ordering policy</ns1:para></ns1:listitem><ns1:listitem pattern="Container"><ns1:para pattern="Block">creates an output report with the relevant meta-information: for instance the date and time of the dependency extraction operation ; the URL of the input document, the URL of the link dependencies specification interpreted by the operation</ns1:para></ns1:listitem><ns1:listitem pattern="Container"><ns1:para pattern="Block">dumps the links in the right order inside the report with the relevant meta-information as specified by show-tag and show-location attributes</ns1:para></ns1:listitem></ns1:orderedlist></ns1:listitem></ns1:orderedlist></ns1:appendix><ns1:bibliography pattern="HeadedContainer"><ns1:title pattern="Block">References</ns1:title><ns1:bibliomixed xmlns:ns3="http://www.w3.org/XML/1998/namespace" xml:id="URI" pattern="Block" xreflabel="1"><ns1:emphasis pattern="Inline">Uniform Resource Identifier: Generic syntax (URI)</ns1:emphasis>, IETF - RFC 3986 T. Berners-Lee, R. Fielding, L. Masinter, January 2005<ns1:link xmlns:ns2="http://www.w3.org/1999/xlink" ns2:actuate="onRequest" ns2:href="http://www.ietf.org/rfc/rfc3986.txt" ns2:show="new" ns2:type="simple" pattern="Inline">rfc content</ns1:link></ns1:bibliomixed><ns1:bibliomixed xmlns:ns3="http://www.w3.org/XML/1998/namespace" xml:id="XCalatog" pattern="Block" xreflabel="2"><ns1:emphasis pattern="Inline">XML Catalogs</ns1:emphasis>, OASIS Committee specification, August 2001<ns1:link xmlns:ns2="http://www.w3.org/1999/xlink" ns2:actuate="onRequest" ns2:href="http://www.oasis-open.org/committees/entity/spec-2001-08-06.html" ns2:show="new" ns2:type="simple" pattern="Inline">specification</ns1:link></ns1:bibliomixed><ns1:bibliomixed xmlns:ns3="http://www.w3.org/XML/1998/namespace" xml:id="XLink" pattern="Block" xreflabel="3"><ns1:emphasis pattern="Inline">XML Linking Language</ns1:emphasis>W3C Recommendation, June 2003,<ns1:link xmlns:ns2="http://www.w3.org/1999/xlink" ns2:actuate="onRequest" ns2:href="http://www.w3.org/TR/xlink/" ns2:show="new" ns2:type="simple" pattern="Inline">recommendation</ns1:link></ns1:bibliomixed><ns1:bibliomixed xmlns:ns3="http://www.w3.org/XML/1998/namespace" xml:id="XML" pattern="Block" xreflabel="4"><ns1:emphasis pattern="Inline">Extensible Markup Language (XML) 1.0 (Second Edition)</ns1:emphasis>World Wide Web Consortium, 2000,<ns1:link xmlns:ns2="http://www.w3.org/1999/xlink" ns2:actuate="onRequest" ns2:href="http://www.w3.org/TR/2000/REC-xml-20001006" ns2:show="new" ns2:type="simple" pattern="Inline">specification</ns1:link></ns1:bibliomixed><ns1:bibliomixed xmlns:ns3="http://www.w3.org/XML/1998/namespace" xml:id="XBase" pattern="Block" xreflabel="5"><ns1:emphasis pattern="Inline">XML Base</ns1:emphasis>W3C Recommendation, June 2001,<ns1:link xmlns:ns2="http://www.w3.org/1999/xlink" ns2:actuate="onRequest" ns2:href="http://www.w3.org/TR/xmlbase/" ns2:show="new" ns2:type="simple" pattern="Inline">recommendation</ns1:link></ns1:bibliomixed><ns1:bibliomixed xmlns:ns3="http://www.w3.org/XML/1998/namespace" xml:id="XCataEx" pattern="Block" xreflabel="6"><ns1:emphasis pattern="Inline">How to Write an XML Catalog File</ns1:emphasis>Bob Stayton, In Ã¢â&#130;¬Å&#147;DocBook XSL: The Complete GuideÃ¢â&#130;¬ï¿½, Part 1, Chapter 5<ns1:link xmlns:ns2="http://www.w3.org/1999/xlink" ns2:actuate="onRequest" ns2:href="http://www.sagehill.net/docbookxsl/WriteCatalog.html" ns2:show="new" ns2:type="simple" pattern="Inline">article</ns1:link></ns1:bibliomixed><ns1:bibliomixed xmlns:ns3="http://www.w3.org/XML/1998/namespace" xml:id="XPath" pattern="Block" xreflabel="7"><ns1:emphasis pattern="Inline">XML Path Language (XPath), version 1.0</ns1:emphasis>W3C recommendation, 16 November 1999,<ns1:link xmlns:ns2="http://www.w3.org/1999/xlink" ns2:actuate="onRequest" ns2:href="http://www.w3.org/TR/xpath" ns2:show="new" ns2:type="simple" pattern="Inline">recommendation</ns1:link></ns1:bibliomixed><ns1:bibliomixed xmlns:ns3="http://www.w3.org/XML/1998/namespace" xml:id="IRI" pattern="Block" xreflabel="8"><ns1:emphasis pattern="Inline">Internationalized Resource Identifiers (IRIs)</ns1:emphasis>IETF Ã¢â&#130;¬â&#128;&#156; RFC 3987, Duerest and Suignard, January 2005,<ns1:link xmlns:ns2="http://www.w3.org/1999/xlink" ns2:actuate="onRequest" ns2:href="http://www.ietf.org/rfc/rfc3987.txt" ns2:show="new" ns2:type="simple" pattern="Inline">rfc content</ns1:link></ns1:bibliomixed><ns1:bibliomixed xmlns:ns3="http://www.w3.org/XML/1998/namespace" xml:id="XInclude" pattern="Block" xreflabel="9"><ns1:emphasis pattern="Inline">XML Inclusion 1.0 (XInclude - Second Edition)</ns1:emphasis>W3C recommendation, 15 November 2006,<ns1:link xmlns:ns2="http://www.w3.org/1999/xlink" ns2:actuate="onRequest" ns2:href="http://www.w3.org/TR/xinclude/" ns2:show="new" ns2:type="simple" pattern="Inline">recommendation</ns1:link></ns1:bibliomixed><ns1:bibliomixed xmlns:ns3="http://www.w3.org/XML/1998/namespace" xml:id="xml-1.1" pattern="Block" xreflabel="10"><ns1:emphasis pattern="Inline">Extensible Markup Language (XML) 1.1</ns1:emphasis>W3C recommendation, 4 February 2004<ns1:link xmlns:ns2="http://www.w3.org/1999/xlink" ns2:actuate="onRequest" ns2:href="http://www.w3.org/TR/2004/REC-xml11-20040204/#sec-external-ent" ns2:show="new" ns2:type="simple" pattern="Inline">recommendation (ext. entity)</ns1:link></ns1:bibliomixed><ns1:bibliomixed xmlns:ns3="http://www.w3.org/XML/1998/namespace" xml:id="XPtr-scheme" pattern="Block" xreflabel="11"><ns1:emphasis pattern="Inline">XPointer xpointer() Scheme</ns1:emphasis>W3C Working Draft 19 December 2002<ns1:link xmlns:ns2="http://www.w3.org/1999/xlink" ns2:actuate="onRequest" ns2:href="http://www.w3.org/TR/xptr-xpointer/" ns2:show="new" ns2:type="simple" pattern="Inline">working draft</ns1:link></ns1:bibliomixed><ns1:bibliomixed xmlns:ns3="http://www.w3.org/XML/1998/namespace" xml:id="XPtr-frame" pattern="Block" xreflabel="12"><ns1:emphasis pattern="Inline">XPointer Framework</ns1:emphasis>W3C Recommendation, 25 March 2005<ns1:link xmlns:ns2="http://www.w3.org/1999/xlink" ns2:actuate="onRequest" ns2:href="http://www.w3.org/TR/xptr-framework/" ns2:show="new" ns2:type="simple" pattern="Inline">recommendation</ns1:link></ns1:bibliomixed><ns1:bibliomixed xmlns:ns3="http://www.w3.org/XML/1998/namespace" xml:id="wikipedia-NS" pattern="Block" xreflabel="13"><ns1:emphasis pattern="Inline">XML Namespaces</ns1:emphasis>Wikipedia, the free Encyclopedia<ns1:link xmlns:ns2="http://www.w3.org/1999/xlink" ns2:actuate="onRequest" ns2:href="http://en.wikipedia.org/wiki/XML_namespace" ns2:show="new" ns2:type="simple" pattern="Inline">article</ns1:link></ns1:bibliomixed><ns1:bibliomixed xmlns:ns3="http://www.w3.org/XML/1998/namespace" xml:id="wikipedia-RelaxNG" pattern="Block" xreflabel="14"><ns1:emphasis pattern="Inline">RelaxNG</ns1:emphasis>Wikipedia, the free Encyclopedia<ns1:link xmlns:ns2="http://www.w3.org/1999/xlink" ns2:actuate="onRequest" ns2:href="http://en.wikipedia.org/wiki/RELAX_NG" ns2:show="new" ns2:type="simple" pattern="Inline">article</ns1:link></ns1:bibliomixed><ns1:bibliomixed xmlns:ns3="http://www.w3.org/XML/1998/namespace" xml:id="Mime" pattern="Block" xreflabel="15"><ns1:emphasis pattern="Inline">Mime Media Types</ns1:emphasis>IANA (Internet Assigned Numbers Authority)<ns1:link xmlns:ns2="http://www.w3.org/1999/xlink" ns2:actuate="onRequest" ns2:href="http://www.iana.org/assignments/media-types/" ns2:show="new" ns2:type="simple" pattern="Inline">specification</ns1:link></ns1:bibliomixed><ns1:bibliomixed xmlns:ns3="http://www.w3.org/XML/1998/namespace" xml:id="Mime-files" pattern="Block" xreflabel="16"><ns1:emphasis pattern="Inline">Mime Types File References</ns1:emphasis>non normative list of mime media types and usual associated file name extensions<ns1:link xmlns:ns2="http://www.w3.org/1999/xlink" ns2:actuate="onRequest" ns2:href="http://www.mimetype.org/" ns2:show="new" ns2:type="simple" pattern="Inline">http://www.mimetype.org/</ns1:link></ns1:bibliomixed><ns1:bibliomixed xmlns:ns3="http://www.w3.org/XML/1998/namespace" xml:id="Saxonica" pattern="Block" xreflabel="17"><ns1:emphasis pattern="Inline">Saxonica, XSLT and XQuery processing</ns1:emphasis>Michael Kay,<ns1:link xmlns:ns2="http://www.w3.org/1999/xlink" ns2:actuate="onRequest" ns2:href="http://www.saxonica.com/" ns2:show="new" ns2:type="simple" pattern="Inline">http://www.saxonica.com/</ns1:link></ns1:bibliomixed><ns1:bibliomixed xmlns:ns3="http://www.w3.org/XML/1998/namespace" xml:id="Schematron" pattern="Block" xreflabel="18"><ns1:emphasis pattern="Inline">ISO Schematron, a language for making assertions about patterns found in XML documents</ns1:emphasis>, Topologi ,<ns1:link xmlns:ns2="http://www.w3.org/1999/xlink" ns2:actuate="onRequest" ns2:href="http://www.schematron.com/" ns2:show="new" ns2:type="simple" pattern="Inline">web site</ns1:link></ns1:bibliomixed></ns1:bibliography></ns1:article>