<?xml version="1.0" encoding="UTF-8"?><ns1:article xmlns:ns1="http://docbook.org/ns/docbook" pattern="HeadedContainer" version="5.0-subset Balisage-1.2"><ns1:title pattern="Block" structure="Title ">Platform Independence 2010 - Helping Documents Fly Well in Emerging Architectures</ns1:title><ns1:info pattern="Record" structure="FrontMatter "><ns1:confgroup pattern="Record"><ns1:conftitle pattern="Field">Balisage: The Markup Conference 2010</ns1:conftitle><ns1:confdates pattern="Field">August 3 - 6, 2010</ns1:confdates></ns1:confgroup><ns1:abstract pattern="Container"><ns1:para pattern="Block" structure="Paragraph ">Parallel processing and memory bottlenecks dominate current platform architecture conversations. After many years on the sidelines, parallel architectures are rapidly becoming mainstream, with more parallelism the obvious way to gain yet more performance. Feeding data to and from all these parallel cycles is also becoming more challenging.</ns1:para><ns1:para pattern="Block" structure="Paragraph ">What does this have to do with XML? Surely all this is under the hood, something for compiler designers, software architects and other non-content people to worry about? The answer is that these issues can't be totally hidden under the hood. Balisageurs as content-folks and interoperability-folks need to pay attention now to the high level information design heuristics that will prevent our data structures being the ones that happen to run like treacle (or molasses) on the coming generations of faster, larger and neater systems.</ns1:para></ns1:abstract><ns1:author pattern="Record"><ns1:personname pattern="Record"><ns1:firstname pattern="Field">Ann</ns1:firstname><ns1:surname pattern="Field">Wrightson</ns1:surname></ns1:personname><ns1:personblurb pattern="Container"><ns1:para pattern="Block" structure="Paragraph ">Ann Wrightson has been working with markup since 1978, from typesetting languages &amp; fielded records through generic coding to SGML &amp; XML. She has experience of using markup for interoperability and platform-independence across a wide range of content including published reference works, technical publications, e-learning, legal codes &amp; materials, and semantic interoperability standards for information systems in healthcare.</ns1:para></ns1:personblurb><ns1:affiliation pattern="Record"><ns1:jobtitle pattern="Field">IT Consultant - Technical Architecture</ns1:jobtitle><ns1:orgname pattern="Block">Informing Healthcare (NHS Wales)</ns1:orgname></ns1:affiliation></ns1:author><ns1:legalnotice pattern="Container"><ns1:para pattern="Block" structure="Paragraph ">Copyright Ã&#130;Â© 2010 Ann Wrightson</ns1:para></ns1:legalnotice><ns1:keywordset pattern="Table" role="author" structure="List "><ns1:keyword pattern="Field">XML processing performance</ns1:keyword><ns1:keyword pattern="Field">Parallel processing</ns1:keyword><ns1:keyword pattern="Field">Memory hierarchy</ns1:keyword><ns1:keyword pattern="Field">Cache-oblivious data structure</ns1:keyword><ns1:keyword pattern="Field">XML instance design</ns1:keyword><ns1:keyword pattern="Field">Data exchange</ns1:keyword></ns1:keywordset></ns1:info><ns1:section pattern="HeadedContainer" structure="Section "><ns1:title pattern="Block" structure="SectionTitle ">Introduction</ns1:title><ns1:para pattern="Block" structure="Paragraph ">Ever faster sequential computations in single ever-larger memory spaces has been "just how it is" in mainstream computing for about a generation - long enough for design considerations that are actually dependent on this environment to become invisible, unthought assumptions. After many years on the sidelines, parallel architectures are becoming mainstream, with more parallelism now the obvious way to gain more performance. Memory performance has been growing more slowly, so feeding data to and from all these parallel cycles is also a major challenge, with platform architecture solutions generally focussing on efficient ways to move data through deep hierarchies spanning the range from distant network resources to on-chip caches. Large and distributed data in particular needs to move efficiently through many layers of memory hierarchy, with each layer behaving as a cache with respect to the previous layer, that is, being significantly smaller and faster, and with a different block or page size.</ns1:para><ns1:para pattern="Block" structure="Paragraph ">What does this have to do with XML? Surely all this is under the hood or behind the scenes, something for compiler designers, software architects and other non-content people to worry about? After all, a platform is a just a platform, and XML and many XML tools are platform-independent.</ns1:para><ns1:para pattern="Block" structure="Paragraph ">To an extent this is true. Compiler designers, software architects and especially database vendors are busy worrying right now, and much thought from the Balisage community and others will also undoubtedly go into making basic XML tools work well on the new platforms. However, notwithstanding these efforts, data designed with due attention to the fundamental characteristics of emerging platform architectures are likely to fare better, especially in speed of processing, than data designed for the "old world".</ns1:para><ns1:para pattern="Block" structure="Paragraph ">Against this background, the premise underlying this paper is that since parallel processing and managing data flows within memory hierarchies are increasingly prominent in mainstream platform architecture, any large data structure, or collection of data that is usually processed together, now needs to be more or less parallel-friendly, cache-oblivious, and distribution-tolerant, to be really platform-independent - and this includes XML instances. This paper is about the attention we need to pay now as designers of XML content to the structural design patterns that will promote or prevent our data structures being the ones that happen to start running unexpectedly slowly next year or the year after.</ns1:para><ns1:section pattern="HeadedContainer" structure="Section "><ns1:title pattern="Block" structure="SectionTitle ">Note on language</ns1:title><ns1:para pattern="Block" structure="Paragraph ">In this paper, the common parlance "XML vocabularies" is deprecated in favour of discussing XML data structures and design features of instances of XML content. This is partly from personal preference, but also from a suspicion that thinking about XML in terms of vocabularies may inhibit the kind of thinking that this paper is intended to encourage. Markup that contains terms reflecting natural language does function like language vocabulary in some ways (see<ns1:xref linkend="Wrightson05" pattern="Milestone"/>) however XML instances are also structured data, and the latter is the aspect that predominates in the issues discussed in this paper.</ns1:para></ns1:section></ns1:section><ns1:section pattern="HeadedContainer" structure="Section "><ns1:title pattern="Block" structure="SectionTitle ">What are these emerging architectures?</ns1:title><ns1:para pattern="Block" structure="Paragraph ">This section provides a concise account of emerging processor architectures and the state of the art in data access. Implications for platform-independent XML content design are discussed in the following section.</ns1:para><ns1:section pattern="HeadedContainer" structure="Section "><ns1:title pattern="Block" structure="SectionTitle ">Single processor architecture becoming multi-, then many-core</ns1:title><ns1:para pattern="Block" structure="Paragraph ">About 2003-4, performance improvement in sequential processors slowed down very significantly. Power density was a major factor, but so was the growing difficulty of getting even cleverer about executing single sequences of instructions really fast. With a way still to go in raw chip capacity, a consensus rapidly emerged amongst the majority of processing-chip designers that the only way forward was to put multiple processing "cores" on a chip, first two or four, then twelve, sixty-four, eighty... The latest edition of Patterson &amp; Hennesey's classic textbook on processor architecture provides a fuller account of this phenomenon (<ns1:xref linkend="PatHen09" pattern="Milestone"/>, Chapter 7).</ns1:para><ns1:para pattern="Block" structure="Paragraph ">Graphics processors and some other niche processing applications had already made some progress into gaining performance through large-scale parallel processing, but for the rest of the industry there was a fairly sudden realization a few years ago that all that weird parallel stuff from the 1980s onward that no-one except the high-performance crowd had been taking seriously was on its way back in with a vengeance. Following this realization, and taking into account the head start achieved by graphics applications, graphics processors and general purpose processors are on an interesting journey of combination and convergence, for example in Intel's "Larrabee" architecture (<ns1:xref linkend="Seiler08" pattern="Milestone"/>).</ns1:para><ns1:para pattern="Block" structure="Paragraph ">While various parallel computation models have been proposed and investigated, two of the most durable have been BSP (bulk-synchronous-parallelism) and nested parallelism. BSP (<ns1:xref linkend="BSP90" pattern="Milestone"/>,<ns1:xref linkend="BSP96" pattern="Milestone"/>) formalizes the notion of performing a bunch of parallel computations then collating the results before setting up and performing another bunch of parallel computations, in a regular cycle of compute-communicate/collate-compute. Nested parallelism (<ns1:xref linkend="NESL" pattern="Milestone"/>,<ns1:xref linkend="PJ08" pattern="Milestone"/>) is more of a language model, enabling a programmer to describe a large computation as a recursively nested structure of parallel parts.</ns1:para><ns1:para pattern="Block" structure="Paragraph ">The main point for our purposes is that in order to work well in a parallel world, computation (and its requisite data) needs to come apart into independent pieces, at least for long enough to be useful in getting some work done. Two interesting special cases are where many computations run in parallel on the same data, and where a single computation runs the same instruction stream to process many different, similar items of data. The latter is the basis of graphics processing units. Both put a disproportionate cost on variation, in data content and processing respectively, compared to sequential processing, so that replication of common parts and separating rather than combining similar cases becomes more efficient.</ns1:para><ns1:para pattern="Block" structure="Paragraph ">This is very counterintuitive to those engineers and information designers, including many who have come into markup since XML emerged as a mainstream force in 1998-2000, whose intuitions have been formed in situations that take for granted single (increasingly fast) computation and single (increasingly fast and capacious) memory. Based on personal conversations and anecdotal evidence, there is a mixed reaction from the older hands who did not play in the parallel pond, and remember what it took to keep computations and working memory compact on smaller machines or in the small job partitions in early multitasking architectures. To caricature somewhat, some feel that after a period of deep illusion, computing has finally woken up once more to some essential design disciplines - and some feel this is separating the engineer even further from the real machine, which is becoming ever more deeply incomprehensible.</ns1:para></ns1:section><ns1:section pattern="HeadedContainer" structure="Section "><ns1:title pattern="Block" structure="SectionTitle ">Memory and storage hierarchy</ns1:title><ns1:para pattern="Block" structure="Paragraph ">Memory performance has been growing continually alongside processor performance, over decades. In recent years it has become a commonplace to say that the rate of growth in memory performance is markedly slower than for processing, leading to a large and increasing performance gap. This is broadly true, but stated simply obscures a more interesting detailed picture of evolving patterns of memory and storage access over a range of hardware, media and networks (<ns1:xref linkend="PatHen09" pattern="Milestone"/>, 5.13).</ns1:para><ns1:para pattern="Block" structure="Paragraph ">Multiple cache levels within processors, deep memory hierarchies using different types of hardware, delegating disk access management to on-board processors within disk drives, and introducing specialized storage network managers, have between them taken the strain to a large extent. However, the very intensity and diversity of this effort means that different platforms are more likely than before to have different memory hierarchies and storage characteristics.A practical consequence is that fine tuning of memory hierarchy assumptions and data design to make data fast on one platform can very easily slow it down on another.</ns1:para><ns1:para pattern="Block" structure="Paragraph ">This is an area where a good theory has turned out to be very practical as a tool for thinking. Cache-obliviousness (better named hierarchy-obliviousness, but as usual the initial name has stuck) is the core concept of an area of research on data structures that are not only fast to process in principle, but remain fast however the memory hierarchy (and storage network, at larger scale) is structured. Cache-oblivious data structures have high locality with respect to whatever the usual operations are on the data.That is, if an instance of a cache-oblivious data structure is broken arbitrarily into pieces<ns1:emphasis pattern="Inline" role="ital">of any size</ns1:emphasis>(for example, loaded a page at a time into a cache, hence the name) the common operations on the data structure are, on average, highly likely to need data that is within the same piece. The value of this area of work for our purposes is not so much in the detail as in the overall concept. Data structures that follow this design pattern are likely to "fly well" in a wide range of memory hierarchies, since at any scale, the usual kinds of processing are less likely to walk or reference out of the piece that is already in fast(er) memory.</ns1:para><ns1:para pattern="Block" structure="Paragraph ">For readers interested in following up the detail of the theory, there is a thorough introduction to cache-obliviousness by Erik Demaine (<ns1:xref linkend="Dem02" pattern="Milestone"/>) in the papers from a European summer school on large data structures in 2002 (<ns1:xref linkend="BRICS02" pattern="Milestone"/>).</ns1:para></ns1:section></ns1:section><ns1:section pattern="HeadedContainer" structure="Section "><ns1:title pattern="Block" structure="SectionTitle ">Platform Independence 2010++?</ns1:title><ns1:para pattern="Block" structure="Paragraph ">So what is it to be platform independent in 2010 and beyond? What do we need to be independent of, specifically? In simple terms, the key platform features are:</ns1:para><ns1:itemizedlist pattern="Table" structure="List "><ns1:listitem pattern="Container"><ns1:para pattern="Block" structure="Paragraph ">A processing model that uses many processing units, breaking large computations into many independent, different tasks that run simultaneously. This happens within a many-core chip, and also happens when computations are deployed across several processors with different data processing characteristics (one example that is already mainstream is a desktop computer with a separate graphics processor that is highly data-parallel);</ns1:para></ns1:listitem><ns1:listitem pattern="Container"><ns1:para pattern="Block" structure="Paragraph ">A memory hierarchy of arbitrary depth and width, with considerable variation in the detail of how data is moved up and down the hierarchy; and</ns1:para></ns1:listitem><ns1:listitem pattern="Container"><ns1:para pattern="Block" structure="Paragraph ">Greater variation in platform architectures as architecture concepts developed in niche areas (especially high performance scientific computing and graphics processing) are brought to bear in mainstream computing platforms.</ns1:para></ns1:listitem></ns1:itemizedlist><ns1:para pattern="Block" structure="Paragraph ">Any one platform can be assumed to have clever low-level software that is designed to hide its complexity and weirdness, so that everything still works correctly. Preserving correct processing is a high priority in designing new processor architectures with forward compatibility from older ones - however it turns out that data designed for the "old world" , although not broken, can be unexpectedly slow in emerging architectures. This can also lead indirectly to faults, for example when timing assumptions are broken.</ns1:para><ns1:para pattern="Block" structure="Paragraph ">The main evidence I have for this is anecdotal - side-remarks in talks and water-cooler chat with infrastructure-specialist colleagues who are managing a range of data-intensive applications in a growing data centre. Suffice it to say that there are people who earn a living advising how to get this right, and that my colleagues tell me that more than one well-established product has needed updates to resolve performance problems in a more distributed, parallel environment.</ns1:para><ns1:para pattern="Block" structure="Paragraph ">Abstracting away from platform features into data processing, the key features are as follows.</ns1:para><ns1:itemizedlist pattern="Table" structure="List "><ns1:listitem pattern="Container"><ns1:para pattern="Block" structure="Paragraph ">Significant performance speed-up by separating large computations into smaller pieces of computation that can run independently long enough to get some useful work done (task parallelism).</ns1:para></ns1:listitem><ns1:listitem pattern="Container"><ns1:para pattern="Block" structure="Paragraph ">Significant performance speed-up by executing exactly the same process simultaneously and independently across numbers (8, 16, 32...) of data items (data parallelism);</ns1:para></ns1:listitem><ns1:listitem pattern="Container"><ns1:para pattern="Block" structure="Paragraph ">Separating large data structures into smaller pieces that are usable in isolation long enough to get some useful work done (required in both task parallelism and data parallelism).</ns1:para></ns1:listitem><ns1:listitem pattern="Container"><ns1:para pattern="Block" structure="Paragraph ">Moving data up (read) and down (write) a deep memory hierarchy. At each level some size of data will need to be broken into parts (in a very simple manner, eg pages), and there is significant performance benefit if, on average, such parts of data (at any level) are usable in isolation long enough to get some useful work done.</ns1:para></ns1:listitem><ns1:listitem pattern="Container"><ns1:para pattern="Block" structure="Paragraph ">Moving data between the pieces of a parallel computation so that each piece has the data it needs, respecting dependencies regarding data integrity (eg read vs write) and the intended overall flow of computation.</ns1:para></ns1:listitem></ns1:itemizedlist><ns1:para pattern="Block" structure="Paragraph ">The balance of emphasis between these features varies across the different architectures involved, for example scheduling dependencies and data exchange (rather than just data partitioning) become more prominent the more communication is needed between pieces of computation. Data exchange operates at different scales such as a multicore chip passing data between independently processing cores that have separate caches, and a multi-processor architecture passing data between processors (such as the common example of a desktop computer with a separate graphics processor).</ns1:para><ns1:para pattern="Block" structure="Paragraph ">A fundamental research result regarding data exchange is that, in the general case where the structures at each end are different, and a computation is needed to map data from one to the other, the computational complexity of a data exchange is exponentially related to the complexity of the data schemas at each end. The complexity of a data schema is a combination of complexity measures on the actual data structure and how it is described (<ns1:xref linkend="Kol06" pattern="Milestone"/>).</ns1:para><ns1:para pattern="Block" structure="Paragraph ">This result is no great surprise, since data exchange feels like a hard problem in practice. However, when data exchange becomes a larger proportionate part of general computation, its exponential general complexity properties suggest that there are significant benefits to be gained from keeping data structures and the ways they are described as simple as possible.</ns1:para><ns1:para pattern="Block" structure="Paragraph ">Partitioning data and computation is a more familiar problem, though one effect of a generation of ever-more-capable sequential processing environments with ever-larger memory spaces has been a tendency to regard such concerns as rather old-fashioned. High performance computing for scientific data analysis has kept this area of work alive, especially in relation to arrays of data and matrix computations (for example<ns1:xref linkend="LeeZedem02" pattern="Milestone"/>) and automatic data partitioning on this kind of data in XML has also been investigated (<ns1:xref linkend="HG09" pattern="Milestone"/>).</ns1:para></ns1:section><ns1:section pattern="HeadedContainer" structure="Section "><ns1:title pattern="Block" structure="SectionTitle ">Design Principles for Platform-Independence</ns1:title><ns1:para pattern="Block" structure="Paragraph ">This section suggests a few rules of thumb that are likely to make larger documents, and smaller documents (such as messages) that turn up in large numbers, more truly platform independent over these changes in processing architecture. Some of the rules come naturally when writing or designing documents by hand, but are pretty easy to break or ignore when marked-up data is generated by a program. Others may look like obvious bad practice from the point of view of writing and maintaining documents by hand, but look more like candidates for sensible design trade-offs when marked-up data is being generated by a program. (Note that "generated by a program" includes using one of the many authoring tools that provide an illusion of manual editing. If you are not seeing all the grim details of the pointy brackets as you type, then your data is being generated by a program.)</ns1:para><ns1:para pattern="Block" structure="Paragraph ">Note that it is specifically NOT assumed here that the current usual-suspect XML processing tools will be used to process or pre-process the document instances concerned. These tools may or may not be able to overcome fundamental problems in data characterstics " under the hood ", even if rewritten, and new tools will come. The only assumptions made below are the structural properties of XML instances.</ns1:para><ns1:section pattern="HeadedContainer" structure="Section "><ns1:title pattern="Block" structure="SectionTitle ">Minimize action at a distance</ns1:title><ns1:itemizedlist pattern="Table" structure="List "><ns1:listitem pattern="Container"><ns1:para pattern="Block" structure="Paragraph ">Ensure that the intended scope of influence of any data value that represents a parameter for processing data in the document propagates in a direction from root to leaf along the tree structure of the document.</ns1:para></ns1:listitem><ns1:listitem pattern="Container"><ns1:para pattern="Block" structure="Paragraph ">Minimize cross-references in the data (in particular when purely implicit in the data and not made evident in the raw XML structure) that mean that a computation on the data finds out in flight that it needs to look at a distant part of the tree.</ns1:para></ns1:listitem></ns1:itemizedlist></ns1:section><ns1:section pattern="HeadedContainer" structure="Section "><ns1:title pattern="Block" structure="SectionTitle ">Help processing to "shop local"</ns1:title><ns1:itemizedlist pattern="Table" structure="List "><ns1:listitem pattern="Container"><ns1:para pattern="Block" structure="Paragraph ">Put things that are relevant to each other for processing, close to each other in the document, that is, few steps apart in the document tree. Expect the document tree to be cut into branches, twig-bunches or even small twigs for processing, and think about what computations can be completed in-twig with larger and smaller twig-sizes.</ns1:para></ns1:listitem><ns1:listitem pattern="Container"><ns1:para pattern="Block" structure="Paragraph ">Keep document structure aligned with probable processing structures. Think about the flow of information through expected computations on the document, and see if it follows a natural decompositon of the document structure. A simple positive example is hyphenation a paragraph at a time over many paragraphs making up a chapter of a novel.</ns1:para></ns1:listitem></ns1:itemizedlist></ns1:section><ns1:section pattern="HeadedContainer" structure="Section "><ns1:title pattern="Block" structure="SectionTitle ">Replication may be your friend</ns1:title><ns1:itemizedlist pattern="Table" structure="List "><ns1:listitem pattern="Container"><ns1:para pattern="Block" structure="Paragraph ">Repeating pieces of data in different places seems wasteful, yet it may be a really good idea. If a document is generated by a program, so that the conceptual burden of repetition and likelihood of error are small, then there is no reason not to replicate data items it if it helps to reduce action at a distance.</ns1:para></ns1:listitem></ns1:itemizedlist></ns1:section><ns1:section pattern="HeadedContainer" structure="Section "><ns1:title pattern="Block" structure="SectionTitle ">Detailed differences across lots of sort-of-similar things may be costly</ns1:title><ns1:itemizedlist pattern="Table" structure="List "><ns1:listitem pattern="Container"><ns1:para pattern="Block" structure="Paragraph ">If a processor with data-parallel capabilities thinks that some bunch of things are all the same, then it may decide to process them in a data-parallel way, that is, assume that their processing is identical. A consequence of this is that, from the point of view of any arbitrary one of the parallel processing threads, it has to wait idly through the work needed to cope with all the detailed optional differences that apply to any of the others. If this really is efficient for your data, fine, however it may be better have more different kinds of things, and less optionality within the same kind of thing, so that the under-the-hood gnomes can make more efficient choices more easily for parallel processing.</ns1:para></ns1:listitem></ns1:itemizedlist></ns1:section><ns1:section pattern="HeadedContainer" structure="Section "><ns1:title pattern="Block" structure="SectionTitle ">Examples</ns1:title><ns1:para pattern="Block" structure="Paragraph ">The performance penalties discussed above would be expected to be felt mainly at large scale, that is, on large documents or high volume processing of smaller documents. However, the structural patterns in the rules of thumb can be illustrated using small examples, and that is the purpose of this section.</ns1:para><ns1:section pattern="HeadedContainer" structure="Section "><ns1:title pattern="Block" structure="SectionTitle ">Action at a distance, "shopping local", and replication</ns1:title><ns1:para pattern="Block" structure="Paragraph ">These patterns are illustrated in this section using two contrasting examples. Each example is based on the structural characteristics of a (different) real data format designed for exchanging information extracted from patient records.</ns1:para><ns1:para pattern="Block" structure="Paragraph ">The first example has instances divided into in two main parts. First, a list of entities (people, roles and locations), and second, a list of recorded events involving these entitites. Entities are included in events by reference to a unique identifier for each entity.</ns1:para><ns1:para pattern="Block" structure="Paragraph ">As the number of events grows, then because a patient will tend to interact with the same people and be treated in the same places, the proportion of entities compared to events will decrease.</ns1:para><ns1:para pattern="Block" structure="Paragraph ">There are two motivating ideas underlying these design features. One is to minimize repetition of data, and the other is to facilitate data transfer between instances of software applications having similar (relational) database structures that are closely aligned with the structure of the data. These aims lead to a structure that explicitly avoids replication and has a strong tendency not to &amp;quot;shop local&amp;quot;. In addition, the references to identifiers are well hidden in the data from the point of view of XML parsing, and the majority of references are between two subtrees that diverge near the root of the document (" action at a distance").</ns1:para><ns1:figure pattern="Container"><ns1:title pattern="Block">Example 1</ns1:title><ns1:programlisting xmlns:ns3="http://www.w3.org/XML/1998/namespace" xml:space="preserve" pattern="Block">&lt;?xml version="1.0" encoding="UTF-8"?&gt; &lt;record&gt; &lt;entities&gt; &lt;person&gt; &lt;id&gt;FF138AF1-F3BC-4BF7-B45C-427E012BA3F4&lt;/id&gt; &lt;dateOfBirth&gt;1987-11-20&lt;/dateOfBirth&gt; &lt;name&gt;...&lt;/name&gt; &lt;address&gt;...&lt;/address&gt; &lt;/person&gt; &lt;person&gt; &lt;id&gt;BBBBE23A-A9D1-A411-F824-9F7A00A33757&lt;/id&gt; &lt;dateOfBirth&gt;1987-11-20&lt;/dateOfBirth&gt; &lt;name&gt;...&lt;/name&gt; &lt;address&gt;...&lt;/address&gt; &lt;/person&gt; &lt;location&gt; &lt;id&gt;4B98A89C-41AD-4425-B6CF-17DE8C779FC7&lt;/id&gt; &lt;name&gt;...&lt;/name&gt; &lt;address&gt;...&lt;/address&gt; &lt;/location&gt; &lt;role&gt; &lt;id&gt;8533C566-74FB-4176-8EFE-13E3FCE5B3A6&lt;/id&gt; &lt;name&gt;General Practitioner&lt;/name&gt; &lt;moreAboutRole&gt;...&lt;/moreAboutRole&gt; &lt;/role&gt; &lt;practitioner&gt; &lt;id&gt;3CBA0926-1E25-4B0E-AAFC-F9CF02F8596B&lt;/id&gt; &lt;person&gt;BBBBE23A-A9D1-A411-F824-9F7A00A33757&lt;/person&gt; &lt;role&gt;8533C566-74FB-4176-8EFE-13E3FCE5B3A6&lt;/role&gt; &lt;/practitioner&gt; &lt;patient&gt; &lt;id&gt;A17B8BFA-3A2B-4796-87ED-F9A4D7375C3D&lt;/id&gt; &lt;pasNumber&gt;39752746&lt;/pasNumber&gt; &lt;patientPerson&gt;FF138AF1-F3BC-4BF7-B45C-427E012BA3F4&lt;/patientPerson&gt; &lt;/patient&gt; &lt;/entities&gt; &lt;events&gt; &lt;encounter&gt; &lt;id&gt;97E037BE-4CBE-46BA-98F8-3BA6B4DA3D1C&lt;/id&gt; &lt;date&gt;2010-04-01&lt;/date&gt; &lt;patient&gt;A17B8BFA-3A2B-4796-87ED-F9A4D7375C3D&lt;/patient&gt; &lt;practitioner&gt;3CBA0926-1E25-4B0E-AAFC-F9CF02F8596B&lt;/practitioner&gt; &lt;location&gt;4B98A89C-41AD-4425-B6CF-17DE8C779FC7&lt;/location&gt; &lt;/encounter&gt; &lt;/events&gt; &lt;/record&gt;</ns1:programlisting></ns1:figure><ns1:para pattern="Block" structure="Paragraph ">In the second example, data about the people and places involved in a care event are given directly in each event subtree of the record extract. This data format was designed to convey information from a number of different software applications into a common store, from which it is then retrieved on a per-event basis. An explicit design criterion was to make no assumptions about the internal structure of the data store, and in the real situation this is based on, there are several such stores with different internal database structures.</ns1:para><ns1:para pattern="Block" structure="Paragraph ">This example also illustrates the role of replicating subtrees of data. A location address may appear many times, however the benefits of replication were judged to outweigh the costs, and the sending system is unlikely to make errors putting the same data into a number of events in a transferred record.</ns1:para><ns1:figure pattern="Container"><ns1:title pattern="Block">Example 2</ns1:title><ns1:programlisting xmlns:ns3="http://www.w3.org/XML/1998/namespace" xml:space="preserve" pattern="Block">&lt;?xml version="1.0" encoding="UTF-8"?&gt; &lt;Record&gt; &lt;Event&gt; &lt;EffectiveTime&gt;2008-04-23T15:10:00.0Z&lt;/EffectiveTime&gt; &lt;EventType&gt; &lt;IdValue&gt;[Identifier for this event type]&lt;/IdValue&gt; &lt;/EventType&gt; &lt;PatientDetails&gt; &lt;NHSnumber&gt; &lt;IdValue&gt;1234567890&lt;/IdValue&gt; &lt;/NHSnumber&gt; &lt;Name&gt;...&lt;/Name&gt; &lt;Address&gt;...&lt;/Address&gt; &lt;/PatientDetails&gt; &lt;ResponsiblePerson&gt; &lt;StructuredName&gt; &lt;Title&gt;Dr&lt;/Title&gt; &lt;GivenName&gt;Local&lt;/GivenName&gt; &lt;FamilyName&gt;Doctor&lt;/FamilyName&gt; &lt;/StructuredName&gt; &lt;/ResponsiblePerson&gt; &lt;Role&gt; &lt;IdValue&gt;[role of responsible person]&lt;/IdValue&gt; &lt;/Role&gt; &lt;Location&gt; &lt;StructuredAddress&gt; &lt;PropertyNumber&gt;65&lt;/PropertyNumber&gt; &lt;AddressLine&gt;Festaville Way&lt;/AddressLine&gt; &lt;AddressLine&gt;Limnoleon&lt;/AddressLine&gt; &lt;AddressLine&gt;Cranmore Regis&lt;/AddressLine&gt; &lt;/StructuredAddress&gt; &lt;PostCode&gt;LL99 3BB&lt;/PostCode&gt; &lt;/Location&gt; &lt;LocationType&gt; &lt;IdValue&gt;[Identifier for location type]&lt;/IdValue&gt; &lt;/LocationType&gt; &lt;/Event&gt; &lt;/Record&gt;</ns1:programlisting></ns1:figure></ns1:section><ns1:section pattern="HeadedContainer" structure="Section "><ns1:title pattern="Block" structure="SectionTitle ">Variation in content between apparently similar things</ns1:title><ns1:para pattern="Block" structure="Paragraph ">The next example illustrates in principle how parallel processing of instances of the same element is slowed down by optionality in the data, in a processor that runs the same instruction stream in parallel on many data instances (SIMD). Each picture in the series shows the effect of progressively more variation between instances. Coloured cells indicate steps where no progress is made in processing that element.</ns1:para><ns1:para pattern="Block" structure="Paragraph ">The first picture below shows element instances with no variation at all, and there is no loss of performance. In the next, some items are optional. Any instance that lacks an optional item will be waiting while the other instances use that part of the instruction stream. The next one after shows what happens when a content model has a choice of sequences of elements. Finally, the fourth picture shows the result of having many possible options (for example, a rich XML vocabulary) with only a few used in any one data instance.</ns1:para><ns1:figure pattern="Container"><ns1:title pattern="Block">No optionality</ns1:title><ns1:mediaobject pattern="Container"><ns1:imageobject pattern="Container"><ns1:imagedata fileref="../../../vol5/graphics/Wrightson01/Wrightson01-001.JPG" format="jpg" pattern="Meta"/></ns1:imageobject></ns1:mediaobject></ns1:figure><ns1:figure pattern="Container"><ns1:title pattern="Block">Sparse optionality</ns1:title><ns1:mediaobject pattern="Container"><ns1:imageobject pattern="Container"><ns1:imagedata fileref="../../../vol5/graphics/Wrightson01/Wrightson01-002.JPG" format="jpg" pattern="Meta"/></ns1:imageobject></ns1:mediaobject></ns1:figure><ns1:figure pattern="Container"><ns1:title pattern="Block">Alternative substructures</ns1:title><ns1:mediaobject pattern="Container"><ns1:imageobject pattern="Container"><ns1:imagedata fileref="../../../vol5/graphics/Wrightson01/Wrightson01-003.JPG" format="jpg" pattern="Meta"/></ns1:imageobject></ns1:mediaobject></ns1:figure><ns1:figure pattern="Container"><ns1:title pattern="Block">Selective use of a large vocabulary</ns1:title><ns1:mediaobject pattern="Container"><ns1:imageobject pattern="Container"><ns1:imagedata fileref="../../../vol5/graphics/Wrightson01/Wrightson01-004.JPG" format="jpg" pattern="Meta"/></ns1:imageobject></ns1:mediaobject></ns1:figure><ns1:para pattern="Block" structure="Paragraph ">A simple count provides a rough indication of the magnitude of the effect. Taking the content of the<ns1:code pattern="Atom">example</ns1:code>element only, in the first case, all steps are active. In the second, there are 5 idle steps out of 40, giving a crude efficiency measure of 87.5%. In the third case, 24 steps out of 40 are idle, i.e. 45% are active. In the final case, the majority of the steps relate to options not represented in the data, and only 4 steps out of 40 are active, i.e. 10%.</ns1:para><ns1:para pattern="Block" structure="Paragraph ">It must be emphasized that this is only a rough indication in principle; real effects will depend on a combination of data structures, application-level algorithms, programming language implementations, and operating system and processor strategies. However, even this crude analysis indicates the potential value of, for example, reconfiguring messages that have repetitive internal structure to use different element names in preference to naming elements by role and varying their internal structure, in order to provide easy opportunities for efficient data-parallel processing.</ns1:para></ns1:section></ns1:section></ns1:section><ns1:section pattern="HeadedContainer" structure="Section "><ns1:title pattern="Block" structure="SectionTitle ">Conclusion</ns1:title><ns1:para pattern="Block" structure="Paragraph ">Only experience will show conclusively what effect emerging architectures may have on processing XML and other markup language instances. It just might turn out that the under-the-hood gnomes in the new architectures are so clever that most document and data designers can safely ignore these issues. However, the factors discussed above suggest that developers and owners of XML vocabularies, document types and data architectures should give some thought to the effect of emerging architectures on the realities of platform-independence.</ns1:para><ns1:para pattern="Block" structure="Paragraph ">This paper has focussed strongly on XML instances, independent from schemas, data models and processing models. Thorough consideration of these from the perspective of platform independence on emerging archtitectures may well either show some of the concerns in the paper to be groundless, or (more likely) yield more refined guidance on design principles. In particular, it is worth noting that the functional style of XSLT, and the explicitly context-limited formal semantics of XQuery, are both favourable characteristics (<ns1:xref linkend="XQsem" pattern="Milestone"/>,<ns1:xref linkend="XDM" pattern="Milestone"/>,<ns1:xref linkend="XSLT2" pattern="Milestone"/>) .</ns1:para><ns1:para pattern="Block" structure="Paragraph ">Another possible area of further work would be to analyse data exchange complexity specifically for XML to XML data exchanges. Theoretical work on data exchange complexity mostly uses relational database schemas as a reference model of data structure, and the work on XML-to-XML data exchange that came to light in researching this paper (though well short of a thorough literature review on the topic) indicated a tendency to work from oversimplified models of XML without apparent knowledge of foundational XML-related work such as the XPath/XQuery data model and formal semantics.</ns1:para></ns1:section><ns1:bibliography pattern="HeadedContainer" structure="Section "><ns1:title pattern="Block" structure="SectionTitle ">References</ns1:title><ns1:bibliomixed xmlns:ns3="http://www.w3.org/XML/1998/namespace" xml:id="LeeZedem02" pattern="Block" xreflabel="Lee &amp; Zedem 2002">P Lee, Z Kedem<ns1:emphasis pattern="Inline">Automatic Data and Computation Decomposition on Distributed Memory Parallel Computers</ns1:emphasis>ACM Transactions on Programming Languages and Systems, Vol. 24, No. 1, January 2002, Pages 1Ã¢â&#130;¬â&#128;&#156;50. doi:<ns1:biblioid class="doi" pattern="Atom">10.1145/509705.509706</ns1:biblioid></ns1:bibliomixed><ns1:bibliomixed xmlns:ns3="http://www.w3.org/XML/1998/namespace" xml:id="ParLab09" pattern="Block" xreflabel="Par Lab 09">Asanovic, Bodik et al<ns1:emphasis pattern="Inline">A view of the parallel computing landscape.</ns1:emphasis>Commun. ACM 52, 10 (Oct. 2009), 56-67. doi:<ns1:biblioid class="doi" pattern="Atom">10.1145/1562764.1562783</ns1:biblioid></ns1:bibliomixed><ns1:bibliomixed xmlns:ns3="http://www.w3.org/XML/1998/namespace" xml:id="ParLab06" pattern="Block" xreflabel="Par Lab 06">Asanovic, Bodik et al<ns1:emphasis pattern="Inline">The Landscape of Parallel Computing Research: A View from Berkeley</ns1:emphasis>Technical Report No. UCB/EECS-2006-183 2006<ns1:link xmlns:ns2="http://www.w3.org/1999/xlink" ns2:actuate="onRequest" ns2:show="new" ns2:type="simple" pattern="Inline">http://www.eecs.berkeley.edu/Pubs/TechRpts/2006/EECS-2006-183.pdf</ns1:link></ns1:bibliomixed><ns1:bibliomixed xmlns:ns3="http://www.w3.org/XML/1998/namespace" xml:id="Seiler08" pattern="Block" xreflabel="Seiler et al 08">L Seiler et al<ns1:emphasis pattern="Inline">Larrabee: A Many-Core x86 Architecture for Visual Computing</ns1:emphasis>ACM Transactions on Graphics, Vol. 27, No. 3, Article 18 August 2008. doi:<ns1:biblioid class="doi" pattern="Atom">10.1145/1360612.1360617</ns1:biblioid></ns1:bibliomixed><ns1:bibliomixed xmlns:ns3="http://www.w3.org/XML/1998/namespace" xml:id="BSP90" pattern="Block" xreflabel="Valliant 90">L Valliant<ns1:emphasis pattern="Inline">A Bridging Model for Parallel Computation</ns1:emphasis>Communications of the ACM Vol.33, No.8 August 1990. doi:<ns1:biblioid class="doi" pattern="Atom">10.1145/79173.79181</ns1:biblioid></ns1:bibliomixed><ns1:bibliomixed xmlns:ns3="http://www.w3.org/XML/1998/namespace" xml:id="BSP96" pattern="Block" xreflabel="Skillicorn et al 96">D Skillicorn, J Hill and W McColl<ns1:emphasis pattern="Inline">Questions and Answers about BSP</ns1:emphasis>Oxford University Computing Laboratory PRG-TR-15-96 November 1996</ns1:bibliomixed><ns1:bibliomixed xmlns:ns3="http://www.w3.org/XML/1998/namespace" xml:id="PJ08" pattern="Block" xreflabel="Peyton Jones et al 08">S Peyton Jones et al<ns1:emphasis pattern="Inline">Harnessing the Multicores: Nested Data Parallelism in Haskell</ns1:emphasis>Foundations of Software Technology and Theoretical Computer Science (Bangalore) 2008.</ns1:bibliomixed><ns1:bibliomixed xmlns:ns3="http://www.w3.org/XML/1998/namespace" xml:id="Kol06" pattern="Block" xreflabel="Kolaitis et al 06">P Kolaitis, J Panttaja, W Tan<ns1:emphasis pattern="Inline">The Complexity of Data Exchange</ns1:emphasis>ACM SIGMOD-SIGACT-SIGART symposium on Principles of database systems (PODS) 2006. doi:<ns1:biblioid class="doi" pattern="Atom">10.1145/1142351.1142357</ns1:biblioid></ns1:bibliomixed><ns1:bibliomixed xmlns:ns3="http://www.w3.org/XML/1998/namespace" xml:id="XQsem" pattern="Block" xreflabel="XPath/XQuery formal semantics"><ns1:emphasis pattern="Inline">XQuery 1.0 and XPath 2.0 Formal Semantics</ns1:emphasis>W3C Recommendation 23 January 2007<ns1:link xmlns:ns2="http://www.w3.org/1999/xlink" ns2:actuate="onRequest" ns2:show="new" ns2:type="simple" pattern="Inline">http://www.w3.org/TR/xquery-semantics/</ns1:link></ns1:bibliomixed><ns1:bibliomixed xmlns:ns3="http://www.w3.org/XML/1998/namespace" xml:id="XDM" pattern="Block" xreflabel="XPath/XQuery data model"><ns1:emphasis pattern="Inline">XQuery 1.0 and XPath 2.0 Data Model (XDM)</ns1:emphasis>W3C Recommendation 23 January 2007<ns1:link xmlns:ns2="http://www.w3.org/1999/xlink" ns2:actuate="onRequest" ns2:show="new" ns2:type="simple" pattern="Inline">http://www.w3.org/TR/xpath-datamodel/</ns1:link></ns1:bibliomixed><ns1:bibliomixed xmlns:ns3="http://www.w3.org/XML/1998/namespace" xml:id="XSLT2" pattern="Block" xreflabel="XSLT 2.0"><ns1:emphasis pattern="Inline">XSL Transformations (XSLT) Version 2.0,</ns1:emphasis>W3C Recommendation 23 January 2007<ns1:link xmlns:ns2="http://www.w3.org/1999/xlink" ns2:actuate="onRequest" ns2:show="new" ns2:type="simple" pattern="Inline">http://www.w3.org/TR/xslt20/</ns1:link></ns1:bibliomixed><ns1:bibliomixed xmlns:ns3="http://www.w3.org/XML/1998/namespace" xml:id="PatHen09" pattern="Block" xreflabel="Patterson &amp; Hennessey 09">D Patterson, J Hennessey<ns1:emphasis pattern="Inline">Computer Organization and Design: The Hardware/Software Interface</ns1:emphasis>4th edition, Morgan Kaufmann 2009.</ns1:bibliomixed><ns1:bibliomixed xmlns:ns3="http://www.w3.org/XML/1998/namespace" xml:id="NESL" pattern="Block" xreflabel="Blelloch et al 94">G Blelloch et al<ns1:emphasis pattern="Inline">Implementation of a Portable Nested Data-Parallel Language</ns1:emphasis>Journal of Parallel and Distributed Computing, 21(1), April 1994. doi:<ns1:biblioid class="doi" pattern="Atom">10.1006/jpdc.1994.1038</ns1:biblioid></ns1:bibliomixed><ns1:bibliomixed xmlns:ns3="http://www.w3.org/XML/1998/namespace" xml:id="Dem02" pattern="Block" xreflabel="Demaine 02">E Demaine<ns1:emphasis pattern="Inline">Cache-Oblivious Algorithms and Data Structures</ns1:emphasis>EEF Summer School on Massive Data Sets June 27-July 1, 2002, BRICS, University of Aarhus, Denmark<ns1:link xmlns:ns2="http://www.w3.org/1999/xlink" ns2:actuate="onRequest" ns2:show="new" ns2:type="simple" pattern="Inline">http://www.brics.dk/MassiveData02/</ns1:link></ns1:bibliomixed><ns1:bibliomixed xmlns:ns3="http://www.w3.org/XML/1998/namespace" xml:id="BRICS02" pattern="Block" xreflabel="Massive Data Sets 02">EEF Summer School on Massive Data Sets 2002, BRICS, University of Aarhus, Denmark<ns1:link xmlns:ns2="http://www.w3.org/1999/xlink" ns2:actuate="onRequest" ns2:show="new" ns2:type="simple" pattern="Inline">http://www.brics.dk/MassiveData02/</ns1:link></ns1:bibliomixed><ns1:bibliomixed xmlns:ns3="http://www.w3.org/XML/1998/namespace" xml:id="HG09" pattern="Block" xreflabel="Head et al 09">M Head &amp; M Govindaraju<ns1:emphasis pattern="Inline">Performance enhancement with speculative execution based parallelism for processing large-scale xml-based application data</ns1:emphasis>18th ACM international symposium on High performance distributed computing 2009. doi:<ns1:biblioid class="doi" pattern="Atom">10.1145/1551609.1551615</ns1:biblioid></ns1:bibliomixed><ns1:bibliomixed xmlns:ns3="http://www.w3.org/XML/1998/namespace" xml:id="Wrightson05" pattern="Block" xreflabel="Wrightson 05">A Wrightson<ns1:emphasis pattern="Inline">Semantics of Well Formed XML as a Human and Machine Readable Language</ns1:emphasis>Extreme Markup Languages 2005</ns1:bibliomixed></ns1:bibliography></ns1:article>