<?xml version="1.0" encoding="UTF-8"?><ns1:article xmlns:ns1="http://docbook.org/ns/docbook" xmlns:ns3="http://www.w3.org/XML/1998/namespace" xml:id="Bal2009zhol0812" pattern="HeadedContainer" version="5.0-subset Balisage-1.2"><ns1:title pattern="Block" structure="Title ">TNTBase: Versioned Storage for XML</ns1:title><ns1:info pattern="Record" structure="FrontMatter "><ns1:confgroup pattern="Record"><ns1:conftitle pattern="Field">Balisage: The Markup Conference 2009</ns1:conftitle><ns1:confdates pattern="Field">August 11 - 14, 2009</ns1:confdates></ns1:confgroup><ns1:abstract pattern="Container"><ns1:para pattern="Block" structure="Paragraph ">Version control systems like CVS and Subversion have transformed collaboration workflows in software engineering and made possible the globally distributed project teams we know from the Open Source phenomenon. On the other hand, XML is coming of age as a basis for document formats, and even though XML as a text-based format is amenable to version control in principle, the fact that version control systems work on files makes difficult the integration of fragment access techniques like XPath, XQuery that are currently revolutionizing XML workflows.</ns1:para><ns1:para pattern="Block" structure="Paragraph ">In this paper we present the<ns1:emphasis pattern="Inline">TNTBase</ns1:emphasis>system, an open-source versioned XML database obtained by integrating Berkeley DB XML into the Subversion Server. The system is intended as a basis for collaborative editing and sharing XML-based documents. It integrates versioning and fragment access needed for fine-granular document content management.</ns1:para></ns1:abstract><ns1:author pattern="Record"><ns1:personname pattern="Record"><ns1:firstname pattern="Field">Vyacheslav</ns1:firstname><ns1:surname pattern="Field">Zholudev</ns1:surname></ns1:personname><ns1:personblurb pattern="Container"><ns1:para pattern="Block" structure="Paragraph ">Vyacheslav Zholudev graduated in May of 2007 from Saint-Petersburg State University with a Master degree in Computer Science. He is continuing his studies at Jacobs University Bremen as a Ph.D student. Since September of 2007 he has been part of the KWARC research group under the supervision of Prof. Michael Kohlhase.</ns1:para></ns1:personblurb><ns1:affiliation pattern="Record"><ns1:jobtitle pattern="Field">PhD Student</ns1:jobtitle><ns1:orgname pattern="Block">Jacobs University Bremen</ns1:orgname></ns1:affiliation><ns1:affiliation pattern="Record"><ns1:jobtitle pattern="Field">Research Assistant</ns1:jobtitle><ns1:orgname pattern="Block">DFKI Bremen</ns1:orgname></ns1:affiliation><ns1:email pattern="Field">v.zholudev@jacobs-university.de</ns1:email></ns1:author><ns1:author pattern="Record"><ns1:personname pattern="Record"><ns1:firstname pattern="Field">Michael</ns1:firstname><ns1:surname pattern="Field">Kohlhase</ns1:surname></ns1:personname><ns1:personblurb pattern="Container"><ns1:para pattern="Block" structure="Paragraph ">Dr. Michael Kohlhase is a professor for Computer Science at Jacobs University Bremen and Deputy Director of the German Research Center for Artificial Intelligence (DFKI).</ns1:para><ns1:para pattern="Block" structure="Paragraph ">He studied pure mathematics at the Universities of TÃ&#131;Â¼bingen and Bonn (1983-1989) and continued with computer science, in particular, higher-order unification and automated theorem proving (Ph.D. 1994, Saarland University). Since then, he has taken up research in computational logic, kwnowledge representation, and natural language semantics.</ns1:para><ns1:para pattern="Block" structure="Paragraph ">His current research interests include automated theorem proving and knowledge representation for mathematics, inference-based techniques for natural language processing, and computer-supported education. He has pursued these interests during extended visits to Carnegie Mellon University, SRI International, and the Universities of Amsterdam, Edinburgh, and Auckland.</ns1:para><ns1:para pattern="Block" structure="Paragraph ">Michael Kohlhase is a recipient of the dissertation award of the Association of German Artificial Intelligence Institutes (AKI; 1995) and of a Heisenberg stipend of the German Research Council (DFG 2000-2003). He was a member of the Special Research Action 378 (Resource-Adaptive Cognitive Processes), leading projects on both automated theorem proving and computational linguistics. Michael Kohlhase is trustee of the MKM and CALCULEMUS Conferences, a member of the W3C MathML working group, and the president of the OpenMath Society.</ns1:para></ns1:personblurb><ns1:affiliation pattern="Record"><ns1:jobtitle pattern="Field">Professor</ns1:jobtitle><ns1:orgname pattern="Block">Jacobs University Bremen</ns1:orgname></ns1:affiliation><ns1:affiliation pattern="Record"><ns1:jobtitle pattern="Field">Vice Director</ns1:jobtitle><ns1:orgname pattern="Block">DFKI Bremen</ns1:orgname></ns1:affiliation><ns1:email pattern="Field">m.kohlhase@jacobs-university.de</ns1:email></ns1:author><ns1:legalnotice pattern="Container"><ns1:para pattern="Block" structure="Paragraph ">Copyright Ã&#130;Â© 2009 Vyacheslav Zholudev, Michael Kohlhase. Licensed under the Creative Commons License (http://creativecommons.org/licenses/by-sa/3.0/).</ns1:para></ns1:legalnotice></ns1:info><ns1:section xml:id="intro" pattern="HeadedContainer" structure="Section "><ns1:title pattern="Block" structure="SectionTitle ">Introduction</ns1:title><ns1:para pattern="Block" structure="Paragraph ">With the rapid growth of computers and Internet resources the communication between humans became much more efficient. The number of electronic documents and the speed of communication are growing rapidly. We see the development of a deep web (web content stored in Databases) from which the surface Web (what we see in our browsers) is generated. With the merging of XML fragment access techniques (most notably URIs [<ns1:xref linkend="BLFM98" pattern="Milestone"/>] and XPath [<ns1:xref linkend="CD99" pattern="Milestone"/>,<ns1:xref linkend="BBC07" pattern="Milestone"/>]) and database techniques and the ongoing development of XML-based document formats, we are seeing the beginnings of a deep web of XML documents, where surface documents are assembled, aggregated and mashed up from background information in XML databases by techniques like XQuery [<ns1:xref linkend="XQu07" pattern="Milestone"/>], and document (fragment) collections are managed by XQuery Update [<ns1:xref linkend="XQU08" pattern="Milestone"/>].</ns1:para><ns1:para pattern="Block" structure="Paragraph ">At the same time, the Web is constantly changing - it has been estimated that 20% of the surface Web changes daily and 30% monthly [<ns1:xref linkend="CGM00" pattern="Milestone"/>,<ns1:xref linkend="FMNW03" pattern="Milestone"/>]. While archiving services like the<ns1:emphasis pattern="Inline" role="rom">Wayback Machine</ns1:emphasis>try to get a grip on this for the surface level, we really need an infrastructure for managing changes in the XML-based deep web.</ns1:para><ns1:para pattern="Block" structure="Paragraph ">Unfortunately, support for this has been very frugal. Version Control systems like CVS and Subversion [<ns1:xref linkend="SVN08" pattern="Milestone"/>] which have transformed collaboration workflows in software engineering are deeply text-based (wrt. diff/patch/merge) and do not integrate well with XML databases and XQuery. Some relational databases address temporal aspects [<ns1:xref linkend="DDL02" pattern="Milestone"/>], but this does not seem to have counterparts in the XML database or XQuery world. Wikis provide simple versioning functionalities, but these are largely hand-crafted into each system's (relational) database design.</ns1:para><ns1:para pattern="Block" structure="Paragraph ">In this paper we present the<ns1:emphasis pattern="Inline" role="ital">TNTBase</ns1:emphasis>system, an open-source versioned XML database obtained by integrating Berkeley DB XML [<ns1:xref linkend="Ber09b" pattern="Milestone"/>] into the Subversion Server [<ns1:xref linkend="SVN08" pattern="Milestone"/>]. The system is intended as an enabling technology that provides a basis for future XML-based document management systems that support collaborative editing and sharing by integrating the enabling technologies of versioning and fragment access needed for fine-granular document content management. Our aim is to make possible workflows and globally distributed project teams as we know them from Open Source projects.</ns1:para><ns1:para pattern="Block" structure="Paragraph ">The<ns1:emphasis pattern="Inline" role="ital">TNTBase</ns1:emphasis>system is developed in the context of the<ns1:emphasis pattern="Inline" role="ital">OMDoc</ns1:emphasis>project (Open Mathematical Documents [<ns1:xref linkend="omd" pattern="Milestone"/>,<ns1:xref linkend="Koh06" pattern="Milestone"/>]), an XML-based representation format for the structure of mathematical knowledge and communication. Correspondingly, the development requirements for the<ns1:emphasis pattern="Inline" role="ital">TNTBase</ns1:emphasis>come out of OMDoc-based applications and their storage needs. We are experimenting with a math search engine [<ns1:xref linkend="KS06" pattern="Milestone"/>], a collaborative community-based reader panta rhei [<ns1:xref linkend="pan" pattern="Milestone"/>], the semantic wiki SWiM [<ns1:xref linkend="Lan08" pattern="Milestone"/>], the learning system for mathematics ActiveMath [<ns1:xref linkend="Act08" pattern="Milestone"/>], and a system for the verification of statements about programs VeriFun [<ns1:xref linkend="Ver08" pattern="Milestone"/>].</ns1:para><ns1:para pattern="Block" structure="Paragraph ">But<ns1:emphasis pattern="Inline" role="ital">TNTBase</ns1:emphasis>as described here is independent of all of these and has no specialization to mathematical content. This will be added at another layer, re-implementing an earlier system [<ns1:xref linkend="FK00" pattern="Milestone"/>,<ns1:xref linkend="KF01" pattern="Milestone"/>,<ns1:xref linkend="FK06" pattern="Milestone"/>], but other XML-based systems could be supported as well, e.g. semantic Wikis like IkeWiKi [<ns1:xref linkend="Sch06" pattern="Milestone"/>], KiWi [<ns1:xref linkend="SEG09" pattern="Milestone"/>], eLearning Systems [<ns1:xref linkend="CNX08" pattern="Milestone"/>,<ns1:xref linkend="Tea06" pattern="Milestone"/>], scientific document archives, etc.</ns1:para><ns1:para pattern="Block" structure="Paragraph ">In the next section we will review the state of the art in versioning and XML databases, describing the two systems we combine and extend for<ns1:emphasis pattern="Inline" role="ital">TNTBase</ns1:emphasis>. In Section<ns1:xref linkend="sec_system" pattern="Milestone"/>we an overview of a<ns1:emphasis pattern="Inline" role="ital">TNTBase</ns1:emphasis>architecture and interfaces it exposes. To make an every part of the architecture picture clear we will continue with describing the core of<ns1:emphasis pattern="Inline" role="ital">TNTBase</ns1:emphasis>- the XML-enabled repository in Section<ns1:xref linkend="sec_xmlenrep" pattern="Milestone"/>and the Java accessory library in Section<ns1:xref linkend="sec_dbxmlaccessor" pattern="Milestone"/>. Section<ns1:xref linkend="sec_vfs" pattern="Milestone"/>showcases an advanced feature of<ns1:emphasis pattern="Inline" role="ital">TNTBase</ns1:emphasis>: Virtual Files. Section<ns1:xref linkend="sec_concl" pattern="Milestone"/>concludes the paper.</ns1:para></ns1:section><ns1:section xml:id="sec_state" pattern="HeadedContainer" structure="Section "><ns1:title pattern="Block" structure="SectionTitle ">State of the Art</ns1:title><ns1:para pattern="Block" structure="Paragraph ">The<ns1:emphasis pattern="Inline" role="ital">TNTBase</ns1:emphasis>system is based on two widespread open-source systems: Subversion and Berkeley DB XML. We provide a short description of those aspects of the systems that are relevant to TNTBase and discuss what is missing for versioned XML-storage.</ns1:para><ns1:section xml:id="rel_svn" pattern="HeadedContainer" structure="Section "><ns1:title pattern="Block" structure="SectionTitle ">Subversion</ns1:title><ns1:para pattern="Block" structure="Paragraph ">Subversion (SVN) is one of the most popular open-source client-server version control systems. On a server side SVN maintains versions and history of documents and directories in a repository. Users work with such a repository by<ns1:emphasis pattern="Inline" role="ital">checking out</ns1:emphasis>to a local working space the directory tree (a working copy). This maintenance is performed by the SVN client utility. After a working copy is checked out users can perform various actions with it [<ns1:xref linkend="CSFP04" pattern="Milestone"/>]: change, update from a repository or propagate changes back to a repository, changing properties of directories or files, merging different source trees, etc. The<ns1:emphasis pattern="Inline" role="ital">update</ns1:emphasis>command performs merging of a local working copy with the latest version in a repository. In case when automated merging is not solvable, a user has to edit conflicting files manually. Afterwards in order to propagate local changes back to a repository a user performs a<ns1:emphasis pattern="Inline" role="ital">commit</ns1:emphasis>. Using above mentioned commands comprises the typical workflow encountered by SVN users. We have covered only the basic concepts, but that is enough to get a rough conception of SVN. In Section<ns1:xref linkend="sec_xmlenrep" pattern="Milestone"/>we will show that the<ns1:emphasis pattern="Inline" role="ital">TNTBase</ns1:emphasis>core is a substitution of an SVN server.</ns1:para><ns1:para pattern="Block" structure="Paragraph ">SVN is not aware of content inside a repository (apart from distinguishing binary and text files). For SVN users it does not make a difference whether they store text files, PDFs or XSLT stylesheets. In particular, SVN does not support native XML processing like XML databases. By XML-processing we mean possibilities to query XML-documents, index them in order to improve querying performance, benefit from XQuery Update facilities [<ns1:xref linkend="XQU08" pattern="Milestone"/>] or utilize transactional mechanism in order to keep collection of XML documents consistent. Thus when we are talking about XML storing we should look at the XML-databases which is a subject of the next subsection.</ns1:para><ns1:para pattern="Block" structure="Paragraph ">Another limitation of SVN is that the smallest versioned entity in its repository is a file. But for some users it might be desirable to abstract away from the notion of files, and work with XML objects like a section in scientific papers in the DocBook format or theorems or proofs in mathematical documents. Roughly speaking, a user should be able to get away from the file metaphor (see [<ns1:xref linkend="MK08" pattern="Milestone"/>] for further ideas).</ns1:para></ns1:section><ns1:section xml:id="rel_bdbxml" pattern="HeadedContainer" structure="Section "><ns1:title pattern="Block" structure="SectionTitle ">Berkeley DB XML</ns1:title><ns1:para pattern="Block" structure="Paragraph ">Berkeley DB XML (DB XML) is an open-source, XML-native embedded database. Embeddedness means that it is distributed as a library with a number of API for various programming languages like C++, Java, Perl, Ruby and some others. This approach does not have an overhead by having surrounding environment like servlets or stand-alone servers. Also the embeddedness eliminates some database administration costs. DB XML is built on top of Berkeley DB [<ns1:xref linkend="Ber09a" pattern="Milestone"/>] which is used by such applications as SVN (the consequences of this are discussed in Section<ns1:xref linkend="sec_xmlenrep" pattern="Milestone"/>), the RPM Package Manager<ns1:xref linkend="RPM09" pattern="Milestone"/>, the MySQL database<ns1:xref linkend="MyS08" pattern="Milestone"/>and Postfix<ns1:xref linkend="Pos09" pattern="Milestone"/>, to name just a few of the most notable. Berkeley DB is an open source, embeddable database with zero administration; and DB XML inherits its advantages and features (e.g. portability, transactions, replications, easy deployment, etc.) from it. Naturally DB XML extends this with the typical XML-native database features: XQuery-based [<ns1:xref linkend="XQu07" pattern="Milestone"/>] access to documents (with XQuery Update facilities support), support of transactions, preparsed queries, content-based indexing, scalability, recovery and locking mechanisms and the ability to work in multi-threaded and multi-process environments. Furthermore DB XML has established a reputation of being a scalable and very productive XML-native database that makes it a good choice to base the<ns1:emphasis pattern="Inline" role="ital">TNTBase</ns1:emphasis>system on.</ns1:para><ns1:para pattern="Block" structure="Paragraph ">But unfortunately DB XML does not support versioning which is becoming more and more important when managing collections of XML documents. Some of the products [<ns1:xref linkend="Ipe09" pattern="Milestone"/>,<ns1:xref linkend="Mar09" pattern="Milestone"/>,<ns1:xref linkend="Ora09b" pattern="Milestone"/>] on the XML-native databases market actually support versioning in a way, but this versioning has a bunch of limitations in comparison to ordinary version control systems like SVN or CVS, and moreover they all have a commercial license. On the other hand there is no popular version control systems which treat XML in a special way. This should be a goal of<ns1:emphasis pattern="Inline" role="ital">TNTBase</ns1:emphasis>as well.</ns1:para></ns1:section></ns1:section><ns1:section xml:id="sec_system" pattern="HeadedContainer" structure="Section " xreflabel="The System Design and Interfaces"><ns1:title pattern="Block" structure="SectionTitle ">The System Design and Interfaces</ns1:title><ns1:para pattern="Block" structure="Paragraph ">The<ns1:emphasis pattern="Inline" role="ital">TNTBase</ns1:emphasis>architecture is presented in Figure<ns1:xref linkend="tntbase_figure" pattern="Milestone"/>. We tried to keep it simple and understandable for readers by not showing irrelevant parts of the system. The core of<ns1:emphasis pattern="Inline" role="ital">TNTBase</ns1:emphasis>is<ns1:emphasis pattern="Inline" role="ital">xSVN</ns1:emphasis>(see Section<ns1:xref linkend="sec_xmlenrep" pattern="Milestone"/>). It is managed by Apache's<ns1:emphasis pattern="Inline" role="ital">mod_dav_svn</ns1:emphasis>module or accessed by<ns1:emphasis pattern="Inline" role="ital">DB XML Accessor</ns1:emphasis>(see Section<ns1:xref linkend="sec_dbxmlaccessor" pattern="Milestone"/>) locally on the same machine. Apache's mod_dav_svn module exposes an HTTP interface exactly like it is done in SVN. Thereby a user of<ns1:emphasis pattern="Inline" role="ital">TNTBase</ns1:emphasis>is able to work with<ns1:emphasis pattern="Inline" role="ital">TNTBase</ns1:emphasis>repository exactly in the same way as with a normal SVN repository via HTTP protocol including Apache's SVN authentication via<ns1:emphasis pattern="Inline" role="ital">authz</ns1:emphasis>and<ns1:emphasis pattern="Inline" role="ital">groups</ns1:emphasis>files. The non-XML content can be managed as well in<ns1:emphasis pattern="Inline" role="ital">TNTBase</ns1:emphasis>, but only via discussed xSVN's HTTP interface.</ns1:para><ns1:figure floatstyle="1" xml:id="tntbase_figure" pattern="Container" structure="FigureBox " xreflabel="TNTBase architecture"><ns1:mediaobject pattern="Container"><ns1:imageobject pattern="Container"><ns1:imagedata fileref="../../../vol3/graphics/Zholudev01/Zholudev01-001.png" format="png" pattern="Meta" structure="Figure " width="100%"/></ns1:imageobject></ns1:mediaobject><ns1:caption pattern="Container"><ns1:para pattern="Block" structure="Paragraph ">TNTBase architecture</ns1:para></ns1:caption></ns1:figure><ns1:para pattern="Block" structure="Paragraph ">DB XML Accessor is able to work with XML-content in an xSVN repository. Actually it works directly only with a part of it, namely with an xSVN container by utilizing DB XML API. All indispensable information needed for XML-specific tasks is incorporated in a DB XML container using additional documents or metadata fields of documents.<ns1:emphasis pattern="Inline" role="ital">SVNKitAdapter</ns1:emphasis>comes into play when the revision information needs to be accessed, and acts as a mediator between an xSVN repository and DB XML Accessor. And in turn when DB XML Accessor intends to create a new revision in a \xSVN repository it also exploits SVNKitAdapter functionality. In Figure<ns1:xref linkend="tntbase_figure" pattern="Milestone"/>note that SVNKitAdapter does not work directly with \xSVN, but accesses it via HTTP as SVNKit [<ns1:xref linkend="SVN07" pattern="Milestone"/>] can not access BDB-based repositories via the local protocol. But because we expose SVN HTTP access, this is not a problem.</ns1:para><ns1:para pattern="Block" structure="Paragraph ">DB XML Accessor realizes a number of useful features but is able to access an xSVN repository only locally. In order to exhibit all its functionality to the world, RESTful interface of<ns1:emphasis pattern="Inline" role="ital">TNTBase</ns1:emphasis>is provided for users. The full specification can be found at<ns1:link xmlns:ns2="http://www.w3.org/1999/xlink" ns2:actuate="onRequest" ns2:show="new" ns2:type="simple" pattern="Inline">https://trac.mathweb.org/tntbase/wiki/info</ns1:link>, but to get a rough idea what a user is able to do with it, see Sections<ns1:xref linkend="sec_dbxmlaccessor" pattern="Milestone"/>and<ns1:xref linkend="sec_vfs" pattern="Milestone"/>devoted to the DB XML Accessor features. We use the Jersey [<ns1:xref linkend="Jer09" pattern="Milestone"/>] library to implement a RESTful interface in<ns1:emphasis pattern="Inline" role="ital">TNTBase</ns1:emphasis>. Jersey is a reference implementations of JAX-RS (JSR 311), the Java API for RESTful Web Services [<ns1:xref linkend="JSR09" pattern="Milestone"/>] and has simplified our implementation considerably.</ns1:para><ns1:para pattern="Block" structure="Paragraph ">Apart from RESTful interface,<ns1:emphasis pattern="Inline" role="ital">TNTBase</ns1:emphasis>provides a test web-form that allows users to play with a subset of the<ns1:emphasis pattern="Inline" role="ital">TNTBase</ns1:emphasis>functionality before using RESTful style of communication. For simple testing of RESTful interfaces we would suggest the Firefox plugin which could be found at<ns1:link xmlns:ns2="http://www.w3.org/1999/xlink" ns2:actuate="onRequest" ns2:show="new" ns2:type="simple" pattern="Inline">https://addons.mozilla.org/en-US/firefox/addon/9780</ns1:link>. Also an XML-content browser is available online that shows the<ns1:emphasis pattern="Inline" role="ital">TNTBase</ns1:emphasis>file system content including virtual files. Unfortunately<ns1:emphasis pattern="Inline" role="ital">TNTBase</ns1:emphasis>now supports authentication only when accessing its SVN interface. The united authentication for all interfaces is a subject for future work<ns1:footnote pattern="Popup" structure="Footnote "><ns1:para pattern="Block" structure="Paragraph ">see Ticket https://trac.mathweb.org/tntbase/ticket/3</ns1:para></ns1:footnote>.</ns1:para><ns1:para pattern="Block" structure="Paragraph ">Currently readers can access a test<ns1:emphasis pattern="Inline" role="ital">TNTBase</ns1:emphasis>system by two URLs: SVN interface at<ns1:link xmlns:ns2="http://www.w3.org/1999/xlink" ns2:actuate="onRequest" ns2:show="new" ns2:type="simple" pattern="Inline">https://alpha.tntbase.mathweb.org/repos/lectures/</ns1:link>and other interfaces at<ns1:link xmlns:ns2="http://www.w3.org/1999/xlink" ns2:actuate="onRequest" ns2:show="new" ns2:type="simple" pattern="Inline">http://alpha.tntbase.mathweb.org:8080/lectures/</ns1:link>. Additional information about<ns1:emphasis pattern="Inline" role="ital">TNTBase</ns1:emphasis>can be found on its TRAC page at<ns1:link xmlns:ns2="http://www.w3.org/1999/xlink" ns2:actuate="onRequest" ns2:show="new" ns2:type="simple" pattern="Inline">https://trac.mathweb.org/tntbase/</ns1:link>.</ns1:para></ns1:section><ns1:section xml:id="sec_xmlenrep" pattern="HeadedContainer" structure="Section " xreflabel="xSVN"><ns1:title pattern="Block" structure="SectionTitle ">xSVN, an XML-enabled Repository</ns1:title><ns1:para pattern="Block" structure="Paragraph ">The architecture of xSVN and thus<ns1:emphasis pattern="Inline" role="ital">TNTBase</ns1:emphasis>is motivated by the following observation: Both the SVN server and the DB XML library are based on Berkeley DB (BDB). The SVN server uses it to store repository information<ns1:footnote pattern="Popup" structure="Footnote "><ns1:para pattern="Block" structure="Paragraph ">In fact SVN can also use a file-system based storage back end (SVN FS), but this does not affect<ns1:emphasis pattern="Inline" role="ital">TNTBase</ns1:emphasis>.</ns1:para></ns1:footnote>, and DB XML uses for storing raw bytes of XML and for supporting consistency, recoverability and transactions. Moreover, transactions can be shared between BDB and DB XML. Let us look at the situation in more detail<ns1:footnote pattern="Popup" structure="Footnote "><ns1:para pattern="Block" structure="Paragraph ">The more comprehensive information could be found at<ns1:link xmlns:ns2="http://www.w3.org/1999/xlink" ns2:actuate="onRequest" ns2:show="new" ns2:type="simple" pattern="Inline">http://svn.collab.net/repos/svn/trunk/subversion/libsvn_fs_base/notes/structure</ns1:link>for the full story</ns1:para></ns1:footnote>.</ns1:para><ns1:para pattern="Block" structure="Paragraph ">The SVN BDB-based file system uses multiple tables to store different repository information like information about locks, revisions, transactions, files, and directories, etc.. The two important tables for us are<ns1:emphasis pattern="Inline" role="ital">representations</ns1:emphasis>and<ns1:emphasis pattern="Inline" role="ital">strings</ns1:emphasis>. The<ns1:emphasis pattern="Inline" role="ital">strings</ns1:emphasis>table stores only raw bytes and one entry of this table could be any of these:<ns1:itemizedlist pattern="Table" structure="List "><ns1:listitem pattern="Container"><ns1:para pattern="Block" structure="Paragraph ">a file's contents or a delta<ns1:footnote pattern="Popup" structure="Footnote "><ns1:para pattern="Block" structure="Paragraph ">a difference between two versions of the same entity (directory entry lists, files, property lists) in a special format</ns1:para></ns1:footnote>that reconstructs file contents</ns1:para></ns1:listitem><ns1:listitem pattern="Container"><ns1:para pattern="Block" structure="Paragraph ">a directory entry list in special format called<ns1:emphasis pattern="Inline" role="ital">skel</ns1:emphasis>or a delta that reconstructs a directory entry list skel</ns1:para></ns1:listitem><ns1:listitem pattern="Container"><ns1:para pattern="Block" structure="Paragraph ">a property list skel or a delta that reconstructs a property list skel</ns1:para></ns1:listitem></ns1:itemizedlist></ns1:para><ns1:figure floatstyle="1" xml:id="xsvn_figure" pattern="Container" structure="FigureBox " xreflabel="xSVN Repository"><ns1:mediaobject pattern="Container"><ns1:imageobject pattern="Container"><ns1:imagedata fileref="../../../vol3/graphics/Zholudev01/Zholudev01-002.png" format="png" pattern="Meta" structure="Figure " width="100%"/></ns1:imageobject></ns1:mediaobject><ns1:caption pattern="Container"><ns1:para pattern="Block" structure="Paragraph ">xSVN Repository</ns1:para></ns1:caption></ns1:figure><ns1:para pattern="Block" structure="Paragraph ">From looking at a<ns1:emphasis pattern="Inline" role="ital">strings</ns1:emphasis>entry alone there is no way to tell what kind of data it represents; the SVN server uses the<ns1:emphasis pattern="Inline" role="ital">representations</ns1:emphasis>table for this. Its entries are links that address entries in the<ns1:emphasis pattern="Inline" role="ital">strings</ns1:emphasis>table together with information about what kind of<ns1:emphasis pattern="Inline" role="ital">strings</ns1:emphasis>entry it references, and - if it is a delta - what it is a delta against. Note that the SVN server stores only the youngest revision (called the<ns1:emphasis pattern="Inline" role="ital">head revision</ns1:emphasis>) explicitly in the<ns1:emphasis pattern="Inline" role="ital">strings</ns1:emphasis>table. Other revisions of whatever entity (a file, a directory or a property list) are re-computed by recursively applying inverse deltas from the head revision.</ns1:para><ns1:para pattern="Block" structure="Paragraph ">To extend SVN to xSVN (an<ns1:emphasis pattern="Inline" role="ital">XML-enabled repository</ns1:emphasis>), we only need to subjoin the DB XML library to SVN and add a new type of entry in the<ns1:emphasis pattern="Inline" role="ital">representations</ns1:emphasis>table that points to the last version of that document in the DB XML<ns1:emphasis pattern="Inline" role="ital">container</ns1:emphasis>(see Figure<ns1:xref linkend="xsvn_figure" pattern="Milestone"/>). Containers are entities in DB XML that are used for storing XML documents in. Literally, a container is a file on disk that contains all the data associated with your documents, including metadata and indices. For every xSVN repository we use only one container located in the same folder as BDB tables, and therefore it allows us to share the same BDB environment exploited by an SVN back end.</ns1:para><ns1:para pattern="Block" structure="Paragraph ">From an end-user perspective there is no difference between SVN and xSVN: all the SVN commands are still available and have the same behavior. But for XML documents the internals are different. Assume that we commit a newly added XML file<ns1:footnote pattern="Popup" structure="Footnote "><ns1:para pattern="Block" structure="Paragraph ">xSVN considers a file as an XML document if its extension is<ns1:emphasis pattern="Inline" role="ital">.xml</ns1:emphasis>or its<ns1:emphasis pattern="Inline" role="ital">svn:mime-type</ns1:emphasis>property is set to either<ns1:emphasis pattern="Inline" role="ital">text/xml</ns1:emphasis>or<ns1:emphasis pattern="Inline" role="ital">application/xml</ns1:emphasis>. This behavior can be easily adapted, for instance, by checking if a file starts with<ns1:emphasis pattern="Inline" role="ital">&lt;?xml</ns1:emphasis>. Even now an SVN repository administrator can benefit from using automated property setting, i.e. associate certain file extensions with<ns1:emphasis pattern="Inline" role="ital">text/xml</ns1:emphasis><ns1:emphasis pattern="Inline" role="ital">svn:mime-type</ns1:emphasis>property. For example,<ns1:emphasis pattern="Inline" role="ital">*.xslt</ns1:emphasis>or<ns1:emphasis pattern="Inline" role="ital">*.xsd</ns1:emphasis>would obtain<ns1:emphasis pattern="Inline" role="ital">text/xml</ns1:emphasis>mime-type on adding to a working copy and therefore will be treated as XML files for xSVN.</ns1:para></ns1:footnote>. Its content does not go to the<ns1:emphasis pattern="Inline" role="ital">strings</ns1:emphasis>table, but instead a file is added to DB XML container with a name which is equal to the reference key stored in the also newly created<ns1:emphasis pattern="Inline" role="ital">representations</ns1:emphasis>entry of<ns1:emphasis pattern="Inline" role="ital">DB XML full-text</ns1:emphasis>type. When we commit a number of files and even one of the XML files is not well-formed then the commit fails and no data are added into an xSVN repository, which conforms to the notion of a transaction in SVN and DB XML. When we want to checkout or update a working copy, xSVN knows what files are stored in DB XML, and those files are read from a DB XML container. Another important thing is the scenario when we commit another version of an XML file. The older revision is deleted from DB XML, the newer revision is added to DB XML and a delta between these revisions are stored in the<ns1:emphasis pattern="Inline" role="ital">strings</ns1:emphasis>table. This delta has a normal text SVN format, and the SVN deltification algorithms have not been changed in xSVN. Thus we are still able to receive older revisions of XML documents. For non-XML files the workflow of xSVN is absolutely the same as in SVN: data are stored in the same BDB tables, and the code behaves entirely in the same way. Thereby we are also able to store text or binary data in xSVN which can supplement the collection of XML files (e.g. licensing information or generated out of XML PDFs). And moreover we can add or commit XML and non-XML files in the same transaction.</ns1:para><ns1:para pattern="Block" structure="Paragraph ">As was mentioned above, xSVN deltification algorithms are inherited from normal SVN. The natural course of things for XML storage would be to substitute or extend these algorithms by XML-diff algorithms. We currently decided against this because SVN is a very complex system with differencing algorithms being an evidence of it. The more parts are subject for replacement or modification, the more efforts it requires and the less stable system becomes in comparison with the original well-tested one. Moreover, the text-based diff-algorithms are efficient, fast and reliable, nicely fit in with SVN architecture (to be precise, they are a part of it). Finally, it is not clear that there is any advantage to changing the deltification<ns1:emphasis pattern="Inline" role="ital">on the server</ns1:emphasis>. It is however clear that XML differencing brings great advantages<ns1:emphasis pattern="Inline" role="ital">in the client</ns1:emphasis>both in terms of smaller and less invasive deltas, and more informative conflict resolution strategies. But for transport in the server these "semantic differences" can be transformed into text-based diffs. If future research turns up advantages for supporting "semantic differences" in the server, we will integrate this into the xSVN server, otherwise we leave semantic differencing to the client layer integrated into<ns1:emphasis pattern="Inline" role="ital">TNTBase</ns1:emphasis>.</ns1:para><ns1:para pattern="Block" structure="Paragraph ">In conclusion: xSVN, as we presented it so far, offers a versioned XML storage, but without additional modules it is useless as the only difference from SVN is that it refuses to commit ill-formed XML documents.</ns1:para></ns1:section><ns1:section xml:id="sec_dbxmlaccessor" pattern="HeadedContainer" structure="Section " xreflabel="DB XML Accessor"><ns1:title pattern="Block" structure="SectionTitle ">The DB XML Accessor Library</ns1:title><ns1:para pattern="Block" structure="Paragraph ">So far we have introduced xSVN, an enhanced in our sense SVN, which stores the last revisions of XML files in DB XML instead of BDB. The next decision was to implement a Java library (DB XML Accessor) for internal usage which will serve as another brick to build the<ns1:emphasis pattern="Inline" role="ital">TNTBase</ns1:emphasis>system. So we have a DB XML container that contains all of the newest revisions of XML files, and we have a Java API for accessing this container. How do we proceed?</ns1:para><ns1:section xml:id="sec_querying" pattern="HeadedContainer" structure="Section " xreflabel="Querying XML Documents"><ns1:title pattern="Block" structure="SectionTitle ">Querying XML Documents</ns1:title><ns1:para pattern="Block" structure="Paragraph ">We will start with a short description how querying is done in DB XML and in DB XML Accessor. As in nearly every XML-native database, the query language in DB XML is XQuery. To address the whole container in DB XML we use<ns1:emphasis pattern="Inline" role="ital">collection('dbxml:/&lt;container_name&gt;')</ns1:emphasis>. To access a particular document in a container DB XML uses<ns1:emphasis pattern="Inline" role="ital">doc('dbxml:/&lt;container_name&gt;/&lt;doc_name_inside_container&gt;')</ns1:emphasis>syntax.</ns1:para><ns1:para pattern="Block" structure="Paragraph ">DB XML Accessor utilizes slightly extended and simplified syntax of accessing documents in a DB XML container. Since we have only one container in xSVN, to access all documents in a container just use<ns1:emphasis pattern="Inline" role="ital">collection()</ns1:emphasis>, to access a particular document use<ns1:emphasis pattern="Inline" role="ital">doc(&lt;path_to_doc&gt;)</ns1:emphasis>.</ns1:para><ns1:para pattern="Block" structure="Paragraph ">Here we should say something about how the latter query is transformed to DB XML syntax. As we mentioned in Section<ns1:xref linkend="sec_xmlenrep" pattern="Milestone"/>, we use reference keys from the<ns1:emphasis pattern="Inline" role="ital">representations</ns1:emphasis>table as documents names in DB XML. There is another way to preserve a path and a document name in DB XML. To accomplish this DB XML document metadata are used. Each document in a container can have an arbitrary set of metadata fields of different types. This metadata could be also indexed by DB XML, which might improve performance of particular queries. So when xSVN adds a new XML document into a container, it also sets a document location in a repository, a document name and a full path of a document. For instance, if we have a document<ns1:emphasis pattern="Inline" role="ital">paper.xml</ns1:emphasis>in the<ns1:emphasis pattern="Inline" role="ital">/Balisage</ns1:emphasis>folder, then the location in a repository would be<ns1:emphasis pattern="Inline" role="ital">/Balisage</ns1:emphasis>, the document name -<ns1:emphasis pattern="Inline" role="ital">paper.xml</ns1:emphasis>, and the full path -<ns1:emphasis pattern="Inline" role="ital">/Balisage/paper.xml</ns1:emphasis>. At first glance this information might seem redundant, especially taking into account that xSVN stores all of these in BDB tables. But by this approach we do not lose much except some storage space and writing performance when index of metadata should be updated. But we gain much more, now we are independent in DB XML Accessor from BDB tables, and each of the metadata fields can improve performance on particular queries which deal with documents paths.</ns1:para><ns1:para pattern="Block" structure="Paragraph ">Thanks to the mentioned above metadata fields, it is possible to access a subset of documents in a container. For this one should use<ns1:emphasis pattern="Inline" role="ital">collection(&lt;arbitrary_path&gt;)</ns1:emphasis>in DB XML Accessor. For example<ns1:emphasis pattern="Inline" role="ital">collection(/doc*//test//paper??.xml)</ns1:emphasis>would address all documents which names corresponds to the pattern<ns1:emphasis pattern="Inline" role="ital">paper??.xml</ns1:emphasis>(a '?' is just a wildcard) and they contain<ns1:emphasis pattern="Inline" role="ital">test</ns1:emphasis>directory in the path and the first directory of which starts with<ns1:emphasis pattern="Inline" role="ital">doc</ns1:emphasis>.</ns1:para><ns1:para pattern="Block" structure="Paragraph ">Also DB XML Accessor exposes methods for retrieving contents and paths of documents which are located at some arbitrary paths. Wildcards or '//', which stands for an arbitrary number of subfolders in a path, could also be used. All these queries would not be so efficient if we did not introduce a file system concept in xSVN container. Why did we have to introduce a file system? The answer is simple: DB XML does not have any hierarchical structure inside its containers. The next sections explains how we have introduced it.</ns1:para></ns1:section><ns1:section xml:id="sec_fs" pattern="HeadedContainer" structure="Section " xreflabel="File System in an xSVN Container"><ns1:title pattern="Block" structure="SectionTitle ">File System in an xSVN Container</ns1:title><ns1:para pattern="Block" structure="Paragraph ">We already introduced the file path metadata fields in Section<ns1:xref linkend="sec_querying" pattern="Milestone"/>. Using them it is possible to reproduce the file system tree, but unfortunately it is not always efficiently. Assume that we want to find out what directories and files are located in a particular folder. For this we would have to execute a substring query on our file path metadata field. If a DB XML container contains a huge collection of documents then we could have a big delay while performing a seemingly simple task. The solution was to introduce ad-hoc XML documents in an xSVN container, one for each directory. We call such XML documents as<ns1:emphasis pattern="Inline" role="ital">file system documents (FSDs)</ns1:emphasis>. FSDs have a special name format:<ns1:emphasis pattern="Inline" role="ital">tnt:&lt;directory_path&gt;</ns1:emphasis>. Each of these FSDs contains a list of directory entries in XML format. For example for directory<ns1:emphasis pattern="Inline" role="ital">/Balisage/papers</ns1:emphasis>we might have the following FSD inside an xSVN container (its name is<ns1:emphasis pattern="Inline" role="ital">tnt:/Balisage/papers/</ns1:emphasis>):</ns1:para><ns1:programlisting xml:space="preserve" pattern="Block">&lt;entries xmlns="http://tntbase.mathweb.org/ns"&gt; &lt;dir name="sources"/&gt; &lt;dir name="references"/&gt; &lt;file name="paper_zholudev.xml"/&gt; &lt;file name="paper_kohlhase.xml"/&gt; &lt;vfile name="notations.vf" id="dbxml_54"/&gt; &lt;!--will be explained later --&gt; &lt;/entries&gt;</ns1:programlisting><ns1:para pattern="Block" structure="Paragraph ">Now we can easily and efficiently find out about entries in the particular directory using XQuery. Here we should mention that such FSDs exist only for a folder which contain XML files or folders which contain XML files. Thereby we do not interfere with other content of an xSVN repository like text files or images. xSVN takes care about consistency in such FSDs, e.g. if a folder becomes empty after deletion of XML files, then the corresponding FSD is removed from a DB XML container and the folder is removed from the parent's folder entries and so on recursively. Also if we add some XML files to a newly created folder, then the file system structure is created recursively.</ns1:para></ns1:section><ns1:section xml:id="sec_write" pattern="HeadedContainer" structure="Section " xreflabel="Write Access to TNTBase"><ns1:title pattern="Block" structure="SectionTitle ">Write Access to<ns1:emphasis pattern="Inline" role="ital">TNTBase</ns1:emphasis></ns1:title><ns1:para pattern="Block" structure="Paragraph ">So far we discussed only how to retrieve content and query an xSVN container by DB XML Accessor. But is it possible to write to xSVN using DB XML Accessor, or perform an XQUpdate query? The answer is positive. Then the next question arises, what would happen with revisions of XML files inside an xSVN repository? Shortly the answer is that the updated XML files will get a new revision in xSVN, then will be deltified, and a delta will be stored in BDB. Thus all history of modifications will be preserved. Let us discuss how we have accomplished that.</ns1:para><ns1:para pattern="Block" structure="Paragraph ">In DB XML Accessor we use the<ns1:emphasis pattern="Inline" role="ital">SVNKitAdapter</ns1:emphasis>library, which is based on the SVNKit - a Java library that re-implements the SVN client functionality. This allows us to work directly with an xSVN repository without a need to have a local working copy. In particular, SVNKit follows the SVN protocol to makes sure that no changes are lost on a commit; it forces an in-memory update and construct a delta between the local and the (updated) head revision. Only this delta is sent to a repository by SVNKit. But things get more complicated if we intend to modify an XML document by XQUpdate facilities. Then DB XML Accessor substitutes the original XQUpdate with a transform function (see [<ns1:xref linkend="XQU08" pattern="Milestone"/>] for more details), which returns a modified document but does not modify a document internally in DB XML. Then this modified part is sent via SVNKitAdapter to xSVN in the usual way: SVNKit creates a new revision of a file and stores a delta against the previous version. Thus we can again retrieve a version of a file before executing XQUpdate. The xSVN log message would tell users how this change has occurred.</ns1:para></ns1:section><ns1:section pattern="HeadedContainer" structure="Section "><ns1:title pattern="Block" structure="SectionTitle ">Querying Previous Revisions</ns1:title><ns1:para pattern="Block" structure="Paragraph ">Even though the xSVN container only stores the head revision of XML files we can query previous revisions of XML files: DB XML Accessor can<ns1:emphasis pattern="Inline" role="ital">cache</ns1:emphasis>XML files in the same xSVN container for the respective revision. Then we are able to query XML files exactly like we describe it in Section<ns1:xref linkend="sec_querying" pattern="Milestone"/>but additionally providing a revision of interest. Note that only those files that have been cached before will be queried. Analogously we can remove a set of documents from a cache. Then they will not be queried. The advantage of this approach is that we choose manually the interesting subset of a revision thereby avoiding redundant filling of an xSVN container and eliminating unnecessary results. Also we are able to cache the single file unlike SVN when we are able to checkout or export only folders. Note that we can even cache the head revision, even though the head xSVN container already contains it. This can be useful when we intend to query against the documents of an exact revision: documents of the head revision can evolve, but cached documents remain the same.</ns1:para><ns1:para pattern="Block" structure="Paragraph ">All caching is mediated by SVNKitAdapter, which retrieves the necessary revisions from an xSVN repository. Then these revisions are added to a DB XML container with a special metadata field that denotes a revision number. This metadata field is also indexed, which improves performance on querying. All XML documents of the latest revision have a revision meta field equal to '-1'. This field allows us to distinguish different revisions when querying without loosing performance. In order to cache the latest revision, one should provide the exact number of it.</ns1:para></ns1:section><ns1:section xml:id="sec_caching" pattern="HeadedContainer" structure="Section " xreflabel="Caching Query Results"><ns1:title pattern="Block" structure="SectionTitle ">Caching Query Results</ns1:title><ns1:para pattern="Block" structure="Paragraph ">DB XML Accessor can cache query results in situations where a query incurs a large processing load, but the files that contribute to a query result change rarely. The user must simply pass a corresponding option to a query engine and receive a unique access handle with the computed result. Of course it is also possible to clean an xSVN container from cached results if they are not needed any longer or became obsolete. Internally, DB XML Accessor stores query results as separate documents. To distinguish them from e.g. FSDs introduced in Section<ns1:xref linkend="sec_vfs" pattern="Milestone"/>, we introduce a<ns1:emphasis pattern="Inline" role="ital">type</ns1:emphasis>metadata field which is also applied for virtual files (see Section<ns1:xref linkend="sec_vfs" pattern="Milestone"/>).</ns1:para></ns1:section></ns1:section><ns1:section xml:id="sec_vfs" pattern="HeadedContainer" structure="Section " xreflabel="Virtual Files"><ns1:title pattern="Block" structure="SectionTitle ">Virtual Files</ns1:title><ns1:para pattern="Block" structure="Paragraph ">In this section we introduce a powerful concept - a<ns1:emphasis pattern="Inline" role="ital">Virtual File (VF)</ns1:emphasis>. A VF is a<ns1:emphasis pattern="Inline" role="ital">TNTBase</ns1:emphasis>file system entity which is a result of a particular XQuery expression, i.e. a VF is characterized by XQuery expression and a revision number this expression operates on. For instance if we create a VF with XQuery that returns the list of references from all scientific papers in a repository, then the content of a VF would be the list of references.</ns1:para><ns1:section pattern="HeadedContainer" structure="Section "><ns1:title pattern="Block" structure="SectionTitle ">Creating a Virtual File and Getting Information about Virtual Files</ns1:title><ns1:para pattern="Block" structure="Paragraph ">A VF is a file system entity that records the following information:</ns1:para><ns1:itemizedlist pattern="Table" structure="List "><ns1:listitem pattern="Container"><ns1:para pattern="Block" structure="Paragraph ">an XQuery expression together with a list of namespace declarations which are used by it. The VF contents are determined by this XQUery expression. If XQuery provided is not valid, then TNTBase notifies the user and does not create the VF.</ns1:para></ns1:listitem><ns1:listitem pattern="Container"><ns1:para pattern="Block" structure="Paragraph ">a revision number that a VF operates on. Note that if we did not cache any documents for that revision, then the content of a VF will be empty.</ns1:para></ns1:listitem><ns1:listitem pattern="Container"><ns1:para pattern="Block" structure="Paragraph ">a description of what a VF does. This will simplify understanding for other users of VF intention. This field can be blank of course.</ns1:para></ns1:listitem><ns1:listitem pattern="Container"><ns1:para pattern="Block" structure="Paragraph ">a VF path in a repository. It will be not allowed to create a VF if a file system entity already exists in the specified path. Even though it is possible to create a VF in folders which do not exist yet. In this case a directory structure will be created automatically.</ns1:para></ns1:listitem></ns1:itemizedlist><ns1:para pattern="Block" structure="Paragraph ">For instance, if somebody is interested in all definitions from mathematical documents in a folder where a VF is being created, then (s)he can provide the following information to DB XML Accessor:</ns1:para><ns1:itemizedlist pattern="Table" structure="List "><ns1:listitem pattern="Container"><ns1:para pattern="Block" structure="Paragraph ">XQuery:<ns1:emphasis pattern="Inline" role="ital">collection(./*.omdoc)//ns:definitions</ns1:emphasis>together with the namespaces:<ns1:emphasis pattern="Inline" role="ital">(ns, http://www.mathweb.org/omdoc)</ns1:emphasis>. Note that the first '.' in the XQuery means the folder where a VF is being created.</ns1:para></ns1:listitem><ns1:listitem pattern="Container"><ns1:para pattern="Block" structure="Paragraph ">Revision number:<ns1:emphasis pattern="Inline" role="ital">-1</ns1:emphasis>. Stands for the latest revision</ns1:para></ns1:listitem><ns1:listitem pattern="Container"><ns1:para pattern="Block" structure="Paragraph ">Description:<ns1:emphasis pattern="Inline" role="ital">This VF returns all definitions from the current folder</ns1:emphasis></ns1:para></ns1:listitem><ns1:listitem pattern="Container"><ns1:para pattern="Block" structure="Paragraph ">Path:<ns1:emphasis pattern="Inline" role="ital">/omdoc/theories/defs.vf</ns1:emphasis>. A VF<ns1:emphasis pattern="Inline" role="ital">defs.vf</ns1:emphasis>will be created in the folder<ns1:emphasis pattern="Inline" role="ital">/omdoc/theories</ns1:emphasis></ns1:para></ns1:listitem></ns1:itemizedlist><ns1:para pattern="Block" structure="Paragraph ">After a VF has been created, one can easily retrieve its 'content', i.e. in our example all definitions in OMDoc documents in the<ns1:emphasis pattern="Inline" role="ital">/omdoc/theories</ns1:emphasis>folder. For the sake of example, a reader might also find useful Figure<ns1:xref linkend="vf_figure" pattern="Milestone"/>.</ns1:para><ns1:figure floatstyle="1" xml:id="vf_figure" pattern="Container" structure="FigureBox " xreflabel="Definitions virtual file"><ns1:mediaobject pattern="Container"><ns1:imageobject pattern="Container"><ns1:imagedata fileref="../../../vol3/graphics/Zholudev01/Zholudev01-003.jpg" format="jpg" pattern="Meta" structure="Figure " width="80%"/></ns1:imageobject></ns1:mediaobject><ns1:caption pattern="Container"><ns1:para pattern="Block" structure="Paragraph ">Definitions virtual file</ns1:para></ns1:caption></ns1:figure><ns1:para pattern="Block" structure="Paragraph ">That is a typical creation procedure that is supported by DB XML Accessor. When a VF is created a new entity is added to a corresponding FSD. This entity is called<ns1:emphasis pattern="Inline" role="ital">vfile</ns1:emphasis>and also contains a name of a newly created DB XML document that encapsulates information about a VF. We call such a document as a<ns1:emphasis pattern="Inline" role="ital">VF encapsulated document (VFED)</ns1:emphasis>. To retrieve the content of a VF the corresponding FSD is checked for the VF. If a VF exists, then a name of a VFED is read. When we know the name of a VFED, then we are able to receive an XQuery expression from that document. As soon as we have an XQuery expression we can execute it and deliver results to a user. Namespace declarations which have been provided during a creation of a VF are used during XQuery execution and are stored in a VFED.</ns1:para><ns1:para pattern="Block" structure="Paragraph ">VFEDs are tagged with the metadata field<ns1:emphasis pattern="Inline" role="ital">type</ns1:emphasis>discussed in Section<ns1:xref linkend="sec_caching" pattern="Milestone"/>. Therefore we can easily pick out only VFs and retrieve information about them in an xSVN container like their descriptions, revisions they operate on, their names, etc. Thus we are not get lost in the variety of VFs that users might have created.</ns1:para></ns1:section><ns1:section pattern="HeadedContainer" structure="Section "><ns1:title pattern="Block" structure="SectionTitle ">Caching and Querying Virtual Files</ns1:title><ns1:para pattern="Block" structure="Paragraph ">To make VFs more like VIEWS in relational data bases, DB XML Accessor also allows them to be queried, but only if their content has been cached. This allows the user to specify which VFs participate in querying. Note that if XML files which form the content of a VF have been changed, the cache of a VF is not changed. This is a target for a future work<ns1:footnote pattern="Popup" structure="Footnote "><ns1:para pattern="Block" structure="Paragraph ">see Ticket<ns1:link xmlns:ns2="http://www.w3.org/1999/xlink" ns2:actuate="onRequest" ns2:show="new" ns2:type="simple" pattern="Inline">https://trac.mathweb.org/tntbase/ticket/50</ns1:link></ns1:para></ns1:footnote>. Caching also might be useful when a user intends to receive a content of a VF quickly and is sure that the cache contains up-to-date data. This is especially worthwhile when an XQuery expression of a VF is computationally expensive.</ns1:para><ns1:para pattern="Block" structure="Paragraph ">When DB XML Accessor receives a command to cache a content of a VF (during creation of a VF, receiving VF's content or just via simple re-cache command), then the VF's content is stored in an xSVN container in the corresponding VFED. Results are wrapped in the special XML elements that are indexed. When querying VFs a user should use the same query syntax as (s)he uses for usual XML documents. That is possible because each VFED contains metadata fields for a VF path and its name. So for DB XML Accessor it does not make too much difference what is being queried: XML documents of the latest revision, cached documents of former revisions or VFs.</ns1:para></ns1:section><ns1:section pattern="HeadedContainer" structure="Section "><ns1:title pattern="Block" structure="SectionTitle ">Editing Virtual Files</ns1:title><ns1:para pattern="Block" structure="Paragraph ">We complete this section by introducing another operation that could be performed on VFs. We are talking about editing VFs, i.e. in some cases (which we will explain a bit later) it is possible to retrieve a VF for editing, modify it and submit changes back. Then the files from which a VF was formed will be modified in xSVN and will receive a new revision. Returning back to our example with a VF that contains definitions of mathematical objects, if we modify all definitions in this file, then all OMDoc files in the folder<ns1:emphasis pattern="Inline" role="ital">/omdoc/theories</ns1:emphasis>that contain definitions will be modified accordingly and committed to xSVN.</ns1:para><ns1:para pattern="Block" structure="Paragraph ">This approach has a number of limitations, some of them are quite obvious and straightforward:</ns1:para><ns1:itemizedlist pattern="Table" structure="List "><ns1:listitem pattern="Container"><ns1:para pattern="Block" structure="Paragraph ">A VF we intend to modify should operate on the latest revision, since we can not change a particular revision in xSVN, because once committed a revision becomes persistent in a repository.</ns1:para></ns1:listitem><ns1:listitem pattern="Container"><ns1:para pattern="Block" structure="Paragraph ">We can edit only those VFs whose results are elements of some XML documents in DB XML, to be precise attributes or XML nodes. We rely on DB XML query engine to figure that out. If a result type is an XML node or attribute from DB XML point of view then we allow to edit such elements and show them in a list of results to be modified. But we can not edit pure text values which come from XML elements since text elements could be mixed with other XML elements, and when we retrieve such a text we lose the information before/after which nested element this text element has come from.</ns1:para></ns1:listitem><ns1:listitem pattern="Container"><ns1:para pattern="Block" structure="Paragraph ">The VF content is a set of results. Every result should be wrapped in a special XML element that contains the special information to allow DB XML Accessor to propagate changes back to original files. A user is only allowed to edit inside such elements, otherwise important information could be lost.</ns1:para></ns1:listitem></ns1:itemizedlist><ns1:para pattern="Block" structure="Paragraph ">This allow us to get rid of a notion of files in a way and operate on the level of objects and version them, although internally in xSVN the minimal versioned entity is still a file. Let us provide an example of the VF that contains a list of creators in OMDoc files.</ns1:para><ns1:programlisting xml:space="preserve" pattern="Block">&lt;?xml version="1.0" encoding="UTF-8"?&gt; &lt;tnt:vfile name="defs.vf" mode="edit" xmlns:tnt="http://tntbase.mathweb.org/ns" xmlns="http://www.mathweb.org/omdoc" xmlns:dc="http://purl.org/dc/elements/1.1/"&gt; &lt;tnt:note&gt; WARNING: do not edit 'results' elements, edit only within them! Otherwise TNTBase will not be able to version the corresponding original files! Appending additional result elements may harm your TNTBase content. Additional elements under 'tnt:vfile' other than 'tnt:result' will be ignored &lt;/tnt:note&gt; &lt;tnt:result file_path="/ecc.omdoc" element_path="/omdoc/metadata" element_name="dc:creator" element_type="element" id="1"&gt; &lt;dc:creator role="trl"&gt;Michael Kohlhase&lt;/dc:creator&gt; &lt;/tnt:result&gt; &lt;tnt:result file_path="/ecc.omdoc" element_path="/omdoc/metadata" element_name="dc:creator" element_type="element" id="2"&gt; &lt;dc:creator role="ant"&gt;The OpenMath Society&lt;/dc:creator&gt; &lt;/tnt:result&gt; &lt;tnt:result file_path="/omstd/arithmetics1.omdoc" element_path="/omdoc/ symbol/metadata" element_name="dc:creator" element_type="element" id="3"&gt; &lt;dc:creator role="ant"&gt;The TNTBase Society&lt;/dc:creator&gt; &lt;/tnt:result&gt; &lt;/tnt:vfile&gt;</ns1:programlisting><ns1:para pattern="Block" structure="Paragraph ">This file is obtained for editing and as was discussed above contain wrappers with a set of attributes. Elements with the same name and path in the same documents are distinguished by the<ns1:emphasis pattern="Inline" role="ital">id</ns1:emphasis>attribute.</ns1:para><ns1:para pattern="Block" structure="Paragraph ">A couple of words how it is realized in DB XML Accessor. As we can see out of the example, every result of a VF is wrapped in a special XML element that contains the information about an original document, a path in the original document, a name of an element, a type of an element (an attribute or a node) and a unique id. All these items allow us to construct a unified XQUpdate expression for an every modified original document. So in our example, if we modify each element, then it means that we should propagate changes to two documents:<ns1:emphasis pattern="Inline" role="ital">/ecc.omdoc</ns1:emphasis>and<ns1:emphasis pattern="Inline" role="ital">/omstd/arithmetics1.omdoc</ns1:emphasis>. For the former one XQUpdate will contain two replacement statements, for the latter one - only one replacement statement. Then the technique described in Section<ns1:xref linkend="sec_write" pattern="Milestone"/>is applied.</ns1:para></ns1:section></ns1:section><ns1:section xml:id="sec_concl" pattern="HeadedContainer" structure="Section " xreflabel="Conclusion and Future Work"><ns1:title pattern="Block" structure="SectionTitle ">Conclusion and Future Work</ns1:title><ns1:para pattern="Block" structure="Paragraph ">We have presented the<ns1:emphasis pattern="Inline" role="ital">TNTBase</ns1:emphasis>system, a versioned XML database system that can act as a storage solution for an XML-based deep web. The implementation effort has reached a state, where the system has enough features to be used in experimental applications.<ns1:emphasis pattern="Inline" role="ital">TNTBase</ns1:emphasis>may significantly ease implementation and experimentation of XML-based applications, as it allows us to offload the storage layer to a separate system. Moreover users which require only versioning functionality may use<ns1:emphasis pattern="Inline" role="ital">TNTBase</ns1:emphasis>as a version control system whereas more exigent users can experiment with additional features of the system.</ns1:para><ns1:para pattern="Block" structure="Paragraph ">The next development goals will be to stabilize the system further, to improve performance and extend it with special infrastructure for the OMDoc language. As an extended case study we want to develop<ns1:emphasis pattern="Inline" role="ital">TNTBase</ns1:emphasis>into an archive and content management system for scientific publications and semi-formal theories. A practical limitation that needs to be overcome on the way to this is the lack of a unified authentication and rights management subsystem.</ns1:para><ns1:figure floatstyle="1" xml:id="example_figure" pattern="Container" structure="FigureBox " xreflabel="Distributed Scientific Publishing"><ns1:mediaobject pattern="Container"><ns1:imageobject pattern="Container"><ns1:imagedata fileref="../../../vol3/graphics/Zholudev01/Zholudev01-004.png" format="png" pattern="Meta" structure="Figure " width="100%"/></ns1:imageobject></ns1:mediaobject><ns1:caption pattern="Container"><ns1:para pattern="Block" structure="Paragraph ">Distributed Scientific Publishing</ns1:para></ns1:caption></ns1:figure><ns1:para pattern="Block" structure="Paragraph ">In the near future, we want to study how the difference-based architecture inherent in version control systems can be extended to a distribution model. Consider for instance the situation in Figure<ns1:xref linkend="example_figure" pattern="Milestone"/>: Michael started to work on his paper with future intentions to propagate it to Jacobs University. During the creation Normen wants to have a cache copy of a Michael's paper on his computer and look after the changes. From time to time Michael pushes his work to Jacobs University and the corresponding people at Jacobs checks the correctness of the paper. Then assume Figure<ns1:xref linkend="example_figure" pattern="Milestone"/>(b). When everything is done from Michael's side he wants to pass the rights for primary editing to university and only receive updates from it. Notice that Normen still depends on the Michael's updates. Now Jacobs University propagates its changes of the paper to some Journal and its stuff validates the correctness. Here is the same scenario as with Michael and Jacobs University in Figure<ns1:xref linkend="example_figure" pattern="Milestone"/>(a). Finally (see Figure<ns1:xref linkend="example_figure" pattern="Milestone"/>(c)) Jacobs University passes the rights for original editing of the paper to a Journal (like Michael did with Jacobs) and Normen decides to switch the source of cached copy to Jacobs since he thinks that Jacobs contains more actual information. We assume that all the individuals and institutions in our examples are running<ns1:emphasis pattern="Inline" role="ital">TNTBase</ns1:emphasis>installations that store the relevant documents. Some instance of these are "originals", others are working copies that are updated from them and that commit to them. Crucially the<ns1:emphasis pattern="Inline" role="ital">TNTBase</ns1:emphasis>take over all the necessary caching and communication of differences to make the process transparent and effortless to the users. The preliminary idea is to implement a client library inside a<ns1:emphasis pattern="Inline" role="ital">TNTBase</ns1:emphasis>web application that will be taught to speak to other instances of<ns1:emphasis pattern="Inline" role="ital">TNTBase</ns1:emphasis>and receive information from them. This library would exploit the SVNKitAdapter module, which will be in charge of checking compatibility of documents versions and commit or update necessary paths in an xSVN repository.</ns1:para><ns1:para pattern="Block" structure="Paragraph ">Also our plans include the further work regarding virtual files. Some efficiency improvements should be done as well as more intelligent caching should be implemented. By "more intelligent" here we mean that the cache of virtual files should be updated automatically when the original files in a repository which form a VF content are changed. That would also mean the gain of performance since every time when we receive a content of a VF or query it, we can be sure that the cache is up-to-date and we do not need to regenerate it.</ns1:para><ns1:para pattern="Block" structure="Paragraph ">Finally, we plan to extend the XQuery family of languages with primitives for versioning to develop the full potential of the<ns1:emphasis pattern="Inline" role="ital">TNTBase</ns1:emphasis>system. The main operations here will be the propagation of changes, conflicts and non-interference judgments along semantic dependency relation; see [<ns1:xref linkend="MK08" pattern="Milestone"/>] for first ideas. Currently much of the necessary content relations are language-dependent, but we will try to distill query and propagation primitives that can be implemented in the<ns1:emphasis pattern="Inline" role="ital">TNTBase</ns1:emphasis>system level.</ns1:para></ns1:section><ns1:bibliography pattern="HeadedContainer" structure="Section "><ns1:title pattern="Block" structure="SectionTitle ">Bibliography</ns1:title><ns1:bibliomixed xml:id="Act08" pattern="Block" xreflabel="Act08"><ns1:emphasis pattern="Inline" role="ital">ActiveMath</ns1:emphasis>, seen September 2008. Web page at<ns1:link xmlns:ns2="http://www.w3.org/1999/xlink" ns2:actuate="onRequest" ns2:show="new" ns2:type="simple" pattern="Inline">http://www.activemath.org/</ns1:link>.</ns1:bibliomixed><!--bibliomixed xml:id="ArX07a" xreflabel="ArX07a"> <emphasis role="ital">arXiv.org</emphasis> e-Print archive, seen December2007. Web page at <link>http://www.arxiv.org</link>. </bibliomixed> <bibliomixed xml:id="ArX07b" xreflabel="ArX07b"> <emphasis role="ital">arXMLiv</emphasis>: Translating the arXiv to XML+MathML, seen December 2007. Web page at <link>http://kwarc.info/projects/arXMLiv/</link>. </bibliomixed--><ns1:bibliomixed xml:id="BBC07" pattern="Block" xreflabel="BBC+07">Anders Berglund, Scott Boag, Don Chamberlin, Mary F. Fernandez, Michael Kay, Jonathan Robie, and Jerome Simeon. XML Path Language (XPath) Version 2.0. W3C recommendation, The World Wide Web Consortium, January 2007.</ns1:bibliomixed><ns1:bibliomixed xml:id="Ber09a" pattern="Block" xreflabel="Ber09a">Berkeley DB, seen January 2009. Available at<ns1:link xmlns:ns2="http://www.w3.org/1999/xlink" ns2:actuate="onRequest" ns2:show="new" ns2:type="simple" pattern="Inline">http://www.oracle.com/technology/products/berkeley-db/index.html</ns1:link>.</ns1:bibliomixed><ns1:bibliomixed xml:id="Ber09b" pattern="Block" xreflabel="Ber09b">Berkeley DB XML, seen January 2009. Available at<ns1:link xmlns:ns2="http://www.w3.org/1999/xlink" ns2:actuate="onRequest" ns2:show="new" ns2:type="simple" pattern="Inline">http://www.oracle.com/database/berkeley-db/xml/index.html</ns1:link>.</ns1:bibliomixed><ns1:bibliomixed xml:id="BLFM98" pattern="Block" xreflabel="BLFM98">Tim Berners-Lee, R. Fielding, and L. Masinter. Uniform Resource Identifiers (URI), Generic Syntax. RFC 2717, Internet Engineering Task Force, 1998.</ns1:bibliomixed><ns1:bibliomixed xml:id="CD99" pattern="Block" xreflabel="CD99">James Clark and Steve DeRose. XML Path Language (XPath) Version 1.0. W3C recommendation, The World Wide Web Consortium, November 1999.</ns1:bibliomixed><ns1:bibliomixed xml:id="CGM00" pattern="Block" xreflabel="CGM00">J. Cho and H. Garcia-Molina. The evolution of the web and implications for an incremental crawler. In Proc. of the 26th International Conference on Very Large Databases, pages 200-209, 2000.</ns1:bibliomixed><ns1:bibliomixed xml:id="CNX08" pattern="Block" xreflabel="CNX08"><ns1:emphasis pattern="Inline" role="ital">Connexions</ns1:emphasis>. Web page at<ns1:link xmlns:ns2="http://www.w3.org/1999/xlink" ns2:actuate="onRequest" ns2:show="new" ns2:type="simple" pattern="Inline">http://cnx.org</ns1:link>, seen June 2008.</ns1:bibliomixed><ns1:bibliomixed xml:id="CSFP04" pattern="Block" xreflabel="CSFP04">Ben Collins-Sussman, Brian W. Fitzpatrick, and Michael Pilato.<ns1:emphasis pattern="Inline">Version Control With Subversion</ns1:emphasis>. O'Reilly &amp; Associates, Inc., Sebastopol, CA, USA, 2004.</ns1:bibliomixed><ns1:bibliomixed xml:id="DDL02" pattern="Block" xreflabel="DDL02">C.J. Date, Hugh Darwen, and Nikos Lorentzos.<ns1:emphasis pattern="Inline">Temporal Data &amp; the Relational Model</ns1:emphasis>. The Morgan Kaufmann Series in Data Management Systems. Morgan Kaufmann, 2002.</ns1:bibliomixed><ns1:bibliomixed xml:id="FK00" pattern="Block" xreflabel="FK00">Andreas Franke and Michael Kohlhase. System description:<ns1:emphasis pattern="Inline">MBase</ns1:emphasis>, an open mathematical knowledge base. In David McAllester, editor,<ns1:emphasis pattern="Inline">Automated Deduction - CADE-17</ns1:emphasis>, number 1831 in LNAI, pages 455-459. Springer Verlag, 2000.</ns1:bibliomixed><ns1:bibliomixed xml:id="FK06" pattern="Block" xreflabel="FK06">Andreas Franke and Michael Kohlhase. MBase, an open mathematical knowledge base. In OMDoc -<ns1:emphasis pattern="Inline">An open markup format for mathematical documents [Version 1.2]</ns1:emphasis>[Koh06], chapter 26.4.</ns1:bibliomixed><ns1:bibliomixed xml:id="FMNW03" pattern="Block" xreflabel="FMNW03">Dennis Fetterly, Mark Manasse, Marc Najork, and Janet Wiener. A large-scale study of the evolution of web pages. In WWW2003. ACM Press, 2003.</ns1:bibliomixed><ns1:bibliomixed xml:id="Ipe09" pattern="Block" xreflabel="Ipe09">Ipedo XML Database, seen March 2009. Available at<ns1:link xmlns:ns2="http://www.w3.org/1999/xlink" ns2:actuate="onRequest" ns2:show="new" ns2:type="simple" pattern="Inline">http://www.ipedo.com/html/ipedo_xml_db.html</ns1:link>.</ns1:bibliomixed><ns1:bibliomixed xml:id="Jer09" pattern="Block" xreflabel="Jer09">Reference Implementation for building RESTful Web services, seen April 2009. Available at<ns1:link xmlns:ns2="http://www.w3.org/1999/xlink" ns2:actuate="onRequest" ns2:show="new" ns2:type="simple" pattern="Inline">https://jersey.dev.java.net/</ns1:link>.</ns1:bibliomixed><ns1:bibliomixed xml:id="JSR09" pattern="Block" xreflabel="JSR09">JSR 311: JAX-RS: The Java API for RESTful Web Services, seen April 2009. Available at<ns1:link xmlns:ns2="http://www.w3.org/1999/xlink" ns2:actuate="onRequest" ns2:show="new" ns2:type="simple" pattern="Inline">https://jsr311.dev.java.net/nonav/releases/1.0/index.html</ns1:link>.</ns1:bibliomixed><ns1:bibliomixed xml:id="KF01" pattern="Block" xreflabel="KF01">Michael Kohlhase and Andreas Franke. MBase: Representing knowledge and context for the integration of mathematical software systems.<ns1:emphasis pattern="Inline">Journal of Symbolic Computation; Special Issue on the Integration of Computer Algebra and Deduction Systems</ns1:emphasis>, 32(4):365-402, 2001. doi:<ns1:biblioid class="doi" pattern="Atom">10.1006/jsco.2000.0468</ns1:biblioid>.</ns1:bibliomixed><ns1:bibliomixed xml:id="Koh06" pattern="Block" xreflabel="Koh06">Michael Kohlhase. OMDoc -<ns1:emphasis pattern="Inline">An open markup format for mathematical documents [Version 1.2]</ns1:emphasis>. Number 4180 in LNAI. Springer Verlag, 2006.</ns1:bibliomixed><ns1:bibliomixed xml:id="Koh08" pattern="Block" xreflabel="Koh08">Michael Kohlhase. Using LaTeX as a semantic markup format. Mathematics in Computer Science, 2008. doi:<ns1:biblioid class="doi" pattern="Atom">10.1007/s11786-008-0055-5</ns1:biblioid>.</ns1:bibliomixed><ns1:bibliomixed xml:id="KS06" pattern="Block" xreflabel="KS06">Michael Kohlhase and Ioan Sucan. A search engine for mathematical formulae. In Tetsuo Ida, Jacques Calmet, and Dongming Wang, editors,<ns1:emphasis pattern="Inline">Proceedings of Artificial Intelligence and Symbolic Computation</ns1:emphasis>, AISC'2006, number 4120 in LNAI, pages 241-253. Springer Verlag, 2006. doi:<ns1:biblioid class="doi" pattern="Atom">10.1007/11856290_21</ns1:biblioid>.</ns1:bibliomixed><ns1:bibliomixed xml:id="Lan08" pattern="Block" xreflabel="Lan08">Christoph Lange. SWiM: A semantic wiki for mathematical knowledge management. Web page at<ns1:link xmlns:ns2="http://www.w3.org/1999/xlink" ns2:actuate="onRequest" ns2:show="new" ns2:type="simple" pattern="Inline">http://kwarc.info/projects/swim/</ns1:link>, seen October 2008.</ns1:bibliomixed><ns1:bibliomixed xml:id="Mar09" pattern="Block" xreflabel="Mar09">MarkLogic Server, seen March 2009. Available at<ns1:link xmlns:ns2="http://www.w3.org/1999/xlink" ns2:actuate="onRequest" ns2:show="new" ns2:type="simple" pattern="Inline">http://www.marklogic.com/product/marklogic-server.html</ns1:link>.</ns1:bibliomixed><ns1:bibliomixed xml:id="Mil07" pattern="Block" xreflabel="Mil07">Bruce Miller.<ns1:emphasis pattern="Inline">LaTeXML</ns1:emphasis>: A LaTeX to xml converter. Web Manual at<ns1:link xmlns:ns2="http://www.w3.org/1999/xlink" ns2:actuate="onRequest" ns2:show="new" ns2:type="simple" pattern="Inline">http://dlmf.nist.gov/LaTeXML/</ns1:link>, seen September2007.</ns1:bibliomixed><ns1:bibliomixed xml:id="MK08" pattern="Block" xreflabel="MK08">Normen Mueller and Michael Kohlhase. Fine-Granular Version Control &amp; Redundancy Resolution. In Joachim Baumeister and Martin Atzmueller, editors,<ns1:emphasis pattern="Inline">Wissens- und Erfahrungsmanagement LWA (Lernen, Wissensentdeckung und Adaptivitaet) Conference Proceedings</ns1:emphasis>, volume 448, 2008.</ns1:bibliomixed><ns1:bibliomixed xml:id="MyS08" pattern="Block" xreflabel="MyS08">Mysql, seen June 2008. Homepage at http://www.mysql.com/.</ns1:bibliomixed><ns1:bibliomixed xml:id="omd" pattern="Block" xreflabel="omd">The OMDoc repository. Web page at<ns1:link xmlns:ns2="http://www.w3.org/1999/xlink" ns2:actuate="onRequest" ns2:show="new" ns2:type="simple" pattern="Inline">http://omdoc.org</ns1:link>.</ns1:bibliomixed><ns1:bibliomixed xml:id="Ora09a" pattern="Block" xreflabel="Ora09a">Oracle Database, seen April 2009. Available at<ns1:link xmlns:ns2="http://www.w3.org/1999/xlink" ns2:actuate="onRequest" ns2:show="new" ns2:type="simple" pattern="Inline">http://www.oracle.com/database/index.html</ns1:link>.</ns1:bibliomixed><ns1:bibliomixed xml:id="Ora09b" pattern="Block" xreflabel="Ora09b">Oracle XML DB, seen April 2009. Available at<ns1:link xmlns:ns2="http://www.w3.org/1999/xlink" ns2:actuate="onRequest" ns2:show="new" ns2:type="simple" pattern="Inline">http://www.oracle.com/technology/tech/xml/xmldb/index.html</ns1:link>.</ns1:bibliomixed><ns1:bibliomixed xml:id="pan" pattern="Block" xreflabel="pan">The panta rhei Project.<ns1:link xmlns:ns2="http://www.w3.org/1999/xlink" ns2:actuate="onRequest" ns2:show="new" ns2:type="simple" pattern="Inline">http://trac.kwarc.info/panta-rhei</ns1:link>. Seen March 2009.</ns1:bibliomixed><ns1:bibliomixed xml:id="Pos09" pattern="Block" xreflabel="Pos09">Postfix, seen May 2009. Homepage at http://www.postfix.org/.</ns1:bibliomixed><ns1:bibliomixed xml:id="RPM09" pattern="Block" xreflabel="RPM09">The rpm package manager, seen May 2009. Homepage at http://www.rpm.org/.</ns1:bibliomixed><ns1:bibliomixed xml:id="Sch06" pattern="Block" xreflabel="Sch06">Sebastian Schaffert. IkeWiki: A semantic wiki for collaborative knowledge management. In<ns1:emphasis pattern="Inline">1st International Workshop on Semantic Technologies in Collaborative Applications STICA 06, Manchester, UK</ns1:emphasis>, June 2006.</ns1:bibliomixed><ns1:bibliomixed xml:id="SEG09" pattern="Block" xreflabel="SEG09">Sebastian Schaffert, Julia Eder, Szaby Gr&#127;unwald, Thomas Kurz, Mihai Radulescu, Rolf Sint, and Stephanie Stroka. KiWi - a platform for semantic social software. In Christoph Lange, Sebastian Schaffert, Hala Skaf-Molli, and Max Voelkel, editors,<ns1:emphasis pattern="Inline">Proceedings of the 4th Workshop on Semantic Wikis, European Semantic Web Conference 2009</ns1:emphasis>, Hersonissos, Greece, June 2009. In press.</ns1:bibliomixed><ns1:bibliomixed xml:id="SVN07" pattern="Block" xreflabel="SVN07">SVNKit - The only pure Java Subversion library in the world!, seen September 2007. Available at<ns1:link xmlns:ns2="http://www.w3.org/1999/xlink" ns2:actuate="onRequest" ns2:show="new" ns2:type="simple" pattern="Inline">http://svnkit.com/</ns1:link>.</ns1:bibliomixed><ns1:bibliomixed xml:id="SVN08" pattern="Block" xreflabel="SVN08">Subversion, seen June 2008. Available at<ns1:link xmlns:ns2="http://www.w3.org/1999/xlink" ns2:actuate="onRequest" ns2:show="new" ns2:type="simple" pattern="Inline">http://subversion.tigris.org/</ns1:link>.</ns1:bibliomixed><ns1:bibliomixed xml:id="Tea06" pattern="Block" xreflabel="Tea06">Connexions Team. Connexions: Sharing knowledge and building communities. White paper at<ns1:link xmlns:ns2="http://www.w3.org/1999/xlink" ns2:actuate="onRequest" ns2:show="new" ns2:type="simple" pattern="Inline">http://cnx.org/aboutus/publications/ConnexionsWhitePaper.pdf</ns1:link>, 2006.</ns1:bibliomixed><ns1:bibliomixed xml:id="Ver08" pattern="Block" xreflabel="Ver08">VeriFun: A verifier for functional programs, seen February 2008. System homepage at<ns1:link xmlns:ns2="http://www.w3.org/1999/xlink" ns2:actuate="onRequest" ns2:show="new" ns2:type="simple" pattern="Inline">http://www.verifun.de/</ns1:link>.</ns1:bibliomixed><ns1:bibliomixed xml:id="XQu07" pattern="Block" xreflabel="XQu07">XQuery: An XML Query Language, seen December 2007. Available at<ns1:link xmlns:ns2="http://www.w3.org/1999/xlink" ns2:actuate="onRequest" ns2:show="new" ns2:type="simple" pattern="Inline">http://www.w3.org/TR/xquery/</ns1:link>.</ns1:bibliomixed><ns1:bibliomixed xml:id="XQU08" pattern="Block" xreflabel="XQU08">XQUpdate: XQuery Update Facility 1.0, seen February 2008. Available at<ns1:link xmlns:ns2="http://www.w3.org/1999/xlink" ns2:actuate="onRequest" ns2:show="new" ns2:type="simple" pattern="Inline">http://www.w3.org/TR/xquery-update-10/</ns1:link>.</ns1:bibliomixed></ns1:bibliography></ns1:article>