<?xml version="1.0" encoding="UTF-8"?><ns1:article xmlns:ns1="http://docbook.org/ns/docbook" pattern="HeadedContainer" version="5.0-subset Balisage-1.2"><ns1:title pattern="Block">Standards considered harmful</ns1:title><ns1:info pattern="Record"><ns1:confgroup pattern="Record"><ns1:conftitle pattern="Field">Balisage: The Markup Conference 2009</ns1:conftitle><ns1:confdates pattern="Field">August 11 - 14, 2009</ns1:confdates></ns1:confgroup><ns1:abstract pattern="Container"><ns1:para pattern="Block">Standards and shared specifications allow us to share data, build general purpose tools, and significantly reduce training and customization costs and startup time. That is, the use of appropriate specifications can help us reduce costs, reduce startup time, and increase quality, usability, and reusability of content. Some vigorous standards proponents insist that the more standards used the better. To them I say<ns1:quote pattern="Inline">mind your own business and let me mind my own store</ns1:quote>. They argue that using standards is always the right thing to do, because it enables re-use and interchange. Maybe so. But adoption of a standard that supports an activity that is not central to your mission is a distraction, an unwarranted expense, a bad idea.</ns1:para></ns1:abstract><ns1:author pattern="Record"><ns1:personname pattern="Record"><ns1:firstname pattern="Field">B. Tommie</ns1:firstname><ns1:surname pattern="Field">Usdin</ns1:surname></ns1:personname><ns1:personblurb pattern="Container"><ns1:para pattern="Block">B. Tommie Usdin is President of Mulberry Technologies, Inc., a consultancy specializing in XML and SGML. Ms. Usdin has been working with SGML since 1985 and has been a supporter of XML since 1996. She chairs the Balisage conference and was co-editor of<ns1:emphasis pattern="Inline">Markup Languages: Theory &amp; Practice</ns1:emphasis>published by the MIT Press. Ms. Usdin has developed DTDs, Schemas, and XML/SGML application frameworks for applications in government and industry. Projects include reference materials in medicine, science, engineering, and law; semiconductor documentation; historical and archival materials. Distribution formats have included print books, magazines, and journals, and both web- and media-based electronic publications. You can read more about her at<ns1:link xmlns:ns2="http://www.w3.org/1999/xlink" ns2:actuate="onRequest" ns2:href="http://www.mulberrytech.com/people/usdin/index.html" ns2:show="new" ns2:type="simple" pattern="Inline">http://www.mulberrytech.com/people/usdin/index.html</ns1:link>.</ns1:para></ns1:personblurb><ns1:affiliation pattern="Record"><ns1:orgname pattern="Block">Mulberry Technologies, Inc.</ns1:orgname></ns1:affiliation></ns1:author><ns1:legalnotice pattern="Container"><ns1:para pattern="Block">Copyright Ã&#130;Â© 2009 by the author. Used with permission.</ns1:para></ns1:legalnotice></ns1:info><ns1:note pattern="Container"><ns1:title pattern="Block">EditorÃ¢â&#130;¬Ë&#156;s Note</ns1:title><ns1:para pattern="Block">This talk was given in the opening session of Ã¢â&#130;¬Å&#147;Balisage: The Markup ConferenceÃ¢â&#130;¬ï¿½ 2009.</ns1:para></ns1:note><ns1:para pattern="Block"><ns1:quote pattern="Inline">Standards considered harmful.</ns1:quote>Actually, when it occurred to me that I might want to call a talk that, it occurred to me that<ns1:quote pattern="Inline">XYZ considered harmful</ns1:quote>talks were probably harmful. I thought about that, and I did a little browsing around, and learned that actually several people have given conference talks or written essays about<ns1:quote pattern="Inline">harmful</ns1:quote>essays being harmful. And I decided that proves itÃ¢â&#130;¬â&#132;¢s a clichÃ&#131;Â©, and thereÃ¢â&#130;¬â&#132;¢s nothing wrong with clichÃ&#131;Â©s, so here I am talking about standards considered harmful. And as in most<ns1:quote pattern="Inline">harmful</ns1:quote>-considered papers, what IÃ¢â&#130;¬â&#132;¢m really saying is: Reflexive or mindless use of standards or mindless application of standards that are not applicable is harmful.</ns1:para><ns1:section pattern="HeadedContainer"><ns1:title pattern="Block">Standards Bullying</ns1:title><ns1:para pattern="Block">We have, unfortunately I think, reached a stage in the evolution of markup and markup specifications and standards where we not only have a multitude of them, if not an excess, but we also have generated ourselves some religious fanatics about them. I am not really fond of fanatics of any sort Ã¢â&#130;¬â&#128;&#157; I think political fanatics make me even crazier than religious fanatics Ã¢â&#130;¬â&#128;&#157; but in either case application without reason or encouragement of application without reason is harmful. And itÃ¢â&#130;¬â&#132;¢s easier to fall into than you would think.</ns1:para><ns1:para pattern="Block"><ns1:quote pattern="Inline">Standards bullying</ns1:quote>often comes in innocuous and helpful-sounding guises.<ns1:quote pattern="Inline">Best practice</ns1:quote>is one that frequently makes my skin crawl.<ns1:quote pattern="Inline">Oh, you canÃ¢â&#130;¬â&#132;¢t do that! ItÃ¢â&#130;¬â&#132;¢s best practice to Ã¢â&#130;¬Â¦.</ns1:quote>IÃ¢â&#130;¬â&#132;¢m going to talk about that some more in a minute, and we have a [conference] panel talking about<ns1:quote pattern="Inline">best practices</ns1:quote>tomorrow.</ns1:para><ns1:para pattern="Block"><ns1:quote pattern="Inline">It would be more standards-compliant if you did this instead of that.</ns1:quote>How many times have people outside your projects<ns1:quote pattern="Inline">reminded</ns1:quote>you of requirements you must meet? Those are the people who really make me anxious. A lot of these<ns1:quote pattern="Inline">requirements</ns1:quote>translate to<ns1:quote pattern="Inline">You should spend a lot of your money and your time and your energy doing something that will be of no value to you, but that might someday be useful to me or to someone I can imagine.</ns1:quote></ns1:para><ns1:para pattern="Block">Or worse, in my opinion:<ns1:quote pattern="Inline">You should spend a lot of your money and make everything you are doing harder so that<ns1:emphasis pattern="Inline" role="ital">if</ns1:emphasis>, in the future I, or someone like me, wants to re-use your content, it will be easy for us.</ns1:quote>Often the people who are helpfully pushing you toward standards or best practices or shared recommendations are not only not involved in funding your project, their goals are not your primary mission, or, for that matter your secondary, or tertiary, or quaternary mission. They are sidetracking you. And in many cases they donÃ¢â&#130;¬â&#132;¢t even know it.</ns1:para><ns1:para pattern="Block">These self-styled standards evangelists are of good will. They think it would be really wonderful if everyone could just get along, and if everyone could just share all of their information. And, of course, they are right; it would be really wonderful. But that doesnÃ¢â&#130;¬â&#132;¢t make sharing information, especially with unknown future users with unspecified and unknowable requirements, the primary goal for each and every information project. In fact, I would venture to say that it is not the<ns1:emphasis pattern="Inline" role="bold">primary</ns1:emphasis>goal of any funded project that has the money to create a substantial body of marked up documents. (It may be the primary goal of projects or activities to enhance information sharing, but those projects rarely (never?) have the funding to prepare the documents. They assume that they will write guidelines and others will use those guidelines.)</ns1:para><ns1:para pattern="Block">The projects and activities that actually seem to have the money to mark up a substantial body of documents generally have as their missions things like: Create print and electronic publications that follow our house style for display, are searchable using our organizationÃ¢â&#130;¬â&#132;¢s favorite search engine, and that will help make the next update easier and cheaper than the last one was. It is possible that the mission also includes being a basis for creation of unknown future electronic publications and possible mix-n-match print. But thereÃ¢â&#130;¬â&#132;¢s usually a<ns1:quote pattern="Inline">use</ns1:quote>scenario and a<ns1:quote pattern="Inline">user</ns1:quote>scenario in mind at the point when the funding is available to do the work. I think we need to stop forgetting that.</ns1:para></ns1:section><ns1:section pattern="HeadedContainer"><ns1:title pattern="Block">Know Your Goals and Stick to Them</ns1:title><ns1:para pattern="Block">When you start a project Ã¢â&#130;¬â&#128;&#157; practically any project Ã¢â&#130;¬â&#128;&#157; there are some basic management tasks that we all ought to do. These tasks help us stay on track by making the track explicit, to ourselves and others. In addition, they allow us to know what we are<ns1:emphasis pattern="Inline" role="bold">not</ns1:emphasis>trying to do, so we can focus on what we are trying to do.</ns1:para><ns1:itemizedlist pattern="Table"><ns1:listitem pattern="Container"><ns1:para pattern="Block">Identify the stakeholders. That is, who are you doing this for? Be specific. You are<ns1:emphasis pattern="Inline" role="bold">not</ns1:emphasis>creating a document collection for<ns1:quote pattern="Inline">all future humans,</ns1:quote>or at least I doubt that you are. Your stakeholders are more likely to include the people who will read, use, or buy your electronic product (are they students, teachers, railroad switch engineers, managers of non-profit associations, art historians, or Ã¢â&#130;¬Â¦ some other group), and the people funding your project, and the managers of your organization, and the printer with whom you have a contract.</ns1:para></ns1:listitem><ns1:listitem pattern="Container"><ns1:para pattern="Block">Identify your project goals. What do you have to do to be a success? Project goals are probably a mixture of technical, educational, financial, scheduling, and budgetary.</ns1:para></ns1:listitem><ns1:listitem pattern="Container"><ns1:para pattern="Block">Identify your non-goals. That is, things that perhaps somebody else might want to do and therefore assume that you are setting out to do, but that you are not doing. It is my opinion that explicitly recording your non-goals is the best safety measure you can take in starting any funded project.<ns1:quote pattern="Inline">I didnÃ¢â&#130;¬â&#132;¢t forget to make a Spanish translation of this content. That wasnÃ¢â&#130;¬â&#132;¢t a goal of my project.</ns1:quote><ns1:quote pattern="Inline">I didnÃ¢â&#130;¬â&#132;¢t forget to make an RDF-access tool for my data; thatÃ¢â&#130;¬â&#132;¢s not what I was doing.</ns1:quote></ns1:para></ns1:listitem><ns1:listitem pattern="Container"><ns1:para pattern="Block">Prioritize your project goals. If you prioritize your project goals into<ns1:quote pattern="Inline">high,</ns1:quote><ns1:quote pattern="Inline">medium,</ns1:quote>and<ns1:quote pattern="Inline">low,</ns1:quote>and all your project goals end up as<ns1:quote pattern="Inline">high,</ns1:quote>prioritize again. Everything canÃ¢â&#130;¬â&#132;¢t be top priority. ItÃ¢â&#130;¬â&#132;¢s not possible. If youÃ¢â&#130;¬â&#132;¢ve done that, what youÃ¢â&#130;¬â&#132;¢ve done is Ã¢â&#130;¬â&#128;&#157; I donÃ¢â&#130;¬â&#132;¢t want to say, lied to yourself Ã¢â&#130;¬â&#128;&#157; you just havenÃ¢â&#130;¬â&#132;¢t done the hard work of figuring out what is the most important thing and what are secondary things. Now, you can say,<ns1:quote pattern="Inline">HereÃ¢â&#130;¬â&#132;¢s a list of eight things that my project has to do. All of them must be done for me to be a success.</ns1:quote>But that doesnÃ¢â&#130;¬â&#132;¢t mean that all of them have to be the most important thing because all of them canÃ¢â&#130;¬â&#132;¢t be. Your project goals may be a mixture of technical goals, educational goals, financial goals, scheduling goals, and budget goals. Without explicit goals you can't know if you are getting where you want to go, and you are wandering about witout your primary weapon against being forever sidetracked before you accomplish anything.</ns1:para></ns1:listitem></ns1:itemizedlist><ns1:para pattern="Block">At that point, I think you probably also want to start thinking about a distinction I talk about a lot when weÃ¢â&#130;¬â&#132;¢re talking about document modeling: what is true versus what is useful. When you start looking at a set of documents, you can find a lot of things that are true about them and that you could identify and spend an awful lot of money on. The question is how many of those things are useful. It would be possible, for example, when marking up business documents for a subject retrieval system to identify the parts of the document on your subject taxonomy and to identify the documents themselves and the chapters of them and the sections of them and the paragraphs and the sentences and the words and what was the language of origin of each of the verbs in each of the sentences. Is this likely to be useful? Is it conceivable that there might be somebody someplace who would find that useful? Yes. If your goal is to make a corporate procedure library easily available to the telephone help desk, is it likely that knowing which word is a verb is going to be helpful? Probably not. So, if youÃ¢â&#130;¬â&#132;¢re supporting a telephone help desk, maybe you donÃ¢â&#130;¬â&#132;¢t need to get into the linguistic analysis of the sentences. ThatÃ¢â&#130;¬â&#132;¢s what IÃ¢â&#130;¬â&#132;¢m talking about: about not supplying, not spending money to do something that it is possible that some unknown future person might want. Stick to what youÃ¢â&#130;¬â&#132;¢re supposed to be doing. There may be a text markup standard that specifies how to mark the parts of speech of each word in documents and their language of origins. If there is, and knowing or manipulating this information is related to one of your project goals, then and only then, is that standard relevant to your project.</ns1:para><ns1:para pattern="Block">I think in this talk I should also talk about<ns1:quote pattern="Inline">good</ns1:quote>versus<ns1:quote pattern="Inline">useful.</ns1:quote>It may be good to know Ã¢â&#130;¬â&#128;&#157; IÃ¢â&#130;¬â&#132;¢m trying to think of a good example about these same help desk documents Ã¢â&#130;¬â&#128;&#157; how many times itÃ¢â&#130;¬â&#132;¢s been used, who read it, and what language it was originally written in (if youÃ¢â&#130;¬â&#132;¢re in a multi-lingual environment). There may be a whole lot of other things that it might be<ns1:quote pattern="Inline">cool</ns1:quote>to know but that are irrelevant to the users and the uses of this data. Maybe you donÃ¢â&#130;¬â&#132;¢t need to keep track of that. Even if there is a document describing standard markup for tracking such information.</ns1:para></ns1:section><ns1:section pattern="HeadedContainer"><ns1:title pattern="Block">Peer Pressure in Academia</ns1:title><ns1:para pattern="Block">Some of you are probably thinking that maybe this is true in the business environment, but not in the academic world. Right? I mean, we know that in the academic world being a good team player is the route to gaining respect, admiration, and support, right? Or at least thatÃ¢â&#130;¬â&#132;¢s what people say. (It doesnÃ¢â&#130;¬â&#132;¢t actually look like that sometimes, but thatÃ¢â&#130;¬â&#132;¢s what they say.)</ns1:para><ns1:para pattern="Block">So, when we get our hands on a new set of data in the academic environment, we should work with the expectation that weÃ¢â&#130;¬â&#132;¢re going to share it with others, right? ThatÃ¢â&#130;¬â&#132;¢s what data is for.</ns1:para><ns1:para pattern="Block">LetÃ¢â&#130;¬â&#132;¢s imagine a scenario. We have an eager, young cultural anthropologist Ã¢â&#130;¬â&#128;&#157; I like cultural anthropologists because they seem to be interested in everything Ã¢â&#130;¬â&#128;&#157; and he wanders into a little library in a farming town in the middle of who-cares-what-country (it doesnÃ¢â&#130;¬â&#132;¢t matter). Some little town somewhere. Little tiny town library. And he discovers literally hundreds of diaries of the farmers and the townspeople for the last 150 years. ItÃ¢â&#130;¬â&#132;¢s a treasure trove. Wow! What a find! It just made his career, right? HeÃ¢â&#130;¬â&#132;¢s going to study these, heÃ¢â&#130;¬â&#132;¢s going to publish about them, heÃ¢â&#130;¬â&#132;¢s got it.</ns1:para><ns1:para pattern="Block">The town is losing population fast, the library is underfunded, its roof is leaking, and the diaries may be destroyed by water and mold the next time thereÃ¢â&#130;¬â&#132;¢s a big summer storm. But the librarian says,<ns1:quote pattern="Inline">You canÃ¢â&#130;¬â&#132;¢t have my diaries. You can take pictures of them, but you canÃ¢â&#130;¬â&#132;¢t have them.</ns1:quote>What does our young researcher go out and do? He needs a grant, so he needs to write a proposal. He canÃ¢â&#130;¬â&#132;¢t just go home to the university and say<ns1:quote pattern="Inline">I found some cool data. Give me some money.</ns1:quote>So, he starts planning. HeÃ¢â&#130;¬â&#132;¢s going to have to scan them; heÃ¢â&#130;¬â&#132;¢s going to have to clean up the pages; heÃ¢â&#130;¬â&#132;¢s going to have to transcribe them, analyze them, and start publishing about all the things heÃ¢â&#130;¬â&#132;¢s learned about the history of this farming community and the history of farmers and all these wonderful things.</ns1:para><ns1:para pattern="Block">How to transcribe it? Well, his professors when he was in school got their source materials and sat down at typewriters and transcribed them into typescript. ThatÃ¢â&#130;¬â&#132;¢s probably not the Ã¢â&#130;¬â&#128;&#157; itÃ¢â&#130;¬â&#132;¢s probably going to be 2010 before he gets his money Ã¢â&#130;¬â&#128;&#157; 2010 way to do it. Among other things, he knows heÃ¢â&#130;¬â&#132;¢s going to want to put bits of these on the web with his analysis of them, besides which, he wants to do<ns1:quote pattern="Inline">sophisticated</ns1:quote>searching of his documents.</ns1:para><ns1:para pattern="Block">[Aside:] How many of you have had users who said they wanted to do<ns1:quote pattern="Inline">sophisticated</ns1:quote>searching? How many of you think they knew what they were talking about? I have an opinion. I know what<ns1:quote pattern="Inline">sophisticated</ns1:quote>searching means.<ns1:quote pattern="Inline">Sophisticated</ns1:quote>searching means you can show it off at a cocktail party, and people will say,<ns1:quote pattern="Inline">Cool.</ns1:quote>When a user says<ns1:quote pattern="Inline">Sophisticated searching,</ns1:quote>and then you say,<ns1:quote pattern="Inline">Give me ten examples of searches you want to do,</ns1:quote>and they canÃ¢â&#130;¬â&#132;¢t give you any, what they want is a<ns1:quote pattern="Inline">wow.</ns1:quote>ThatÃ¢â&#130;¬â&#132;¢s what our mythical cultural anthropologist wants: a<ns1:quote pattern="Inline">wow.</ns1:quote></ns1:para><ns1:para pattern="Block">HeÃ¢â&#130;¬â&#132;¢s going to want to flag the things he finds most interesting in these documents: crops, harvests, the weather, the health of the people, the names of the people, the names of places, the stuff that heÃ¢â&#130;¬â&#132;¢s going to be wanting to find amongst this data set so he can do his analysis. Now, this is going to be a little tricky, but fortunately our young cultural anthropologist is an expert on HTML. How did he get to be an expert on HTML? He has a 64-page book about it, and he read it. Well, he looked at it. Well, he has it, anyway. So, heÃ¢â&#130;¬â&#132;¢s an expert. He knows how to do this. HeÃ¢â&#130;¬â&#132;¢s going to have an army of students read the copies of the pages of these diaries and transcribe them into HTML which is pretty easy, and he can afford a whole lot more copies of the 64-page book so he can teach them, too. This is going to be easy.</ns1:para><ns1:para pattern="Block">He thinks about the information he really cares about in these documents, and how to flag it so he can find it and analyze it later; he read about it in his HTML book. ThereÃ¢â&#130;¬â&#132;¢s this, thereÃ¢â&#130;¬â&#132;¢s this, thereÃ¢â&#130;¬â&#132;¢s this Ã¢â&#130;¬â&#128;&#157; thereÃ¢â&#130;¬â&#132;¢s a way to say that something is about a class Ã¢â&#130;¬â&#128;&#157; he can add<ns1:quote pattern="Inline">class</ns1:quote>attributes to stuff so heÃ¢â&#130;¬â&#132;¢s going to be able to find the stuff about the crops and the weather and the peopleÃ¢â&#130;¬â&#132;¢s health. HeÃ¢â&#130;¬â&#132;¢s got it all figured out. HeÃ¢â&#130;¬â&#132;¢s got his budget, heÃ¢â&#130;¬â&#132;¢s got his proposal ready to submit to his funding agency, heÃ¢â&#130;¬â&#132;¢s telling his friends about it, and a colleague with several years of experience in creating collections of historical documents says,<ns1:quote pattern="Inline">Nah, nah, nah. You donÃ¢â&#130;¬â&#132;¢t want to do this HTML stuff. The difference between HTML and XML is that in XML you can make up your own tags. XML is make-up-your-own-tag-HTML. And itÃ¢â&#130;¬â&#132;¢s going to be much easier for you to use XML than HTML because you donÃ¢â&#130;¬â&#132;¢t have to say<ns1:code pattern="Atom">&lt;span class="crop"&gt;</ns1:code>to mark your crops; you can have a tag called<ns1:code pattern="Atom">&lt;crop&gt;</ns1:code>and just surround it. ItÃ¢â&#130;¬â&#132;¢s much easier, and youÃ¢â&#130;¬â&#132;¢re going to be much happier.</ns1:quote>So, at the last minute he makes a change: HeÃ¢â&#130;¬â&#132;¢s not going to mark the data up in HTML; heÃ¢â&#130;¬â&#132;¢s going to mark it up in XML.</ns1:para><ns1:para pattern="Block">He sends in his grant proposal, chews on his fingers for a few months, and gets funded. Cool. Two yearsÃ¢â&#130;¬â&#132;¢ of funding Ã¢â&#130;¬â&#128;&#157; itÃ¢â&#130;¬â&#132;¢s time to get started. He celebrates, he hires an army of students, and he starts getting organized.<ns1:quote pattern="Inline">Wait, wait,</ns1:quote>says another member of his departmental coffee-klatch,<ns1:quote pattern="Inline">How are you going to identify your documents?</ns1:quote><ns1:quote pattern="Inline">What do you mean, how am I going to identify my documents? WeÃ¢â&#130;¬â&#132;¢re going to put in the file name, weÃ¢â&#130;¬â&#132;¢re going to have the name of the person who wrote the diary in which volume it is and which page it is, and weÃ¢â&#130;¬â&#132;¢re going to transcribe it. WhatÃ¢â&#130;¬â&#132;¢s the big deal?</ns1:quote><ns1:quote pattern="Inline">You never heard of Dublin Core? WhatÃ¢â&#130;¬â&#132;¢s the matter with you? How anti-social are you? You have to use the standard.</ns1:quote><ns1:quote pattern="Inline">Oh. I donÃ¢â&#130;¬â&#132;¢t know anything about it.</ns1:quote><ns1:quote pattern="Inline">Well, you better learn Ã¢â&#130;¬â&#132;¢cause itÃ¢â&#130;¬â&#132;¢s the right way to do it.</ns1:quote></ns1:para><ns1:para pattern="Block">Okay. So he goes and reads up on Dublin Core. And actually that doesnÃ¢â&#130;¬â&#132;¢t look so hard; he agrees to make little Dublin Core headers.</ns1:para><ns1:para pattern="Block">He sends the teams out to go and scan the documents, and he starts marking up his little XML documents that have HTML tags for all the sort of normal things like paragraphs, and he makes up tags for the things like weather and crops that HTML doesnÃ¢â&#130;¬â&#132;¢t have a tag for. This should work, because, after all, XML is add-a-tag-HTML. And heÃ¢â&#130;¬â&#132;¢s chatting about his cool new project at a conference, when a well-respected expert on documentary projects says:<ns1:quote pattern="Inline">Wait, wait. You canÃ¢â&#130;¬â&#132;¢t do that.</ns1:quote><ns1:quote pattern="Inline">What do you mean I canÃ¢â&#130;¬â&#132;¢t do that? The sample document I have been working on looks OK to me, and IÃ¢â&#130;¬â&#132;¢m in the middle of writing guidelines so we can do this consistently. Look, he says, I have a<ns1:code pattern="Atom">&lt;p&gt;</ns1:code>tag around my paragraphs, and I have<ns1:code pattern="Atom">&lt;crop&gt;</ns1:code>tags around each mention of a crop.<ns1:code pattern="Atom">&lt;crop&gt;</ns1:code>seems much easier to deal with than<ns1:code pattern="Atom">&lt;span class="crop"&gt;</ns1:code>.</ns1:quote></ns1:para><ns1:para pattern="Block"><ns1:quote pattern="Inline">But,</ns1:quote>the expert says,<ns1:quote pattern="Inline">XML is more complicated than that. Go and get an XML book.</ns1:quote>So he takes himself off to the little local library to look for the 64-page book all about XML, and there arenÃ¢â&#130;¬â&#132;¢t any. There are books Ã¢â&#130;¬â&#128;&#157; way more than 64 books Ã¢â&#130;¬â&#128;&#157; none of them are as short as 64 pages. (This XML stuff is complicated! Did you know they have conferences about XML? ThereÃ¢â&#130;¬â&#132;¢s enough that you can have a conference?? ItÃ¢â&#130;¬â&#132;¢s ridiculous.)</ns1:para><ns1:para pattern="Block">So, he comes back, and he starts talking to his friends and saying,<ns1:quote pattern="Inline">Okay, which of these books do I buy? And do I really have to read all of it? These books are big.</ns1:quote><ns1:quote pattern="Inline">No, you donÃ¢â&#130;¬â&#132;¢t have to buy a book about XML, and you donÃ¢â&#130;¬â&#132;¢t have to read one. You just have to go and read about the Text Encoding Initiative because that is the one and only right way to tag your scholarly XML documents so other scholars can use them.</ns1:quote><ns1:quote pattern="Inline">Does everybody else have to use them?</ns1:quote><ns1:quote pattern="Inline">Yes. How anti-social are you going to be? YouÃ¢â&#130;¬â&#132;¢ve got to use this standard.</ns1:quote></ns1:para><ns1:para pattern="Block">So, okay, heÃ¢â&#130;¬â&#132;¢s going to go and read about the Text Encoding Initiative. Do you know how big that sucker is? [Laughter.] You know, they donÃ¢â&#130;¬â&#132;¢t have a 64-page book about it either. So, he settles down, and he does some reading, and then he takes a class, and he goes to a workshop, and gets a consultant in to help him cut the TEI tag set down to something that is merely daunting. And his budget is flying out the window.</ns1:para><ns1:para pattern="Block">So, he does this, he does that, and heÃ¢â&#130;¬â&#132;¢s finally got himself a subset of the TEI with Dublin Core metadata because how can you not do that, and heÃ¢â&#130;¬â&#132;¢s got some sample documents he can show to his student-workers, and heÃ¢â&#130;¬â&#132;¢s got a few scanned pages that he can mark up, and he starts marking them up. And now, instead of HTMLÃ¢â&#130;¬â&#132;¢s<ns1:code pattern="Atom">&lt;span class="crop"&gt;</ns1:code>or the XML he made up for himself<ns1:code pattern="Atom">&lt;crop&gt;</ns1:code>, he has the infinitely better<ns1:code pattern="Atom">&lt;rs type="crop"&gt;</ns1:code>(making the word<ns1:quote pattern="Inline">corn</ns1:quote>into a<ns1:quote pattern="Inline">referencing string</ns1:quote>of type crop). Well, thatÃ¢â&#130;¬â&#132;¢s an improvement, isnÃ¢â&#130;¬â&#132;¢t it.</ns1:para><ns1:para pattern="Block">And what does our young researcher want to do now? He wants to look at his sample tagged documents. That is, he wants to do what he set out to do in the first place which is to be able to look at his text on the screen with the crops in yellow and the weather in blue. And he finds that he canÃ¢â&#130;¬â&#132;¢t do it with off-the-shelf tools. (Not even the tools promulgated by the TEI), He has to find a programmer to write some code to render his documents readable and searchable, so he can start doing his analysis. So, he finds somebody who knows some Perl to do this for him.</ns1:para><ns1:para pattern="Block"><ns1:quote pattern="Inline">Wait, wait, wait, wait,</ns1:quote>says the standards do-gooder,<ns1:quote pattern="Inline">YouÃ¢â&#130;¬â&#132;¢re going to write some throw-away Perl to do that. You canÃ¢â&#130;¬â&#132;¢t do that. ThatÃ¢â&#130;¬â&#132;¢s anti-social. Respectable people donÃ¢â&#130;¬â&#132;¢t do throw-away Perl. We do XSLT. Well-documented and properly parameterized so that when somebody wants to go and re-use it, they donÃ¢â&#130;¬â&#132;¢t have it tied to your tags and your subjects; they can plug theirs in and their colors.</ns1:quote>And, all of a sudden, weÃ¢â&#130;¬â&#132;¢re not talking about an afternoon of work anymore, are we? So, he gets somebody to write this thing and document it.</ns1:para><ns1:para pattern="Block">And now heÃ¢â&#130;¬â&#132;¢s out of money. He now needs to go back to his funding agency and say,<ns1:quote pattern="Inline">You gave me the money to be able to get the first of these things up, searched, and analyzed, but I was busy being socially helpful. And I have learned a bunch of tag sets, I have learned a bunch of specs, I have had some code written that can be re-used, and I have no documents and no analyses to show for it. Can I have some more money?</ns1:quote></ns1:para><ns1:para pattern="Block">How does that story sound to you? [Answer from audience:<ns1:quote pattern="Inline">Typical,</ns1:quote>to which Tommie responds,<ns1:quote pattern="Inline">Yeah, but is it a good idea?</ns1:quote>] And how likely is our young researcher to get more money with so little to show for the funds he already spent? Even if this is par for the course, how much easier would it be for him to get additional money if he<ns1:emphasis pattern="Inline" role="ital">did</ns1:emphasis>have something to show for his previous funding?</ns1:para></ns1:section><ns1:section pattern="HeadedContainer"><ns1:title pattern="Block">Inappropriate Standards Application in the Commercial World</ns1:title><ns1:para pattern="Block">So, does this only happen in the academic world? Not a chance.</ns1:para><ns1:para pattern="Block">We donÃ¢â&#130;¬â&#132;¢t have time to go into details on this one, so I will simply tell you that I know of a very, very large commercial publisher who has a database intended to be the font from which vast riches, in the form of re-used content, will flow. All content published after the start date for the re-use project must be either produced in or converted to the XML format for this database and the content stored in the database. Then, editors or marketers looking for existing material they can incorporate in new products can simply search this database, find the bits they want to re-use, copy them out, and combine them with other resources from the database to make new targeted products. This means that the budget for every single publication needs to include making this XML, either from the XML they may need to produce the product-specific electronic product they are going to sell or from the typesetting files used to create their print publication. Now, for some of their content this makes sense; they have a lot of text books and reference books on the same subject matter, and specialty volumes can often be created by combining the portions of several text books and sections of reference volumes that address a specialized topic. However, there are publications that everyone knows cannot be so re-purposed, and they must participate anyway. Because it is a corporate standard, and for no other reason.</ns1:para></ns1:section><ns1:section pattern="HeadedContainer"><ns1:title pattern="Block">Underspecification Hurts, Too</ns1:title><ns1:para pattern="Block">The folks at Mulberry recently wrote a tag set Ã¢â&#130;¬â&#128;&#157; actually, we revised a public tag set, customized it Ã¢â&#130;¬â&#128;&#157; for a publisher who wanted to move from their old SGML-based document model to a new XML-based one. They said that they wanted this new model to last as long and be as flexible as the model it was replacing, which had been in use for over 20 years. They wanted a really good model of their documents; highly semantic, rich enough to support typesetting as they typeset now (meaning they needed to be able to override the formatting manually in many places), vendor and technology neutral, and adopting all of the appropriate standards. Oh, yeah. And they wanted it to be as compatible as possible with their existing model for a related type of materials. By that they meant that paragraphs should have the same tag, and sections should be recursive, as they were in the other documents. You know, stuff like that. Use the same list and table tagging. We sat with them for quite a while, learning about their documents, their plans for the future of their documents, the functionality they could imagine supporting in future electronic versions of their documents, the variations in their documents historically, and even how they might want to market their documents, and thus what information their marketing people might want from the documents to support marketing.</ns1:para><ns1:para pattern="Block">We built them a<ns1:emphasis pattern="Inline" role="bital">beautiful</ns1:emphasis>document model, if I say so myself. It met<ns1:emphasis pattern="Inline" role="bital">all</ns1:emphasis>of the functional requirements we discussed, and it was graceful. We sent them a draft, with draft user documentation and some guideline on how to evaluate it. And the day after they received it, we got a phone call saying,<ns1:quote pattern="Inline">We love it.</ns1:quote><ns1:quote pattern="Inline">Okay, how do you love it so quickly?</ns1:quote><ns1:quote pattern="Inline">We love it because we just slid it into the editing application weÃ¢â&#130;¬â&#132;¢re using for our other documents, and it works really well.</ns1:quote></ns1:para><ns1:para pattern="Block">At that moment I should have said,<ns1:quote pattern="Inline">Oh, @$&amp;#*, weÃ¢â&#130;¬â&#132;¢re in trouble.</ns1:quote>But I didnÃ¢â&#130;¬â&#132;¢t, because I was busy being happy that my client was happy. I hadnÃ¢â&#130;¬â&#132;¢t realized at that point that using their old editing application was<ns1:emphasis pattern="Inline" role="bold">not</ns1:emphasis>one of the functional requirements, and they loved it for doing something theyÃ¢â&#130;¬â&#132;¢d never said they wanted it to do. I would have been right if I had started to worry then. Three or four days later I got email from the project manager Ã¢â&#130;¬â&#128;&#157; who knows the organization, and the documents, and their end users, but is as technical as my left shoe. This email said essentially<ns1:quote pattern="Inline">ItÃ¢â&#130;¬â&#132;¢s a really nice tag set, but there are a few things in it that you should modify for current best practice.</ns1:quote>Now, I expected and wanted a set of comments and suggestions, but these suggestions were really odd. They were phrased as<ns1:quote pattern="Inline">Most people now Ã¢â&#130;¬Â¦</ns1:quote>or<ns1:quote pattern="Inline">It is best practice to Ã¢â&#130;¬Â¦</ns1:quote>or<ns1:quote pattern="Inline">You need XYZ in order to be able to do ABC with your documents.</ns1:quote>Now<ns1:quote pattern="Inline">most people</ns1:quote>and<ns1:quote pattern="Inline">best practice</ns1:quote>are pretty soft, so I let them go, and started with the<ns1:quote pattern="Inline">You need XYZ in order to ABC.</ns1:quote>The email suggested that since there were elements in common in the metadata for the documents and in citations (that is, the document would have a title, an author, a publication date)<ns1:emphasis pattern="Inline" role="bold">and</ns1:emphasis>the documents cited in the document might have titles, authors, and publication dates), we should<ns1:quote pattern="Inline">put all of the citation-related content into its own namespace.</ns1:quote><ns1:quote pattern="Inline">Grrr,</ns1:quote>I said, at least to myself. That may be convenient for this particular application, but it is a really revolting thing to do in general. It is a sneaky underhanded way to make the names of the same information in different contexts different, and in a way that may surprise future users. You can simply look up the tree to see what the context is of that author, or title, or Ã¢â&#130;¬Â¦ Sigh.<ns1:quote pattern="Inline">And it is best practice</ns1:quote>continued this email,<ns1:quote pattern="Inline">to have not only tagged in your data all of the parts of the names of the people, but also to store the full display name, including all punctuation.</ns1:quote><ns1:quote pattern="Inline">And it is best practice to store in addition to the titles and all of the subtitles of which there may be none or multiples, a combined title which is, for example, the display title.</ns1:quote>Since when is it<ns1:emphasis pattern="Inline" role="bital">best practice</ns1:emphasis>to do this? Best practice according to whom? It does not seem to me to be<ns1:quote pattern="Inline">best</ns1:quote>practice, or even<ns1:quote pattern="Inline">good</ns1:quote>practice to store the same content twice, nor does it seem like even acceptable practice to store computable data in the same XML file as the source from which it could be computed.</ns1:para><ns1:para pattern="Block">So I pushed back a little, and I discovered that they not only had selected a database in which this stuff was going to reside, they had already customized the database product and written the searches, before bringing us in to design the tag set. And they needed a tag set that was going to work with this database product in this particular database with these already canned searches. So now I know what<ns1:quote pattern="Inline">best practice</ns1:quote>means in this environment.<ns1:quote pattern="Inline">Best practice</ns1:quote>means works in the database they already have. This also tells me what<ns1:quote pattern="Inline">most people now</ns1:quote>means; it means that since I have been working pushing a product that requires this, most of the applications I see do it that way.</ns1:para><ns1:para pattern="Block">I suggested that they create two XML formats: one generic format, in which information was stored only once (instead of, for example, as the parts of each name as fine granules and as combined names for sorting), and in which context was used to identify what sort of date, author, heading, etc. each was. And then a second format, which could be automatically created from the first, which was optimized for their database. This would allow them to create, quality control, and manage for the long term documents that were smaller and<ns1:quote pattern="Inline">cleaner,</ns1:quote>in that they didnÃ¢â&#130;¬â&#132;¢t contain duplicate content. They rejected this suggestion; they didnÃ¢â&#130;¬â&#132;¢t want the complication, and they had apparently been assured by their database vendor that the database was XML, so they would have all of the advantages of XML when they used this database.</ns1:para><ns1:para pattern="Block">They were quite disappointed in the design we sent them. And they were right to be disappointed; it didnÃ¢â&#130;¬â&#132;¢t meet their<ns1:emphasis pattern="Inline" role="ital">real</ns1:emphasis>requirement. What did the really want? Well, they had just made a major investment in a tool and were spending a small fortune building a system around that tool. They needed a mode for their XML that would work gracefully with that tool. That was their top priority, and the model we had designed was not optimized for the tool. We had not met their real needs.</ns1:para><ns1:para pattern="Block">How did this happen? I think it happened because they have heard what XML is good for, and they thought,<ns1:quote pattern="Inline">Good was good.</ns1:quote>If they told us that they wanted a model that was<ns1:quote pattern="Inline">good,</ns1:quote>it would work in their<ns1:quote pattern="Inline">good</ns1:quote>tool.<ns1:quote pattern="Inline">Good XML</ns1:quote>is vendor neutral.<ns1:quote pattern="Inline">Good XML</ns1:quote>uses all appropriate standards.<ns1:quote pattern="Inline">Good XML</ns1:quote>enables as much semantic tagging as possible. They thought that if they wanted all of those good things they would end up with good XML, and that would work well in their new<ns1:quote pattern="Inline">good</ns1:quote>tool.</ns1:para><ns1:para pattern="Block">They needed a model that would support the tool in which they had made a major investment. This tool and the application built on top of it would make or break their business. That, actually, was their top priority. And in a half-day discussing their functional requirements and several days discussing the details of their model, they never mentioned it. Because they assumed that a<ns1:quote pattern="Inline">good</ns1:quote>XML model would be good for their chosen tool.</ns1:para><ns1:para pattern="Block">So, we modified the model to accommodate the tool. Did we compromise our principles? I donÃ¢â&#130;¬â&#132;¢t think so. Is the model they are using less elegant than the draft we sent them? Yes. It has some unnecessary namespaces, for example. Why? Because either the tool or the application designer (I donÃ¢â&#130;¬â&#132;¢t know which, and it doesnÃ¢â&#130;¬â&#132;¢t really matter) canÃ¢â&#130;¬â&#132;¢t cope with context. They want (need?) to have a different namespace for<ns1:code pattern="Atom">&lt;author&gt;</ns1:code>in<ns1:code pattern="Atom">&lt;citation&gt;</ns1:code>than for<ns1:code pattern="Atom">&lt;author&gt;</ns1:code>in the document metadata. From a strictly XML design point of view, this is silly; any application can know what the context of that<ns1:code pattern="Atom">&lt;author&gt;</ns1:code>is. However, it does no harm in the long run; all the information we modeled is still there, and if they switch to a different application that doesnÃ¢â&#130;¬â&#132;¢t need these namespaces, and perhaps that doesnÃ¢â&#130;¬â&#132;¢t want to deal with all these namespaces they can remove them. The context is still there, after all. Similarly, the XML files contain some things that are completely derived from other things in the file: Those same author names are not only stored as first name, middle initial, and surname, they are also stored in the XML file as<ns1:quote pattern="Inline">display name,</ns1:quote>meaning all the parts of the name, in one element, with spaces as needed. Is this harmful? No, itÃ¢â&#130;¬â&#132;¢s clutter. (Well, it isnÃ¢â&#130;¬â&#132;¢n harmful unless/until they someone updates one but not the other copy of the same information @mdash; thatÃ¢â&#130;¬â&#132;¢s the danger of storing information twice in any format). But apparently either the tool or the application finds it unacceptable or inefficient to concatenate the parts of the name and spaces on display. This sets my teeth on edge; it shouldnÃ¢â&#130;¬â&#132;¢t be in the long-term storage XML file; they are paying conversion vendors to create the same data twice (or, preferably, to put it the programmatically and charge them as if they had created it twice). Worse, they are going to ask their editors to create the same data twice, and are either going to add a validation step to ensure that the data is the same or deal with the inconsistencies that storing the same data twice creates. (If you need to store information like that in your database Ã¢â&#130;¬Â¦) But if having it pre-assembled really makes the database or the application more efficient, or even if it simply caters to the limitations of the application developer, then it needs to be there.</ns1:para><ns1:para pattern="Block">The Mulberry pig got passed around a few times during the process, but now everybody is happy. Do you know about the Mulberry pig? We have a trophy at Mulberry; itÃ¢â&#130;¬â&#132;¢s got a big, fancy, gold color base and a big pseudo-malachite column and a little gold color pig on the top. When you grump creatively or excessively, especially about a project or client, the pig it sits on your desk until the next person earns it. Well, the pig passed around quite a bit for a few weeks.</ns1:para></ns1:section><ns1:section pattern="HeadedContainer"><ns1:title pattern="Block">Conclusion</ns1:title><ns1:para pattern="Block">I donÃ¢â&#130;¬â&#132;¢t want to tell you not to use standards. I donÃ¢â&#130;¬â&#132;¢t want to tell you that standards are bad. I donÃ¢â&#130;¬â&#132;¢t want to tell you to ignore advice given to you by your friends and colleagues. I think I want to suggest that you treat suggestions to use a standard the way I treat solicitations from charities.</ns1:para><ns1:para pattern="Block">My guess is that I get an average of ten solicitations from charitable organizations a week. Some of them are from organizations promoting a position I find abhorrent, and these are easy to deal with: into the recycle bin they go! Most of them are from organizations doing work or promoting causes with which I have some sympathy. (There are<ns1:emphasis pattern="Inline" role="ital">no</ns1:emphasis>diseases for which I think a cure would be a bad thing.) And a few are solicitations for something that will be of immediate use to me as well as perhaps helping the world; for example membership in my local zoo not only supports the zoo, it gets me free parking at the zoo. Similarly, use of some XML application standards not only increases the chances that unplanned and unknown users will find your data useable, it may well enable you to interchange data with your business partners.</ns1:para><ns1:para pattern="Block">There is no question about contributing to those charities for which I see immediate personal benefit; I send them money every year. As for the rest: I have a budget, and I try to help as many worthy causes as I can within that charitable contribution budget. I do not even try to donate to every worth cause that asks for money, nor do I even try to donate as much to any of them as they ask. I simply canÃ¢â&#130;¬â&#132;¢t.</ns1:para><ns1:para pattern="Block">I suggest that you might want to consider the various XML specifications, standards, and applications that vie for your time and money in the same way. Set a<ns1:quote pattern="Inline">standards compliance budget</ns1:quote>and stay within it, both in terms of time and money. Of course, if there is an immediate win to your project from using a specific specification, use it. If there might be a benefit to the world in general, or to some unknown future users of you data if you add some metadata, or use an existing tag set, or some such, decide if this additional effort is within your<ns1:quote pattern="Inline">charitable contributions</ns1:quote>budget.</ns1:para><ns1:para pattern="Block">So, as you participate in Balisage this year I charge you to consider the relevance of the various technologies, specifications, and applications you are hearing about. Learn as much as you can. Add as many tools to your toolbox as possible. Consider as many points of view as your mind can manage. And when you go home, remember than you donÃ¢â&#130;¬â&#132;¢t have to use your shiny new hammer on every task. Think carefully about which of the specifications and standards you know of should be used in what situation, and to what benefit.</ns1:para></ns1:section></ns1:article>