<?xml version="1.0" encoding="UTF-8"?><ns1:iml xmlns:ns1="http://www.cs.unibo.it/2006/iml" pattern="Record"><ns1:head pattern="Container"><ns1:title pattern="Field">The Live OWL Documentation Environment: a tool for the automatic generation of ontology documentation</ns1:title><ns1:meta content="1" name="author.1.number" pattern="Meta"/><ns1:meta content="Silvio Peroni" name="author.1.name" pattern="Meta"/><ns1:meta content="Department of Computer Science@University of Bologna" name="author.1.affiliation" pattern="Meta"/><ns1:meta content="essepuntato@cs.unibo.it" name="author.1.email" pattern="Meta"/><ns1:meta content="2" name="author.2.number" pattern="Meta"/><ns1:meta content="David Shotton" name="author.2.name" pattern="Meta"/><ns1:meta content="Department of Zoology@University of Oxford" name="author.2.affiliation" pattern="Meta"/><ns1:meta content="david.shotton@zoo.ox.ac.uk" name="author.2.email" pattern="Meta"/><ns1:meta content="3" name="author.3.number" pattern="Meta"/><ns1:meta content="Fabio Vitali" name="author.3.name" pattern="Meta"/><ns1:meta content="Department of Computer Science@University of Bologna" name="author.3.affiliation" pattern="Meta"/><ns1:meta content="fabio@cs.unibo.it" name="author.3.email" pattern="Meta"/><ns1:meta content="OWL ontologies" name="keyword" pattern="Meta"/><ns1:meta content="ontology documentation" name="keyword" pattern="Meta"/><ns1:meta content="Web tools" name="keyword" pattern="Meta"/><ns1:meta content="user testing" name="keyword" pattern="Meta"/><ns1:meta content="LODE" name="keyword" pattern="Meta"/></ns1:head><ns1:body pattern="Container"><ns1:div class="abstract" id="abs" pattern="HeadedContainer"><ns1:h1 pattern="Block">Abstract</ns1:h1><ns1:p pattern="Block">In this paper we introduce<ns1:i pattern="Inline">LODE</ns1:i>, the<ns1:i pattern="Inline">Live OWL Documentation Environment</ns1:i>, an online service that automatically generates a human-readable description of any OWL ontology (or, more generally, an RDF vocabulary), taking into account both ontological axioms and annotations, and ordering these with the appearance and functionality of a W3C Recommendations document. This documentation is presented to the user as an HTML page with embedded links for ease of browsing and navigation. We have tested LODE's completeness and usability by recording the success of test users in completing tasks of ontology comprehension, and here present the results of that study.</ns1:p></ns1:div><ns1:div class="section" pattern="HeadedContainer"><ns1:h1 pattern="Block">Introduction</ns1:h1><ns1:p pattern="Block">Any strategy that guarantees the broad adoption of Semantic Web technologies must address the need for improved human interaction with semantic models and data. While research has been undertaken on models, theoretical approaches and the development of tools to infer new information from data and ontologies, the Semantic Web will never be really integrated with the everyday Web until semantic information is easily accessible to ordinary users through Web browsers, not limited to Semantic Web practitioners employing specialist tools. This point is even more crucial for Semantic Publishing, since its end-users are by definition publishers, researchers, librarians and general readers, rather than experts in semantic technologies. Thus the Semantic Web / Semantic Publishing communities need to develop user-friendly Web interfaces that mediate between semantic models and end-users.</ns1:p><ns1:p pattern="Block">Of course, work has already been done in this direction. For instance, ontology development editors have been created (e.g. Protégé<ns1:a class="footnote" href="ftn4" pattern="Milestone"/><ns1:a class="ref" href="KnublauchProtege" pattern="Milestone"/>and the NeOn Toolkit<ns1:a class="ref" href="SuarezFigueroaNeOn" pattern="Milestone"/>), Web search engines to look for semantic resources launched (e.g. Sindice<ns1:a class="footnote" href="ftn5" pattern="Milestone"/><ns1:a class="ref" href="OrenSindice" pattern="Milestone"/>and Watson<ns1:a class="footnote" href="ftn6" pattern="Milestone"/><ns1:a class="ref" href="DaquinWatson" pattern="Milestone"/>), and semantic desktop applications released (e.g. SemNotes<ns1:a class="footnote" href="ftn7" pattern="Milestone"/><ns1:a class="ref" href="DraganSemNotes" pattern="Milestone"/>). However, what is still missing, and what the Semantic Publishing community urgently needs, are tools that assist people who are not expert in semantic technologies in dealing with and publishing semantic data, and in particular in understanding the ontologies that make this possible.</ns1:p><ns1:p pattern="Block">Human interactions with ontologies usually involves the following steps:</ns1:p><ns1:ul pattern="Table" type="number"><ns1:li pattern="Container"><ns1:p pattern="Block">Once ontologies suitable for the particular domain of interest have been identified, people need to<ns1:i pattern="Inline">understand</ns1:i>these models with the minimum amount of effort.</ns1:p></ns1:li><ns1:li pattern="Container"><ns1:p pattern="Block">Then, if the existing vocabularies/ontologies are not able to fully describe the domain in consideration, people<ns1:i pattern="Inline">develop</ns1:i>new models. The development process requires interaction with domain experts and end-users in order to produce a model that address the domain under consideration as fully as possible.</ns1:p></ns1:li><ns1:li pattern="Container"><ns1:p pattern="Block">Finally, people have to<ns1:i pattern="Inline">add</ns1:i>data according to the adopted or developed models and to<ns1:i pattern="Inline">modify</ns1:i>those data in the future.</ns1:p></ns1:li></ns1:ul><ns1:p pattern="Block">Each of these four operations – understanding, developing, adding and modifying – need to be supported by appropriate interfaces that simplify the work of people who may not be expert in ontology-related formalisms and Semantic Web technologies. In this paper describing LODE, our focus is on the first point of the above list:<ns1:i pattern="Inline">ontology understanding</ns1:i>.</ns1:p><ns1:p pattern="Block">Usually, the first activity performed when someone wants to understand the extent of a particular ontology is to consult its human-readable documentation. A large number of ontologies, especially those used in the Linked Data world, have good comprehensive Web pages describing their theoretical backgrounds and the features of their developed entities. However, problems arise when we look at under-developed models, since natural language documentation is usually only published once an ontology has become stable. This approach is justifiable: writing proper documentation costs effort, and re-writing it every time the developing ontology is modified is not practical.</ns1:p><ns1:p pattern="Block">Thus, the only previous way of getting a sense of existing ontologies was to open them in an ontology editor so as to explore their logical axioms. This approach presents practical and cognitive barriers to a person approaching the ontology world for the very first time. First, (s)he has to download and install an ontology editor. Second, (s)he must learn to use the editor, which typically will have a complex and non-intuitive user interface, presenting the user with novel technical terms such as 'axiom' and 'refactor', or common English words used in novel ways, e.g. 'individual' or 'functional'. Then and only then can (s)he try to get a sense of structure of the ontology itself. Obviously these processes are challenging and time-consuming, presenting a barrier that is too great for the majority of non-specialists.</ns1:p><ns1:p pattern="Block">To address this issue, and following the lines of previous works such as<ns1:i pattern="Inline">Parrot</ns1:i><ns1:a class="ref" href="TejoAlonsoParrot" pattern="Milestone"/>and<ns1:i pattern="Inline">Neologism</ns1:i><ns1:a class="ref" href="BascaNeologism" pattern="Milestone"/>, we have developed the<ns1:i pattern="Inline">Live OWL Documentation Environment</ns1:i><ns1:a class="footnote" href="ftn8" pattern="Milestone"/>(<ns1:i pattern="Inline">LODE</ns1:i>), an online service that takes any well-formed OWL ontology or, more generally, an RDF vocabulary, and generates a human-readable HTML page designed for browsing and navigation by means of embedded links. In this paper, we introduce this tool, describe its features, and evaluate its usability by considering the success of test users in completing tasks of ontology comprehension.</ns1:p><ns1:p pattern="Block">The rest of the paper is structured as follows. In<ns1:a class="ref" href="SectionRelatedWorks" pattern="Milestone"/>we introduce relevant works in tools for the automatic production of ontology documentation. In<ns1:a class="ref" href="SectionLODE" pattern="Milestone"/>we present LODE, highlighting its characteristics and features in detail. In<ns1:a class="ref" href="SectionExperiments" pattern="Milestone"/>we present the setting and the details of the test-user experiments we ran to assess its completeness and usability, and in<ns1:a class="ref" href="SectionEvaluation" pattern="Milestone"/>we discuss the outcomes of these experiments. Finally, in<ns1:a class="ref" href="SectionConclusions" pattern="Milestone"/>, we conclude the paper by sketching out the future developments of our work.</ns1:p></ns1:div><ns1:div class="section" id="SectionRelatedWorks" pattern="HeadedContainer"><ns1:h1 pattern="Block">Related Works</ns1:h1><ns1:p pattern="Block">The production of natural language documentation for ontologies is an important and crucial part of any ontology development process. Such documentation enables users to comprehend the extent of an ontology without having to concern themselves with the particular formal language used to define its axioms. At the same time, writing such documentation manually is an activity that involves a significant effort. Thus, in order to help authors of ontologies to document them, applications have been developed for the automated creation of a first draft of such documentation starting from labels (i.e.<ns1:i pattern="Inline">rdfs:label</ns1:i>), comments (i.e.<ns1:i pattern="Inline">rdfs:comment</ns1:i>), and other kinds of annotations (e.g.<ns1:i pattern="Inline">dc:description</ns1:i>,<ns1:i pattern="Inline">dc:creator</ns1:i>,<ns1:i pattern="Inline">dc:date</ns1:i>) within the ontology, and from the logical structure of the ontology itself.</ns1:p><ns1:p pattern="Block"><ns1:i pattern="Inline">SpecGen</ns1:i><ns1:a class="footnote" href="ftn9" pattern="Milestone"/>is a Python tool for the generation of ontology specifications, available as a stand-alone application. It has been used to prepare the HTML documentation of well-known ontologies such as SIOC<ns1:a class="footnote" href="ftn10" pattern="Milestone"/>. SpecGen generates the documentation by processing a pre-defined HTML template into which it adds the list of ontological classes and properties in specific positions. As a result, we obtain a new HTML document where the natural language description of the ontology comes entirely from the template made by authors, while the software takes care of adding the specific information related to the logical structure of the ontology.</ns1:p><ns1:p pattern="Block">In contrast to SpenGen, that needs its base HTML template to work,<ns1:i pattern="Inline">VocDoc</ns1:i><ns1:a class="footnote" href="ftn11" pattern="Milestone"/>is a small Ruby script that allows one to produce documentation starting from RDFS vocabularies and OWL ontologies. It is able to produce both HTML documents and LaTeX files containing the description of the ontology/vocabulary.</ns1:p><ns1:p pattern="Block">Like VocDoc,<ns1:i pattern="Inline">OWLDoc</ns1:i><ns1:a class="footnote" href="ftn12" pattern="Milestone"/>is a fully-automatic generator of a set of HTML pages describing the target ontology. It organises the documentation of each ontological entity in different sections, showing the taxonomy of each entity, the usage of this entity in the context of the ontology, and the formal logical axioms related to the entity (expressed in Manchester Syntax<ns1:a class="ref" href="HorridgeManchesterSyntax" pattern="Milestone"/>). OWLDoc has been developed as plugin of<ns1:i pattern="Inline">Protégé</ns1:i><ns1:a class="footnote" href="ftn13" pattern="Milestone"/><ns1:a class="ref" href="KnublauchProtege" pattern="Milestone"/>, and as a separate Web application<ns1:a class="footnote" href="ftn14" pattern="Milestone"/>.</ns1:p><ns1:p pattern="Block">Oriented to Linked Data applications rather than to ontology documentation,<ns1:i pattern="Inline">Paget</ns1:i><ns1:a class="footnote" href="ftn15" pattern="Milestone"/>is a PHP framework that, upon receipt of an input URL through a browser, dispatches the request according to the particular mime-type specified by the client, and retrieves RDF entities in four different formats: RDF, HTML, Turtle and JSON. It can be used to describe a set of pure RDF statements (<ns1:i pattern="Inline">subject-predicate-object</ns1:i>)<ns1:a class="footnote" href="ftn16" pattern="Milestone"/>and, to some extent, to produce a human-comprehensible HTML description from the axioms of an OWL ontology<ns1:a class="footnote" href="ftn17" pattern="Milestone"/>.</ns1:p><ns1:p pattern="Block"><ns1:i pattern="Inline">Neologism</ns1:i><ns1:a class="footnote" href="ftn18" pattern="Milestone"/><ns1:a class="ref" href="BascaNeologism" pattern="Milestone"/>is a Web-based editor for the creation of RDFS vocabularies and (very simple) OWL ontologies. Moreover, it implements a publishing system that allows the publication of vocabularies and ontologies on the Web, rendered into natural language HTML pages. Basca<ns1:i pattern="Inline">et al</ns1:i>.'s main goal in creating it was to reduce the time needed to create, publish and modify vocabularies for the Semantic Web.</ns1:p><ns1:p pattern="Block">Finally, Parrot<ns1:a class="footnote" href="ftn19" pattern="Milestone"/><ns1:a class="ref" href="TejoAlonsoParrot" pattern="Milestone"/>is a Web service for the generation of HTML+Javascript documentation of OWL ontologies and RIF rules<ns1:a class="ref" href="BoleyRIFCore" pattern="Milestone"/>. This service allows one to specify multiple URLs identifying ontologies in order to produce an HTML summary of them “on the fly”, starting from their logical structure and annotations.</ns1:p></ns1:div><ns1:div class="section" id="SectionLODE" pattern="HeadedContainer"><ns1:h1 pattern="Block">LODE</ns1:h1><ns1:p pattern="Block"><ns1:i pattern="Inline">LODE</ns1:i>, the<ns1:i pattern="Inline">Live OWL Documentation Environment</ns1:i>, is a novel online service that automatically generates a human-readable description of an OWL ontology (or, more generally, an RDF vocabulary), taking into account both ontological axioms and annotations, and that orders these with the appearance and functionality of a W3C Recommendation document by use of Cascading Style Sheets (CSS)<ns1:a class="footnote" href="ftn20" pattern="Milestone"/>.</ns1:p><ns1:p pattern="Block">It automatically extracts classes, object properties, data properties, named individuals, annotation properties, meta-modelling (punning), general axioms, SWRL rules and namespace declarations from any OWL or OWL 2 ontology, and renders them as ordered lists, together with their textual definitions, in a human-readable HTML page designed for easy browsing and navigation by means of embedded links.</ns1:p><ns1:p pattern="Block">LODE is based on an XSLT stylesheet that takes the RDF/XML linearisation of an ontology produced through the OWLAPI<ns1:a class="footnote" href="ftn21" pattern="Milestone"/><ns1:a class="ref" href="HorridgeOWLAPI" pattern="Milestone"/>as input, and converts it into an HTML representation. If the target ontology is already linearised in that form, it is possible to call the LODE service directly by specifying its URL (i.e.<ns1:a href="http://www.essepuntato.it/lode/" pattern="Inline">http://www.essepuntato.it/lode/</ns1:a>) followed by the complete URL of the ontology, as shown in the following example:</ns1:p><ns1:p class="quote" pattern="Block">http://www.essepuntato.it/lode/http://www.essepuntato.it/2008/12/earmark</ns1:p><ns1:p pattern="Block">In the following subsections we introduce the most important features of LODE.</ns1:p><ns1:div class="section" pattern="HeadedContainer"><ns1:h1 pattern="Block">What axioms are used to create the documentation</ns1:h1><ns1:p pattern="Block">Primarily, LODE interprets the most common annotation properties used for the description of entities, in particular<ns1:a class="footnote" href="ftn22" pattern="Milestone"/>:<ns1:i pattern="Inline">dc:contributor</ns1:i>,<ns1:i pattern="Inline">dc:creator</ns1:i>,<ns1:i pattern="Inline">dc:date</ns1:i>,<ns1:i pattern="Inline">dc:description</ns1:i>,<ns1:i pattern="Inline">dc:rights</ns1:i>,<ns1:i pattern="Inline">dc:title</ns1:i>,<ns1:i pattern="Inline">dcterms:contributor</ns1:i>,<ns1:i pattern="Inline">dcterms:creator</ns1:i>,<ns1:i pattern="Inline">dcterms:date</ns1:i>,<ns1:i pattern="Inline">dcterms:description</ns1:i>,<ns1:i pattern="Inline">dcterms:rights</ns1:i>,<ns1:i pattern="Inline">dcterms:title</ns1:i>,<ns1:i pattern="Inline">owl:versionInfo</ns1:i>,<ns1:i pattern="Inline">rdfs:comment</ns1:i>,<ns1:i pattern="Inline">rdfs:isDefinedBy</ns1:i>,<ns1:i pattern="Inline">rdfs:label</ns1:i>. LODE adopts the following rules when transforming those annotations in HTML documentation:</ns1:p><ns1:ul pattern="Table" type="bullet"><ns1:li pattern="Container"><ns1:p pattern="Block">in the presence of Dublin Core annotations defined according to both DC Metadata Elements<ns1:a class="ref" href="DCMIDCElements" pattern="Milestone"/>and DC Metadata Terms<ns1:a class="ref" href="DCMIDCTerms" pattern="Milestone"/>, the former have precedence;</ns1:p></ns1:li><ns1:li pattern="Container"><ns1:p pattern="Block">dates (i.e.<ns1:i pattern="Inline">dc:date</ns1:i>and<ns1:i pattern="Inline">dcterms:date</ns1:i>) written according to the XML Schema datatype (i.e.<ns1:i pattern="Inline">yyyy-mm-dd</ns1:i>) are automatically transformed into<ns1:i pattern="Inline">dd/mm/yyyy</ns1:i>;</ns1:p></ns1:li><ns1:li pattern="Container"><ns1:p pattern="Block">agents (i.e.<ns1:i pattern="Inline">dc:creator</ns1:i>,<ns1:i pattern="Inline">dc:contributor</ns1:i>,<ns1:i pattern="Inline">dcterms:creator</ns1:i>and<ns1:i pattern="Inline">dcterms:contributor</ns1:i>) are rendered either as strings or as clickable URLs according to their types, i.e. literals or resources, respectively;</ns1:p></ns1:li><ns1:li pattern="Container"><ns1:p pattern="Block">descriptions (i.e.<ns1:i pattern="Inline">dc:description</ns1:i>and<ns1:i pattern="Inline">dcterms:description</ns1:i>) are rendered either as strings or as media objects according to their types, i.e. literals or resources, respectively;</ns1:p></ns1:li><ns1:li pattern="Container"><ns1:p pattern="Block">comments (i.e.<ns1:i pattern="Inline">rdfs:comment</ns1:i>) and descriptions (i.e.<ns1:i pattern="Inline">dc:description</ns1:i>and<ns1:i pattern="Inline">dcterms:description</ns1:i>) are represented, respectively, as abstracts and as detailed descriptions of entities;</ns1:p></ns1:li><ns1:li pattern="Container"><ns1:p pattern="Block">labels (i.e.<ns1:i pattern="Inline">rdfs:label</ns1:i>) and QNames (when labels are not specified) are used to refer to all the entities of the ontology, instead of using their URLs;</ns1:p></ns1:li><ns1:li pattern="Container"><ns1:p pattern="Block">the nature of each entity is identified by a descriptive abbreviation, according to its type: “c”, “op”, “dp”, “ap” and “ni” being used to identify class, object property, data property, annotation property and named individual, respectively.</ns1:p></ns1:li></ns1:ul><ns1:p pattern="Block">In<ns1:a class="ref" href="FigureLODE" pattern="Milestone"/>and<ns1:a class="ref" href="FigureDescriptions" pattern="Milestone"/>we show how these annotations are rendered for an example ontology, EARMARK<ns1:a class="ref" href="DiIorioEverydayOverlappingMarkup" pattern="Milestone"/>, an ontology that defines entities describing document markup (such as elements, attributes, comments and text nodes).</ns1:p><ns1:div class="picture" id="FigureLODE" pattern="Record"><ns1:p class="img.block" pattern="Block"><ns1:img class="17cm-12.749cm" pattern="Milestone" src="100002010000032000000258441F867A.png"/></ns1:p><ns1:p class="caption" pattern="Block">The beginning of the Web page generated by LODE for the EARMARK Ontology, annotated with OWL assertions in Turtle (not present in the normal LODE web page) illustrating how these assertions are rendered in HTML.</ns1:p></ns1:div><ns1:div class="picture" id="FigureDescriptions" pattern="Record"><ns1:p class="img.block" pattern="Block"><ns1:img class="17cm-12.749cm" pattern="Milestone" src="100002010000032000000258E7AE66F7.png"/></ns1:p><ns1:p class="caption" pattern="Block">Two possible kinds of descriptions: pure string (for literals) and media object (for resources).</ns1:p></ns1:div><ns1:p pattern="Block">LODE converts all the other axioms of the ontology into Manchester Syntax definitions<ns1:a class="ref" href="HorridgeManchesterSyntax" pattern="Milestone"/>, as shown in<ns1:a class="ref" href="FigureEntity" pattern="Milestone"/>. We prefer to use this syntax rather than others since it is the most human-comprehensible syntax for ontological axioms, and thus the most helpful for non-specialists.</ns1:p><ns1:div class="picture" id="FigureEntity" pattern="Record"><ns1:p class="img.block" pattern="Block"><ns1:img class="17cm-5.323cm" pattern="Milestone" src="100000000000031B000000F98238AC45.png"/></ns1:p><ns1:p class="caption" pattern="Block">How entities (classes, properties and individuals) are rendered by LODE.</ns1:p></ns1:div><ns1:p pattern="Block">Ontological axioms are rendered in grey boxes, one for each entity declared in the ontology. The axioms taken into account by LODE refer to: super-class and super-property, equivalent class and property, disjoint class and property, property domain and range, property chain, keys, object/data property assertion, type, imported ontology, generic axiom and SWRL rule. Moreover, LODE automatically enriches those definitions, adding information about sub-classes, domain/range properties of classes, sub-properties and entity meta-modelling.</ns1:p></ns1:div><ns1:div class="section" id="SectionLODEParameters" pattern="HeadedContainer"><ns1:h1 pattern="Block">Special parameter usage when calling the LODE service</ns1:h1><ns1:p pattern="Block">LODE can be invoked with a number of optional parameters so as to limit or extend the final documentation produced. For instance, it is possible to take into account all the entities in the ontology closure and/or the inferred axioms. The following pseudo-URL describes how to call LODE:</ns1:p><ns1:p class="quote" pattern="Block">http://www.essepuntato.it/lode/optional-parameters/ontology-url</ns1:p><ns1:p pattern="Block">In particular:</ns1:p><ns1:ul pattern="Table" type="bullet"><ns1:li pattern="Container"><ns1:p pattern="Block"><ns1:a href="http://www.essepuntato.it/lode" pattern="Inline"><ns1:b pattern="Inline">www.essepuntato.it/lode</ns1:b></ns1:a>is the URL to call the service;</ns1:p></ns1:li><ns1:li pattern="Container"><ns1:p pattern="Block"><ns1:b pattern="Inline">ontology-url</ns1:b>is the full “http://...” URL of the OWL ontology that will be processed by the service. It must be always the last item of the pseudo-URL, and may be preceded by one or more slash-separated parameters.</ns1:p></ns1:li></ns1:ul><ns1:p pattern="Block"><ns1:a class="ref" href="FigureParameters" pattern="Milestone"/>illustrates the alternative ways to build the URL to call LODE and the related modules used. The optional slash-separated parameters are described as follows.</ns1:p><ns1:div class="picture" id="FigureParameters" pattern="Record"><ns1:p class="img.block" pattern="Block"><ns1:img class="17cm-5.189cm" pattern="Milestone" src="100000000000031C000000F3B3FF6805.png"/></ns1:p><ns1:p class="caption" pattern="Block">All the possible ways, according to specific needs, for making a request to LODE.</ns1:p></ns1:div><ns1:p pattern="Block"><ns1:b pattern="Inline">Parameter “owlapi”.</ns1:b>When this optional parameter is specified, the ontology defined in<ns1:i pattern="Inline">ontology-url</ns1:i>will be pre-processed via the OWLAPI<ns1:a class="ref" href="HorridgeOWLAPI" pattern="Milestone"/>, in order to linearise it into the RDF/XML format accepted by LODE. This parameter<ns1:b pattern="Inline">is always strongly recommended</ns1:b>to process correctly all those ontologies that were not developed through the OWLAPI.</ns1:p><ns1:p pattern="Block"><ns1:b pattern="Inline">Parameter “imported”.</ns1:b>When this optional parameter is specified, the axioms in the imported ontologies of<ns1:i pattern="Inline">ontology-url</ns1:i>are added to the HTML description of the ontology itself. This parameter implicitly specifies the<ns1:i pattern="Inline">owlapi</ns1:i>parameter.</ns1:p><ns1:p pattern="Block"><ns1:b pattern="Inline">Parameter “closure”.</ns1:b>When this optional parameter is specified, the transitive closure given by considering the imported ontologies of<ns1:i pattern="Inline">ontology-url</ns1:i>is added to the HTML description of the ontology. This parameter implicitly specifies the<ns1:i pattern="Inline">owlapi</ns1:i>parameter. If both the parameters<ns1:i pattern="Inline">closure</ns1:i>and<ns1:i pattern="Inline">imported</ns1:i>are specified (in any order),<ns1:i pattern="Inline">imported</ns1:i>will be preferred.</ns1:p><ns1:p pattern="Block"><ns1:b pattern="Inline">Parameter “reasoner”.</ns1:b>When this optional parameter is specified, the inferred axioms of<ns1:i pattern="Inline">ontology-url</ns1:i>(through the Pellet reasoner<ns1:a class="ref" href="SirinPellet" pattern="Milestone"/>) will be added to the HTML description of the ontology. This parameter implicitly specifies the<ns1:i pattern="Inline">owlapi</ns1:i>parameter. Note that, depending on the nature of the ontology to process, this computationally intensive function can be very time-consuming.</ns1:p><ns1:p pattern="Block"><ns1:b pattern="Inline">Parameter “lang”.</ns1:b>When this optional parameter is specified, the selected language will be used as the preferred language instead of English when showing the documentation of<ns1:i pattern="Inline">ontology-url</ns1:i>. It must be followed by an “=” and the abbreviation of the language to use. E.g. “lang=it” for Italian, “lang=fr” for French, etc. (This presupposes that appropriate language descriptions are present in the ontology.)</ns1:p></ns1:div><ns1:div class="section" pattern="HeadedContainer"><ns1:h1 pattern="Block">URI fragments</ns1:h1><ns1:p pattern="Block">LODE offers intuitive mechanisms to refer to particular ontological entities within the HTML documentation, according to the URL of the entity in consideration. The following extension of the pseudo-URL introduced in<ns1:a class="ref" href="SectionLODEParameters" pattern="Milestone"/>defines how to refer to a particular entity of an ontology:</ns1:p><ns1:p class="quote" pattern="Block"><ns1:a href="http://www.essepuntato.it/lode/optional-parameters/ontology-url#entity-url" pattern="Inline">http://www.essepuntato.it/lode/optional-parameters/ontology-url</ns1:a><ns1:a href="http://www.essepuntato.it/lode/optional-parameters/ontology-url#entity-url" pattern="Inline"><ns1:b pattern="Inline">#entity</ns1:b></ns1:a></ns1:p><ns1:p pattern="Block">For instance, to generate the documentation of EARMARK and then jumping directly to the point where the resource “http://www.essepuntato.it/2008/12/earmark#Element” is described, we need to invoke LODE as follows:</ns1:p><ns1:p class="quote" pattern="Block">http://www.essepuntato.it/lode/http://www.essepuntato.it/2008/12/ earmark#http://www.essepuntato.it/2008/12/earmark#Element</ns1:p><ns1:p pattern="Block">This request can be simplified if we look for a description of an entity defined as a<ns1:i pattern="Inline">fragment</ns1:i>of the ontology URL, such as the entity<ns1:i pattern="Inline">Element</ns1:i>in EARMARK. In this particular case, we can use either the entire entity URL, as illustrated previously, or the entity local name only, as shown as follows:</ns1:p><ns1:p class="quote" pattern="Block">http://www.essepuntato.it/lode/http://www.essepuntato.it/2008/12/earmark#Element</ns1:p></ns1:div><ns1:div class="section" pattern="HeadedContainer"><ns1:h1 pattern="Block">Content negotiation via<ns1:i pattern="Inline">.htaccess</ns1:i></ns1:h1><ns1:p pattern="Block">LODE can be used freely by third parties, as described in its documentation. In particular, it may be very usefully employed in conjunction with content negotiation mechanisms to display a human-readable version of an OWL ontology when the user accesses the ontology using a web browser, or to deliver the OWL ontology file itself when the user accesses the ontology using an ontology development tool such as<ns1:i pattern="Inline">Protégé</ns1:i><ns1:a class="ref" href="KnublauchProtege" pattern="Milestone"/>or the<ns1:i pattern="Inline">NeOn Toolkit</ns1:i><ns1:a class="ref" href="SuarezFigueroaNeOn" pattern="Milestone"/>.</ns1:p><ns1:p pattern="Block">LODE can be seen in action by opening, in a Web browser, the EARMARK ontology or any of the SPAR ontologies<ns1:a class="footnote" href="ftn23" pattern="Milestone"/>. For instance, the URL “<ns1:a href="http://purl.org/spar/fabio/" pattern="Inline">http://purl.org/spar/fabio</ns1:a>” resolves, by content negotiation, to display the LODE HTML version of that ontology with the URL “<ns1:a href="http://www.essepuntato.it/lode/http://purl.org/spar/fabio" pattern="Inline">http://www.essepuntato.it/lode/http://purl.org/spar/fabio</ns1:a>”. As shown previously, a similar syntax can be used to display the LODE visualization of any other OWL ontology.</ns1:p><ns1:p pattern="Block">An implementation of such content negotiation is given in<ns1:a class="ref" href="BerruetaPublishingRDF" pattern="Milestone"/>by using the<ns1:i pattern="Inline">.htaccess</ns1:i>file:</ns1:p><ns1:p class="code" pattern="Block">AddType application/rdf+xml .rdf # Rewrite engine setup RewriteEngine On # Rewrite rule to serve HTML content RewriteCond %{HTTP_ACCEPT} !application/rdf\+xml.*(text/html|application/xhtml\+xml) RewriteCond %{HTTP_ACCEPT} text/html [OR] RewriteCond %{HTTP_ACCEPT} application/xhtml\+xml [OR] RewriteCond %{HTTP_USER_AGENT} ^Mozilla/.* RewriteRule ^ontology$ http://www.essepuntato.it/lode/http://www.mydomain.com/ontology [R=303,L] # Rewrite rule to serve RDF/XML content if requested RewriteCond %{HTTP_ACCEPT} application/rdf\+xml RewriteRule ^ontology$ ontology.owl [R=303] # Choose the default response RewriteRule ^ontology$ ontology.owl [R=303]</ns1:p></ns1:div><ns1:div class="section" pattern="HeadedContainer"><ns1:h1 pattern="Block">Community uptake</ns1:h1><ns1:p pattern="Block">LODE is currently used by the following projects for the production of documentation from OWL and RDF(S) ontologies:</ns1:p><ns1:ul pattern="Table" type="bullet"><ns1:li pattern="Container"><ns1:p pattern="Block">The<ns1:i pattern="Inline">Semantic Publishing and Referencing</ns1:i>(<ns1:i pattern="Inline">SPAR</ns1:i>) project, to generate the documentation for the entire set of SPAR (Semantic Publishing and Referencing) ontologies (available at<ns1:a href="http://purl.org/spar" pattern="Inline">http://purl.org/spar</ns1:a>) created to describe the publishing domain.</ns1:p></ns1:li><ns1:li pattern="Container"><ns1:p pattern="Block">The<ns1:i pattern="Inline">VIVO</ns1:i>project<ns1:a class="footnote" href="ftn24" pattern="Milestone"/>, an interdisciplinary network enabling collaboration and discovery among scientists across all disciplines, using an open source Semantic Web application originally developed and implemented at the Cornell University. VIVO uses an ontology for internal data representation and for data sharing on the Web, documentation for which<ns1:a class="footnote" href="ftn25" pattern="Milestone"/>is generated using LODE.</ns1:p></ns1:li></ns1:ul><ns1:p pattern="Block">In addition, LODE has been listed in the<ns1:i pattern="Inline">Lower Level Design Tools</ns1:i>page<ns1:a class="footnote" href="ftn26" pattern="Milestone"/>of the official W3C Semantic Web wiki under the category<ns1:i pattern="Inline">OWL ontology browsers</ns1:i>, and has been suggested in the Provenance Working Group wiki<ns1:a class="footnote" href="ftn27" pattern="Milestone"/>as one of the documentation tools to use for the<ns1:i pattern="Inline">Provenance Ontology</ns1:i>(<ns1:i pattern="Inline">PROV-O</ns1:i>)<ns1:a class="footnote" href="ftn28" pattern="Milestone"/>.</ns1:p></ns1:div></ns1:div><ns1:div class="section" id="SectionExperiments" pattern="HeadedContainer"><ns1:h1 pattern="Block">Experiments</ns1:h1><ns1:p pattern="Block">In order to gather data about the usability of LODE, we undertook user testing. We asked 13 subjects to perform five unsupervised tasks (max. 5 minutes per task), involving ontology navigation through LODE documentation. There were no “administrators” observing the subjects while they were undertaking these tasks. All the subjects were volunteers who responded to personal e-mails or to an invitation sent to the<ns1:a href="mailto:semantic-web@w3.org" pattern="Inline">semantic-web@w3.org</ns1:a>and<ns1:a href="mailto:public-lod@w3.org" pattern="Inline">public-lod@w3.org</ns1:a>mailing lists.</ns1:p><ns1:p pattern="Block">For the tasks, we used a<ns1:i pattern="Inline">medium-size</ns1:i>ontology, namely FaBiO, the<ns1:i pattern="Inline">FRBR-aligned Bibliographic Ontology</ns1:i><ns1:a class="footnote" href="ftn29" pattern="Milestone"/>, which is composed by 214 classes, 69 object properties, 45 data properties and 15 individuals. FaBiO was chosen because we expected most people involved in the experiments (primarily Semantic Web researchers and practitioners) to have familiarity with the domain it describes, i.e. bibliographic entities such as research papers, journal articles and books. In addition, FaBiO was also chosen because using an ontology larger than FaBiO would have required more time to complete the tasks, potentially reducing the number of users willing to complete the evaluation, and thus reducing the number of useful data for the evaluation.</ns1:p><ns1:p pattern="Block">The tasks given to the subjects are shown in<ns1:a class="ref" href="TabellaTasks" pattern="Milestone"/>. This set of tasks was designed to exploring the LODE capabilities in creating a human-readable documentation and in browsing ontologies.</ns1:p><ns1:div class="table" id="TabellaTasks" pattern="Record"><ns1:table pattern="Table" width="17cm"><ns1:tr pattern="Table"><ns1:th pattern="Container" width="16.4578554202694%"><ns1:p pattern="Block">Task 1</ns1:p></ns1:th><ns1:td pattern="Container" width="83.54214457973062%"><ns1:p pattern="Block">Describe the main aim of the ontology.</ns1:p></ns1:td></ns1:tr><ns1:tr pattern="Table"><ns1:th pattern="Container" width="16.4578554202694%"><ns1:p pattern="Block">Task 2</ns1:p></ns1:th><ns1:td pattern="Container" width="83.54214457973062%"><ns1:p pattern="Block">Describe what the class<ns1:i pattern="Inline">doctoral thesis</ns1:i>defines.</ns1:p></ns1:td></ns1:tr><ns1:tr pattern="Table"><ns1:th pattern="Container" width="16.4578554202694%"><ns1:p pattern="Block">Task 3</ns1:p></ns1:th><ns1:td pattern="Container" width="83.54214457973062%"><ns1:p pattern="Block">Describe what the object property<ns1:i pattern="Inline">has subject term</ns1:i>describes, and record its domain and range classes.</ns1:p></ns1:td></ns1:tr><ns1:tr pattern="Table"><ns1:th pattern="Container" width="16.4578554202694%"><ns1:p pattern="Block">Task 4</ns1:p></ns1:th><ns1:td pattern="Container" width="83.54214457973062%"><ns1:p pattern="Block">Record the class having the largest number of direct individuals (i.e. individuals that belongs explicitly to that class and that are not inferable from its subclasses)</ns1:p></ns1:td></ns1:tr><ns1:tr pattern="Table"><ns1:th pattern="Container" width="16.4578554202694%"><ns1:p pattern="Block">Task 5</ns1:p></ns1:th><ns1:td pattern="Container" width="83.54214457973062%"><ns1:p pattern="Block">Record all the subclasses and properties involving the class<ns1:i pattern="Inline">item</ns1:i></ns1:p></ns1:td></ns1:tr></ns1:table><ns1:p class="caption" pattern="Block">The five tasks subjects performed in the user testing session.</ns1:p></ns1:div><ns1:p pattern="Block">Task 1 is a pure descriptive activity that involves only the documentation produced by LODE, without using any navigational features such as Web links. Task 2 and 3 are similar to Task 1, but in addition typically requires the user to use some navigational facilities to reach the class<ns1:i pattern="Inline">doctoral thesis</ns1:i>and the object property<ns1:i pattern="Inline">has subject term</ns1:i>. Finally, Tasks 4 and 5 further assess how easily LODE enables users to browse the ontology and understand its structure.</ns1:p><ns1:p pattern="Block">Our interest was to assess how well LODE helped users by producing human-readable documentation of an OWL ontology, enabling them more easily to browse and make sense of it.</ns1:p><ns1:p pattern="Block">The test session was structured as follows. We first asked subjects to complete a short multiple-choice questionnaire about their background knowledge and skills in OWL, ontology engineering and ontology documentation (max. 2 minutes). Then, as a warm-up task, we asked subjects to use LODE to explore the FOAF ontology<ns1:a class="footnote" href="ftn30" pattern="Milestone"/>, a relatively simple ontology, in order to become familiar with the structure of the documentation it produced, and with its navigation mechanisms (primarily, internal hypertext links) (max. 5 minutes). Then, as the real test, we asked subjects to complete the five tasks listed above using the documentation of the FaBiO ontology created by LODE (ideally 2 minutes, max. 5 minutes, per task). Finally, we asked subjects to fill in two short questionnaires, one multiple choice and the other textual, to report their experience of using LODE to complete these tasks (max. 5 minutes). All the questionaries and all the outcomes of the experiments are available online<ns1:a class="footnote" href="ftn31" pattern="Milestone"/>.</ns1:p></ns1:div><ns1:div class="section" id="SectionEvaluation" pattern="HeadedContainer"><ns1:h1 pattern="Block">Evaluation</ns1:h1><ns1:p pattern="Block">Out of 65 tasks in total (5 tasks given to each of 13 subjects), 58 were completed successfully (i.e., the right answers were given), while 7 had incorrect answers or were not completed at all, giving an overall success rate of 89%. The 58 successes were distributed as follows: 13 (out of 13) in Task 1, 13 in Task 2, 13 in Task 3, 10 in Task 4 and 9 in Task 5.</ns1:p><ns1:p pattern="Block">The usability score for LODE was computed using the<ns1:i pattern="Inline">System Usability Scale</ns1:i>(<ns1:i pattern="Inline">SUS</ns1:i>)<ns1:a class="ref" href="BrookeSUS" pattern="Milestone"/>, a well-known questionnaire used for the perception of the usability of a system. It has the advantage of being technology independent (it has been tested on hardware, software, Web sites, etc.) and it is reliable even with a very small sample size<ns1:a class="ref" href="SauroGuideSUS" pattern="Milestone"/>. In addition to the main SUS scale, we also were interested in examining the sub-scales of pure<ns1:i pattern="Inline">Usability</ns1:i>and pure<ns1:i pattern="Inline">Learnability</ns1:i>of the system, as proposed recently by Lewis and Sauro<ns1:a class="ref" href="LewisSUS" pattern="Milestone"/>.</ns1:p><ns1:p pattern="Block">As shown in<ns1:a class="ref" href="TableEvaluation" pattern="Milestone"/>, the mean SUS score for LODE was 77.69 (in a 0 to 100 range), abundantly surpassing the target score of 68 to demonstrate a good level of usability<ns1:a class="ref" href="SauroGuideSUS" pattern="Milestone"/>. The mean values for the SUS sub-scales Usability and Learnability were 76.4 and 82.7 respectively.</ns1:p><ns1:div class="table" id="TableEvaluation" pattern="Record"><ns1:table pattern="Table" width="17cm"><ns1:tr pattern="Table"><ns1:th pattern="Container" width="100%"><ns1:p pattern="Block">Measure</ns1:p></ns1:th><ns1:th pattern="Container" width="100%"><ns1:p pattern="Block">Mean</ns1:p></ns1:th><ns1:th pattern="Container" width="100%"><ns1:p pattern="Block">Max. value</ns1:p></ns1:th><ns1:th pattern="Container" width="100%"><ns1:p pattern="Block">Min. value</ns1:p></ns1:th><ns1:th pattern="Container" width="100%"><ns1:p pattern="Block">Standard deviation</ns1:p></ns1:th></ns1:tr><ns1:tr pattern="Table"><ns1:td pattern="Container" width="100%"><ns1:p pattern="Block">SUS value</ns1:p></ns1:td><ns1:td pattern="Container" width="100%"><ns1:p pattern="Block">77.7</ns1:p></ns1:td><ns1:td pattern="Container" width="100%"><ns1:p pattern="Block">92.5</ns1:p></ns1:td><ns1:td pattern="Container" width="100%"><ns1:p pattern="Block">57.5</ns1:p></ns1:td><ns1:td pattern="Container" width="100%"><ns1:p pattern="Block">12.5</ns1:p></ns1:td></ns1:tr><ns1:tr pattern="Table"><ns1:td pattern="Container" width="100%"><ns1:p pattern="Block">Usability</ns1:p></ns1:td><ns1:td pattern="Container" width="100%"><ns1:p pattern="Block">76.4</ns1:p></ns1:td><ns1:td pattern="Container" width="100%"><ns1:p pattern="Block">90.6</ns1:p></ns1:td><ns1:td pattern="Container" width="100%"><ns1:p pattern="Block">56.3</ns1:p></ns1:td><ns1:td pattern="Container" width="100%"><ns1:p pattern="Block">12.8</ns1:p></ns1:td></ns1:tr><ns1:tr pattern="Table"><ns1:td pattern="Container" width="100%"><ns1:p pattern="Block">Learnability</ns1:p></ns1:td><ns1:td pattern="Container" width="100%"><ns1:p pattern="Block">82.7</ns1:p></ns1:td><ns1:td pattern="Container" width="100%"><ns1:p pattern="Block">100</ns1:p></ns1:td><ns1:td pattern="Container" width="100%"><ns1:p pattern="Block">62.5</ns1:p></ns1:td><ns1:td pattern="Container" width="100%"><ns1:p pattern="Block">14.9</ns1:p></ns1:td></ns1:tr></ns1:table><ns1:p class="caption" pattern="Block">System Usability Scale values and related sub-measures.</ns1:p></ns1:div><ns1:p pattern="Block">In addition, two sub-scores were calculated for each subject by considering the values of the answers given in the background questionnaire, composed of ten questions about the subject's experience with ontologies and two questions about his/her experience with ontology documentation tools. We compared these sub-scores with the SUS values and the other sub-scales using the Pearson's<ns1:i pattern="Inline">r</ns1:i>. We found a small negative correlation (between -0.34 and -0.14) between the experience sub-scores and the SUS values. This may show that the perceived usability of LODE does not depend upon any particular ability of subjects in the use of ontologies and ontology documentation tools, rather the opposite. However, each correlation measure appears to be not statistically significant (i.e.,<ns1:i pattern="Inline">p-value</ns1:i>&gt; 0.1) and we need to enrich our dataset to come to a more precise conclusion.</ns1:p><ns1:p pattern="Block">Axial coding of the personal comments expressed in the final questionnaires<ns1:a class="ref" href="StraussCorbin" pattern="Milestone"/>revealed a small number of widely perceived issues. Only 11 out of the 13 subjects tested had meaningful comments that were used for the study, and, of the 15 terms that were identified as significant in the comments, only five (three positive and two negative) were mentioned by more than one individual (albeit sometimes with different words), as shown in<ns1:a class="ref" href="TableGroundedTheory" pattern="Milestone"/>.</ns1:p><ns1:div class="table" id="TableGroundedTheory" pattern="Record"><ns1:table pattern="Table" width="17cm"><ns1:tr pattern="Table"><ns1:th pattern="Container" width="17.294117647058822%"><ns1:p pattern="Block">Term</ns1:p></ns1:th><ns1:th pattern="Container" width="65.87647058823529%"><ns1:p pattern="Block">Description</ns1:p></ns1:th><ns1:th pattern="Container" width="16.829411764705885%"><ns1:p pattern="Block">Frequency</ns1:p></ns1:th></ns1:tr><ns1:tr pattern="Table"><ns1:td pattern="Container" width="17.294117647058822%"><ns1:p pattern="Block">Search (-)</ns1:p></ns1:td><ns1:td pattern="Container" width="65.87647058823529%"><ns1:p pattern="Block">No search function was provided to directly look for and access entities of the ontology. Users acknowledge that since the ontology is on a single web page, they could use (and in fact did use) the search function of the browser, but many still found it a missing feature</ns1:p></ns1:td><ns1:td pattern="Container" width="16.829411764705885%"><ns1:p pattern="Block">7 out of 11</ns1:p></ns1:td></ns1:tr><ns1:tr pattern="Table"><ns1:td pattern="Container" width="17.294117647058822%"><ns1:p pattern="Block">Readability (+)</ns1:p></ns1:td><ns1:td pattern="Container" width="65.87647058823529%"><ns1:p pattern="Block">High praise was given to the clarity of the presentation, the intuitiveness of the organization, and the immediacy of identifying the sought information. The good typographical style of the output is clearly among the best qualities of LODE</ns1:p></ns1:td><ns1:td pattern="Container" width="16.829411764705885%"><ns1:p pattern="Block">5 out of 11</ns1:p></ns1:td></ns1:tr><ns1:tr pattern="Table"><ns1:td pattern="Container" width="17.294117647058822%"><ns1:p pattern="Block">Links within the document (+)</ns1:p></ns1:td><ns1:td pattern="Container" width="65.87647058823529%"><ns1:p pattern="Block">The systematic use of internal links to the various features of the ontology was considered useful and immediately usable</ns1:p></ns1:td><ns1:td pattern="Container" width="16.829411764705885%"><ns1:p pattern="Block">4 out of 11</ns1:p></ns1:td></ns1:tr><ns1:tr pattern="Table"><ns1:td pattern="Container" width="17.294117647058822%"><ns1:p pattern="Block">Scalability (-)</ns1:p></ns1:td><ns1:td pattern="Container" width="65.87647058823529%"><ns1:p pattern="Block">The LODE interface provides no links to entities provided by external, but linked ontologies. A highly modular ontology composed of a multiplicity of independent sub-ontologies is hard to navigate, and similarly the structure on a single page could make really large ontologies quite hard to access</ns1:p></ns1:td><ns1:td pattern="Container" width="16.829411764705885%"><ns1:p pattern="Block">3 out of 11</ns1:p></ns1:td></ns1:tr><ns1:tr pattern="Table"><ns1:td pattern="Container" width="17.294117647058822%"><ns1:p pattern="Block">Single page (+)</ns1:p></ns1:td><ns1:td pattern="Container" width="65.87647058823529%"><ns1:p pattern="Block">Praises were given to the idea of placing all the content on a single Web page, which allows a multiplicity of approaches to accessing and reading the ontology, including visual transitions and scrolling that would not be possible if the ontologies had been presented in separate web pages.</ns1:p></ns1:td><ns1:td pattern="Container" width="16.829411764705885%"><ns1:p pattern="Block">2 out of 11</ns1:p></ns1:td></ns1:tr></ns1:table><ns1:p class="caption" pattern="Block">Terms – three positive (+) and two negative (-) – mentioned by more than one individual in the final questionnaire responses.</ns1:p></ns1:div></ns1:div><ns1:div class="section" id="SectionConclusions" pattern="HeadedContainer"><ns1:h1 pattern="Block">Conclusions</ns1:h1><ns1:p pattern="Block">Writing good documentation for ontologies manually is costly in effort, and is impracticable for an ontology that is under active development. In this paper we addressed this issue by introducing LODE, the<ns1:i pattern="Inline">Live OWL Documentation Environment</ns1:i>, a Web application that automatically creates human-readable HTML ontology documentation on-the-fly from an OWL file of ontological axioms and annotations. We discussed how it can be used in conjunction with content negotiation that delivers LODE documentation to a browser window or the OWL file itself to an ontology editor. And we assessed LODE's usability and effectiveness in creating browsable ontology documentation by conducting user testing. The results of these tests are encouraging, demonstrating that LODE provides a stable service for the automatic creation of useful ontology documentation.</ns1:p><ns1:p pattern="Block">Some days before the deadline for the camera ready version of this paper, we performed another user testing session that compared LODE with similar tools for the automatic generation of ontology documentation, namely Parrot<ns1:a class="ref" href="TejoAlonsoParrot" pattern="Milestone"/>and the OWLDoc-based Ontology Browser. A preliminary and informal evaluation of the outcomes of this new testing session confirmed the usability results highlighted in this paper. We also performed a comparison of the performances of the tools with users trying to carry out the tasks in<ns1:a class="ref" href="TabellaTasks" pattern="Milestone"/>. Early outcomes seem to confirm the usefulness of LODE when dealing with such tasks. This work will be reported at a later date.</ns1:p><ns1:p pattern="Block">In future, we plan to extend LODE features to include suggestions highlighted by our users. In addition, we plan to conduct another user testing session to compare LODE with other ontology visualisation and browsing tools such as KC-Viz<ns1:a class="ref" href="MottaKCViz" pattern="Milestone"/>and OWLViz<ns1:a class="ref" href="KnublauchProtege" pattern="Milestone"/>.</ns1:p></ns1:div><ns1:div class="acknowledgements" id="SectionAcknowledgements" pattern="HeadedContainer"><ns1:h1 pattern="Block">Acknowledgements</ns1:h1><ns1:p pattern="Block">Aspects of this work have been supported by the<ns1:i pattern="Inline">JISC</ns1:i>(<ns1:i pattern="Inline">Joint Information Systems Committee</ns1:i>) through grant support to DS. We thank all the people who took part to the user testing session.</ns1:p></ns1:div><ns1:div class="bibliography" id="ref" pattern="HeadedContainer"><ns1:h1 pattern="Block">References</ns1:h1><ns1:ul pattern="Table" type="bullet"><ns1:li id="KnublauchProtege" pattern="Container"><ns1:p pattern="Block">Knublauch, H., Horridge, M., Musen, M. A., Rector, A. L., Stevens, R., Drummond, N., Lord, P. W., Noy, N. F., Seidenberg, J., Wang, H. (2005). The Protege OWL Experience. In Proceedings of the OWLED 05 Workshop on OWL: Experiences and Directions. http://ceur-ws.org/Vol-188/sub14.pdf (last visited June 28, 2012)</ns1:p></ns1:li><ns1:li id="SuarezFigueroaNeOn" pattern="Container"><ns1:p pattern="Block">Suárez-Figueroa, M.C., Gómez-Pérez, A., Motta, E., Gangemi, A. (2012). Ontology Engineering in a Networked World. Berlin, Germany: Springer. ISBN: 978-3642247934</ns1:p></ns1:li><ns1:li id="OrenSindice" pattern="Container"><ns1:p pattern="Block">Oren, E., Delbru, R., Catasta, M., Cyganiak, R., Stenzhorn, H., Tummarello, G. (2008). Sindice.com: a document-oriented lookup index for open linked data. In International Journal of Metadata, Semantics and Ontologies, 3 (1): 37-52. DOI: 10.1504/IJMSO.2008.021204</ns1:p></ns1:li><ns1:li id="DaquinWatson" pattern="Container"><ns1:p pattern="Block">d'Aquin, M., Motta, E. (2011). Watson, more than a Semantic Web search engine. In Semantic Web – Interoperability, Usability, Applicability, 2 (1): 55-63. DOI: 10.3233/SW-2011-0031</ns1:p></ns1:li><ns1:li id="DraganSemNotes" pattern="Container"><ns1:p pattern="Block">Dragan, L, Handschuh, S., Decker, S. (2011). The semantic desktop at work: interlinking notes. In Proceedings the 7th International Conference on Semantic Systems (I-SEMANTICS 2011). DOI: 10.1145/2063518.2063521</ns1:p></ns1:li><ns1:li id="HorridgeManchesterSyntax" pattern="Container"><ns1:p pattern="Block">Horridge, M., Patel-Schneider, P. (2009). OWL 2 Web Ontology Language: Manchester Syntax. W3C Working Group Note, 27 October 2009. World Wide Web Consortium. http://www.w3.org/TR/owl2-manchester-syntax/ (last visited June 28, 2012)</ns1:p></ns1:li><ns1:li id="BascaNeologism" pattern="Container"><ns1:p pattern="Block">Basca, C., Corlosquet, S., Cyganiak, R., Fernández, S., Schandl, T. (2008). Neologism: Easy Vocabulary Publishing. In Proceedings of the 4th Workshop on Scripting for the Semantic Web. http://ceur-ws.org/Vol-368/paper10.pdf (last visited June 28, 2012)</ns1:p></ns1:li><ns1:li id="TejoAlonsoParrot" pattern="Container"><ns1:p pattern="Block">Tejo-Alonso, C., Berrueta, D., Polo, L., Fernandez, S. (2011). Metadata for Web Ontologies and Rules: Current Practices and Perspectives. In Proceeding of the 5th Interational Conference on Metadata and Semantic Research (MTSR 2011). DOI: 10.1007/978-3-642-24731-6_6</ns1:p></ns1:li><ns1:li id="BoleyRIFCore" pattern="Container"><ns1:p pattern="Block">Boley, H., Hallmark, G., Kifer, M., Paschke, A., Polleres, A., Reynolds, D. (2010). RIF Core Dialect. W3C Recommendation, 22 June 2010. World Wide Web Consortium. http://www.w3.org/TR/rif-core/ (last visited June 28, 2012)</ns1:p></ns1:li><ns1:li id="HorridgeOWLAPI" pattern="Container"><ns1:p pattern="Block">Horridge, M., Bechhofer, S. (2011). The OWL API: A Java API for OWL ontologies. In Semantic Web – Interoperability, Usability, Applicability, 2 (1): 11-21. DOI: 10.3233/SW-2011-0025</ns1:p></ns1:li><ns1:li id="DCMIDCElements" pattern="Container"><ns1:p pattern="Block">Dublin Core Metadata Initiative (2010). Dublin Core Metadata Element Set, Version 1.1. DCMI Recommendation. http://dublincore.org/documents/dces/ (last visited June 28, 2012)</ns1:p></ns1:li><ns1:li id="DCMIDCTerms" pattern="Container"><ns1:p pattern="Block">Dublin Core Metadata Initiative (2010). DCMI Metadata Terms. DCMI Recommendation. http://dublincore.org/documents/dcmi-terms/ (last visited June 28, 2012)</ns1:p></ns1:li><ns1:li id="SirinPellet" pattern="Container"><ns1:p pattern="Block">Sirin, E., Parsia, B., Grau, B.C., Kalyanpur, A., Katz, Y. (2007). Pellet: A practical OWL-DL reasoner. In Journal of Web Semantics, 5 (2): 51-53. DOI: 10.1016/j.websem.2007.03.004</ns1:p></ns1:li><ns1:li id="BerruetaPublishingRDF" pattern="Container"><ns1:p pattern="Block">Berrueta, D., Phipps, J. (2008). Best Practice Recipes for Publishing RDF Vocabularies. W3C Working Group Note, 28 August 2008. World Wide Web Consortium. http://www.w3.org/TR/swbp-vocab-pub/ (last visited June 28, 2012)</ns1:p></ns1:li><ns1:li id="BrookeSUS" pattern="Container"><ns1:p pattern="Block">Brooke, J. (1996). SUS: a “quick and dirty” usability scale. In Usability Evaluation in Industry: 189-194. London, UK: Taylor and Francis. ISBN: 978-0748404600</ns1:p></ns1:li><ns1:li id="DiIorioEverydayOverlappingMarkup" pattern="Container"><ns1:p pattern="Block">Di Iorio, A., Peroni, S., Vitali, F. (2011). A Semantic Web Approach To Everyday Overlapping Markup. In Journal of the American Society for Information Science and Technology, 62 (9): 1696-1716. DOI: 10.1002/asi.21591</ns1:p></ns1:li><ns1:li id="MottaKCViz" pattern="Container"><ns1:p pattern="Block">Motta, E., Mulholland, P., Peroni, S., d’Aquin, M., Gomez-Perez, J. M., Mendez, V., Zablith, F. (2011). A Novel Approach to Visualizing and Navigating Ontologies. In Proceedings of the 10th International Semantic Web Conference (ISWC 2011). DOI: 10.1007/978-3-642-25073-6_30</ns1:p></ns1:li><ns1:li id="SauroGuideSUS" pattern="Container"><ns1:p pattern="Block">Sauro, J. (2011). A Practical Guide to the System Usability Scale: Background, Benchmarks &amp; Best Practices. ISBN: 978-1461062707</ns1:p></ns1:li><ns1:li id="LewisSUS" pattern="Container"><ns1:p pattern="Block">Lewis, J. R., Sauro, J. (2009). The Factor Structure of the System Usability Scale. In Proceedings of the 1st International Conference on Human Centered Design (HCD09). DOI: 10.1007/978-3-642-02806-9_12</ns1:p></ns1:li><ns1:li id="StraussCorbin" pattern="Container"><ns1:p pattern="Block">Strauss, A. Corbin, J. (1998). Basics of Qualitative Research Techniques and Procedures for Developing Grounded Theory (2nd edition). Sage Publications: London. ISBN: 978-0803959408</ns1:p></ns1:li></ns1:ul></ns1:div><ns1:div class="footnote" pattern="Table"><ns1:div id="ftn4" pattern="Container"><ns1:p pattern="Block">Protégé:<ns1:a href="http://protege.stanford.edu/" pattern="Inline">http://protege.stanford.edu</ns1:a>.</ns1:p></ns1:div><ns1:div id="ftn5" pattern="Container"><ns1:p pattern="Block">Sindice:<ns1:a href="http://sindice.com/" pattern="Inline">http://sindice.com</ns1:a>.</ns1:p></ns1:div><ns1:div id="ftn6" pattern="Container"><ns1:p pattern="Block">Watson:<ns1:a href="http://watson.kmi.open.ac.uk/" pattern="Inline">http://watson.kmi.open.ac.uk</ns1:a>.</ns1:p></ns1:div><ns1:div id="ftn7" pattern="Container"><ns1:p pattern="Block">SemNotes:<ns1:a href="http://smile.deri.ie/projects/semn" pattern="Inline">http://smile.deri.ie/projects/semn</ns1:a>.</ns1:p></ns1:div><ns1:div id="ftn8" pattern="Container"><ns1:p pattern="Block">LODE, the Live OWL Documentation Environment:<ns1:a href="http://www.essepuntato.it/lode" pattern="Inline">http://www.essepuntato.it/lode</ns1:a>.</ns1:p></ns1:div><ns1:div id="ftn9" pattern="Container"><ns1:p pattern="Block">SpecGen:<ns1:a href="http://forge.morfeo-project.org/wiki_en/index.php/SpecGen" pattern="Inline">http://forge.morfeo-project.org/wiki_en/index.php/SpecGen</ns1:a>.</ns1:p></ns1:div><ns1:div id="ftn10" pattern="Container"><ns1:p pattern="Block">The Semantically-Interlinked Online Communities (SIOC) project:<ns1:a href="http://sioc-project.org/" pattern="Inline">http://sioc-project.org</ns1:a>.</ns1:p></ns1:div><ns1:div id="ftn11" pattern="Container"><ns1:p pattern="Block">VocDoc:<ns1:a href="http://kantenwerk.org/vocdoc/" pattern="Inline">http://kantenwerk.org/vocdoc/</ns1:a>.</ns1:p></ns1:div><ns1:div id="ftn12" pattern="Container"><ns1:p pattern="Block">OWLDoc:<ns1:a href="http://code.google.com/p/co-ode-owl-plugins/wiki/OWLDoc" pattern="Inline">http://code.google.com/p/co-ode-owl-plugins/wiki/OWLDoc</ns1:a>.</ns1:p></ns1:div><ns1:div id="ftn13" pattern="Container"><ns1:p pattern="Block">Protégé:<ns1:a href="http://protege.stanford.edu/" pattern="Inline">http://protege.stanford.edu/</ns1:a>.</ns1:p></ns1:div><ns1:div id="ftn14" pattern="Container"><ns1:p pattern="Block">Ontology browser:<ns1:a href="http://code.google.com/p/ontology-browser/" pattern="Inline">http://code.google.com/p/ontology-browser/</ns1:a>.</ns1:p></ns1:div><ns1:div id="ftn15" pattern="Container"><ns1:p pattern="Block">Paget:<ns1:a href="http://code.google.com/p/paget" pattern="Inline">http://code.google.com/p/paget</ns1:a>.</ns1:p></ns1:div><ns1:div id="ftn16" pattern="Container"><ns1:p pattern="Block">Ian Davis' Linked Data profile, rendered through Paget:<ns1:a href="http://iandavis.com/id/me.html" pattern="Inline">http://iandavis.com/id/me.html</ns1:a>.</ns1:p></ns1:div><ns1:div id="ftn17" pattern="Container"><ns1:p pattern="Block">A vocabulary for describing whisky varieties, rendered through Paget:<ns1:a href="http://vocab.org/whisky/terms.html" pattern="Inline">http://vocab.org/whisky/terms.html</ns1:a>.</ns1:p></ns1:div><ns1:div id="ftn18" pattern="Container"><ns1:p pattern="Block">Neologism:<ns1:a href="http://neologism.deri.ie/" pattern="Inline">http://neologism.deri.ie</ns1:a>.</ns1:p></ns1:div><ns1:div id="ftn19" pattern="Container"><ns1:p pattern="Block">Parrot:<ns1:a href="http://ontorule-project.eu/parrot/parrot" pattern="Inline">http://ontorule-project.eu/parrot/parrot</ns1:a>.</ns1:p></ns1:div><ns1:div id="ftn20" pattern="Container"><ns1:p pattern="Block">W3C CSS: http://www.w3.org/TR/CSS/.</ns1:p></ns1:div><ns1:div id="ftn21" pattern="Container"><ns1:p pattern="Block">OWLAPI:<ns1:a href="http://owlapi.sourceforge.net/" pattern="Inline">http://owlapi.sourceforge.net</ns1:a>.</ns1:p></ns1:div><ns1:div id="ftn22" pattern="Container"><ns1:p pattern="Block">The prefixes<ns1:i pattern="Inline">dc</ns1:i>,<ns1:i pattern="Inline">dcterms</ns1:i>,<ns1:i pattern="Inline">owl</ns1:i>and<ns1:i pattern="Inline">rdfs</ns1:i>in the following list respectively refers to “<ns1:a href="http://purl.org/dc/elements/1.1/" pattern="Inline">http://purl.org/dc/elements/1.1/</ns1:a>”, “<ns1:a href="http://purl.org/dc/terms/" pattern="Inline">http://purl.org/dc/terms/</ns1:a>”, “<ns1:a href="http://www.w3.org/2002/07/owl" pattern="Inline">http://www.w3.org/2002/07/owl</ns1:a>#” and “<ns1:a href="http://www.w3.org/2000/01/rdf-schema" pattern="Inline">http://www.w3.org/2000/01/rdf-schema</ns1:a>#”.</ns1:p></ns1:div><ns1:div id="ftn23" pattern="Container"><ns1:p pattern="Block">Semantic Publishing And Referencing (SPAR) ontologies:<ns1:a href="http://purl.org/spar" pattern="Inline">http://purl.org/spar</ns1:a>.</ns1:p></ns1:div><ns1:div id="ftn24" pattern="Container"><ns1:p pattern="Block">VIVO:<ns1:a href="http://vivoweb.org/" pattern="Inline">http://vivoweb.org</ns1:a>.</ns1:p></ns1:div><ns1:div id="ftn25" pattern="Container"><ns1:p pattern="Block">VIVO OWLAPI Documentation:<ns1:a href="https://sourceforge.net/apps/mediawiki/vivo/index.php?title=Ontology_OWLAPI_Documentation" pattern="Inline">https://sourceforge.net/apps/mediawiki/vivo/index.php?title=Ontology_OWLAPI_Documentation</ns1:a>.</ns1:p></ns1:div><ns1:div id="ftn26" pattern="Container"><ns1:p pattern="Block">LLDtools:<ns1:a href="http://www.w3.org/2001/sw/wiki/LLDtools" pattern="Inline">http://www.w3.org/2001/sw/wiki/LLDtools</ns1:a>.</ns1:p></ns1:div><ns1:div id="ftn27" pattern="Container"><ns1:p pattern="Block">Generating HTML documentation of OWL:<ns1:a href="http://www.w3.org/2011/prov/wiki/Generating_HTML_documentation_of_OWL" pattern="Inline">http://www.w3.org/2011/prov/wiki/Generating_HTML_documentation_of_OWL</ns1:a>.</ns1:p></ns1:div><ns1:div id="ftn28" pattern="Container"><ns1:p pattern="Block">PROV-O:<ns1:a href="http://dvcs.w3.org/hg/prov/raw-file/tip/ontology/ProvenanceOntology.owl" pattern="Inline">http://dvcs.w3.org/hg/prov/raw-file/tip/ontology/ProvenanceOntology.owl</ns1:a>.</ns1:p></ns1:div><ns1:div id="ftn29" pattern="Container"><ns1:p pattern="Block">FaBiO ontology:<ns1:a href="http://purl.org/spar/fabio" pattern="Inline">http://purl.org/spar/fabio</ns1:a>.</ns1:p></ns1:div><ns1:div id="ftn30" pattern="Container"><ns1:p pattern="Block">FOAF ontology:<ns1:a href="http://xmlns.com/foaf/spec/index.rdf" pattern="Inline">http://xmlns.com/foaf/spec/index.rdf</ns1:a>.</ns1:p></ns1:div><ns1:div id="ftn31" pattern="Container"><ns1:p pattern="Block"><ns1:a href="http://www.essepuntato.it/2012/04/lodeusertesting" pattern="Inline">http://www.essepuntato.it/2012/04/lodeusertesting</ns1:a>.</ns1:p></ns1:div></ns1:div></ns1:body></ns1:iml>