<?xml version="1.0" encoding="UTF-8"?><ns1:article xmlns:ns1="http://docbook.org/ns/docbook" pattern="HeadedContainer" version="5.0-subset Balisage-1.2"><ns1:title pattern="Block">Versions in UBL</ns1:title><ns1:info pattern="Record"><ns1:confgroup pattern="Record"><ns1:conftitle pattern="Field">International Symposium on Versioning XML Vocabularies and Systems</ns1:conftitle><ns1:confdates pattern="Field">August 11, 2008</ns1:confdates></ns1:confgroup><ns1:abstract pattern="Container"><ns1:para pattern="Block">There are many aspects of "different versions" when considering the artefacts defined for the OASIS Universal Business Language (UBL). UBL is expected to be widely deployed over a long period of time. How it is specified needs to support deployments in a heterogeneous network of different levels of implementation in different scenarios with different participants. Differences in versions can be seen in three different perspectives of the one specification. This paper describes (1) different versions of the UBL standard defined by the UBL technical committee, (2) different versions of UBL customizations defined by communities of users, and (3) different versions of deployed code lists defined by trading partners using UBL. Some aspects described apply only to UBL because of characteristics of UBL not shared with other vocabularies. This may limit how other vocabularies can take advantage of the approaches being used.</ns1:para></ns1:abstract><ns1:author pattern="Record"><ns1:personname pattern="Record"><ns1:firstname pattern="Field">G. Ken</ns1:firstname><ns1:surname pattern="Field">Holman</ns1:surname></ns1:personname><ns1:personblurb pattern="Container"><ns1:para pattern="Block">Mr. G. Ken Holman is the Chief Technology Officer for Crane Softwrights Ltd., a co-editor of the UBL 2.0 specification, member of the W3C Working Group that developed XML from SGML, the founding chair of the two OASIS XML and XSLT Conformance Technical Committees and current chair of the Code List Representation Technical Committee and UBL HISC and SBS subcommittees and two task groups, a former international secretary of the ISO subcommittee responsible for the SGML family of standards, the current chair of the Canadian committee to the ISO, the author of electronically-published and print-published books on XML-related technologies, and a frequent conference speaker.</ns1:para></ns1:personblurb><ns1:affiliation pattern="Record"><ns1:orgname pattern="Block">Crane Softwrights Ltd.</ns1:orgname></ns1:affiliation><ns1:email pattern="Field">gkholman@CraneSoftwrights.com</ns1:email></ns1:author><ns1:legalnotice pattern="Container"><ns1:para pattern="Block">Copyright Ã&#130;Â© Crane Softwrights Ltd.</ns1:para></ns1:legalnotice></ns1:info><ns1:section pattern="HeadedContainer"><ns1:title pattern="Block">Introduction</ns1:title><ns1:para pattern="Block">There are many requirements for versioning and customization in a heterogeneous network of Universal Business Language (UBL) [<ns1:xref linkend="b_ubl2" pattern="Milestone"/>] users. It has long been accepted that the use of XML addresses platform differences and application differences between participants, insulating trading partners from differences in their applications and implementations. Using the identical XML models and constraints, users can interchange information with expected results. However, in three perspectives of UBL there are expected to be differences between users in how the specification is used: over time not all users of UBL can be expected to have kept their systems in step with new releases from the UBL committee; around the world not all communities of users of UBL will have the same requirements for information exchange; and amongst all those engaged with a given community, not all trading partners have the identical business-oriented constraints on the data found in UBL documents.</ns1:para><ns1:para pattern="Block">While using XML does address implementation differences in heterogeneous systems, the definition of UBL illustrates some approaches to addressing the heterogeneous deployment of an adopted specification. This paper reviews guidelines being discussed and adopted by the UBL committee in these areas. Also described are some distinctive aspects about the UBL document constraints that support some automated verification techniques.</ns1:para><ns1:para pattern="Block">The principles described by the UBL committee predate the principles described in the W3C Technical Architecture Group (TAG) finding on strategies for extending and versioning languages [<ns1:xref linkend="b_tagevl" pattern="Milestone"/>], but they are in harmony.</ns1:para><ns1:section xmlns:ns3="http://www.w3.org/XML/1998/namespace" xml:id="validity" pattern="HeadedContainer"><ns1:title pattern="Block">The role of schema validity to applications</ns1:title><ns1:para pattern="Block">This paper focuses on a number of versioning issues with respect to schema validity. This recognizes schema validity as a gating factor to many applications being able to inspect the content of an XML instance. Whilewell-formednessis sufficient for processing the content of an XML document with tools such as XSLT, nevertheless there are many approaches to working with XML that oblige an instance to be schema valid before an application is delivered the content found therein. Once the content is delivered, the application can make business and other "higher layer" decisions regarding the instance. By describing approaches addressing schema validity in advance of an application inspecting the content, all applications can be enabled to determine what business to engage in based on the content found.</ns1:para><ns1:para pattern="Block">The UBL committee was presented with a real-world situation involving thousands of Java programmers in Denmark who know nothing about XML but are obliged to write applications that access UBL documents standardized by the Danish government [<ns1:xref linkend="b_oioubl" pattern="Milestone"/>]. In the general case, consider for example any such programming language with an interface to XML that hides markup from developers. This off-the-shelf interface might load an in-memory data structure based on the W3C Schema post-schema validation information (PSVI) values of a validating processor. The programmer doesn't know anything about XML or about the PSVI, but because the interface delivers all of the document content as a data structure, the application can inspect the XML content and make its business decisions.</ns1:para><ns1:para pattern="Block">If the XML document does not validate against the schema for which the interface was programmed, the data structures do not get loaded, and the application cannot inspect the document contents. Schema validity becomes the gating factor to even look inside of the document, and the document'swell-formednessis irrelevant to that programmer. A processing model that coerces an instance to be schema-valid for such an application allows that application to accomplish what it can with the information found therein.</ns1:para></ns1:section><ns1:section xmlns:ns3="http://www.w3.org/XML/1998/namespace" xml:id="origmdl" pattern="HeadedContainer"><ns1:title pattern="Block">The published processing model for like-versioned UBL systems</ns1:title><ns1:para pattern="Block">The UBL committee published a processing model for a UBL system receiving an XML UBL document, illustrated in<ns1:xref linkend="validubl" pattern="Milestone"/>.</ns1:para><ns1:figure xml:id="validubl" pattern="Container"><ns1:title pattern="Block">The published processing model for UBL</ns1:title><ns1:mediaobject pattern="Container"><ns1:imageobject pattern="Container"><ns1:imagedata fileref="../../../vol2/graphics/Holman01/Holman01-001.png" format="png" pattern="Meta"/></ns1:imageobject></ns1:mediaobject></ns1:figure><ns1:para pattern="Block">In this model, two distinct steps are engaged to determine the validity of an instance for processing by a receiving application. The structural and lexical constraints are expressed in the W3C Schema XSD file. The value constraints are expressed in an XSLT file. Standardized versions of each of these two files are included in the UBL 2.0 delivery package. Only when an instance has successfully passed structural validation does it make sense to check value validation.</ns1:para><ns1:para pattern="Block">If the application requires schema validity for the loading of data structures, this is assured by the first step. Checking the value constraints in the second step has relieved the application from having to know which constraints apply and can focus on whatever values have been allowed to pass. Thus the application can be quite generic in nature by supporting all possible values. The application does not have to change if the constraints on values change in different business contexts.</ns1:para></ns1:section></ns1:section><ns1:section pattern="HeadedContainer"><ns1:title pattern="Block">Versions of the UBL specification</ns1:title><!--<para>The Universal Business Language 1.0 [<xref linkend="b_ubl1"/>] was released in September 2004. As a first specification it successfully caught the attention of candidate users in influential projects. These users identified what was necessary to create a successful second version. Drawbacks were identified in the way value validation was hardwired into the schemas. In the following years the new committee participants changed and augmented the specification to successfully meet a broader set of requirements.</para> <para>Once ready to start describing the changes to the vocabulary, it was obvious the nature of the differences mandated a version 2.0 rather than a version 1.1. The long-term future of UBL is anticipated to be described within the UN/CEFACT committees. By taking into account the success of UBL and its design in the description of global e-commerce specifications under their purview, there would not be need for a UBL version 3.0 per se. Rather, in the long term, a harmonized specification would be available to adherents of publications from both sources.</para> <para>In the short term, however, the committee needed to anticipate the wide adoption of UBL 2.0 and the need to accommodate new user requirements. The committee set out principles of vocabulary evolution for minor versions 2.1, 2.2, etc. Within these principles a heterogeneous network of deployed systems can successfully interchange UBL documents using their individual levels of implementation.</para>--><ns1:para pattern="Block">An innovative concept developed early in the UBL days and now followed by many other committees is the creation of Naming and Design Rules (NDR). These rules govern the (typically automatable) synthesis of formal document models from abstract representations of model information. A set of NDR rules is published for UBL 2.0 [<ns1:xref linkend="b_ndr2" pattern="Milestone"/>] and governs how the committee can address versions. These rules cannot be violated in determining approaches for versioning.</ns1:para><ns1:para pattern="Block">The NDR makes reference to the abbreviations for Aggregate Business Information Entity (ABIE), Basic Business Information Entity (BBIE) and Associate Business Information Entity (ASBIE), defined by the Core Component Technical Specification [<ns1:xref linkend="b_ccts" pattern="Milestone"/>]. An aggregate element defines a sequence of basic and associated elements, where associated elements are themselves aggregates. The order of the sequence reflects the order as modeled abstractly for the ABIE by the committee, which always orders all constituent BBIE constructs in sequence before all ASBIE constructs.</ns1:para><ns1:para pattern="Block">Three examples of NDR rules that make the UBL vocabulary distinct from other vocabularies are as follows.</ns1:para><ns1:itemizedlist pattern="Table"><ns1:listitem pattern="Container"><ns1:para pattern="Block">[CTD2] Every<ns1:code pattern="Atom">ccts:ABIE</ns1:code><ns1:code pattern="Atom">xsd:complexType</ns1:code>definition content model MUST use the<ns1:code pattern="Atom">xsd:sequence</ns1:code>element containing references to the appropriate global element declarations.<ns1:emphasis pattern="Inline">[Ed. note: i.e. no<ns1:code pattern="Atom">xsd:choice</ns1:code>constructs allowed]</ns1:emphasis></ns1:para></ns1:listitem><ns1:listitem pattern="Container"><ns1:para pattern="Block">[ELD3] For every class and property identified in the UBL model, a global element bound to the corresponding<ns1:code pattern="Atom">xsd:complexType</ns1:code>MUST be declared.<ns1:emphasis pattern="Inline">[Ed. note: i.e. the Garden of Eden approach to document modeling]</ns1:emphasis></ns1:para></ns1:listitem><ns1:listitem pattern="Container"><ns1:para pattern="Block">[GXS14] The<ns1:code pattern="Atom">xsd:any</ns1:code>element MUST NOT be used except within the<ns1:code pattern="Atom">ExtensionContentType</ns1:code>type definition, and with<ns1:code pattern="Atom">xsd:processContents="skip"</ns1:code>for non-UBL namespaces.</ns1:para></ns1:listitem></ns1:itemizedlist><ns1:para pattern="Block">Considering the last example above, localizing all unknown constructs under a single point prevents having user-defined customized extensions throughout an instance. The rule is not in place in order to locate minor version additions to the model. Adding an<ns1:code pattern="Atom">&lt;xsd:any&gt;</ns1:code>construct within any standardized aggregate for the purpose of versioning would suggest adding<ns1:code pattern="Atom">&lt;xsd:any&gt;</ns1:code>to every standardized aggregate. After trying to negotiate the importance of which aggregates would or would not have this construct, it was decided it was simpler that no aggregate would have this construct.</ns1:para><ns1:para pattern="Block">This section overviews the committee decision to add new documents and augment existing aggregates with minor-version optional additions using the same namespace. Applications can protect themselves from future augmentations by implementing a processing model stripping unexpected elements. The generation of instances must indicate the version of UBL higher than or equal to the highest minor version defining any construct in the instance. Minor version schema expressions are reconstituted from abstract models, not derived from older versions.</ns1:para><ns1:section xmlns:ns3="http://www.w3.org/XML/1998/namespace" xml:id="majmin" pattern="HeadedContainer"><ns1:title pattern="Block">Major vs. minor vocabulary versions</ns1:title><ns1:para pattern="Block">As is widely accepted, a major version change for an XML vocabulary is required when instances of the older version no longer validate against a new schema. This implies that applications are obliged to be changed in order to recognize the vocabulary constructs it may already support. From the schema validity perspective, this means an application is unable to inspect the content of an old instance because it cannot validate the instance with the new schema.</ns1:para><ns1:para pattern="Block"><!--The committee assessed the need to release a version 2.0 because of the substantial differences in this regard to the vocabulary defined in version 1.0. This necessitated a change in the vocabulary namespace. Thus with a blank slate, the committee described all of the constructs needed for the first release of the revised specification. The committee also decided that to meet this regard-->To support this, the NDR rules mandate:</ns1:para><ns1:itemizedlist pattern="Table"><ns1:listitem pattern="Container"><ns1:para pattern="Block">[VER5] for UBL minor version changes the namespace name must not change.</ns1:para></ns1:listitem><ns1:listitem pattern="Container"><ns1:para pattern="Block">[VER10] UBL Schema and schema module minor version changes MUST not break semantic compatibility with prior versions.</ns1:para></ns1:listitem></ns1:itemizedlist><ns1:para pattern="Block">As when defining most XML vocabularies, UBL first defines abstract information items and the granularity, cardinality, order and labeling of their constituent information items. Items are then each assigned a name by which the representation of the item can be identified in an XML document. An application then processes this representation found in an XML instance into information in effecting the desired outcome.</ns1:para><ns1:para pattern="Block">A information item's namespace is merely an extension of its local name. Therefore, XML applications processing UBL documents identify an information item by its namespace-qualified name. The application can then implement whatever semantics are defined for the identified information item. If a UBL minor version introduces a previously existing UBL information item into an augmented aggregate as part of the change, the application will properly identify the item by its established namespace and local name even when found in the newly-permitted location.</ns1:para><ns1:para pattern="Block">If the NDR had allowed or required the namespace to change in a minor version, the established conceptual information item would then have multiple names in different places of a validated instance. If namespace changes were required only for newly defined information items, an application inspecting the namespaces of an instance would not distinguish all information items introduced in the minor version. Therefore, basing minor version distinctions solely on namespaces is insufficient. Thus incurring the overhead of introducing and tracking multiple minor-version-based namespaces would be onerous at worst or misleading at best.</ns1:para><ns1:para pattern="Block">In support of asserting minor version compliance, the UBL NDR mandates an element to be optionally available as part of every UBL instance:</ns1:para><ns1:itemizedlist pattern="Table"><ns1:listitem pattern="Container"><ns1:para pattern="Block">[VER15] Every UBL document schema must declare an optional element named "<ns1:code pattern="Atom">UBLVersionID</ns1:code>" immediately following the optional "<ns1:code pattern="Atom">UBLExtensions</ns1:code>" element.</ns1:para></ns1:listitem></ns1:itemizedlist><ns1:para pattern="Block">An instance claiming to satisfy the document constraints for a particular version of UBL asserts this in the<ns1:code pattern="Atom">UBLVersionID</ns1:code>element. While it is not a mandatory element, applications knowing that an instance claims to satisfy a particular version can make use of this information.</ns1:para><ns1:para pattern="Block">With this combination of rules and practices, every UBL 2.x document will have the same namespaces used to identify the vocabulary as 2.0. Also, where an instance purports to be an instance of a particular minor version, an application will know where to find this assertion. Note that this element's value is not validated, rather, it is only an assertion that the constructs found in the instance conform to the stated version. An instance with this element absent makes no such assertion, thus an application can only assume the instance is using UBL 2.0. The element cannot be mandatory in a minor version as this would render 2.0 instances invalid where the element is absent.</ns1:para></ns1:section><ns1:section pattern="HeadedContainer"><ns1:title pattern="Block">The UBL common library and new document types</ns1:title><ns1:para pattern="Block">The UBL vocabulary is designed around a common library of business objects expressed as constraints in document structure. Each of the 31 UBL document types import this common specification of business object serialization, thereby reusing the common definitions in all documents.</ns1:para><ns1:para pattern="Block">A UBL naming and design rule mandates that each document type defines only the document element for the document type. The document element children are all references into the common library for both basic and aggregate business objects.</ns1:para><ns1:para pattern="Block">New document types can be added to UBL simply by creating the definitions of new document elements and the children they use. Should there be a need for a new business object, this can simply be added to the library without impacting any of the existing document types. Should there be a need to modify an existing business object, only additions that have optional cardinality can be made in order not to impact the schema validity of an instance of an existing document type.</ns1:para></ns1:section><ns1:section pattern="HeadedContainer"><ns1:title pattern="Block">A minor-versioning approach for backward compatibility</ns1:title><ns1:para pattern="Block">New business requirements for an existing document type may mandate a change to a business object already being used. As when modifying objects to accommodate new documents, such changes can be made in a minor UBL revision provided they are all made with an optional cardinality. Nothing that is mandatory can be added in a minor version specification, as instances of previous minor versions would no longer be schema valid.</ns1:para><ns1:para pattern="Block">In this approach, for example, a system set up to validate version 2.7 instances will also validate a version 2.5 instance. Whether a user wishes to accept the business validity of a version 2.5 instance is an out-of-band business decision. Nevertheless, there is nothing in the system preventing it from being able to inspect the instance.</ns1:para></ns1:section><ns1:section pattern="HeadedContainer"><ns1:title pattern="Block">A processing model for forward compatibility</ns1:title><ns1:para pattern="Block">A receiving application is assumed to have been programmed to be aware of only those constructs of a particular version of UBL. It would therefore be deployed with the schemas for that UBL version and will typically employ validation of received documents in advance of acting on the semantics represented by the information structured and identified in the XML. The application receiving an instance of a later UBL version may find either unrecognized constructs or recognized constructs in unexpected places. For example, a UBL 2.5 application would not recognize constructs introduced by the schema for UBL 2.7.</ns1:para><ns1:para pattern="Block">Shown previously in<ns1:xref linkend="origmdl" pattern="Milestone"/>, the current UBL 2.0 specification describes a two-step validation processing model. The first of these two steps confirms the structural and lexical constraints (the lexical being, effectively, the structure of the content) of the document. The second step confirms the value constraints being imposed by business requirements beyond the purview of the committee, but within the context of using UBL between trading partners. This second step is described in more detail in<ns1:xref linkend="codelist" pattern="Milestone"/>. At either stage of validation, a failure indicates that the message is to be rejected, either because the document structure or value constraints have been violated.</ns1:para><ns1:para pattern="Block">This processing model for like-versioned UBL systems does not serve a UBL 2.5 application receiving a UBL 2.7 instance with unexpected content.</ns1:para><ns1:para pattern="Block"><ns1:xref linkend="procmdl" pattern="Milestone"/>illustrates a processing model being considered by the UBL committee that supports forward compatibility of UBL instances. This augments the processing model described in the UBL 2.0 specification and is being considered for inclusion in the UBL 2.1 specification.</ns1:para><ns1:figure xmlns:ns3="http://www.w3.org/XML/1998/namespace" xml:id="procmdl" pattern="Container"><ns1:title pattern="Block">A customized processing model supporting forward compatibility</ns1:title><ns1:mediaobject pattern="Container"><ns1:imageobject pattern="Container"><ns1:imagedata fileref="../../../vol2/graphics/Holman01/Holman01-002.png" format="png" pattern="Meta"/></ns1:imageobject></ns1:mediaobject></ns1:figure><ns1:para pattern="Block">This alternative processing model for the receiving system uses only that version of UBL schema supported by the receiving system, and does not involve any inspection of the XML instance in advance of validation. In this model an initial schema validation failure indication is recognized to possibly have been triggered by an instance using features added in a schema later than the version supported by the system. After such a failure, an instance pruning process takes away unknown constructs from the instance being validated. The resulting pruned instance can then be checked for schema validity. If successful, the pruned instance is passed to the second stage value validation.</ns1:para><ns1:para pattern="Block">As with the standardized model, passing value validation grants delivery of the instance to the application. In this model, a second piece of information accompanies the instance being passed to the application. The application can already assume that value constraints in the document are satisfied. An "initial pass/fail" indication tells the application that the instance it is working with satisfies the structure constraints in either an unmodified ("initial pass") or a modified ("initial fail") state.</ns1:para><ns1:para pattern="Block">An unmodified instance can be acceptable for business processing regardless of the stated version number found in the<ns1:code pattern="Atom">UBLVersionID</ns1:code>element if all of the business objects found in the instance conform to the constraints of the application, unused additions in a later version notwithstanding. The application can use out-of-band decision making, including the<ns1:code pattern="Atom">UBLVersionID</ns1:code>element as input, to accept or reject a modified instance for the purposes of doing business.</ns1:para><ns1:para pattern="Block">In both cases if the instance is delivered to an application, such an application relying on schema validity for inspecting instance content (as described in<ns1:xref linkend="validity" pattern="Milestone"/>) can successfully extract any information therein.</ns1:para><ns1:para pattern="Block">Considering the example above, a UBL 2.7 instance without constructs unrecognized by the UBL 2.5 schema would validate using the receiving application's schemas. The instance would be passed to the UBL 2.5-aware application untouched and with an "initial pass" indication. In this case that the instance is marked 2.7 is irrelevant. A UBL 2.7 instance with unrecognized constructs would fail to validate with the UBL 2.5 schema and would be passed to the application after being pruned to the UBL 2.5 subset and with an "initial fail" indication. In this case that the instance is marked 2.7 is relevant to the application and user deciding how to proceed.</ns1:para><ns1:para pattern="Block">In support of this processing model, instance pruning processes for UBL 2.0 are already publicly available [<ns1:xref linkend="b_craneres" pattern="Milestone"/>]. Such processes are programmatically derived from the UBL specification rather than being hand-coded. This approach gives the pruning process a higher level of assurance of accuracy than coding the filter by hand.</ns1:para></ns1:section><ns1:section pattern="HeadedContainer"><ns1:title pattern="Block">The version high water mark</ns1:title><ns1:para pattern="Block">There was some debate within the committee regarding which value a sending application is obligated to indicate in a UBL document regarding the version of UBL to which the instance conforms.</ns1:para><ns1:para pattern="Block">Consider the example where a sending system supporting features up to UBL 2.7 generates an instance wherein the highest version of UBL represented by any construct used therein was defined in UBL 2.3. No additions defined by UBL 2.4, 2.5, 2.6 or 2.7 are being used within the instance. Though the system supports creating a UBL 2.7 instance, the "high water mark" of the structure is only 2.3.</ns1:para><ns1:para pattern="Block">Should the sending application indicate in<ns1:code pattern="Atom">UBLVersionID</ns1:code>the value "2.3" or the value "2.7"?</ns1:para><ns1:para pattern="Block">A receiving system supporting only UBL 2.2 would accept the instance after the second check of schema validity in<ns1:xref linkend="procmdl" pattern="Milestone"/>. The first check of validity would have triggered the instance pruning through the 2.2 filter and the resulting instance would then validate as 2.2. The application would inspect the instance with the knowledge that the instance failed the initial validation. If it found a version of 2.2 or lower, the application could conclude that the instance was improperly structured and only the pruning process cleaned the instance up. In this example, seeing a version higher than 2.2, the application wouldn't know whether the instance was improperly structured or whether the failure was only the presence of additional content. Nevertheless, the application can use an out-of-band decision to continue with the transaction or reject it. This might include human inspection or authorization.</ns1:para><ns1:para pattern="Block">A receiving system supporting UBL 2.3 would accept the instance structure and the application would be able to inspect the content. There would be no need to inspect the asserted UBL version because the "initial pass/fail indication" cites the successful validation against UBL 2.3 structures. This happens regardless of whether the<ns1:code pattern="Atom">UBLVersionID</ns1:code>states "2.3" or "2.7".</ns1:para><ns1:para pattern="Block">Likewise, a receiving system supporting UBL 2.7 would accept the instance without needing to inspect the<ns1:code pattern="Atom">UBLVersionID</ns1:code>.</ns1:para><ns1:para pattern="Block">Thus it turns out that there is no obligation for a sending system to ascertain the high water mark of constructs used in an instance. Indeed, it may be a burden to quality assurance and testing in application development to test that an application meets the high water mark requirement. By always populating<ns1:code pattern="Atom">UBLVersionID</ns1:code>with the highest version of UBL supported by the sending application, this statement will always be true. An instance of UBL 2.3 is, in fact, an instance of UBL 2.7, so it is safe to say "2.7" in the instance.</ns1:para></ns1:section><ns1:section pattern="HeadedContainer"><ns1:title pattern="Block">Schema synthesis</ns1:title><ns1:para pattern="Block">Note that XSD extension techniques are not suitable for defining later UBL versions based on earlier UBL versions. Accordingly, the document models of each minor version of UBL will be independently expressed from revised abstract models of the information. UBL committee members collaborate on the definitions of minor versions only from UML data diagrams and spreadsheet definitions of information model components. Since the XSD files are synthesized based on the UBL NDR, the original XSD files are not utilized in the expression of subsequent minor versions.</ns1:para><ns1:para pattern="Block">XSD requires redefined elements to be redefinitions in terms of themselves. This requires an extended definition to include the original definition with extensions only after the last of the original items being used.</ns1:para><ns1:para pattern="Block">The UBL NDR requires all atomic information items to be ordered in sequence before all aggregate information items in an element's definition. When new atomic information items are introduced into the model, they need to be positioned in the XML somewhere within or adjacent to the original atomic information items and before the original aggregate information items. Thus a minor version cannot be defined as an extension after the end of its previous version.</ns1:para><ns1:para pattern="Block">Note that minor versions only introduce optional constructs, thus an instance of any version is always a valid instance of any subsequent minor-version.</ns1:para></ns1:section></ns1:section><ns1:section pattern="HeadedContainer"><ns1:title pattern="Block">Customizations of UBL</ns1:title><ns1:para pattern="Block">A UBL Customization is, in the generic sense, the description of XML instances or XML-based applications acting on those instances that are somehow based on or derived from the UBL 2.0 specification. This represents another kind of version of UBL than the versions described by the committee. A community of users adopting UBL can describe a customization as their version of UBL better suited to their business needs than what off-the-shelf UBL can offer.</ns1:para><ns1:para pattern="Block">Two kinds of changes can be distinguished in a UBL customization: the removal of optional standardized constructs that are considered unnecessary, and the addition of new non-standardized constructs not already found in the specification. How a customization is specified impacts on the applications processing UBL information found in XML documents.</ns1:para><ns1:para pattern="Block">Two very distinct interpretations have come to light of how to describe and deploy a customization of UBL. A number of UBL members focus on the business objects described by the UBL information model based on the CCTS information model [<ns1:xref linkend="b_ccts" pattern="Milestone"/>]. Other members focus on the actual elements and attributes in the XML instance and the UBL XSD schemas.</ns1:para><ns1:para pattern="Block">Following current discussions in the UBL TC, the term<ns1:emphasis pattern="Inline">UBL Compatibility</ns1:emphasis>is reserved for a customization focused on the information model, while the term<ns1:emphasis pattern="Inline">UBL Conformance</ns1:emphasis>is reserved for a customization focused on the markup constraints and labels of the document schema.</ns1:para><ns1:section pattern="HeadedContainer"><ns1:title pattern="Block">UBL Compatibility</ns1:title><ns1:para pattern="Block">The Core Component Technical Specification [<ns1:xref linkend="b_ccts" pattern="Milestone"/>] presents a model for standardizing business semantics. It includes a methodology for developing a common set of semantic building blocks that represent business data. Using these building blocks, one can create one's own XML vocabulary. This vocabulary has user-named constructs based on CCTS constructs with the standardized business semantics.</ns1:para><ns1:para pattern="Block">The UBL business objects are built on top of the CCTS building blocks. Therefore, the UBL vocabulary is compatible at an information model level with other XML vocabularies and data representations also based on CCTS. The actual XML vocabularies may be very different, with different namespaces and labels for elements and attributes. However, the semantic basis on which these vocabularies are built promotes compatibility of the information expressed using those semantics.</ns1:para><ns1:para pattern="Block">These UBL business objects can be, in turn, the basis upon which other information models and associated XML vocabularies are built. This promotes compatibility of the information expressed in those vocabularies with the information expressed in UBL instances. Such compatibility is at the application and information model level. However, this does not enforce or predict any document-level instance compatibility in the use of labeled XML information items as defined by UBL.</ns1:para><ns1:para pattern="Block">An instance or a system is said to be<ns1:emphasis pattern="Inline">UBL-compatible</ns1:emphasis>when its information item definitions (not labels) are based on the same UBL and CCTS business objects, thus promoting interoperability at an application and model level between two UBL-compatible systems that understand the underlying business objects.</ns1:para><ns1:para pattern="Block">In a UBL-compatible document, schema validity is irrelevant because the business objects need not express the same granularity or structure or labels as those used in the published UBL schemas. Compatibility is thus viewed from an ontological or semantic perspective, not syntactic.</ns1:para><ns1:para pattern="Block">The granularity, order, cardinality and makeup of constituent information items in a compatible XML document need not have any relationship to UBL documents that validate against the published standardized schemas. Moreover, compatible information items must be distinctly named (labeled in the document tree) from standardized information items so as not to misconstrue what the label of an information item represents. Therefore, an XML application written to support a specific customization must know a priori the namespaces and names of the customized information items, and can only rely on the UBL namespaces and names to represent standardized information items.</ns1:para></ns1:section><ns1:section xmlns:ns3="http://www.w3.org/XML/1998/namespace" xml:id="ublconf" pattern="HeadedContainer"><ns1:title pattern="Block">UBL Conformance</ns1:title><ns1:para pattern="Block">An instance is said to be<ns1:emphasis pattern="Inline">UBL-conformant</ns1:emphasis>when it uses the granularity, order, cardinality, makeup, names and namespace URI strings of the representation of information items without conflicting with that published in the normative UBL schemas. This promotes interoperability at a document interchange level between two UBL-conformant systems that interpret the so-labeled and structured business objects.</ns1:para><ns1:para pattern="Block">Two aspects of the UBL document models may be unacceptable to a community of users. There may be more business objects defined by UBL than are of interest to the community. Moreover, a community may very well need to express important (to them) business objects not conceived in UBL. The UBL schemas are defined to accommodate these differences.</ns1:para><ns1:para pattern="Block">A<ns1:emphasis pattern="Inline">UBL conformant customization</ns1:emphasis>describes a set of document constraints where all possible instances of the conformant customization are simultaneously schema-valid instances of the published standardized UBL schemas. This allows a community to deprecate (to the point of exclusion) any UBL construct with optional cardinality. Any UBL construct with mandatory cardinality cannot be removed from the conformant customization, as customized instances would not meet the constraints of the original UBL document schemas.</ns1:para><ns1:para pattern="Block">Conformance is thus viewed from a syntactic perspective, presuming equivalence from an ontological or semantic perspective.</ns1:para><ns1:para pattern="Block">An excerpt from an example delivered as part of the UBL 2.0 package shows three fields being used in an Invoice instance, referencing a conformant customization used for a profile of a proposed small business subset:</ns1:para><ns1:programlisting xml:space="preserve" pattern="Block">&lt;in:Invoice ...&gt; &lt;cbc:UBLVersionID&gt;2.0&lt;/cbc:UBLVersionID&gt; &lt;cbc:CustomizationID&gt;urn:oasis:names:specification:ubl:xpath:Invoice-2.0: sbs-1.0-draft&lt;/cbc:CustomizationID&gt; &lt;cbc:ProfileID&gt;bpid:urn:oasis:names:draft:bpss:ubl-2-sbs-invoice- notification-draft&lt;/cbc:ProfileID&gt;</ns1:programlisting><ns1:para pattern="Block">As noted in<ns1:xref linkend="majmin" pattern="Milestone"/>an instance may claim to conform to the UBL schemas for the particular minor version indicated in the<ns1:code pattern="Atom">UBLVersionID</ns1:code>. As well, an instance claiming to satisfy the document constraints for a customization may assert this in the<ns1:code pattern="Atom">CustomizationID</ns1:code>element. When a community defines variations of a given document model within a customization, the instance may assert it is a particular variation in the<ns1:code pattern="Atom">ProfileID</ns1:code>element.</ns1:para><ns1:para pattern="Block">An instance may choose not to assert in these elements that it conforms to any particular constraints. A receiving application can then assume it is a UBL 2.0 document but must make its own assessment of the document information or the anticipated use of the document.</ns1:para><ns1:section pattern="HeadedContainer"><ns1:title pattern="Block">Conformant subsets (deprecating existing information)</ns1:title><ns1:para pattern="Block">A major aspect of the success of UBL is the specification of many different business objects that communities of users can utilize when representing their business information. This flexibility found in aggregate information items comes at a cost of defining a granularity of numerous possible constituent items, few of which are mandatory and most of which can be selectively used in an instance.</ns1:para><ns1:para pattern="Block">The community is obliged to use constituent items that are declared as mandatory in a UBL instance, otherwise their instances would not validate against the published standardized schemas. The community can, however, choose to constrain which optional constituent items it will agree to represent the information they use, and which optional constituent items it will agree will never represent any information they find useful or relevant in an interchange.</ns1:para><ns1:para pattern="Block">By paring down the standardized document specification to a conformant subset, the expectations of individuals in the community can be managed. Only those optional constructs allowed within the community need be considered when a sending application represents information. Any optional construct not allowed within the community can be safely ignored by a receiving application should it be present in the instance.</ns1:para><ns1:para pattern="Block">All instances of the conformant subset are schema-valid with the UBL schema version from which the subset is derived.</ns1:para></ns1:section><ns1:section pattern="HeadedContainer"><ns1:title pattern="Block">Conformant extensions (adding new information)</ns1:title><ns1:para pattern="Block">To meet the requirements not perceived by the committee, a community can define their own business objects required for a transaction. These objects are represented as customized information items. These items will have their own granularity, order, cardinality and makeup of constituent information items. Some constituent items may, very well, be appropriately represented by a standardized information item. Moreover, the use of standardized items where possible allows applications to exploit existing support in new contexts.</ns1:para><ns1:para pattern="Block">New basic information items and aggregates defined differently than standardized aggregates must be distinctly named from standardized constructs so as not to ambiguously represent UBL constructs in an XML instance. The names of these non-UBL constructs must use a non-UBL namespace in order to avoid any future name collisions with as-yet-to-be-standardized UBL constructs using the UBL namespaces.</ns1:para><ns1:para pattern="Block">The root of the community's extension definition is an element in a non-UBL namespace as it both represents and its content is used as a customized semantic not defined by the UBL committee. The UBL schemas allow the community to position its customized objects under a reserved element named<ns1:code pattern="Atom">UBLExtensions</ns1:code>found at the beginning of all UBL documents. This element is not described in the abstract business model of UBL as it is an artefact of document expression, not document definition.</ns1:para><ns1:para pattern="Block">Meta data available for each<ns1:code pattern="Atom">UBLExtension</ns1:code>child of the<ns1:code pattern="Atom">UBLExtensions</ns1:code>element identifies the nature and source of the extension. The<ns1:code pattern="Atom">UBLExtension</ns1:code>element allows the root of the community extension as its only child element by using<ns1:code pattern="Atom">&lt;xsd:any&gt;</ns1:code>in its declaration.</ns1:para><ns1:para pattern="Block">Note that extension constructs are not allowed anywhere else in a UBL document outside of the<ns1:code pattern="Atom">UBLExtension</ns1:code>element, otherwise the UBL schemas will report errors of unexpected content. When weighing extensibility, the committee considered adding a wild card validation pattern after all elements, after some elements or in only one location. Adding it after every element was considered extreme. Agreeing on any selection wasn't possible as some members felt their choices of selection were warranted while others did not. Having only one location for extensions manages the expectations of developers and users for locating additional non-standard constructs.</ns1:para><ns1:para pattern="Block">Putting all extensions under one location has its own burden of associating the extension content with the standardized content. Many constructs in UBL, for example line items and parties, are already modeled to have identifiers. Reusing these identifiers in extension content provides a natural association between content found under the extension point and content found in the standardized constructs.<ns1:xref linkend="extsub" pattern="Milestone"/>illustrates this.</ns1:para><ns1:figure xml:id="extsub" pattern="Container"><ns1:title pattern="Block">Extension approach without duplication</ns1:title><ns1:mediaobject pattern="Container"><ns1:imageobject pattern="Container"><ns1:imagedata fileref="../../../vol2/graphics/Holman01/Holman01-003.png" format="png" pattern="Meta"/></ns1:imageobject></ns1:mediaobject></ns1:figure><ns1:para pattern="Block">Alternatively, there are committee members contemplating the role of the extension point to be the location of a recipient's customized view of a complete extended UBL instance. In such a document all standardized UBL information items are included under the extension point and their extensions are found in their context. Those items with modified content must necessarily be named differently from the standardized names, but the standardized content can be found therein. The standardized UBL instance with standardized UBL names still exists in the XML in its expected structures.</ns1:para><ns1:para pattern="Block">Those recipients unprepared to process the extension ignore the extension and use the standardized structure. Meanwhile, those recipients prepared to process the extensions do so and ignore the standardized structure. This allows the standardized basic objects to stay in the UBL namespace, but every extended aggregate needs to be named in an extension namespace. Creating an aggregate with a new name has the "ripple effect" of requiring containing aggregates to have new names in the extension namespace, stepping all the way up the document structure to the containing element below<ns1:code pattern="Atom">UBLExtension</ns1:code>.<ns1:xref linkend="extfull" pattern="Milestone"/>illustrates this.</ns1:para><ns1:figure xml:id="extfull" pattern="Container"><ns1:title pattern="Block">Extension approach with duplication</ns1:title><ns1:mediaobject pattern="Container"><ns1:imageobject pattern="Container"><ns1:imagedata fileref="../../../vol2/graphics/Holman01/Holman01-004.png" format="png" pattern="Meta"/></ns1:imageobject></ns1:mediaobject></ns1:figure><ns1:para pattern="Block">No feedback is yet available from users considering either of these two approaches using<ns1:code pattern="Atom">UBLExtension</ns1:code>.</ns1:para></ns1:section><ns1:section pattern="HeadedContainer"><ns1:title pattern="Block">Conformant instance processing</ns1:title><ns1:para pattern="Block">To support document-order processing of a UBL instance with extensions, the<ns1:code pattern="Atom">UBLExtensions</ns1:code>element is prescribed to be the very first child element of the document element in every model. Choosing this location was an important decision in support of streaming interfaces to UBL instances, while being innocuous in support of tree-based interfaces. A streaming application will encounter all extensions in advance of any standardized construct. In this way the application is equipped to encounter all standardized constructs with the information available in extensions already known. No caching of standardized constructs is necessary to await possible extension information that would be following if extensions were modeled after every element.</ns1:para><ns1:para pattern="Block">One processing model supporting a customization of UBL is the same processing model depicted in<ns1:xref linkend="procmdl" pattern="Milestone"/>. An instance pruning filter recognizing all of the constructs of the customization can reduce any instance not validating successfully against the customization schema. When the resulting pruned instance fails validation, the instance is unacceptable for processing. When the resulting pruned instance succeeds in validation, the application has the same two inputs as in forward compatibility processing: a valid XML instance and an indication of whether or not the instance had to be pruned to be valid.</ns1:para><ns1:para pattern="Block">Another processing model is employed by the Danish conformant customization called OIOUBL [<ns1:xref linkend="b_oioubl" pattern="Milestone"/>]. This uses a Schematron assertion schema to determine whether an instance satisfies the constraints defined by the customization. This assertion schema confirms both cardinality aspects and value aspects.</ns1:para></ns1:section><ns1:section pattern="HeadedContainer"><ns1:title pattern="Block">Profiles</ns1:title><ns1:para pattern="Block">Another perspective of different versions of UBL can be seen within user communities. A community may decide that different document structure constraints for the same document are necessary for different transaction exchanges involving that document.</ns1:para><ns1:para pattern="Block">The Danish UBL project and at least two other UBL projects in Europe refine community customization even further with different customizations for different scenarios. A concept called a<ns1:emphasis pattern="Inline">profile</ns1:emphasis>characterizes a choreography of interchange. Having numerous profiles may requiring having numerous conformant customizations defined for each UBL schema. A given document type may have two different sets of constraints in two different profiles of the same community customization. For example, an invoice instance used in the choreography of a "Basic procurement" profile may not have as many constructs available to use as an invoice instance used in the different choreography of an "Advanced procurement" profile. An instance claiming to satisfy the document constraints for a particular profile in a customization asserts this in the<ns1:code pattern="Atom">ProfileID</ns1:code>element.</ns1:para><ns1:para pattern="Block">Thus the three dimensions of the version of a set of UBL document structural constraints are defined by the committee version (standard), the community version (customization) and the choreography version (profile).</ns1:para></ns1:section><ns1:section pattern="HeadedContainer"><ns1:title pattern="Block">Conformant schema representation</ns1:title><ns1:para pattern="Block"><ns1:xref linkend="schemas" pattern="Milestone"/>shows the schema representation fragments and their dependencies. These fragments are produced by the UBL committee with the expectation that a community with a customization would produce their own subset versions of each of the fragments, and would replace the Extension Content Datatype fragment with their extensions.</ns1:para><ns1:figure xml:id="schemas" pattern="Container"><ns1:title pattern="Block">UBL Schema dependencies</ns1:title><ns1:mediaobject pattern="Container"><ns1:imageobject pattern="Container"><ns1:imagedata fileref="../../../vol2/graphics/Holman01/Holman01-005.png" format="png" pattern="Meta"/></ns1:imageobject></ns1:mediaobject></ns1:figure><ns1:para pattern="Block">A community defining only extensions, or a UBL user wanting to add information under the extension point for the standard schemas, can leave every OASIS fragment unchanged and read-only. This requires replacing only the one extension module that includes the complete customization definition in the customization namespace.</ns1:para><ns1:para pattern="Block">One approach producing the subset schemas available on Crane's web site is to work with the OASIS artefacts as input and use the XML comment construct to elide all of the information items not used by the community customization. A human reader of the end result can see all of the OASIS standardized constructs, easily distinguishing those that are in the customization and those that are not. The model modifications are expressed using spreadsheets available from the OASIS web site. This straightforward approach was developed from pragmatism and wanting to avoid writing a schema synthesis application from scratch.</ns1:para><ns1:para pattern="Block">The other approach producing the subset schemas is to work at an abstract model level and to synthesize the schema fragments from scratch from the subset model. Interestingly, when this was done for one customization, anecdotal reports of "distrust" in the schemas surfaced. This surprised the community developers and became a real barrier of acceptance for the users. How would users be assured that the schemas synthesized from scratch would not violate the constraints standardized by OASIS?</ns1:para><ns1:para pattern="Block">Regardless of the approach taken, this reassurance turns out to be very important to candidate users. How can one categorically prove all instances of a posited customization are simultaneously valid against the standardized document constraints? Doing so would validate the modified UBL model's conformance against the original UBL document model.</ns1:para></ns1:section></ns1:section><ns1:section pattern="HeadedContainer"><ns1:title pattern="Block">Using XPath files for validating model conformance</ns1:title><ns1:para pattern="Block">When researching techniques for validating a modified UBL model's conformance against the original UBL document model, it was observed that the NDR rules ensure such is satisfied by confirming each modified ABIE conforms with each standardized ABIE. However, some early users of modified UBL models broke NDR constraints by defining contextual differences for ABIE definitions, while still positing their instances validated against the standard UBL models. A mechanical means by which model conformance can be tested was needed. To accommodate both those who respect the NDR and those who do not, a methodology was developed to exploit some UBL resources that were created years before for an entirely different purpose of presentation rather than validation.</ns1:para><ns1:para pattern="Block">The XPath recommendation [<ns1:xref linkend="b_xpath10" pattern="Milestone"/>] defines a data model for the information found in XML instances. This model is agnostic to any constraints that may have been imposed on the creation or use of the instance. XPath 1.0 is based only on XML syntax and XML Namespaces. The data model describes well-formed instances (which may or may not be valid). The model focuses on the information found in the instance and not in any way the syntax used in the instance to express the information.</ns1:para><ns1:para pattern="Block">The UBL Human Interface Subcommittee [<ns1:xref linkend="b_ublhisc" pattern="Milestone"/>] project created an XML vocabulary for enumerating information items in a catalogue of available XPath addresses from the document element to all items allowed by a given document model described by a schema or to all items found a particular XML instance. The normative instance of an XPath file for a given document model is an XML instance of the XPath file vocabulary [<ns1:xref linkend="b_xpathfile" pattern="Milestone"/>]. This instance can be machine-processed by any XML-aware application and can also be used to create human legible reports and diagnostic materials.</ns1:para><ns1:para pattern="Block">XPath files for UBL 2 schemas are publicly available [<ns1:xref linkend="b_ubl2xpath" pattern="Milestone"/>]. There happens to be sufficient information in a UBL schema expression to derive the complete suite of information items. The combination of UBLNDRshappen to make it straightforward to create XPath files from the published XSD expressions. For example, the use of the "Garden of Eden" (all elements and types defined globally) approach to declarations, and only sequence groups (no choice groups), makes XPath files unambiguous for UBL, whereas XPath files might be quite insufficient for other document models and modeling conventions. This tool, therefore, is not a general purpose tool to use for all XML vocabularies.</ns1:para><ns1:para pattern="Block">More research is required to come up with more information in the XPath normative files to accommodate different schema expression conventions andNDRs. Initial discussions with vendors indicates that XPath files are not sufficiently rich to express XML document structures for arbitrary constraints, only those constraints limited by the UBLNDRs.</ns1:para><ns1:para pattern="Block">Note that XPath files need not be generated from XSD schemas or XML instances. The UBL spreadsheets used to determine the contents of the XSD schemas (or any spreadsheets describing content nesting and definition) can be used as a source for creating XPath files. However created, the XPath files express in a programmaticallyprocessableform all of the possible combinations of XML non-recursive hierarchy for the information items described by a document model, schema or instance.</ns1:para><ns1:section pattern="HeadedContainer"><ns1:title pattern="Block">XPath file vocabulary</ns1:title><ns1:para pattern="Block">The document element of an XPath file is<ns1:code pattern="Atom">&lt;XPath&gt;</ns1:code>. Document-wide namespace prefix/URI associations are expressed in<ns1:code pattern="Atom">&lt;Namespace&gt;</ns1:code>elements. XML element information structure is expressed in an XPath file as<ns1:code pattern="Atom">&lt;Element&gt;</ns1:code>element children of parent<ns1:code pattern="Atom">&lt;Element&gt;</ns1:code>elements. Similarly, attributes of elements are expressed as<ns1:code pattern="Atom">&lt;Attribute&gt;</ns1:code>element children. Each construct indicates its allowed cardinality. This is sufficient to express models described using UBL NDR.</ns1:para><ns1:para pattern="Block">An XPath file can be processed by an application to internalize all of the structures expressed. The application can then compare structures or do other processing with the information. The following is an excerpt from the beginning of the XPath file generated for the<ns1:code pattern="Atom">AttachedDocument</ns1:code>document type:</ns1:para><ns1:programlisting xmlns:ns3="http://www.w3.org/XML/1998/namespace" xml:space="preserve" pattern="Block">&lt;XPath xmlns="urn:oasis:names:tc:ubl:schema:XPath-1.0" xml:id="urn:oasis:names:tc:ubl:XPath:AttachedDocument-2.0"&gt; &lt;Namespace prefix="ad" uri="urn:...:AttachedDocument-2"/&gt; &lt;Namespace prefix="cac" uri="urn:..:CommonAggregateComponents-2"/&gt; &lt;Namespace prefix="cbc" uri="urn:..:CommonBasicComponents-2"/&gt; ... &lt;Element name="AttachedDocument" type="AttachedDocumentType" prefix="ad" minOccurs="1" maxOccurs="1"&gt; &lt;Element name="UBLExtensions" type="UBLExtensionsType" prefix="ext" minOccurs="0" maxOccurs="1"&gt; &lt;Element name="UBLExtension" type="UBLExtensionType" prefix="ext" minOccurs="1" maxOccurs="unbounded"&gt; &lt;Element name="ID" type="IDType" extends="udt:IdentifierType" prefix="cbc" minOccurs="0" maxOccurs="1" text=""&gt; &lt;Attribute name="schemeAgencyID" use="optional" type="xsd:normalizedString"/&gt; &lt;Attribute name="schemeAgencyName" use="optional" type="xsd:string"/&gt; ... &lt;/Element&gt; &lt;Element name="Name" type="NameType" extends="udt:NameType" prefix="cbc" minOccurs="0" maxOccurs="1" text=""&gt; &lt;Attribute name="languageID" use="optional" type="xsd:language"/&gt; &lt;/Element&gt; &lt;Element name="ExtensionAgencyID" type="ExtensionAgencyIDType" extends="udt:IdentifierType" prefix="ext" minOccurs="0" maxOccurs="1" text=""&gt; &lt;Attribute name="schemeAgencyID" use="optional" type="xsd:normalizedString"/&gt; ... &lt;/Element&gt; ... &lt;/Element&gt; &lt;/Element&gt; &lt;Element name="UBLVersionID" type="UBLVersionIDType" extends="udt:IdentifierType" prefix="cbc" minOccurs="0" maxOccurs="1" text=""&gt; &lt;Attribute name="schemeAgencyID" use="optional" type="xsd:normalizedString"/&gt; &lt;Attribute name="schemeAgencyName" use="optional" type="xsd:string"/&gt; ... &lt;/Element&gt; ... &lt;Element name="CustomizationID" type="CustomizationIDType" extends="udt:IdentifierType" prefix="cbc" minOccurs="0" maxOccurs="1" text=""&gt; ... &lt;/Element&gt; &lt;Element name="ProfileID" type="ProfileIDType" extends="udt:IdentifierType" prefix="cbc" minOccurs="0" maxOccurs="1" text=""&gt; &lt;Attribute name="schemeAgencyID" use="optional" type="xsd:normalizedString"/&gt; ... &lt;/Element&gt; ... &lt;/Element&gt; &lt;/XPath&gt;</ns1:programlisting><ns1:para pattern="Block">This is an exhaustive serialization of all document contexts. Each element and attribute indicated is a possible element and attribute in the hierarchy found in instances conforming to the model's structural constraints.</ns1:para></ns1:section><ns1:section pattern="HeadedContainer"><ns1:title pattern="Block">XPath reports</ns1:title><ns1:para pattern="Block">Two XPath reports are made available: a simple text report of absolute XPath addresses (that is, an XPath address that begins from the root node and document element) and a mockup XML instance, both of which have one of every information item described by an XPath file.</ns1:para><ns1:section pattern="HeadedContainer"><ns1:title pattern="Block">XPath text reports</ns1:title><ns1:para pattern="Block">An XPath text report is targeted to a human reader and can be a handy tool to overview the information found in an XPath file. Each XPath address is preceded by a reference ordinal (one ordinal for elements and a pair of ordinals for attributes), and the cardinality of the information item. An excerpt of the XPath text report of the above<ns1:code pattern="Atom">AttachedDocument</ns1:code>XPath file is as follows (lines are wrapped to fit on this page, there is no line wrapping in the actual file):</ns1:para><ns1:programlisting xmlns:ns3="http://www.w3.org/XML/1998/namespace" xml:space="preserve" pattern="Block">1 1..1 /ad:AttachedDocument/ 2 0..1 /ad:AttachedDocument/ext:UBLExtensions/ 3 1..n /ad:AttachedDocument/ext:UBLExtensions/ext:UBLExtension/ 4 0..1 /ad:AttachedDocument/ext:UBLExtensions/ext:UBLExtension/ cbc:ID 4.1 0..1 /ad:AttachedDocument/ext:UBLExtensions/ext:UBLExtension/ cbc:ID/@schemeAgencyID 4.2 0..1 /ad:AttachedDocument/ext:UBLExtensions/ext:UBLExtension/ cbc:ID/@schemeAgencyName 4.3 0..1 /ad:AttachedDocument/ext:UBLExtensions/ext:UBLExtension/ cbc:ID/@schemeDataURI 4.4 0..1 /ad:AttachedDocument/ext:UBLExtensions/ext:UBLExtension/ cbc:ID/@schemeID 4.5 0..1 /ad:AttachedDocument/ext:UBLExtensions/ext:UBLExtension/ cbc:ID/@schemeName 4.6 0..1 /ad:AttachedDocument/ext:UBLExtensions/ext:UBLExtension/ cbc:ID/@schemeURI 4.7 0..1 /ad:AttachedDocument/ext:UBLExtensions/ext:UBLExtension/ cbc:ID/@schemeVersionID 5 0..1 /ad:AttachedDocument/ext:UBLExtensions/ext:UBLExtension/ cbc:Name 5.1 0..1 /ad:AttachedDocument/ext:UBLExtensions/ext:UBLExtension/ cbc:Name/@languageID 6 0..1 /ad:AttachedDocument/ext:UBLExtensions/ext:UBLExtension/ ext:ExtensionAgencyID 6.1 0..1 /ad:AttachedDocument/ext:UBLExtensions/ext:UBLExtension/ ext:ExtensionAgencyID/@schemeAgencyID 6.2 0..1 /ad:AttachedDocument/ext:UBLExtensions/ext:UBLExtension/ ext:ExtensionAgencyID/@schemeAgencyName 6.3 0..1 /ad:AttachedDocument/ext:UBLExtensions/ext:UBLExtension/ ext:ExtensionAgencyID/@schemeDataURI 6.4 0..1 /ad:AttachedDocument/ext:UBLExtensions/ext:UBLExtension/ ext:ExtensionAgencyID/@schemeID 6.5 0..1 /ad:AttachedDocument/ext:UBLExtensions/ext:UBLExtension/ ext:ExtensionAgencyID/@schemeName 6.6 0..1 /ad:AttachedDocument/ext:UBLExtensions/ext:UBLExtension/ ext:ExtensionAgencyID/@schemeURI 6.7 0..1 /ad:AttachedDocument/ext:UBLExtensions/ext:UBLExtension/ ext:ExtensionAgencyID/@schemeVersionID 7 0..1 /ad:AttachedDocument/ext:UBLExtensions/ext:UBLExtension/ ext:ExtensionAgencyName 7.1 0..1 /ad:AttachedDocument/ext:UBLExtensions/ext:UBLExtension/ ext:ExtensionAgencyName/@languageID 8 0..1 /ad:AttachedDocument/ext:UBLExtensions/ext:UBLExtension/ ext:ExtensionVersionID 8.1 0..1 /ad:AttachedDocument/ext:UBLExtensions/ext:UBLExtension/ ext:ExtensionVersionID/@schemeAgencyID 8.2 0..1 /ad:AttachedDocument/ext:UBLExtensions/ext:UBLExtension/ ext:ExtensionVersionID/@schemeAgencyName 8.3 0..1 /ad:AttachedDocument/ext:UBLExtensions/ext:UBLExtension/ ext:ExtensionVersionID/@schemeDataURI 8.4 0..1 /ad:AttachedDocument/ext:UBLExtensions/ext:UBLExtension/ ext:ExtensionVersionID/@schemeID 8.5 0..1 /ad:AttachedDocument/ext:UBLExtensions/ext:UBLExtension/ ext:ExtensionVersionID/@schemeName 8.6 0..1 /ad:AttachedDocument/ext:UBLExtensions/ext:UBLExtension/ ext:ExtensionVersionID/@schemeURI 8.7 0..1 /ad:AttachedDocument/ext:UBLExtensions/ext:UBLExtension/ ext:ExtensionVersionID/@schemeVersionID ...</ns1:programlisting></ns1:section><ns1:section pattern="HeadedContainer"><ns1:title pattern="Block">XPath instance report</ns1:title><ns1:para pattern="Block">The mockup XML instance created from an XPath file is called an XPath instance report. This can be used to compare structures of XML documents (but not their values) containing the information items described by an XPath file. An excerpt of the XPath instance report of the above<ns1:code pattern="Atom">AttachedDocument</ns1:code>XPath file is as follows; note how the corresponding reference ordinals are captured in the information items between exclamation marks, and because of this the instance cannot be validated by the UBL schemata (nevertheless the reference ordinals are valuable diagnostic tools in non-schema-aware systems such as XSLT 1.0 stylesheets):</ns1:para><ns1:programlisting xmlns:ns3="http://www.w3.org/XML/1998/namespace" xml:space="preserve" pattern="Block">&lt;ad:AttachedDocument xmlns:ad="urn:...:AttachedDocument-2" xmlns:cac="urn:...:CommonAggregateComponents-2" xmlns:cbc="urn:...:CommonBasicComponents-2" ... &lt;ext:UBLExtensions&gt; &lt;ext:UBLExtension&gt; &lt;cbc:ID schemeAgencyID="!4.1!" schemeAgencyName="!4.2!" schemeDataURI="!4.3!" schemeID="!4.4!" schemeName="!4.5!" schemeURI="!4.6!" schemeVersionID="!4.7!"&gt;!4!&lt;/cbc:ID&gt; &lt;cbc:Name languageID="!5.1!"&gt;!5!&lt;/cbc:Name&gt; &lt;ext:ExtensionAgencyID schemeAgencyID="!6.1!" schemeAgencyName="!6.2!" schemeDataURI="!6.3!" schemeID="!6.4!" schemeName="!6.5!" schemeURI="!6.6!" schemeVersionID="!6.7!" &gt;!6!&lt;/ext:ExtensionAgencyID&gt; &lt;ext:ExtensionAgencyName languageID="!7.1!" &gt;!7!&lt;/ext:ExtensionAgencyName&gt; &lt;ext:ExtensionVersionID schemeAgencyID="!8.1!" schemeAgencyName="!8.2!" schemeDataURI="!8.3!" schemeID="!8.4!" schemeName="!8.5!" schemeURI="!8.6!" schemeVersionID="!8.7!" &gt;!8!&lt;/ext:ExtensionVersionID&gt; &lt;ext:ExtensionAgencyURI schemeAgencyID="!9.1!" schemeAgencyName="!9.2!" schemeDataURI="!9.3!" schemeID="!9.4!" schemeName="!9.5!" schemeURI="!9.6!" schemeVersionID="!9.7!" &gt;!9!&lt;/ext:ExtensionAgencyURI&gt; &lt;ext:ExtensionURI schemeAgencyID="!10.1!" schemeAgencyName="!10.2!" schemeDataURI="!10.3!" schemeID="!10.4!" schemeName="!10.5!" schemeURI="!10.6!" schemeVersionID="!10.7!" &gt;!10!&lt;/ext:ExtensionURI&gt; &lt;ext:ExtensionReasonCode languageID="!11.1!" l istAgencyID="!11.2!" listAgencyName="!11.3!" listID="!11.4!" listName="!11.5!" listSchemeURI="!11.6!" listURI="!11.7!" listVersionID="!11.8!" name="!11.9!"&gt;!11!&lt;/ext:ExtensionReasonCode&gt; &lt;ext:ExtensionReason languageID="!12.1!" &gt;!12!&lt;/ext:ExtensionReason&gt; &lt;ext:ExtensionContent&gt; &lt;/ext:ExtensionContent&gt; &lt;/ext:UBLExtension&gt; &lt;/ext:UBLExtensions&gt; &lt;cbc:UBLVersionID schemeAgencyID="!14.1!" schemeAgencyName="!14.2!" schemeDataURI="!14.3!" schemeID="!14.4!" schemeName="!14.5!" schemeURI="!14.6!" schemeVersionID="!14.7!"&gt;!14!&lt;/cbc:UBLVersionID&gt; ...</ns1:programlisting></ns1:section></ns1:section><ns1:section xmlns:ns3="http://www.w3.org/XML/1998/namespace" xml:id="subsetconf" pattern="HeadedContainer"><ns1:title pattern="Block">Confirming UBL conformance of a customization</ns1:title><ns1:para pattern="Block">Using XPath files, both the customization definition and the customization pruning filter can be validated against their requirements.<ns1:xref linkend="subsetprepfig" pattern="Milestone"/>illustrates the process flow where XPath files play a role.</ns1:para><ns1:figure xml:id="subsetprepfig" pattern="Container"><ns1:title pattern="Block">Customization schema and filter validation</ns1:title><ns1:mediaobject pattern="Container"><ns1:imageobject pattern="Container"><ns1:imagedata fileref="../../../vol2/graphics/Holman01/Holman01-006.png" format="png" pattern="Meta"/></ns1:imageobject></ns1:mediaobject></ns1:figure><ns1:para pattern="Block">At the top left the UBL Schema is translated into an XPath file. This has already been made publicly available on the OASIS web site [<ns1:xref linkend="b_ubl2xpath" pattern="Milestone"/>]. Included with the files are the text reports and the instance reports for each document type. An instance report is an exhaustive instance in that each and every element and attribute is instantiated (limited only by recursive references). When such an instance is passed through a customization filter, it should produce in the filtered result a structure with one of every element and attribute of the customization document model.</ns1:para><ns1:para pattern="Block">At the bottom left are three ways of expressing the document constraints of a customization document model. The top of the three shows a declarative approach that prunes the UBL XPath file into a subset XPath file. This necessarily produces an XPath file where each and every element and attribute item listed and its cardinality satisfies the cardinality of the UBL XPath file for the same document type.</ns1:para><ns1:para pattern="Block">The middle of the three shows some other customization definition that is arbitrarily created by a community by whatever means. When the community produces an XPath file expressing all of the possible element and attribute items for their model, this can be input to a process called Exhaustive Confirmation.</ns1:para><ns1:para pattern="Block">Likewise, when the community uses a schema to express the document constraints, and that schema follows the UBL NDR, then the same UBL XSD to XPath File process can produce the XPath file for the customization. This XPath file can be input to the Exhaustive Confirmation process.</ns1:para><ns1:para pattern="Block">Exhaustive confirmation is a comparison of each and every entry in customization XPath file with the entries in the UBL XPath file. When the cardinality of each customization item doesn't violate the cardinality of the corresponding UBL item, then it is proven that all instances of the customization definition or schema are instances of UBL. This means that any system supporting UBL schemas will validate all instances of the customization document model without fail.</ns1:para><ns1:para pattern="Block">Note that the UBL NDR requiring global declarations of the types of all elements implies the mechanics of exhaustive confirmation can be reduced to a only a confirmation of all parent/child relationships. The complete XPath files are merely repetitions and recursive applications of unchanging parent/child relationships. If, however, it were true for another project's NDR that types were not global and contextual differences were introduced by a customization, then exhaustive confirmation would need to use the complete XPath file and would successfully produce a correct result.</ns1:para><ns1:para pattern="Block">There is enough information in the customization XPath file that the customization filter can be synthesized without human intervention. XPath files are thus used to methodically confirm both the definition of a customization and the filter stylesheet labeled "F" in the flow described in<ns1:xref linkend="procmdl" pattern="Milestone"/>. Again, the UBL NDR requiring global declarations of the types of all elements implies the mechanics of this filter can be reduced. In the case for UBL only a filter of allowed parent/child relationships is sufficient, whereas a more general filter would need to calculate more elaborate contextualization of allowed constructs.</ns1:para><ns1:para pattern="Block">The customization XPath file can be used to produce the text report which is useful for developers and users of the customization.</ns1:para><ns1:para pattern="Block">The customization XPath file can also produce an exhaustive instance. The structure of this exhaustive instance can then be compared against the structure of the filtered UBL exhaustive instance. This confirms the correct behavior of the customization filter.</ns1:para></ns1:section></ns1:section></ns1:section><ns1:section xmlns:ns3="http://www.w3.org/XML/1998/namespace" xml:id="codelist" pattern="HeadedContainer"><ns1:title pattern="Block">Trading partner agreements on value constraints</ns1:title><ns1:para pattern="Block">Any given business entity may have many different relationships or changing relationships with different trading partners. This represents yet another perspective of different versions of UBL, one where the business is using different value constraints in UBL documents in different business scenarios.</ns1:para><ns1:para pattern="Block">By using UBL trading partners are agreeing to use the same document structures in which to place the information being exchanged. But the constraints on the values used within the information itself could not possibly be mandated by the UBL committee or by the community of users defining a customization. Therefore, the business entity needs different versions of value constraints for use in different and very subjective business situations.</ns1:para><ns1:para pattern="Block">Consider the controlled vocabulary of datum values used for codes and identifiers in an XML document. For example, ISO has standardized mnemonic abbreviations as codes in a number of code lists. For example,<ns1:code pattern="Atom">USD</ns1:code>,<ns1:code pattern="Atom">CAD</ns1:code>and<ns1:code pattern="Atom">GBP</ns1:code>represent, respectively, the currency values for the US dollar, the Canadian dollar and the British pound. Another list with mnemonic abbreviations is the list of country codes. For example,<ns1:code pattern="Atom">FR</ns1:code>,<ns1:code pattern="Atom">DE</ns1:code>and<ns1:code pattern="Atom">ES</ns1:code>represent, respectively, the country codes for France, Germany and Spain. The UN/ECE has standardized non-mnemonic values for payment means such as<ns1:code pattern="Atom">10</ns1:code>,<ns1:code pattern="Atom">42</ns1:code>and<ns1:code pattern="Atom">51</ns1:code>for, respectively, "cash", "payment to bank account" and "norme 6 97-Telereglement CFONB (French Organisation for Banking Standards) - Option A" (illustrating the compactness benefit of using abbreviated codes rather than long titles).</ns1:para><ns1:para pattern="Block">Historically, the constraints on item values have been codified in schemas along side constraints on document structures and lexical value structures. In contrast, the UBL specification mandates only where information is found in an XML document (the document structures and the lexical structures), without constraining the values themselves. As illustrated in both<ns1:xref linkend="validubl" pattern="Milestone"/>and<ns1:xref linkend="procmdl" pattern="Milestone"/>, a pass on the instance validates the values used therein separately from the passes needed to confirm structural and lexical constraints. This allows a standard UBL schema, or a customized schema created by a community of users, to be used by individuals in the community without any changes when different code and identifier values are needed for subjective business reasons.</ns1:para><ns1:para pattern="Block">Each business may have a number of versions of differing value constraints. The versions may be distinguished by the practices or policies in place for different trading partners. The versions may be distinguished by changes within the business itself over time. Throughout all these differences, the structures mandated by the UBL committee or the community customization are not affected, only the values found within those structures.</ns1:para><ns1:para pattern="Block">Moreover, it may be necessary to use different versions of value constraints for the same information item found in different contexts of a single XML document. As the UBL schemas are defined using global names and global types according to the NDR, it would not be possible in the schema to express different value constraints on two different items of the same name.</ns1:para><ns1:para pattern="Block"><ns1:xref linkend="cva" pattern="Milestone"/>illustrates the expression of codes in context using an external file called a Context/Value Association (CVA) file.</ns1:para><ns1:figure xml:id="cva" pattern="Container"><ns1:title pattern="Block">Associating values with document contexts</ns1:title><ns1:mediaobject pattern="Container"><ns1:imageobject pattern="Container"><ns1:imagedata fileref="../../../vol2/graphics/Holman01/Holman01-007.png" format="png" pattern="Meta"/></ns1:imageobject></ns1:mediaobject></ns1:figure><ns1:para pattern="Block">Consider, for example, that there are 75 different payment means represented by codes defined by the UN/ECE 4461 specification. A business may wish to constrain payments for one trading partner to only cash (<ns1:code pattern="Atom">10</ns1:code>) and to all other trading partner either cash or certified cheque (<ns1:code pattern="Atom">25</ns1:code>). The business is not interested in accepting instances from any trading partner claiming to pay by any of the other 73 means such as a payment into a bank account (<ns1:code pattern="Atom">42</ns1:code>).</ns1:para><ns1:para pattern="Block">UBL has codified all code lists using the OASIS Genericode 1.0 specification [<ns1:xref linkend="b_genericode" pattern="Milestone"/>]. The published payment means code list has 75 entries and is labeled "UN/ECE 4461". Other list-level meta data identifies the list from which the values are taken, thus indicating the standardized semantics of the codes to be implemented by applications.<ns1:xref linkend="codes" pattern="Milestone"/>illustrates items in three contexts of a single document where the first context uses values from the entire standardized list, the second context uses the subset of standardized values, and the third context uses a combination of a subset of standardized values extended by a custom value.</ns1:para><ns1:figure xml:id="codes" pattern="Container"><ns1:title pattern="Block">Contextual uses of different versions of code lists</ns1:title><ns1:mediaobject pattern="Container"><ns1:imageobject pattern="Container"><ns1:imagedata fileref="../../../vol2/graphics/Holman01/Holman01-008.png" format="png" pattern="Meta"/></ns1:imageobject></ns1:mediaobject></ns1:figure><ns1:para pattern="Block">Necessarily, the subset list cannot be labeled "UN/ECE 4461" because it is, in fact, not the UN/ECE list. In this example it is labeled "Cash or Certified Cheque", but this may not be a name recognized by an application, and it could be an arbitrary name indicating use with a particular trading partner. However, the values in that list have the same semantic meaning as the values in the standardized list. An application knows the standardized values and would not recognize values from an ad hoc subset list if the list used arbitrary meta data. To address this, a subset list is said to masquerade the list from which its values are taken. For the purposes of application interpretation, the standardized semantics associated with the masqueraded list are implied by the values used from the masquerading list. The application then can understand what is represented by the codes, regardless of which version of a subset list is in use.</ns1:para><ns1:para pattern="Block">It is important for a list maintainer to describe the values in the code list such that a user of the code list best understands the semantics of codes. Values from each code list or identifier list may have value-level meta data. The typical ISO or UN/CEFACT code list has only the code itself and its name to be used as a description.<ns1:xref linkend="codesmd" pattern="Milestone"/>illustrates the need for additional value-level meta data to disambiguate the simple name. This example shows some of the meta data associated with values in the UN/ECE Recommendation 16 location code list "LOCODE".</ns1:para><ns1:figure xml:id="codesmd" pattern="Container"><ns1:title pattern="Block">Value-level meta data</ns1:title><ns1:mediaobject pattern="Container"><ns1:imageobject pattern="Container"><ns1:imagedata fileref="../../../vol2/graphics/Holman01/Holman01-009.png" format="png" pattern="Meta"/></ns1:imageobject></ns1:mediaobject></ns1:figure><ns1:para pattern="Block">Instance-level meta data is used by the author of the XML instance to disambiguate two codes that have the same value but different meanings. In UBL, instance-level meta data is expressed in attributes of the element containing the code.<ns1:xref linkend="codesilm" pattern="Milestone"/>illustrates three items using codes.</ns1:para><ns1:figure xml:id="codesilm" pattern="Container"><ns1:title pattern="Block">Instance-level meta data</ns1:title><ns1:mediaobject pattern="Container"><ns1:imageobject pattern="Container"><ns1:imagedata fileref="../../../vol2/graphics/Holman01/Holman01-010.png" format="png" pattern="Meta"/></ns1:imageobject></ns1:mediaobject></ns1:figure><ns1:para pattern="Block">The first code does not have instance-level meta data because it is unambiguous. The second code indicates the semantics of "<ns1:code pattern="Atom">10</ns1:code>" are defined in the "UN/ECE 4461" list version "7A", even though the actual list being used is titled "Cash or Certified Cheque". The third code indicates the semantics of the same value "<ns1:code pattern="Atom">10</ns1:code>" are defined in the alternative list. The application thus can infer the document's intent of the use of the code.</ns1:para><ns1:para pattern="Block">It should be noted that the UN/CEFACT organization publishes their code lists on a semi-annual basis. Code "<ns1:code pattern="Atom">10</ns1:code>" in the early 2007 ("7A") list might have its meaning changed in the late 2007 ("7B") list. If it is important to the document that the semantics be distinguished, then it is important to indicate the version in the instance-level meta data.</ns1:para><ns1:para pattern="Block"><ns1:xref linkend="clover" pattern="Milestone"/>illustrates the Schematron-based creation of the XSLT stylesheet labeled "2" used in<ns1:xref linkend="validubl" pattern="Milestone"/>.</ns1:para><ns1:figure xml:id="clover" pattern="Container"><ns1:title pattern="Block">Validation artefact generation</ns1:title><ns1:mediaobject pattern="Container"><ns1:imageobject pattern="Container"><ns1:imagedata fileref="../../../vol2/graphics/Holman01/Holman01-011.png" format="png" pattern="Meta"/></ns1:imageobject></ns1:mediaobject></ns1:figure><ns1:para pattern="Block">The context/value association (CVA) file labeled "3" associates XML document contexts with the codes in the genericode files labeled "4". Since Schematron allows for the specification of arbitrary business rules, these can be folded into the process in the generation of the single assertion validation stylesheet "2".</ns1:para><ns1:para pattern="Block">The versions of value validations when using UBL are, therefore, specified by different combinations of CVA files, genericode files and business rules. When engaging in business with different trading partners or in different business situations, the user can decide which version of value validation constraints to apply to the document.</ns1:para></ns1:section><ns1:section pattern="HeadedContainer"><ns1:title pattern="Block">Conclusion</ns1:title><ns1:para pattern="Block"><ns1:xref linkend="versubl" pattern="Milestone"/>illustrates there are three areas when using the OASIS Universal Business Language where versions of document constraints come into play in the validation of UBL XML documents: the base schema published by the UBL committee, any customization schema published by a user community for use in a particular business scenario called profile, and the values used within instances of those schemas in particular business relationships.</ns1:para><ns1:figure xmlns:ns3="http://www.w3.org/XML/1998/namespace" xml:id="versubl" pattern="Container"><ns1:title pattern="Block">Different versions of UBL document constraints</ns1:title><ns1:mediaobject pattern="Container"><ns1:imageobject pattern="Container"><ns1:imagedata fileref="../../../vol2/graphics/Holman01/Holman01-012.png" format="png" pattern="Meta"/></ns1:imageobject></ns1:mediaobject></ns1:figure><ns1:para pattern="Block">An instance can assert it satisfies a particular set of structural and lexical constraints through the three optional elements<ns1:code pattern="Atom">UBLVersionID</ns1:code>,<ns1:code pattern="Atom">CustomizationID</ns1:code>and<ns1:code pattern="Atom">ProfileID</ns1:code>. The committee's backwards compatible minor-versioning strategy ensures a validating application can access this information in instances of older versions by the committee policy of introducing only optional constructs. The committee's proposed forward compatible processing model ensures a validating application can access this information in instances of newer versions by removing from an instance any constructs that are not defined by the supported older version.</ns1:para><ns1:para pattern="Block">A user community can create a conformant customized subset and/or extended version of the UBL schemas by removing optional standardized constructs and by adding non-standardized constructs only underneath the document's extension point.</ns1:para><ns1:para pattern="Block">A individual in that community can choose from different versions of value constraints to layer on top of the community's structural and lexical constraints based on arbitrary trading partner requirements. These versions are expressed as code and identifier lists combined with business rules placed on the values.</ns1:para><ns1:para pattern="Block">This illustrates how a single XML vocabulary can be deployed into a heterogeneous network of differing implementation levels and different business contexts, while still promoting interoperability and standardized committee structures. The proposed processing model supports applications relying on schema-validity for instance inspection. Using this model, any individual will be able to access an instance from any other individual in any UBL community. Combining the document constraints with the out-of-band business constraints any two parties can successfully interchange information without schema validity being a barrier to access.</ns1:para></ns1:section><ns1:bibliography pattern="HeadedContainer"><ns1:title pattern="Block">Bibliography</ns1:title><ns1:bibliomixed xmlns:ns3="http://www.w3.org/XML/1998/namespace" xml:id="b_ccts" pattern="Block" xreflabel="CCTS">Core Components Technical Specification - Part 8 of the ebXML Framework<ns1:link xmlns:ns2="http://www.w3.org/1999/xlink" ns2:actuate="onRequest" ns2:show="new" ns2:type="simple" pattern="Inline">http://www.unece.org/cefact/ebxml/CCTS_V2-01_Final.pdf</ns1:link>Version 2.01 2003-11-15</ns1:bibliomixed><ns1:bibliomixed xmlns:ns3="http://www.w3.org/XML/1998/namespace" xml:id="b_craneres" pattern="Block" xreflabel="Crane Resources">Crane Softwrights Ltd.; Free developer resources<ns1:link xmlns:ns2="http://www.w3.org/1999/xlink" ns2:actuate="onRequest" ns2:show="new" ns2:type="simple" pattern="Inline">http://www.CraneSoftwrights.com/links/res-ublo.htm</ns1:link></ns1:bibliomixed><ns1:bibliomixed xmlns:ns3="http://www.w3.org/XML/1998/namespace" xml:id="b_genericode" pattern="Block" xreflabel="genericode">OASIS Genericode 1.0<ns1:link xmlns:ns2="http://www.w3.org/1999/xlink" ns2:actuate="onRequest" ns2:show="new" ns2:type="simple" pattern="Inline">http://docs.oasis-open.org/codelist/genericode</ns1:link></ns1:bibliomixed><ns1:bibliomixed xmlns:ns3="http://www.w3.org/XML/1998/namespace" xml:id="b_ublhisc" pattern="Block" xreflabel="HISC">UBL Human Interface Subcommittee<ns1:link xmlns:ns2="http://www.w3.org/1999/xlink" ns2:actuate="onRequest" ns2:show="new" ns2:type="simple" pattern="Inline">http://www.oasis-open.org/committees/ubl/hisc</ns1:link></ns1:bibliomixed><ns1:bibliomixed xmlns:ns3="http://www.w3.org/XML/1998/namespace" xml:id="b_ndr2" pattern="Block" xreflabel="NDR2.0">UBL Naming and Design Rules 2.0; Editors:Mavis Cournane, Michael Grimley(draft)<ns1:link xmlns:ns2="http://www.w3.org/1999/xlink" ns2:actuate="onRequest" ns2:show="new" ns2:type="simple" pattern="Inline">http://www.oasis-open.org/committees/document.php?document_id=22992</ns1:link></ns1:bibliomixed><ns1:bibliomixed xmlns:ns3="http://www.w3.org/XML/1998/namespace" xml:id="b_oioubl" pattern="Block" xreflabel="OIOUBL">OIOUBL -Offentlig Information Online- Universal Business Language<ns1:link xmlns:ns2="http://www.w3.org/1999/xlink" ns2:actuate="onRequest" ns2:show="new" ns2:type="simple" pattern="Inline">http://www.oioubl.info/classes/en/index.html</ns1:link></ns1:bibliomixed><ns1:bibliomixed xmlns:ns3="http://www.w3.org/XML/1998/namespace" xml:id="b_tagevl" pattern="Block" xreflabel="TAG1">Extending and Versioning Languages: Strategies; Editor:David Orchard(draft)<ns1:link xmlns:ns2="http://www.w3.org/1999/xlink" ns2:actuate="onRequest" ns2:show="new" ns2:type="simple" pattern="Inline">http://www.w3.org/2001/tag/doc/versioning-strategies</ns1:link></ns1:bibliomixed><!--<bibliomixed xml:id="b_ubl1" xreflabel="UBL1.0">UBL 1.0; Editors: <?nospell-start?>Bill Meadows, Lisa Seaburg <?nospell-end?><link>http://docs.oasis-open.org/ubl/cd-UBL-1.0/</link></bibliomixed>--><ns1:bibliomixed xmlns:ns3="http://www.w3.org/XML/1998/namespace" xml:id="b_ubl2" pattern="Block" xreflabel="UBL2.0">UBL 2.0; Editors: Jon Bosak, Tim McGrath, G. Ken Holman<ns1:link xmlns:ns2="http://www.w3.org/1999/xlink" ns2:actuate="onRequest" ns2:show="new" ns2:type="simple" pattern="Inline">http://docs.oasis-open.org/ubl/os-UBL-2.0/UBL-2.0.html</ns1:link></ns1:bibliomixed><ns1:bibliomixed xmlns:ns3="http://www.w3.org/XML/1998/namespace" xml:id="b_ubl2xpath" pattern="Block" xreflabel="UBL-XPath">UBL 2.0 XPath files<ns1:link xmlns:ns2="http://www.w3.org/1999/xlink" ns2:actuate="onRequest" ns2:show="new" ns2:type="simple" pattern="Inline">http://docs.oasis-open.org/ubl/submissions/XPath-files/</ns1:link></ns1:bibliomixed><ns1:bibliomixed xmlns:ns3="http://www.w3.org/XML/1998/namespace" xml:id="b_xpath10" pattern="Block" xreflabel="XPath 1.0">James Clark, Steve DeRoseXML Path Language (XPath) Version 1.0<ns1:link xmlns:ns2="http://www.w3.org/1999/xlink" ns2:actuate="onRequest" ns2:show="new" ns2:type="simple" pattern="Inline">http://www.w3.org/TR/1999/REC-xpath-19991116</ns1:link>1999-11-16</ns1:bibliomixed><ns1:bibliomixed xmlns:ns3="http://www.w3.org/XML/1998/namespace" xml:id="b_xpathfile" pattern="Block" xreflabel="XPath File">G. Ken HolmanXPath file models<ns1:link xmlns:ns2="http://www.w3.org/1999/xlink" ns2:actuate="onRequest" ns2:show="new" ns2:type="simple" pattern="Inline">http://www.oasis-open.org/committees/document.php?document_id=23525</ns1:link>2007-04-14</ns1:bibliomixed><ns1:bibliomixed xmlns:ns3="http://www.w3.org/XML/1998/namespace" xml:id="b_xsd" pattern="Block" xreflabel="XSD">Henry S. Thomson, et al.; XML Schema Part 1: Structures Second Edition<ns1:link xmlns:ns2="http://www.w3.org/1999/xlink" ns2:actuate="onRequest" ns2:show="new" ns2:type="simple" pattern="Inline">http://www.w3.org/TR/2004/PER-xmlschema-1-20040318</ns1:link>2004-03-18</ns1:bibliomixed><ns1:bibliomixed xmlns:ns3="http://www.w3.org/XML/1998/namespace" xml:id="b_xslt10" pattern="Block" xreflabel="XSLT 1.0">James Clark; XSL Transformations (XSLT) Version 1.0<ns1:link xmlns:ns2="http://www.w3.org/1999/xlink" ns2:actuate="onRequest" ns2:show="new" ns2:type="simple" pattern="Inline">http://www.w3.org/TR/1999/REC-xslt-19991116</ns1:link>1999-11-16</ns1:bibliomixed></ns1:bibliography></ns1:article>