<?xml version="1.0" encoding="UTF-8"?>
<office:document-content xmlns:office="urn:oasis:names:tc:opendocument:xmlns:office:1.0" xmlns:style="urn:oasis:names:tc:opendocument:xmlns:style:1.0" xmlns:text="urn:oasis:names:tc:opendocument:xmlns:text:1.0" xmlns:table="urn:oasis:names:tc:opendocument:xmlns:table:1.0" xmlns:draw="urn:oasis:names:tc:opendocument:xmlns:drawing:1.0" xmlns:fo="urn:oasis:names:tc:opendocument:xmlns:xsl-fo-compatible:1.0" xmlns:xlink="http://www.w3.org/1999/xlink" xmlns:dc="http://purl.org/dc/elements/1.1/" xmlns:meta="urn:oasis:names:tc:opendocument:xmlns:meta:1.0" xmlns:number="urn:oasis:names:tc:opendocument:xmlns:datastyle:1.0" xmlns:svg="urn:oasis:names:tc:opendocument:xmlns:svg-compatible:1.0" xmlns:chart="urn:oasis:names:tc:opendocument:xmlns:chart:1.0" xmlns:dr3d="urn:oasis:names:tc:opendocument:xmlns:dr3d:1.0" xmlns:math="http://www.w3.org/1998/Math/MathML" xmlns:form="urn:oasis:names:tc:opendocument:xmlns:form:1.0" xmlns:script="urn:oasis:names:tc:opendocument:xmlns:script:1.0" xmlns:ooo="http://openoffice.org/2004/office" xmlns:ooow="http://openoffice.org/2004/writer" xmlns:oooc="http://openoffice.org/2004/calc" xmlns:dom="http://www.w3.org/2001/xml-events" xmlns:xforms="http://www.w3.org/2002/xforms" xmlns:xsd="http://www.w3.org/2001/XMLSchema" xmlns:xsi="http://www.w3.org/2001/XMLSchema-instance" xmlns:rpt="http://openoffice.org/2005/report" xmlns:of="urn:oasis:names:tc:opendocument:xmlns:of:1.2" xmlns:xhtml="http://www.w3.org/1999/xhtml" xmlns:grddl="http://www.w3.org/2003/g/data-view#" xmlns:field="urn:openoffice:names:experimental:ooo-ms-interop:xmlns:field:1.0" office:version="1.2" grddl:transformation="http://docs.oasis-open.org/office/1.2/xslt/odf2rdf.xsl"><office:scripts/><office:font-face-decls><style:font-face style:name="Tahoma1" svg:font-family="Tahoma"/><style:font-face style:name="Times New Roman" svg:font-family="&apos;Times New Roman&apos;" style:font-family-generic="roman" style:font-pitch="variable"/><style:font-face style:name="Arial" svg:font-family="Arial" style:font-family-generic="swiss" style:font-pitch="variable"/><style:font-face style:name="SimSun" svg:font-family="SimSun" style:font-family-generic="system" style:font-pitch="variable"/><style:font-face style:name="Tahoma" svg:font-family="Tahoma" style:font-family-generic="system" style:font-pitch="variable"/></office:font-face-decls><office:automatic-styles/><office:body><office:text><text:tracked-changes><text:changed-region text:id="ct716882048"><text:deletion><office:change-info><dc:creator>Angelo Di Iorio</dc:creator><dc:date>2010-09-28T12:30:00</dc:date></office:change-info><text:p text:style-name="Standard">I like </text:p></text:deletion></text:changed-region><text:changed-region text:id="ct612889040"><text:deletion><office:change-info><dc:creator>Angelo Di Iorio</dc:creator><dc:date>2010-09-28T12:30:00</dc:date></office:change-info><text:p text:style-name="Standard">the </text:p></text:deletion></text:changed-region><text:changed-region text:id="ct510238304"><text:deletion><office:change-info><dc:creator>Silvio Peroni</dc:creator><dc:date>2010-09-28T12:28:00</dc:date></office:change-info><text:p text:style-name="Standard">fairy tale</text:p></text:deletion></text:changed-region><text:changed-region text:id="ct504572560"><text:deletion><office:change-info><dc:creator>Fabio Vitali</dc:creator><dc:date>2010-09-28T12:24:00</dc:date></office:change-info><text:p text:style-name="Standard">s. My favourite is</text:p></text:deletion></text:changed-region><text:changed-region text:id="ct495782192"><text:deletion><office:change-info><dc:creator>Angelo Di Iorio</dc:creator><dc:date>2010-09-28T12:30:00</dc:date></office:change-info><text:p text:style-name="Standard">movie</text:p></text:deletion></text:changed-region><text:changed-region text:id="ct495782096"><text:deletion><office:change-info><dc:creator>Angelo Di Iorio</dc:creator><dc:date>2010-09-28T12:30:00</dc:date></office:change-info><text:p text:style-name="Standard"><text:s/></text:p></text:deletion></text:changed-region><text:changed-region text:id="ct516421008"><text:insertion><office:change-info><dc:creator>Silvio Peroni</dc:creator><dc:date>2010-09-28T12:34:00</dc:date></office:change-info></text:insertion></text:changed-region><text:changed-region text:id="ct612889136"><text:deletion><office:change-info><dc:creator>Fabio Vitali</dc:creator><dc:date>2010-09-28T12:32:00</dc:date></office:change-info><text:p text:style-name="Standard"><text:s/>and the Seven Dwarfs</text:p></text:deletion></text:changed-region><text:changed-region text:id="ct721093424"><text:deletion><office:change-info><dc:creator>Angelo Di Iorio</dc:creator><dc:date>2010-09-28T12:30:00</dc:date></office:change-info><text:p text:style-name="Standard">, based on the homonymous</text:p></text:deletion></text:changed-region><text:changed-region text:id="ct557058720"><text:insertion><office:change-info><dc:creator>Angelo Di Iorio</dc:creator><dc:date>2010-09-28T12:30:00</dc:date></office:change-info></text:insertion></text:changed-region><text:changed-region text:id="ct497191504"><text:deletion><office:change-info><dc:creator>Silvio Peroni</dc:creator><dc:date>2010-09-28T12:34:00</dc:date></office:change-info><text:p text:style-name="Standard">is my favourite</text:p></text:deletion><text:insertion><office:change-info office:chg-author="Angelo Di Iorio" office:chg-date-time="2010-09-28T12:30:00"/></text:insertion></text:changed-region><text:changed-region text:id="ct492415280"><text:deletion><office:change-info><dc:creator>Silvio Peroni</dc:creator><dc:date>2010-09-28T12:34:00</dc:date></office:change-info><text:p text:style-name="Standard"><text:s/>character of</text:p></text:deletion><text:insertion><office:change-info office:chg-author="Fabio Vitali" office:chg-date-time="2010-09-28T12:29:00"/></text:insertion></text:changed-region><text:changed-region text:id="ct644654624"><text:insertion><office:change-info><dc:creator>Silvio Peroni</dc:creator><dc:date>2010-09-28T12:34:00</dc:date></office:change-info></text:insertion></text:changed-region><text:changed-region text:id="ct557058816"><text:insertion><office:change-info><dc:creator>Fabio Vitali</dc:creator><dc:date>2010-09-28T12:29:00</dc:date></office:change-info></text:insertion></text:changed-region><text:changed-region text:id="ct498399712"><text:insertion><office:change-info><dc:creator>Fabio Vitali</dc:creator><dc:date>2010-09-28T12:33:00</dc:date></office:change-info></text:insertion></text:changed-region></text:tracked-changes><text:sequence-decls><text:sequence-decl text:display-outline-level="0" text:name="Illustration"/><text:sequence-decl text:display-outline-level="0" text:name="Table"/><text:sequence-decl text:display-outline-level="0" text:name="Text"/><text:sequence-decl text:display-outline-level="0" text:name="Drawing"/></text:sequence-decls><text:p text:style-name="Standard"><text:change text:change-id="ct716882048"/><text:change text:change-id="ct612889040"/><text:change text:change-id="ct510238304"/><text:change text:change-id="ct504572560"/><text:change text:change-id="ct495782192"/><text:change text:change-id="ct495782096"/><text:change-start text:change-id="ct516421008"/>I like to read <text:change-end text:change-id="ct516421008"/>‘Snow White<text:change text:change-id="ct612889136"/>’<text:change text:change-id="ct721093424"/><text:change-start text:change-id="ct557058720"/> <text:change-end text:change-id="ct557058720"/><text:change text:change-id="ct497191504"/><text:change text:change-id="ct492415280"/><text:change-start text:change-id="ct644654624"/>and other<text:change-end text:change-id="ct644654624"/><text:change-start text:change-id="ct557058816"/> fairy tale<text:change-end text:change-id="ct557058816"/><text:change-start text:change-id="ct498399712"/>s<text:change-end text:change-id="ct498399712"/>.</text:p></office:text></office:body></office:document-content>