<?xml version="1.0" encoding="UTF-8"?><ns1:iml xmlns:ns1="http://www.cs.unibo.it/2006/iml" pattern="Record"><ns1:head pattern="Container" structure="FrontMatter "><ns1:title pattern="Field" structure="Title ">Documents as prisms: describing facets through semantic lenses</ns1:title><ns1:meta content="1" name="author.1.number" pattern="Meta"/><ns1:meta content="Silvio Peroni" name="author.1.name" pattern="Meta"/><ns1:meta content="University of Bologna (Italy)" name="author.1.affiliation" pattern="Meta"/><ns1:meta content="essepuntato@cs.unibo.it" name="author.1.email" pattern="Meta"/><ns1:meta content="2" name="author.2.number" pattern="Meta"/><ns1:meta content="David Shotton" name="author.2.name" pattern="Meta"/><ns1:meta content="University of Oxford (UK)" name="author.2.affiliation" pattern="Meta"/><ns1:meta content="david.shotton@zoo.ox.ac.uk" name="author.2.email" pattern="Meta"/><ns1:meta content="3" name="author.3.number" pattern="Meta"/><ns1:meta content="Fabio Vitali" name="author.3.name" pattern="Meta"/><ns1:meta content="University of Bologna (Italy)" name="author.3.affiliation" pattern="Meta"/><ns1:meta content="fabio@cs.unibo.it" name="author.3.email" pattern="Meta"/><ns1:meta content="I.7.2,Document And Text Processing,Document Capture, Document analysis" name="category" pattern="Meta"/><ns1:meta content="Documentation" name="generalterm" pattern="Meta"/></ns1:head><ns1:body pattern="Container" structure="BodyMatter "><ns1:div class="abstract" id="abs" pattern="HeadedContainer" structure="Section "><ns1:h1 pattern="Block" structure="SectionTitle ">Abstract</ns1:h1><ns1:p pattern="Block" structure="Paragraph ">The semantic enhancement of a traditional scientific paper is not a straightforward operation, even if we consider just the mere translation of the readable content in semantically precise statements. Still, there are more aspects involved, as the specification of the credibility level of the paper, the structural components of the paper, the argumentative model used, and finally the actual statement employed. In this paper we propose the<ns1:i pattern="Inline">semantic lenses</ns1:i>, a model for the identification and the formal description of these different kinds of semantics.</ns1:p></ns1:div><ns1:div class="section" pattern="HeadedContainer" structure="Section "><ns1:h1 pattern="Block" structure="SectionTitle ">Introduction</ns1:h1><ns1:p pattern="Block" structure="Paragraph ">The enhancement of a traditional scientific paper with semantic annotations – one of the most important activities of<ns1:i pattern="Inline">semantic publishing</ns1:i><ns1:a class="ref" component="Reference " href="ShottonSemanticPublishing" pattern="Milestone" referenceTo="BibliographicReference "/>– is not a straightforward operation, even if we consider only the mere translation of the readable content into semantically precise statements. But, besides that, there are additional and subtle aspects involved:</ns1:p><ns1:ul pattern="Table" structure="List " type="bullet"><ns1:li pattern="Container"><ns1:p pattern="Block" structure="Paragraph ">asserting facts about the context of the publication – i.e., anything that helps in establishing the overall credibility and authoritativeness of the scientific activity described in it;</ns1:p></ns1:li><ns1:li pattern="Container"><ns1:p pattern="Block" structure="Paragraph ">asserting facts about the structural components of the publication (sections, examples, references, etc.), considered as aspects that impact on the clarity, readability and contextualization of the paper, so as to identify the relative importance of each assertion;</ns1:p></ns1:li><ns1:li pattern="Container"><ns1:p pattern="Block" structure="Paragraph ">asserting facts about the rhetorical devices used in the publication, considered as aspects that impact on the argumentative and persuasive power of the paper;</ns1:p></ns1:li><ns1:li pattern="Container"><ns1:p pattern="Block" structure="Paragraph ">assert facts about the actual scientific content of the publication, more or less corresponding to individual sentences of the paper.</ns1:p></ns1:li></ns1:ul><ns1:p pattern="Block" structure="Paragraph ">These aspects coexist within the paper, and are usually well integrated in the rhetorical flow of the natural language text of the paper, but impact and affect in different ways the semantic characterization of the content. Examining the semantic characterization of a document about each of these aspects is somehow akin to projecting light onto a prism, and looking at the individual polarized rays coming out of it: we need<ns1:i pattern="Inline">semantic lenses</ns1:i>that magnify some shapes and colours rather than others.</ns1:p><ns1:p pattern="Block" structure="Paragraph ">In this paper we propose a model for the semantic enhancement of documents based on seven<ns1:i pattern="Inline">lenses</ns1:i>that can be used to semantically characterize scientific papers (and therefore enhance its usefulness in semantic concepts) according seven different dimensions and we present a set of models to these lenses onto documents:</ns1:p><ns1:ul pattern="Table" structure="List " type="bullet"><ns1:li pattern="Container"><ns1:p pattern="Block" structure="Paragraph "><ns1:i pattern="Inline">Context</ns1:i>: the information about the research leading to the paper, such as individuals, institutions, research projects, source of funding, etc.</ns1:p></ns1:li><ns1:li pattern="Container"><ns1:p pattern="Block" structure="Paragraph "><ns1:i pattern="Inline">Aggregation</ns1:i>: the venue of the paper, in terms of the conference or journal in which it was published, and its organisation in bibliographic reference lists.</ns1:p></ns1:li><ns1:li pattern="Container"><ns1:p pattern="Block" structure="Paragraph "><ns1:i pattern="Inline">Structure</ns1:i>: the sequence of explicit parts (blocks of text, inline elements, containers, etc.) in which the paper is organized.</ns1:p></ns1:li><ns1:li pattern="Container"><ns1:p pattern="Block" structure="Paragraph "><ns1:i pattern="Inline">Rhetoric</ns1:i>: the linguistic organization of the paper, in terms of choices of introductory material, specific contribution, evaluation material, and the way it maps into sections, chapters, paragraphs, etc.</ns1:p></ns1:li><ns1:li pattern="Container"><ns1:p pattern="Block" structure="Paragraph "><ns1:i pattern="Inline">Citation</ns1:i>: the organization and justification of individual references in the paper.</ns1:p></ns1:li><ns1:li pattern="Container"><ns1:p pattern="Block" structure="Paragraph "><ns1:i pattern="Inline">Argumentation</ns1:i>: the structure and expression of each assertion of the paper as<ns1:i pattern="Inline"/>an argument to justify or invalidate a claim.</ns1:p></ns1:li><ns1:li pattern="Container"><ns1:p pattern="Block" structure="Paragraph "><ns1:i pattern="Inline">Semantics</ns1:i>: the assertion as specified in the paper.</ns1:p></ns1:li></ns1:ul><ns1:p pattern="Block" structure="Paragraph ">We also propose<ns1:i pattern="Inline">ad hoc</ns1:i>or well-known ontologies to describe the relevant aspects of each lens so as to provide a description as complete as possible of all the relevant aspects of the scientific publications.</ns1:p><ns1:p pattern="Block" structure="Paragraph ">The rest of the paper is structured as follows: in<ns1:a class="ref" component="Reference " href="SectionSevenLenses" pattern="Milestone" referenceTo="Section "/>we introduce our model and present related works and all the (Semantic Web) technologies used to describe each lens in a proper format; finally, we draw some conclusion in<ns1:a class="ref" component="Reference " href="SectionConclusions" pattern="Milestone" referenceTo="Section "/>.</ns1:p></ns1:div><ns1:div class="section" id="SectionSevenLenses" pattern="HeadedContainer" structure="Section "><ns1:h1 pattern="Block" structure="SectionTitle ">Describing document semantics through lenses</ns1:h1><ns1:p pattern="Block" structure="Paragraph ">The semantics of a scientific paper (or, more generally, of a document) is investigable and definable from different perspectives. Each perspective is associated to a point of view (a<ns1:i pattern="Inline">lens</ns1:i>) that can be<ns1:i pattern="Inline">applied</ns1:i>to a document (so as to associate some semantic data to it) in order to<ns1:i pattern="Inline">focalise</ns1:i>onto the semantic assets of the specific type. We identify seven lenses that cover different semantic perspectives at different granularities, listed from coarsest to finest:<ns1:i pattern="Inline">context</ns1:i>,<ns1:i pattern="Inline">aggregation</ns1:i>,<ns1:i pattern="Inline">structure</ns1:i>,<ns1:i pattern="Inline">rhetoric</ns1:i>,<ns1:i pattern="Inline">citation</ns1:i>,<ns1:i pattern="Inline">argumentation</ns1:i>and<ns1:i pattern="Inline">semantics</ns1:i>.</ns1:p><ns1:p pattern="Block" structure="Paragraph ">In the following sections we elaborate on the theories behind the above semantic lenses and give a description of most of them. In addition, we present tools, vocabularies and ontologies (developed either in previous works or specifically for this paper) that make possible the application of these lenses to documents by means of Semantic Web technologies.</ns1:p><ns1:div class="section" pattern="HeadedContainer" structure="Section "><ns1:h1 pattern="Block" structure="SectionTitle ">The lens Context</ns1:h1><ns1:p pattern="Block" structure="Paragraph ">Usually, writing a scientific paper is just a late stage of an often complex and multi-domain activity that characterises the research from which the paper arises. Projects, organizations involved, people affiliated to these organizations, fundings: they are the<ns1:i pattern="Inline">contextual</ns1:i>elements that take part, directly or indirectly, to the genesis of the paper and that may have a strong impact on the credibility and authoritativeness of its scientific content. Many vocabularies, models and ontologies have been developed to describe such contexts. The most remarkable, although unable to define every aspect of the project&amp;funding domain, are the<ns1:i pattern="Inline">Description Of A Project</ns1:i><ns1:a class="footnote" component="Reference " href="ftn4" pattern="Milestone" referenceTo="Footnote "/>(<ns1:i pattern="Inline">DOAP</ns1:i>) for projects and the<ns1:i pattern="Inline">Academic Research Project Funding Ontology</ns1:i><ns1:a class="footnote" component="Reference " href="ftn5" pattern="Milestone" referenceTo="Footnote "/>(<ns1:i pattern="Inline">ARPFO</ns1:i>) for fundings.</ns1:p><ns1:p pattern="Block" structure="Paragraph ">However, we propose the<ns1:i pattern="Inline">Funding, Research Administration and Projects Ontology</ns1:i>(<ns1:i pattern="Inline">FRAPO</ns1:i>)<ns1:a class="footnote" component="Reference " href="ftn6" pattern="Milestone" referenceTo="Footnote "/>and the<ns1:i pattern="Inline">Scholarly Contributions and Roles Ontology</ns1:i>(<ns1:i pattern="Inline">SCoRO</ns1:i>)<ns1:a class="footnote" component="Reference " href="ftn7" pattern="Milestone" referenceTo="Footnote "/>for the description of lens<ns1:i pattern="Inline">context</ns1:i>, since these vocabularies are more structured and complete than others. They can be used as follows<ns1:a class="footnote" component="Reference " href="ftn8" pattern="Milestone" referenceTo="Footnote "/>:</ns1:p><ns1:p class="code" pattern="Block" structure="Paragraph ">:jisc a frapo:FundingAgency ; frapo:awards [ a frapo:Grant ; frapo:funds :open-citation-project ] . :open-citation-project a foaf:Project ; dcterms:hasPart :spar . :spar a foaf:Project ; foaf:homepage &lt;http://purl.org/spar&gt; ; foaf:page :lenses-paper . :lenses-paper a foaf:Document . # This paper :david-shotton a foaf:Person ; foaf:name “David Shotton” ; scoro:holdsProjectRole [ pro:withRole scoro:maintainer ; scoro:relatesToProject :spar ] ; pro:holdsPublishingRole [ pro:withRole pro:author ; pro:relatesToDocument :lenses-paper ] …</ns1:p></ns1:div><ns1:div class="section" pattern="HeadedContainer" structure="Section "><ns1:h1 pattern="Block" structure="SectionTitle ">The lens Aggregation</ns1:h1><ns1:p pattern="Block" structure="Paragraph ">When analysing the social context in which a scientific paper is designed and written, it is also meaningful to understand how documents are<ns1:i pattern="Inline">grouped</ns1:i><ns1:i pattern="Inline"/>in venues. For instance, it is relevant to understand the book, journal and/or conference proceedings they were contained in and how their references were grouped (e.g., in tables of contents, reference lists, reference management systems, library catalogues, etc.).</ns1:p><ns1:p pattern="Block" structure="Paragraph ">One of the most famous ontology for describing bibliographic entities and their aggregating aspects is the<ns1:i pattern="Inline">Bibliographic Ontology</ns1:i>(<ns1:i pattern="Inline">BIBO</ns1:i>)<ns1:a class="ref" component="Reference " href="Bibo" pattern="Milestone" referenceTo="BibliographicReference "/>, a model originally created to describe bibliographic publication in RDF. The<ns1:i pattern="Inline">Functional Requirements for Bibliographic Records</ns1:i>(<ns1:i pattern="Inline">FRBR</ns1:i>)<ns1:a class="ref" component="Reference " href="FRBR" pattern="Milestone" referenceTo="BibliographicReference "/>is yet another, much more structured, model for describing documents and their evolution in time. One of the most important aspects of FRBR is the fact that it is not tied up with a particular metadata schema or implementation. It is implemented as RDF vocabulary and as OWL 2 DL ontology<ns1:a class="footnote" component="Reference " href="ftn9" pattern="Milestone" referenceTo="Footnote "/>.</ns1:p><ns1:p pattern="Block" structure="Paragraph ">Since we need vocabularies that allow us to describe both document containers and sets of related references about documents, here we propose to use the<ns1:i pattern="Inline">FRBR-aligned Bibliographic Ontology</ns1:i>(<ns1:i pattern="Inline">FaBiO</ns1:i>)<ns1:a class="footnote" component="Reference " href="ftn10" pattern="Milestone" referenceTo="Footnote "/><ns1:a class="ref" component="Reference " href="PeroniFabioCito" pattern="Milestone" referenceTo="BibliographicReference "/>and the<ns1:i pattern="Inline">Bibliographic Reference Ontology</ns1:i>(<ns1:i pattern="Inline">BiRO</ns1:i>)<ns1:a class="footnote" component="Reference " href="ftn11" pattern="Milestone" referenceTo="Footnote "/>, developed exactly to describe the above concepts:</ns1:p><ns1:p class="code" pattern="Block" structure="Paragraph ">:lenses-paper a fabio:ResearchPaper ; frbr:realization :version-of-record . :version-of-record a fabio:ConferencePaper ; frbr:part [ a biro:BibliographicList co:element [ a biro:BibliographicReference biro:references :citedPaper1 ] … ] . :citedPaper1 a fabio:JournalArticle ; frbr:partOf [ a fabio:JournalIssue ; prism:issueIdentifier “4” ; frbr:partOf [ a fabio:JournalVolume ; prism:volume “5” ; frbr:partOf [ a fabio:Journal ; dcterms:title “PloS Computational Biology” ] ] ] . …</ns1:p></ns1:div><ns1:div class="section" id="SectionStructure" pattern="HeadedContainer" structure="Section "><ns1:h1 pattern="Block" structure="SectionTitle ">The lens Structure</ns1:h1><ns1:p pattern="Block" structure="Paragraph ">The<ns1:i pattern="Inline">structure</ns1:i>of a textual document is often expressed by means of markup languages, such as XML and LaTeX, that have constructs for organizing, even hierarchically, its content. We have been investigating patterns in XML vocabularies to understand how the structure of digital documents can be segmented into atomic components, which can then be addressed and understood independently. Instead of defining a large number of complex and different structures, we identified eleven<ns1:i pattern="Inline">structural</ns1:i><ns1:i pattern="Inline">patterns</ns1:i><ns1:a class="ref" component="Reference " href="DiIorioStructuralPatterns" pattern="Milestone" referenceTo="BibliographicReference "/>that have proved to be sufficient to express the structure of most documents, including scientific papers. This model, implemented in the<ns1:i pattern="Inline">Pattern Ontology</ns1:i><ns1:a class="footnote" component="Reference " href="ftn12" pattern="Milestone" referenceTo="Footnote "/>, can be used in combination with EARMARK<ns1:a class="ref" component="Reference " href="DiIorioEARMARK" pattern="Milestone" referenceTo="BibliographicReference "/>– an ontology<ns1:a class="footnote" component="Reference " href="ftn13" pattern="Milestone" referenceTo="Footnote "/>describing a markup metalanguage – to describe the structure of the document as a set of OWL assertions and then to associate formal and explicit semantics to them. Thus we can associate a particular structural semantics to markup elements (e.g., that an element<ns1:i pattern="Inline">p</ns1:i><ns1:i pattern="Inline">expresses</ns1:i>the concept of being a block of text, while the element<ns1:i pattern="Inline">div</ns1:i>element containing it is a container). For instance, the first section of this paper<ns1:a class="footnote" component="Reference " href="ftn14" pattern="Milestone" referenceTo="Footnote "/>can be described as follows:</ns1:p><ns1:p class="code" pattern="Block" structure="Paragraph ">:lenses-paper a owl:Ontology . :div1 a earmark:Element # Sec. Introduction ; la:expresses pattern:HeadedContainer ; earmark:hasGeneralIdentifier “div” ; c:firstItem [ c:itemContent :h1 … ] . :h1 a earmark:Element # Title of the sec. ; la:expresses pattern:Block ; earmark:hasGeneralIdentifier “h1” ; c:firstItem [ c:itemContent :r1 ] . :p1 a earmark:Element # 1st paragraph ; la:expresses pattern:Block ; earmark:hasGeneralIdentifier “p” … :r1 a earmark:PointerRange … # Title text</ns1:p></ns1:div><ns1:div class="section" pattern="HeadedContainer" structure="Section "><ns1:h1 pattern="Block" structure="SectionTitle ">The lens Rhetoric</ns1:h1><ns1:p pattern="Block" structure="Paragraph ">Often, scientific communities require their papers to follow a particular rhetoric organization of parts, in order to explicitly identify meaningful aspects of a scientific contribution. These parts, such as introductory and conclusive texts, background, individual contributions, evaluations, method, etc, give therefore specific scientific or academic meaning to the paper.</ns1:p><ns1:p pattern="Block" structure="Paragraph ">Previous works that introduce models to characterise the<ns1:i pattern="Inline">rhetoric</ns1:i>aspect of a scientific publication include the rhetorical blocks in the<ns1:i pattern="Inline">Semantical Annotated LaTeX</ns1:i>(SALT)<ns1:a class="ref" component="Reference " href="GrozaSalt" pattern="Milestone" referenceTo="BibliographicReference "/>and the<ns1:i pattern="Inline">Ontology of Rhetorical Blocks</ns1:i>(<ns1:i pattern="Inline">ORB</ns1:i>)<ns1:a class="ref" component="Reference " href="CiccareseORB" pattern="Milestone" referenceTo="BibliographicReference "/>, as well as<ns1:i pattern="Inline">Discourse Elements Ontology</ns1:i>(<ns1:i pattern="Inline">DEO</ns1:i>)<ns1:a class="footnote" component="Reference " href="ftn15" pattern="Milestone" referenceTo="Footnote "/>. Of course, the rhetoric organization of a paper often but not necessarily correspond to its structural entities (e.g. sections, chapters, paragraphs). In order to enable one to link the pure structural connotation of a document (introduced in<ns1:a class="ref" component="Reference " href="SectionStructure" pattern="Milestone" referenceTo="Section "/>) with its rhetorical characterisation we developed the<ns1:i pattern="Inline">Document Components Ontology</ns1:i>(<ns1:i pattern="Inline">DoCO</ns1:i>)<ns1:a class="footnote" component="Reference " href="ftn16" pattern="Milestone" referenceTo="Footnote "/>. This ontology provides means to describe the organization of a document from both the structural and the rhetorical perspectives, as shown as follows:</ns1:p><ns1:p class="code" pattern="Block" structure="Paragraph ">:div1 la:expresses doco:Section , deo:Introduction . :p1 la:expresses doco:Paragraph . :div2 la:expresses deo:Model . …</ns1:p></ns1:div><ns1:div class="section" pattern="HeadedContainer" structure="Section "><ns1:h1 pattern="Block" structure="SectionTitle ">The lens Citation</ns1:h1><ns1:p pattern="Block" structure="Paragraph ">Describing how papers<ns1:i pattern="Inline">cite</ns1:i>each other is often used to generate measures for the productivity and the impact of scientists and journals. Although the network of citations is usually calculated considering only which papers are cited, an additional measure for impact and credibility of research and scientist is the specification of the reason for a citation, an aspect which may affect significantly the evaluation of a citation network. In fact, it seems plausible to weight differently a citation that discusses (even in order to criticise or disagree with) the cited work from a citation used as a backing (e.g., to confirm or associate oneself with an authoritative work) for the content of the paper, or even from a passing reference in a list of related works.</ns1:p><ns1:p pattern="Block" structure="Paragraph ">The<ns1:i pattern="Inline">Citation Typing Ontology</ns1:i>(<ns1:i pattern="Inline">CiTO</ns1:i>)<ns1:a class="footnote" component="Reference " href="ftn17" pattern="Milestone" referenceTo="Footnote "/><ns1:a class="ref" component="Reference " href="PeroniFabioCito" pattern="Milestone" referenceTo="BibliographicReference "/>allows one to define all kinds of citations, specifying both<ns1:i pattern="Inline">factual</ns1:i>and<ns1:i pattern="Inline">rhetorical</ns1:i><ns1:i pattern="Inline"/>aspects of them, in order to characterise properly the nature of a citation:</ns1:p><ns1:p class="code" pattern="Block" structure="Paragraph ">:lenses-paper cito:citesForInformation :citedPaper1 , :citedPaper2 ; cito:usesMethodIn :citedPaper3 …</ns1:p></ns1:div><ns1:div class="section" pattern="HeadedContainer" structure="Section "><ns1:h1 pattern="Block" structure="SectionTitle ">The lens Argumentation</ns1:h1><ns1:p pattern="Block" structure="Paragraph ">The<ns1:i pattern="Inline">argumentation</ns1:i>of the claims of the paper is crucial for scholarly and scientific publishing. Argumentation can range from its higher level aspects (e.g., the whole paper considered as the discussion of a claim) to sub-structure at any lower level (e.g. possibly each statement of the paper is the claim of smaller sub-arguments and counter-arguments in a detail potentially expanding to the individual word).</ns1:p><ns1:p pattern="Block" structure="Paragraph ">Several works have been proposed in the past to model the argumentation of papers. For instance, SALT<ns1:a class="ref" component="Reference " href="GrozaClaim" pattern="Milestone" referenceTo="BibliographicReference "/>is a set of ontologies that permit an agent, such as the author of the scientific publication himself/herself, “to enrich the document with formal descriptions of claims, supports and rhetorical relation as part of their writing process” through Semantic Web technologies. Outside the Semantic Web domain, there are other works, based on the Toulmin model<ns1:a class="ref" component="Reference " href="ToulminUsesOfArgument" pattern="Milestone" referenceTo="BibliographicReference "/>, that offer an application of this argumentation technique within specific scientific domains, for instance in the legal and legislative domain<ns1:a class="ref" component="Reference " href="LauritsenDocumentModeling" pattern="Milestone" referenceTo="BibliographicReference "/>. In<ns1:a class="ref" component="Reference " href="ToulminUsesOfArgument" pattern="Milestone" referenceTo="BibliographicReference "/>, Toulmin supposes that arguments (including scientific arguments) are composed of statements belonging to a specific argumentative role. Three of those roles are always required:</ns1:p><ns1:ul pattern="Table" structure="List " type="bullet"><ns1:li pattern="Container"><ns1:p pattern="Block" structure="Paragraph "><ns1:b pattern="Inline">The</ns1:b><ns1:b pattern="Inline">c</ns1:b><ns1:b pattern="Inline">laim.</ns1:b>A fact that must be asserted – e.g.: “this text is a scientific paper”.</ns1:p></ns1:li><ns1:li pattern="Container"><ns1:p pattern="Block" structure="Paragraph "><ns1:b pattern="Inline">The e</ns1:b><ns1:b pattern="Inline">vidence.</ns1:b>Another fact that represents a foundation for the claim – e.g., “this text has been submitted to a scientific conference”.</ns1:p></ns1:li><ns1:li pattern="Container"><ns1:p pattern="Block" structure="Paragraph "><ns1:b pattern="Inline">Warrant.</ns1:b>A statement bridging from the evidence to the claim – e.g., “a paper submitted to a scientific conference is a scientific paper.”.</ns1:p></ns1:li></ns1:ul><ns1:p pattern="Block" structure="Paragraph ">In Toulmin's argumentation model each instance that has a certain role in an argument (e.g., a warrant) may very well be the claim of another sub-argument, possibly explicitly presented in the paper itself, and fractally each statement of the sub-argument could have been, in turn, the claim of yet other sub-sub-arguments, etc.</ns1:p><ns1:p pattern="Block" structure="Paragraph ">In order to use this argumentation theory, we developed the<ns1:i pattern="Inline">Argument Model Ontology</ns1:i>(<ns1:i pattern="Inline">AMO</ns1:i>)<ns1:a class="footnote" component="Reference " href="ftn18" pattern="Milestone" referenceTo="Footnote "/>, an OWL ontology that allows to express the Toulmin's model for argumentation, as shown in the following excerpt:</ns1:p><ns1:p class="code" pattern="Block" structure="Paragraph ">:sentence1 dcterms:description “This is a scientific paper” . :sentence2 dcterms:description “This paper has been submitted to a scientific conference” . :sentence3 dcterms:description “A paper submitted to a scientific conference is a scientific paper” . :argument1 a amo:Argument ; amo:hasClaim :sentence1 ; amo:hasEvidence :sentence2 ; amo:hasWarrant :sentence3 . :argument2 a amo:Argument ; amo:hasClaim :sentence3 …</ns1:p></ns1:div><ns1:div class="section" pattern="HeadedContainer" structure="Section "><ns1:h1 pattern="Block" structure="SectionTitle ">The lens Semantics</ns1:h1><ns1:p pattern="Block" structure="Paragraph ">The main goal of a scientific paper is to express (and cite) findings having a specific scientific value. Usually, these finding are expressed through text, tables, and figures, meant for human interpretation only and, of course, are not directly suitable for machines. This because the<ns1:i pattern="Inline">semantics</ns1:i>of a piece of text, such as “EARMARK is more expressive than XML”, is not explicitly defined in a formal way: it is just text. The semantic lens should thus be used to specify the semantics of the original scientific message of the paper using Semantic Web technologies such as RDF:</ns1:p><ns1:p class="code" pattern="Block" structure="Paragraph ">&lt;http://www.essepuntato.it/2008/12/earmark&gt; :isMoreExpressiveThan &lt;http://www.w3.org/XML&gt; .</ns1:p></ns1:div><ns1:div class="section" pattern="HeadedContainer" structure="Section "><ns1:h1 pattern="Block" structure="SectionTitle ">Lens application is an authorial operation</ns1:h1><ns1:p pattern="Block" structure="Paragraph ">The application of a particular lens to a paper by adding information about the semantics described by the lens, is an<ns1:i pattern="Inline">authorial operation</ns1:i>, i.e., an act involving agents as responsible for the specification of certain semantic interpretations of a document. Therefore the tracking of lens applications is a typical problem of<ns1:i pattern="Inline">data provenance</ns1:i>, i.e., of the identification of processes and agents controlling them that were involved in the creation of an artefact or resource.</ns1:p><ns1:p pattern="Block" structure="Paragraph ">Many vocabularies were developed for expressing provenance information through Semantic Web technologies. Regarding authorial roles and provenance, the<ns1:i pattern="Inline">Open Provenance Model</ns1:i>(<ns1:i pattern="Inline">OPM</ns1:i>)<ns1:a class="ref" component="Reference " href="MoreauOpenProvenanceModel" pattern="Milestone" referenceTo="BibliographicReference "/>is a well-known model for provenance, whose main requirements concerns the exchangeability of provenance data between systems, the digital representation of provenance for any resource and the definition of a set of rules identifying which are the valid inferences that can be made on provenance graphs. Another implemented model for provenance is included in the SWAN ontology ecosystem<ns1:a class="ref" component="Reference " href="CiccareseSWAN" pattern="Milestone" referenceTo="BibliographicReference "/>, and aims to describe resources in terms of their accessing, authoring and versioning.</ns1:p><ns1:p pattern="Block" structure="Paragraph ">In our opinion, the<ns1:i pattern="Inline">PROV Ontology</ns1:i>(<ns1:i pattern="Inline">PROV-O</ns1:i>)<ns1:a class="ref" component="Reference " href="W3CProv" pattern="Milestone" referenceTo="BibliographicReference "/>is one of the more appropriate ontologies for the definition of the authorial role of agents responsible for lens application. Each set of RDF statements, produced as consequence of a lens application, should be enclosed within a<ns1:i pattern="Inline">named graph</ns1:i><ns1:a class="ref" component="Reference " href="CarrollNamedGraphs" pattern="Milestone" referenceTo="BibliographicReference "/>, in order to express all the provenance data as statements about the graph itself:</ns1:p><ns1:p class="code" pattern="Block" structure="Paragraph ">:structure-lens { :lenses-paper a owl:Ontology . :div1 a earmark:Element … } :structure-lens a prov:Entity , lens:StructureLensApplication ; prov:wasGeneratedBy [ a prov:Activity ; prov:used lenses-paper:xml ; prov:used xml2earmark:xslt ; prov:wasAssociatedWith &lt;http://www.essepuntato.it/xml2earmark&gt; ] . :citation-lens { :lenses-paper cito:citesForInformation :citedPaper1 , … } :citation-lens a prov:Entity , lens:CitationLensApplication ; prov:wasGeneratedBy [ a prov:Activity ; prov:wasAssociatedWith &lt;http://www.essepuntato.it/me&gt; ] . …</ns1:p></ns1:div></ns1:div><ns1:div class="section" id="SectionConclusions" pattern="HeadedContainer" structure="Section "><ns1:h1 pattern="Block" structure="SectionTitle ">Conclusions</ns1:h1><ns1:p pattern="Block" structure="Paragraph ">In this paper we sketched out a model for the enhancement of documents based on seven different semantic<ns1:i pattern="Inline">lenses</ns1:i>, each of them able to identify a specific semantical point of view of a document. Moreover, we presented technologies (e.g., web tools, vocabularies and ontologies) that can be used for the application of these lenses to a document and for the specification of the authorial role held by the agent responsible for this operation. Future works will concern mainly the improvement of the lens models, the development of automatic and semi-automatic tools for the application of the lenses to documents, and the implementation of user interfaces for the dynamic focalisation of lens-related document semantics.</ns1:p></ns1:div><ns1:div class="bibliography" id="references" pattern="HeadedContainer" structure="Section Bibliography "><ns1:h1 pattern="Block" structure="SectionTitle ">References</ns1:h1><ns1:ul pattern="Table" structure="List BibliographicReferenceList " type="bullet"><ns1:li component="BibliographicReference " id="ShottonSemanticPublishing" pattern="Container"><ns1:p pattern="Block" structure="Paragraph ">Shotton, D., Portwin, K., Klyne, G., Miles, A. (2009). Adventures in Semantic Publishing: Exemplar Semantic Enhancements of a Research Article. PLoS Comput Biol 5(4): e1000361. doi:10.1371/journal.pcbi.1000361</ns1:p></ns1:li><ns1:li component="BibliographicReference " id="ToulminUsesOfArgument" pattern="Container"><ns1:p pattern="Block" structure="Paragraph ">Toulmin, S. (1959). The uses of argument. Cambridge University Press.</ns1:p></ns1:li><ns1:li component="BibliographicReference " id="GrozaSalt" pattern="Container"><ns1:p pattern="Block" structure="Paragraph ">Groza, T., Handschuh, S., Möller, K., Decker, S. (2007). SALT – Semantically Annotated LaTeX for Scientific Publications. In Proceedings of the 4th European Semantic Web Conference (ESWC 2007). Innsbruck, Austria.</ns1:p></ns1:li><ns1:li component="BibliographicReference " id="GrozaClaim" pattern="Container"><ns1:p pattern="Block" structure="Paragraph ">Groza, T., Möller, K., Handschuh, S., Trif, D., Decker, S. (2007). SALT: Weaving the claim web. In Proceedings of the 6th International Semantic Web Conference (ISWC 2007). Boston, MA, USA.</ns1:p></ns1:li><ns1:li component="BibliographicReference " id="CiccareseORB" pattern="Container"><ns1:p pattern="Block" structure="Paragraph ">Ciccarese, P., Groza, T. (2011). Ontology of Rhetorical Blocks (ORB). W3C Editor's Draft. World Wide Web Consortium. http://www.w3.org/2001/sw/hcls/notes/orb/</ns1:p></ns1:li><ns1:li component="BibliographicReference " id="W3CProv" pattern="Container"><ns1:p pattern="Block" structure="Paragraph ">Lebo, T., Sahoo, S., McGuinness, D. (2012). PROV-O: The PROV Ontology. W3C Working Draft 03 May 2012. World Wide Web Consortium. http://www.w3.org/TR/prov-o</ns1:p></ns1:li><ns1:li component="BibliographicReference " id="CarrollNamedGraphs" pattern="Container"><ns1:p pattern="Block" structure="Paragraph ">Carroll, J., Bizer, C., Hayes, P., Stickler, P. (2005). Named Graphs, Provenance and Trust. In Proceedings of the 14th International World Wide Web Conference (WWW 2005). Chiba, Japan.</ns1:p></ns1:li><ns1:li component="BibliographicReference " id="MoreauOpenProvenanceModel" pattern="Container"><ns1:p pattern="Block" structure="Paragraph ">Moreau, L., Freire, J., Futrelle, J., McGrath, R. E., Myers, J., Paulson, P. (2008). The Open Provenance Model: An Overview. In Proceedings of the Second International Provenance and Annotation Workshop (IPAW 2008). Salt Lake City, UT, USA.</ns1:p></ns1:li><ns1:li component="BibliographicReference " id="LauritsenDocumentModeling" pattern="Container"><ns1:p pattern="Block" structure="Paragraph ">Lauritsen, M., Gordon, T. F. (2009). Toward a general theory of document modeling. In Proceedings of the 12th International Conference on Artificial Intelligence and Law (ICAIL 2009). Barcelona, Spain.</ns1:p></ns1:li><ns1:li component="BibliographicReference " id="CiccareseSWAN" pattern="Container"><ns1:p pattern="Block" structure="Paragraph ">Ciccarese, P., Wu, E., Wong, G., Ocana, M., Kinoshita, J., Ruttenberg, A., Clark, T. (2008). The SWAN biomedical discourse ontology. In Journal of Biomedical Informatics 41(5), pp. 739-51. Epub.</ns1:p></ns1:li><ns1:li component="BibliographicReference " id="DiIorioEARMARK" pattern="Container"><ns1:p pattern="Block" structure="Paragraph ">Di Iorio, A., Peroni, S., Vitali, F. (2011). A Semantic Web Approach To Everyday Overlapping Markup. Journal of the American Society for Information Science and Technology, 62 (9): 1696-1716. DOI: 10.1002/asi.21591</ns1:p></ns1:li><ns1:li component="BibliographicReference " id="Bibo" pattern="Container"><ns1:p pattern="Block" structure="Paragraph ">D'Arcus, B., Giasson, F. (2009). Bibliographic Ontology Specification. Specification Document, 4 November 2009, http://bibliontology.com/specification.</ns1:p></ns1:li><ns1:li component="BibliographicReference " id="FRBR" pattern="Container"><ns1:p pattern="Block" structure="Paragraph ">IFLA Study Group on the Functional Requirements for Bibliographic Records (1998). Functional Requirements for Bibliographic Records (FRBR). Final Report, http://archive.ifla.org/VII/s13/frbr/frbr_current_toc.htm.</ns1:p></ns1:li><ns1:li component="BibliographicReference " id="PeroniFabioCito" pattern="Container"><ns1:p pattern="Block" structure="Paragraph ">Peroni, S., Shotton, D. (2012). FaBiO and CiTO: ontologies for describing bibliographic resources and citations. Submitted for publication in Journal of Web Semantics.</ns1:p></ns1:li><ns1:li component="BibliographicReference " id="DiIorioStructuralPatterns" pattern="Container"><ns1:p pattern="Block" structure="Paragraph ">Di Iorio, A., Peroni, S., Poggi, F., Vitali, F. (2012). A first approach to the automatic recognition of structural patterns in XML documents. To appear in the Proceedings of the 2012 ACM symposium on Document Engineering (DocEng12).</ns1:p></ns1:li></ns1:ul></ns1:div><ns1:div class="footnote" pattern="Table" structure="List "><ns1:div id="ftn21" pattern="Container"><ns1:p pattern="Block" structure="Paragraph "><ns1:a href="http://vocab.org/frbr/core" pattern="Inline">http://vocab.org/frbr/core</ns1:a>and<ns1:a href="http://purl.org/spar/frbr" pattern="Inline">http://purl.org/spar/frbr</ns1:a>respectively.</ns1:p></ns1:div><ns1:div id="ftn21" pattern="Container"><ns1:p pattern="Block" structure="Paragraph "><ns1:a href="http://usefulinc.com/ns/doap" pattern="Inline">http://usefulinc.com/ns/doap</ns1:a></ns1:p></ns1:div><ns1:div id="ftn21" pattern="Container"><ns1:p pattern="Block" structure="Paragraph "><ns1:a href="http://vocab.ox.ac.uk/projectfunding/index.rdf" pattern="Inline">http://vocab.ox.ac.uk/projectfunding/index.rdf</ns1:a></ns1:p></ns1:div><ns1:div id="ftn21" pattern="Container"><ns1:p pattern="Block" structure="Paragraph "><ns1:a href="http://open-biomed.sourceforge.net/opmv/opmv-guide.html" pattern="Inline">http://open-biomed.sourceforge.net/opmv/opmv-guide.html</ns1:a></ns1:p></ns1:div><ns1:div id="ftn21" pattern="Container"><ns1:p pattern="Block" structure="Paragraph "><ns1:a href="http://usefulinc.com/ns/doap" pattern="Inline">http://usefulinc.com/ns/doap</ns1:a></ns1:p></ns1:div><ns1:div id="ftn21" pattern="Container"><ns1:p pattern="Block" structure="Paragraph "><ns1:a href="http://vocab.ox.ac.uk/projectfunding/index.rdf" pattern="Inline">http://vocab.ox.ac.uk/projectfunding/index.rdf</ns1:a></ns1:p></ns1:div><ns1:div id="ftn21" pattern="Container"><ns1:p pattern="Block" structure="Paragraph "><ns1:a href="http://vocab.org/frbr/core" pattern="Inline">http://vocab.org/frbr/core</ns1:a>and<ns1:a href="http://purl.org/spar/frbr" pattern="Inline">http://purl.org/spar/frbr</ns1:a>respectively.</ns1:p></ns1:div><ns1:div id="ftn4" pattern="Container" structure="Footnote "><ns1:p pattern="Block" structure="Paragraph "><ns1:a href="http://usefulinc.com/ns/doap" pattern="Inline">http://usefulinc.com/ns/doap</ns1:a></ns1:p></ns1:div><ns1:div id="ftn5" pattern="Container" structure="Footnote "><ns1:p pattern="Block" structure="Paragraph "><ns1:a href="http://vocab.ox.ac.uk/projectfunding/index.rdf" pattern="Inline">http://vocab.ox.ac.uk/projectfunding/index.rdf</ns1:a></ns1:p></ns1:div><ns1:div id="ftn6" pattern="Container" structure="Footnote "><ns1:p pattern="Block" structure="Paragraph "><ns1:a href="http://purl.org/cerif/frapo" pattern="Inline">http://purl.org/cerif/frapo</ns1:a></ns1:p></ns1:div><ns1:div id="ftn7" pattern="Container" structure="Footnote "><ns1:p pattern="Block" structure="Paragraph "><ns1:a href="http://purl.org/spar/scoro" pattern="Inline">http://purl.org/spar/scoro</ns1:a></ns1:p></ns1:div><ns1:div id="ftn8" pattern="Container" structure="Footnote "><ns1:p pattern="Block" structure="Paragraph ">All the following codes are written in Turtle. All the prefixes used are defined in<ns1:a href="http://www.essepuntato.it/lenses-paper/prefixes" pattern="Inline">http://www.essepuntato.it/</ns1:a><ns1:a href="http://www.essepuntato.it/lenses-paper/prefixes" pattern="Inline">l</ns1:a><ns1:a href="http://www.essepuntato.it/lenses-paper/prefixes" pattern="Inline">enses-paper/prefixes</ns1:a>.</ns1:p></ns1:div><ns1:div id="ftn9" pattern="Container" structure="Footnote "><ns1:p pattern="Block" structure="Paragraph "><ns1:a href="http://vocab.org/frbr/core" pattern="Inline">http://vocab.org/frbr/core</ns1:a>and<ns1:a href="http://purl.org/spar/frbr" pattern="Inline">http://purl.org/spar/frbr</ns1:a>respectively.</ns1:p></ns1:div><ns1:div id="ftn10" pattern="Container" structure="Footnote "><ns1:p pattern="Block" structure="Paragraph "><ns1:a href="http://purl.org/spar/fabio" pattern="Inline">http://purl.org/spar/fabio</ns1:a></ns1:p></ns1:div><ns1:div id="ftn11" pattern="Container" structure="Footnote "><ns1:p pattern="Block" structure="Paragraph "><ns1:a href="http://purl.org/spar/biro" pattern="Inline">Http://purl.org/spar/bir</ns1:a><ns1:a href="http://purl.org/spar/biro" pattern="Inline">o</ns1:a></ns1:p></ns1:div><ns1:div id="ftn12" pattern="Container" structure="Footnote "><ns1:p pattern="Block" structure="Paragraph "><ns1:a href="http://www.essepuntato.it/2008/12/pattern" pattern="Inline">http://www.essepuntato.it/2008/12/pattern</ns1:a></ns1:p></ns1:div><ns1:div id="ftn13" pattern="Container" structure="Footnote "><ns1:p pattern="Block" structure="Paragraph "><ns1:a href="http://www.essepuntato.it/2008/12/earmark" pattern="Inline">http://www.essepuntato.it/2008/12/earmark</ns1:a></ns1:p></ns1:div><ns1:div id="ftn14" pattern="Container" structure="Footnote "><ns1:p pattern="Block" structure="Paragraph ">Note that the XML version of this paper is available at<ns1:a href="http://www.essepuntato.it/lenses-paper/xml" pattern="Inline">http://www.essepuntato.it/lenses-paper/xml</ns1:a>. It can be easily converted into EARMARK with the XML2EARMARK service available at<ns1:a href="http://www.esseptuntato.it/xml2earmark" pattern="Inline">http://www.esseptuntato.it/xml2earmark</ns1:a>.</ns1:p></ns1:div><ns1:div id="ftn15" pattern="Container" structure="Footnote "><ns1:p pattern="Block" structure="Paragraph "><ns1:a href="http://purl.org/spar/deo" pattern="Inline">http://purl.org/spar/deo</ns1:a></ns1:p></ns1:div><ns1:div id="ftn16" pattern="Container" structure="Footnote "><ns1:p pattern="Block" structure="Paragraph "><ns1:a href="http://purl.org/spar/doco" pattern="Inline">http://purl.org/spar/doco</ns1:a></ns1:p></ns1:div><ns1:div id="ftn17" pattern="Container" structure="Footnote "><ns1:p pattern="Block" structure="Paragraph "><ns1:a href="http://purl.org/spar/cito" pattern="Inline">http://purl.org/spar/cito</ns1:a></ns1:p></ns1:div><ns1:div id="ftn18" pattern="Container" structure="Footnote "><ns1:p pattern="Block" structure="Paragraph "><ns1:a href="http://www.essepuntato.it/2011/02/argumentmodel" pattern="Inline">http://www.essepuntato.it/2011/02/argumentmodel</ns1:a></ns1:p></ns1:div></ns1:div></ns1:body></ns1:iml>