<?xml version="1.0" encoding="UTF-8"?><ns1:article xmlns:ns1="http://docbook.org/ns/docbook" pattern="HeadedContainer" version="5.0-subset Balisage-1.2"><ns1:title pattern="Block">Topic maps in near-real time</ns1:title><ns1:info pattern="Record"><ns1:confgroup pattern="Record"><ns1:conftitle pattern="Field">Balisage: The Markup Conference 2008</ns1:conftitle><ns1:confdates pattern="Field">August 12 - 15, 2008</ns1:confdates></ns1:confgroup><ns1:abstract pattern="Container"><ns1:para pattern="Block">A new topic map module for the Drupal open-source content management system now supports the publication of collaboratively written topic maps in near-real time, using a plug-in architecture that can be extended to support specific information sets.</ns1:para></ns1:abstract><ns1:author pattern="Record"><ns1:personname pattern="Record"><ns1:firstname pattern="Field">Sam</ns1:firstname><ns1:surname pattern="Field">Hunting</ns1:surname></ns1:personname><ns1:personblurb pattern="Container"><ns1:para pattern="Block"><ns1:link xmlns:ns2="http://www.w3.org/1999/xlink" ns2:actuate="onRequest" ns2:href="http://www.universalpantograph.com/" ns2:show="new" ns2:type="simple" pattern="Inline">Sam Hunting</ns1:link>has been toiling in the vineyards of markup and topic mapping for many years, for large companies and small. This time, thanks to the "arbor" of Drupal, the vintage is bottled and ready to ship.</ns1:para></ns1:personblurb></ns1:author><ns1:legalnotice pattern="Container"><ns1:para pattern="Block">Copyright Ã&#130;Â© 2008 by Sam Hunting</ns1:para></ns1:legalnotice></ns1:info><!--SECTION--><ns1:section pattern="HeadedContainer"><ns1:title pattern="Block">Introduction</ns1:title><!--question--><ns1:para pattern="Block"><ns1:emphasis pattern="Inline" role="bold">Why did you adopt a Q&amp;A format?</ns1:emphasis></ns1:para><ns1:para pattern="Block">WriterÃ¢â&#130;¬â&#132;¢s block. When I found myself making a process flow diagram figure, I felt there are a lot of people here who can do that better than I can. So why do it? Ditto for topic map theory, where IÃ¢â&#130;¬â&#132;¢m sure IÃ¢â&#130;¬â&#132;¢ve committed at least one major howler. What I do claim to have is an topic map application, complete with a colorable disclosure, that can deliver unique value to users on a widely used platform, whose development has been informed by all the work weÃ¢â&#130;¬â&#132;¢ve done together on topic maps over the years.</ns1:para><!--question--><ns1:para pattern="Block"><ns1:emphasis pattern="Inline" role="bold">Why did you write a topic map application?</ns1:emphasis></ns1:para><ns1:para pattern="Block">I believe that the news, like food, should be good, clean, fair--and local:<ns1:emphasis pattern="Inline" role="ital">This</ns1:emphasis>toxic waste dump,<ns1:emphasis pattern="Inline" role="bital">this</ns1:emphasis>voting machine debacle,<ns1:emphasis pattern="Inline" role="ital">this</ns1:emphasis>housing authority scandal,<ns1:emphasis pattern="Inline" role="ital">this</ns1:emphasis>corrupt official. Contemporary journalism is neither good, clean, fair, nor local (see<ns1:link xmlns:ns2="http://www.w3.org/1999/xlink" ns2:actuate="onRequest" ns2:href="http://www.dailyhowler.com/" ns2:show="new" ns2:type="simple" pattern="Inline">Bob Somerby</ns1:link>). However, local news gatherers must also be able to connect their narratives to other, similar narratives that contain subject matter of interest to them. (Toxic Waste, Inc., knows all about Localities A and B, but unless Localities A and B know about each other, any narrative they create about Toxic Waste, Inc. will necessarily remain partial, and any local action based on that narrative could well lack critical information.) Hence, there is a requirement for a distributed information system that would enables localities to discover subjects of mutual interest, perhaps serendipitously, intrinsic to content that they themselves have created.</ns1:para><ns1:para pattern="Block">Hence topic maps.</ns1:para><ns1:para pattern="Block"><ns1:emphasis pattern="Inline" role="bold">Why did you write your topic map application in Drupal?</ns1:emphasis></ns1:para><ns1:para pattern="Block">Subjects are a function of content:</ns1:para><ns1:equation pattern="Container"><ns1:mathphrase pattern="Block">S = f(c)</ns1:mathphrase></ns1:equation><ns1:para pattern="Block">and<ns1:link xmlns:ns2="http://www.w3.org/1999/xlink" ns2:actuate="onRequest" ns2:href="http://drupal.org/" ns2:show="new" ns2:type="simple" pattern="Inline">Drupal</ns1:link>is the content management system<ns1:emphasis pattern="Inline" role="ital">par excellence</ns1:emphasis>. Drupal is open source (GPL 2.0); Drupal has a vibrant community; Drupal is hot, being blessed by Google ("Summer of Code"); Drupal has superior community building and categorization tools; and I am intimately familiar with the platform, having built, administered, and moderated a Technorati 5000 community site for several years. Drupal also adds functionality by adding modules, so I determined to write a topic map module for Drupal.</ns1:para></ns1:section><!--SECTION--><ns1:section pattern="HeadedContainer"><ns1:title pattern="Block">Proxy disclosure</ns1:title><!--question--><ns1:para pattern="Block"><ns1:emphasis pattern="Inline" role="bold">Can you disclose your proxies?</ns1:emphasis></ns1:para><ns1:para pattern="Block">Yes.</ns1:para><!--question--><ns1:para pattern="Block"><ns1:emphasis pattern="Inline" role="bold">What are your proxies?</ns1:emphasis></ns1:para><ns1:para pattern="Block">Here is the<ns1:link xmlns:ns2="http://www.w3.org/1999/xlink" ns2:actuate="onRequest" ns2:href="http://kill.devc.at/node/92" ns2:show="new" ns2:type="simple" pattern="Inline">"proxy spider"</ns1:link>diagram for my proxy; it works, at least, like the BigAssert assertion model devised by<ns1:link xmlns:ns2="http://www.w3.org/1999/xlink" ns2:actuate="onRequest" ns2:href="http://www.idealliance.org/papers/extreme/proceedings/html/2005/Newcomb01/EML2005Newcomb01.html#t2-6" ns2:show="new" ns2:type="simple" pattern="Inline">Steve Newcomb</ns1:link>. Keys that are not "map," "association caption," or "association type" are roles. Values with role keys are players.</ns1:para><ns1:figure pattern="Container"><ns1:mediaobject pattern="Container"><ns1:imageobject pattern="Container"><ns1:imagedata fileref="../../../vol1/graphics/Hunting01/Hunting01-001.jpg" format="jpg" pattern="Meta"/></ns1:imageobject></ns1:mediaobject></ns1:figure><ns1:para pattern="Block">Player properties may be related to a notation processor. The presence of a processor may, or may not, affect the subject identity of the proxy that contains the property.</ns1:para><ns1:figure pattern="Container"><ns1:mediaobject pattern="Container"><ns1:imageobject pattern="Container"><ns1:imagedata fileref="../../../vol1/graphics/Hunting01/Hunting01-002.jpg" format="jpg" pattern="Meta"/></ns1:imageobject></ns1:mediaobject></ns1:figure><ns1:para pattern="Block"><ns1:emphasis pattern="Inline" role="bold">When are two proxies the same?</ns1:emphasis></ns1:para><ns1:para pattern="Block">Two proxies are the same when they are in the same map, their type properties are the sam, and their role/player combinations are the same, and if a player has a notation that can impact subject identity, both notations are the same.</ns1:para><ns1:para pattern="Block"><ns1:emphasis pattern="Inline" role="bold">Where are the individual topics?</ns1:emphasis></ns1:para><ns1:para pattern="Block">There are no individual topics, because no topic can exist in isolation. So, in my disclosure, theyÃ¢â&#130;¬â&#132;¢re properties. And I have to admit, that when I looked at<ns1:link xmlns:ns2="http://www.w3.org/1999/xlink" ns2:actuate="onRequest" ns2:href="http://kill.devc.at/taxonomy/term/40" ns2:show="new" ns2:type="simple" pattern="Inline">Barta's handy guide to the TMRM</ns1:link>, I couldnÃ¢â&#130;¬â&#132;¢t make my diagram work any other way. And this may be the howler to which my introduction alludes!</ns1:para><!--question--><ns1:para pattern="Block"><ns1:emphasis pattern="Inline" role="bold">How can users navigate using your proxies?</ns1:emphasis></ns1:para><ns1:para pattern="Block">As if properties were holes in a punch card:</ns1:para><ns1:figure pattern="Container"><ns1:mediaobject pattern="Container"><ns1:imageobject pattern="Container"><ns1:imagedata fileref="../../../vol1/graphics/Hunting01/Hunting01-003.jpg" format="jpg" pattern="Meta"/></ns1:imageobject></ns1:mediaobject></ns1:figure></ns1:section><!--SECTION--><ns1:section pattern="HeadedContainer"><ns1:title pattern="Block">Implementation</ns1:title><!--question--><ns1:para pattern="Block"><ns1:emphasis pattern="Inline" role="bold">What were the main challenges you encountered during development?</ns1:emphasis></ns1:para><ns1:para pattern="Block">Different layers of the LAMP stack needed different representations.<ns1:emphasis pattern="Inline" role="ital">User input</ns1:emphasis>required a representation that would work in a text box (since JavaScript editors are not ready, and would be WYSIWYG if they were, and XML editors are not available either). However, user input is not appropriate for<ns1:emphasis pattern="Inline" role="ital">processing</ns1:emphasis>proxies than processing anglebrackets instead of the using the DOM would be. Finally, a relational representation is needed for storage.</ns1:para><ns1:para pattern="Block"><ns1:emphasis pattern="Inline" role="bold">What markup did you devise for user input?</ns1:emphasis></ns1:para><ns1:para pattern="Block">A wiki-like markup language:</ns1:para><ns1:figure pattern="Container"><ns1:mediaobject pattern="Container"><ns1:imageobject pattern="Container"><ns1:imagedata fileref="../../../vol1/graphics/Hunting01/Hunting01-004.jpg" format="jpg" pattern="Meta"/></ns1:imageobject></ns1:mediaobject></ns1:figure><ns1:para pattern="Block">The wporkflow envisaged is user integrating associations into actual text. The markup is reasonably easy for the user to enter, and reasonably easy for the application to parse.</ns1:para><ns1:para pattern="Block">As can be seen from the sample,<ns1:code pattern="Atom">[[</ns1:code>and<ns1:code pattern="Atom">]]</ns1:code>delimit the proxy.<ns1:code pattern="Atom">:</ns1:code>delimits the properties of the proxy. Only the value of the player property is visible. (However, hiding a player is such a ubiquitous use case there's a special syntax for it: A hat before property delimiter hides the player (<ns1:code pattern="Atom">^:Bart</ns1:code>hides "Bart").<ns1:code pattern="Atom">=</ns1:code>adds a notation to a player property, a la<ns1:code pattern="Atom">[[ ... text:Federalist 51=federalist ...]]]</ns1:code>(Later, we will see how the plugin for the federalist notation would process the player.)</ns1:para><ns1:para pattern="Block">Implementation uses DrupalÃ¢â&#130;¬â&#132;¢s nodeapi hook; when content is being processed, any function of the form [drupal_module]_nodeapi is invoked, with the content as input and output for the function. So, topicmap_nodeapi takes content marked up as proxies and transforms it to the data structure used for processing the proxy, to which we now turn.</ns1:para><ns1:para pattern="Block"><ns1:emphasis pattern="Inline" role="bold">What data structure did you use for processing?</ns1:emphasis></ns1:para><ns1:para pattern="Block">A tuple-like representation. Here is a sample:</ns1:para><ns1:figure pattern="Container"><ns1:mediaobject pattern="Container"><ns1:imageobject pattern="Container"><ns1:imagedata fileref="../../../vol1/graphics/Hunting01/Hunting01-005.jpg" format="jpg" pattern="Meta"/></ns1:imageobject></ns1:mediaobject></ns1:figure><ns1:para pattern="Block">Proxies need to be transformed from user input in are processed in several ways: for TOCs, for legends, for validation, for plugins, etc. Because the wiki syntax isnÃ¢â&#130;¬â&#132;¢t suitable for PHP processing, we adopt the PHP mindset and represent proxies as arrays, so we get to use PHPÃ¢â&#130;¬â&#132;¢s rich variety of array functions.</ns1:para><ns1:para pattern="Block">After a false start using a keyed array (a proxy can have duplicate keys), I adopted the tuple representation shown. (Jack Park and I did a tuple representation of topic maps long ago, on the theory, which I still believe to be correct, that a Linda-like tuple space implementation would be great way to federate topic maps, and this idea was inspired by that work.</ns1:para><ns1:para pattern="Block">This representation is efficient since the map value is always at position three, roles are every fourth array element starting at 12, roles are every fourth array element starting at 16, and so on. It will also map cleanly to XTM and JSON output formats.</ns1:para><ns1:para pattern="Block">Implementation (still in topicmap_nodeapi) takes post content with wiki-like markup embedded, parses it, rips out the properties for each proxy, validates each tuple either generically or by type, and associates the tuple with an offset ("8090","8096") back into the content. The tuple is then transformed into HTML by adding generic span, div, and class markup, and notation processing (for example, the federalist notation processor might transform its player data into an HTML A tag linking to an online version of the Federalist Papers).</ns1:para><ns1:para pattern="Block"><ns1:emphasis pattern="Inline" role="bold">What relational structure did you use for storage?</ns1:emphasis></ns1:para><ns1:para pattern="Block">A table that permits result sets like this, which you will shortly see is convenient for generation navigation tables, or TOCs:</ns1:para><ns1:figure pattern="Container"><ns1:mediaobject pattern="Container"><ns1:imageobject pattern="Container"><ns1:imagedata fileref="../../../vol1/graphics/Hunting01/Hunting01-006.jpg" format="jpg" pattern="Meta" width="100%"/></ns1:imageobject></ns1:mediaobject></ns1:figure><ns1:para pattern="Block">(I apologize for not having a diagram; I couldnÃ¢â&#130;¬â&#132;¢t find a diagrammer that works with Postgres on OS X.) Here is the basic idea.</ns1:para><ns1:para pattern="Block">In the text box, users enter text values ("Bart","Alberto Gonzales"); it wouldnÃ¢â&#130;¬â&#132;¢t be sensible to have users do anything else. However, all processing on the database side takes place through manipulating integers called (adopting Drupal jargon), "nids," or node IDs. Therefore:</ns1:para><ns1:itemizedlist pattern="Table"><ns1:listitem pattern="Container"><ns1:para pattern="Block">There is a table of values</ns1:para></ns1:listitem><ns1:listitem pattern="Container"><ns1:para pattern="Block">There is a mapping table of value to nid</ns1:para></ns1:listitem><ns1:listitem pattern="Container"><ns1:para pattern="Block">There is a table of nids (All logging data (creator, date created) goes on the nid table)</ns1:para></ns1:listitem><ns1:listitem pattern="Container"><ns1:para pattern="Block">There is a "big table" with columns for each property. The columns are: A[ssociation],[t]type,[r]ole,[p]layer,[c]casting,[n]otation, and ac (association caption). Alas, ac ("association caption") and notation are optional, and so these columns can contain ugly NULLs.</ns1:para></ns1:listitem><ns1:listitem pattern="Container"><ns1:para pattern="Block">The data in each column is a foreign key into the table of nids.</ns1:para></ns1:listitem><ns1:listitem pattern="Container"><ns1:para pattern="Block">There are ancillary mapping tables of association to source (the Drupal post), nid to its autogenerated Drupal page, and so on.</ns1:para></ns1:listitem></ns1:itemizedlist><ns1:para pattern="Block">The implementation is almost certainly naÃ&#131;Â¯ve; I never did figure out a way to cram an association into a single row, because the role and player combinations vary in number. In practice, that means that to grab a single association, you need to grab all the rows that have the same values for a, t, r, and p (and are in the same map, and have notations that either do not affect subject identity, or are the same) and no others. Relational purists also take the view that auto-generating nids as relational keys is pernicious; however, thatÃ¢â&#130;¬â&#132;¢s how Drupal does things. However, the implementation is operating fast enough to deliver value to users at the required scale.</ns1:para></ns1:section><!--SECTION--><ns1:section pattern="HeadedContainer"><ns1:title pattern="Block">Plugin Architecture</ns1:title><ns1:para pattern="Block"><ns1:emphasis pattern="Inline" role="bold">What are the advantages of notation plugins?</ns1:emphasis></ns1:para><ns1:para pattern="Block">Notation plugins allow the administration add data-driven functionality to a Drupal site that uses the topic map module. For example, entering the following proxy:</ns1:para><ns1:programlisting xmlns:ns3="http://www.w3.org/XML/1998/namespace" xml:space="preserve" pattern="Block">[[test:test_type_7[role_7_2_1:player_7_2_1] and [role_7_2_2:364 U.S. 507=caselaw]]</ns1:programlisting><ns1:para pattern="Block">Uses the caselaw plugin, and generates a sidebar with metadata about the case:</ns1:para><ns1:figure pattern="Container"><ns1:mediaobject pattern="Container"><ns1:imageobject pattern="Container"><ns1:imagedata fileref="../../../vol1/graphics/Hunting01/Hunting01-007.jpg" format="jpg" pattern="Meta"/></ns1:imageobject></ns1:mediaobject></ns1:figure><ns1:para pattern="Block"><ns1:emphasis pattern="Inline" role="bold">What notation plugins did you include?</ns1:emphasis></ns1:para><ns1:para pattern="Block">There are notation plugins for aircraft tail numbers, email addresses, citations to the Bible, the U.S. Constitution, and the Federalist Papers, and geocoded maps.</ns1:para><ns1:para pattern="Block">The geocding/mapping plugin takes a physical address as input, geocodes it, and returns a map, which illustrates the distinction between this topic map implementation, and most other approaches to the semantic web: The plugins operate at the data level, not the resource level, and integrate into content at a point of the authorÃ¢â&#130;¬â&#132;¢s own choosing. This is quite distinct from the model where resources are vertically organized by site, and then "mashed up" into a new resource that is still not integrated into content.</ns1:para><ns1:para pattern="Block"><ns1:emphasis pattern="Inline" role="bold">What are the advantages of association type plugins?</ns1:emphasis></ns1:para><ns1:para pattern="Block">In a word, validation.</ns1:para><ns1:para pattern="Block">Validation parameters can be set by the user:</ns1:para><ns1:figure pattern="Container"><ns1:mediaobject pattern="Container"><ns1:imageobject pattern="Container"><ns1:imagedata fileref="../../../vol1/graphics/Hunting01/Hunting01-008.jpg" format="jpg" pattern="Meta"/></ns1:imageobject></ns1:mediaobject></ns1:figure><ns1:para pattern="Block">And enforced by the application:</ns1:para><ns1:figure pattern="Container"><ns1:mediaobject pattern="Container"><ns1:imageobject pattern="Container"><ns1:imagedata fileref="../../../vol1/graphics/Hunting01/Hunting01-009.jpg" format="jpg" pattern="Meta"/></ns1:imageobject></ns1:mediaobject></ns1:figure><ns1:para pattern="Block">The interface is crude, being CSS-driven and therefore not dynamic, but usable.</ns1:para><ns1:para pattern="Block"><ns1:emphasis pattern="Inline" role="bold">What type plugins did you include?</ns1:emphasis></ns1:para><ns1:para pattern="Block">Plugins for the types required by ISO 13250 (class/instance and supertype subtype), as well as types for asserting that two properties are the same, and an "org" type, for analyzing who reports to whom inside an organization (like, in the sample topic map, the Bush administration).</ns1:para><ns1:para pattern="Block"><ns1:emphasis pattern="Inline" role="bold">What are the advantages of search plugins?</ns1:emphasis></ns1:para><ns1:para pattern="Block"><ns1:emphasis pattern="Inline" role="bold">What search plugins did you include?</ns1:emphasis></ns1:para><ns1:para pattern="Block">The topic map paradigm is extremely rich, and provides an almost unlimited number of ways to "connect the dots." However, since we canÃ¢â&#130;¬â&#132;¢t know method appropriate to navigating a corpus before actually knowing the corpus, it makes sense to enable developers to create plugins, rather than decide in advance that I know better than they do.</ns1:para><ns1:para pattern="Block">For example, the "degrees" plugin:</ns1:para><ns1:figure pattern="Container"><ns1:mediaobject pattern="Container"><ns1:imageobject pattern="Container"><ns1:imagedata fileref="../../../vol1/graphics/Hunting01/Hunting01-010.jpg" format="jpg" pattern="Meta"/></ns1:imageobject></ns1:mediaobject></ns1:figure><ns1:para pattern="Block">This example shows that indeed the head bone is connected to the neck bone, the neck bone is connected to the back bone, the back bone is connected to the hip bone, the hip bone is connected to the thigh bone, and the thigh bone is connected to the knee bone. Which may seem trivial, unless you want to know how many degrees separate Alberto Gonzales from Monica Lewinsky, say. (Note that the implementation does<ns1:emphasis pattern="Inline" role="ital">not</ns1:emphasis>depend on the type of association in which the player participates, but solely on building a linked list associations with player overlap. And sometimes, indeed, "you can't get there from here.")</ns1:para></ns1:section><!--SECTION--><ns1:section pattern="HeadedContainer"><ns1:title pattern="Block">Interlude: The TOC</ns1:title><ns1:para pattern="Block"><ns1:emphasis pattern="Inline" role="bold">Why is your presentation of the topic map so resolutely un-Flashy?</ns1:emphasis></ns1:para><ns1:para pattern="Block">Here is what the questioner means by "resolutely un-Flashy."</ns1:para><ns1:figure pattern="Container"><ns1:mediaobject pattern="Container"><ns1:imageobject pattern="Container"><ns1:imagedata fileref="../../../vol1/graphics/Hunting01/Hunting01-011.jpg" format="jpg" pattern="Meta" width="100%"/></ns1:imageobject></ns1:mediaobject></ns1:figure><ns1:para pattern="Block">How the TOC works, from top left: Each numbered "stripe" is a single proxy, and each column is a property of the proxy. The downward pointing blue triangles link down into the occurrence of the proxy in the content. Further, each type plugin annotates its proxies by adding a footnote to a proxyÃ¢â&#130;¬â&#132;¢s property, where appropriate. The footnote shows metadata for the proxy via a "hover," and links to the TOC legend, also generated by the plugin. For example, all instances of "cat" are footnoted with "2," in blue, color-coding the note as applying to a supertype/subtype type of proxy. Clicking on footnote "2" takes the user to note "2" in the legend, where the user may click on the "cat" to go to a (dynamically created) page that shows all the proxies that use the "cat" property, or the user may click on the outline icon in parenthesis, and go to the "cat" node on the type page, which shows the type hierarchy. (Different type plugins, as you see, have different colors, icons, and also organize their pages differently.) Naturally, if a new plugin in were added, it to would add its own notes, legend, and have is own page, assuming it used the plugin API.</ns1:para><ns1:para pattern="Block">This is not sexy; most designers prefer a graph style presentation, with nodes and arcs, but I think thatÃ¢â&#130;¬â&#132;¢s "Visualization That DoesnÃ¢â&#130;¬â&#132;¢t Help You Vizualize." Such an approach has a number of disadvantages: The graphs are generally a Flash presentation or equivalent and so are not searchable via search engines, are static, and canÃ¢â&#130;¬â&#132;¢t evolve with the community, and are not integrated into any content. In addition, they take up an awful lot of space on the page, and consume a lot of bandwidth. (ThereÃ¢â&#130;¬â&#132;¢s no reason to assume that net neutrality will continue, and so low bandwidth applications may assume increasing importance.) The un-Flashy TOC presented here has none of those disadvantages, and all of the functionality listed, none of which the Flash approach offers.</ns1:para></ns1:section><!--SECTION--><ns1:section pattern="HeadedContainer"><ns1:title pattern="Block">Example</ns1:title><ns1:para pattern="Block"><ns1:emphasis pattern="Inline" role="bold">Do you have an example of a topic map that uses your application?</ns1:emphasis></ns1:para><ns1:para pattern="Block">Yes:<ns1:link xmlns:ns2="http://www.w3.org/1999/xlink" ns2:actuate="onRequest" ns2:href="http://www.109876543210.net/node/443" ns2:show="new" ns2:type="simple" pattern="Inline">The Criminal Bush Regime</ns1:link>. Based on stories from the Washington Post and Slate, it contrasts the prose and parallel Flash-y approach to a topic map. Although it is not "local" (except inside the Beltway), I like to think it's good, clean, and fair, and a community could add value to it.</ns1:para></ns1:section><!--SECTION--><ns1:section pattern="HeadedContainer"><ns1:title pattern="Block">Conclusion</ns1:title><ns1:para pattern="Block"><ns1:emphasis pattern="Inline" role="bold">What would you say to anyone thinking about using topic maps?</ns1:emphasis></ns1:para><ns1:para pattern="Block">Great paradigm, great people, great software.</ns1:para><ns1:para pattern="Block"><ns1:emphasis pattern="Inline" role="bold">Can I download your module?</ns1:emphasis></ns1:para><ns1:para pattern="Block">Great paradigm, great people, great software.</ns1:para><ns1:para pattern="Block"><ns1:emphasis pattern="Inline" role="bold">Is the latest version of the topi map module for Drupal available for download?</ns1:emphasis></ns1:para><ns1:para pattern="Block">Yes, at<ns1:link xmlns:ns2="http://www.w3.org/1999/xlink" ns2:actuate="onRequest" ns2:href="http://www.universalpantograph.com/" ns2:show="new" ns2:type="simple" pattern="Inline">The Universal Pantograph</ns1:link></ns1:para><ns1:para pattern="Block"><ns1:emphasis pattern="Inline" role="bold">Anything else?</ns1:emphasis></ns1:para><ns1:para pattern="Block">Humongous thanks to the conference organizers for their patience, and for Balisage, too.</ns1:para></ns1:section></ns1:article>