<?xml version="1.0" encoding="UTF-8"?><ns1:iml xmlns:ns1="http://www.cs.unibo.it/2006/iml" pattern="Record"><ns1:head pattern="Container" structure="FrontMatter "><ns1:title pattern="Field" structure="Title ">Of mice and terms: clustering algorithms on ambiguous terms in folksonomies</ns1:title><ns1:meta content="Folksonomy" name="keyword" pattern="Meta"/><ns1:meta content="FolksEngine" name="keyword" pattern="Meta"/><ns1:meta content="RDF" name="keyword" pattern="Meta"/><ns1:meta content="Web Search Engine" name="keyword" pattern="Meta"/><ns1:meta content="Delicious" name="keyword" pattern="Meta"/><ns1:meta content="Wordnet" name="keyword" pattern="Meta"/><ns1:meta content="INFOMAP-NLP" name="keyword" pattern="Meta"/><ns1:meta content="1" name="author.1.number" pattern="Meta"/><ns1:meta content="Nicola Raffaele Di Matteo" name="author.1.name" pattern="Meta"/><ns1:meta content="Department of Computer Science@University of Bologna@Bologna (Italy)" name="author.1.affiliation" pattern="Meta"/><ns1:meta content="dimatteo@cs.unibo.it" name="author.1.email" pattern="Meta"/><ns1:meta content="2" name="author.2.number" pattern="Meta"/><ns1:meta content="Silvio Peroni" name="author.2.name" pattern="Meta"/><ns1:meta content="Department of Computer Science@University of Bologna@Bologna (Italy)" name="author.2.affiliation" pattern="Meta"/><ns1:meta content="speroni@cs.unibo.it" name="author.2.email" pattern="Meta"/><ns1:meta content="3" name="author.3.number" pattern="Meta"/><ns1:meta content="Fabio Tamburini" name="author.3.name" pattern="Meta"/><ns1:meta content="Department of Linguistics and Oriental Studies@University of Bologna@Bologna (Italy)" name="author.3.affiliation" pattern="Meta"/><ns1:meta content="fabio.tamburini@unibo.it" name="author.3.email" pattern="Meta"/><ns1:meta content="4" name="author.4.number" pattern="Meta"/><ns1:meta content="Fabio Vitali" name="author.4.name" pattern="Meta"/><ns1:meta content="Department of Computer Science@University of Bologna@Bologna (Italy)" name="author.4.affiliation" pattern="Meta"/><ns1:meta content="fabio@cs.unibo.it" name="author.4.email" pattern="Meta"/><ns1:meta content="I.2.7,Artificial Intelligence,Natural Language Processing,Text analysis" name="category" pattern="Meta"/><ns1:meta content="H.3.1,Information Storage And Retrieval,Information Search and Retrieval,Clustering" name="category" pattern="Meta"/><ns1:meta content="Algorithms" name="generalterm" pattern="Meta"/></ns1:head><ns1:body pattern="Container" structure="BodyMatter "><ns1:div class="abstract" id="abstract" pattern="HeadedContainer" structure="Section "><ns1:h1 pattern="Block" structure="SectionTitle ">Abstract</ns1:h1><ns1:p pattern="Block" structure="Paragraph ">Developed using the principles of the Model-View-Controller architectural pattern, FolksEngine is a parametric search engine for folksonomies that allows us to test arbitrary search improvement algorithms by specifying them in three phases:<ns1:i pattern="Inline">expansion</ns1:i>, where the original query is converted in multiple ones according to semantic rules associated to the query terms,<ns1:i pattern="Inline">search</ns1:i>, executing the queries on a standard folksonomy search engine such as Delicious, and r<ns1:i pattern="Inline">anking</ns1:i>, sorting the results according to rules. In this paper we extend our previous studies using FolksEngine and offer a new query expansion algorithms based on Natural Language Processing techniques, and a new view for the results based on Semantic Web technologies. We also describe some tests of the algorithms developed, in order to obtain a clear and effective evaluation of them.</ns1:p></ns1:div><ns1:div class="section" pattern="HeadedContainer" structure="Section "><ns1:h1 pattern="Block" structure="SectionTitle ">Introduction</ns1:h1><ns1:p pattern="Block" structure="Paragraph ">In the last years, much work on document search has been exploring new approaches for search based on the exploitation of semantic data. Usually, this kind of search is performed through content analysis, that is obviously imprecise, or by retrieving and analysing annotations added to documents.</ns1:p><ns1:p pattern="Block" structure="Paragraph ">These annotations could be added by classification professionals, that categorize and describe the documents by using rich and well-organized thesauri, and yet hard to master, or by the collective action of a non-professional audience that describes documents in a free-from-constraint approach, in particular without the need to impose a controlled and unambiguous vocabularies, i.e. by defining<ns1:i pattern="Inline">folksonomies</ns1:i>.</ns1:p><ns1:p pattern="Block" structure="Paragraph ">Obviously, folksonomies do not generate a consistent structure of concepts associated to the document content: in fact, they introduce well-known problems such as terms’ ambiguity or synonymity, that make it hard to offer a fully shareable and synthetic view of the content of the documents.</ns1:p><ns1:p pattern="Block" structure="Paragraph ">Literature exists that offers<ns1:i pattern="Inline">a posteriori</ns1:i>semantic structuring of the terms that are actually used in folksonomies, and contextualize and explain the terms that are used there in. But it is clear that is not possible to impose a precise semantic to them exactly because of their main advantage: they allow the collective making of complex vocabularies exactly by ignoring the issues of ambiguity and synonymity.</ns1:p><ns1:p pattern="Block" structure="Paragraph ">An alternative path to imposing firm and definite semantics to terms used in folksonomies is to associate them to well-defined terms in a predefined ontology, i.e to cluster folksonomic tags around concepts placed in a clear and well-defined semantic structure. Providing such association in an explicit way is a task as wide as ultimately futile, given the number of terms being used and the variety of meanings associated to them.</ns1:p><ns1:p pattern="Block" structure="Paragraph ">On the other hand, the identification of clusters of folksonomic tags, that refer to a particular concept, implies the creation of a distance value between folksonomic terms and the specification of a cluster as the set of terms that fall within a certain distance from the query. This can be performed with a number of different algorithms, many of which are well studied in literature.</ns1:p><ns1:p pattern="Block" structure="Paragraph ">Starting from the basis introduced in<ns1:a class="ref" href="b-13" pattern="Milestone"/>, in this paper we present the architecture of an application prototype,<ns1:i pattern="Inline">FolksEngine</ns1:i>, that we use to develop and test in an integrated manner all sorts of different clustering algorithms in order to verify their different effectiveness. To do that we have created a flexible architecture, that allows to separate the commonalities and the differences of each algorithm we are testing. In particular, we introduce a three-step process, expansion, search and ranking, to which all algorithms must comply with, placing all differences in the individual expansion and ranking steps.</ns1:p><ns1:p pattern="Block" structure="Paragraph ">The architecture also made to test our own contribution to such algorithms. Here we also report on the implementation of algorithms bringing to folksonomies a few Natural Language Processing (NLP) techniques, thereby applying well-studied algorithms originally created for ample document collections to the restricted domain defined by folksonomies.</ns1:p><ns1:p pattern="Block" structure="Paragraph ">We finally introduce a particular view for visualizing results, completely based on Semantic Web technologies, such as RDF<ns1:a class="ref" href="b-9" pattern="Milestone"/>and OWL<ns1:a class="ref" href="b-14" pattern="Milestone"/>: each result returned by the engine is described using entities concerning a particular ontology for folksonomies, expressly developed to address this issue using some Content Ontology Design Patterns<ns1:a class="ref" href="b-12" pattern="Milestone"/>.</ns1:p></ns1:div><ns1:div class="section" pattern="HeadedContainer" structure="Section "><ns1:h1 pattern="Block" structure="SectionTitle ">Existing approaches for term clustering</ns1:h1><ns1:p pattern="Block" structure="Paragraph ">Various approaches can be pursued in order to improve the user's query by enriching it with sophisticated meanings or associations to get better results from search engines.</ns1:p><ns1:p pattern="Block" structure="Paragraph ">The first approach uses lexical resources (such as WordNet) and its ontological organization in order to extract concepts related to the query terms. WordNet semantic relations – such as synonymy, implicitly expressed in the synsets definition, hyponymy (type-subtype relation) and meronimy (part-whole relation) – can be successfully used to add to the original query further concepts, directly related to those used by the user. The list of concepts connected to the original query can be expanded also considering measures of semantic relatedness between the lexical elements in WordNet<ns1:a class="ref" href="b-1" pattern="Milestone"/>.</ns1:p><ns1:p pattern="Block" structure="Paragraph ">Another query expansion approach starts from a radically different view: instead of using an existing lexical resource, all the query terms are expanded by using statistical and machine learning techniques on huge quantities of text resources. Words and multi-word expressions can be compared by means of distributional similarity measures and then clustered using various techniques. Examples and explanations of some of these techniques – based on latent semantic analysis and n-gram extraction from large text corpora – can be found in<ns1:a class="ref" href="b-3" pattern="Milestone"/><ns1:a class="ref" href="b-4" pattern="Milestone"/><ns1:a class="ref" href="b-5" pattern="Milestone"/><ns1:a class="ref" href="b-6" pattern="Milestone"/><ns1:a class="ref" href="b-7" pattern="Milestone"/>.</ns1:p><ns1:p pattern="Block" structure="Paragraph ">Though they do not strictly concern query expansion algorithms, some other tools frameworks and techniques have been developed to try to enrich in some way a particular tag set given as input. For example, the<ns1:i pattern="Inline">FoLksonomy Ontology enRichment</ns1:i>tool (<ns1:i pattern="Inline">FLOR</ns1:i>)<ns1:a class="ref" href="b-15" pattern="Milestone"/>performs an automatic semantic enrichment of folksonomies, without any user contribution, using a three steps procedure that guarantees a lexical analysis, a thesaurus-based semantic expansion and a final semantic enrichment through ontologies.</ns1:p><ns1:p pattern="Block" structure="Paragraph ">Our goal in this work, for what concerns the query expansion issue, is to explore in particular the theoretical proposal made in<ns1:a class="ref" href="b-7" pattern="Milestone"/>using its implementation, the package INFOMAP-NLP<ns1:a class="footnote" href="sdfootnote1sym" pattern="Milestone"/>, as an NLP method to expand the user’s queries.</ns1:p></ns1:div><ns1:div class="section" id="principles" pattern="HeadedContainer" structure="Section "><ns1:h1 pattern="Block" structure="SectionTitle ">FolksEngine</ns1:h1><ns1:p pattern="Block" structure="Paragraph ">In this section we introduce FolksEngine<ns1:a class="footnote" href="sdfootnote2sym" pattern="Milestone"/>the search engine framework we developed to exploit clustering methods for folksonomic tags. The basic principles of our framework depend on both design and theoretical aspects.</ns1:p><ns1:p pattern="Block" structure="Paragraph ">First of all, the flexibility of the infrastructure represents the main feature we want to guarantee. We did not want to focus on a specific clustering algorithm but we wanted to develop a framework that allowed us to test a number of clustering algorithms for folksonomies in very different ways, in order to understand their efficacy in each particular context considered.</ns1:p><ns1:p pattern="Block" structure="Paragraph ">FolksEngine allows adding easily new algorithms simply by extending the appropriate internal framework structures, without modifying the application core. Moreover, it is be able to expand the current knowledge base with new folksonomic repositories and ontological thesaurus, in order to have new and up-to-date data. Clearly, this knowledge base enrichment guarantees, every time we extend the knowledge base, a much more accurate analysis and evaluation of each tested algorithm.</ns1:p><ns1:p pattern="Block" structure="Paragraph ">Each algorithm need to be organized around the following three steps:</ns1:p><ns1:ul pattern="Table" structure="List " type="bullet"><ns1:li pattern="Container"><ns1:p pattern="Block" structure="Paragraph ">the user’s query is expanded into multiple keywords;</ns1:p></ns1:li><ns1:li pattern="Container"><ns1:p pattern="Block" structure="Paragraph ">the new keyword set is given as input to a general folksonomic search engine, generating multiple result sets;</ns1:p></ns1:li><ns1:li pattern="Container"><ns1:p pattern="Block" structure="Paragraph ">the result sets are collated, filtered and sorted according to a particular ranking function.</ns1:p></ns1:li></ns1:ul><ns1:div class="section" pattern="HeadedContainer" structure="Section "><ns1:h1 pattern="Block" structure="SectionTitle ">Clustering algorithms</ns1:h1><ns1:p pattern="Block" structure="Paragraph ">The first clustering algorithm we developed is based on the semantic expansion of the user's query, according to one of the semantic relations available in the WorldNet thesaurus, trying to avoid ambiguity among terms in some way. A possible simplest solution to solve the term ambiguity could be to specify the query as a “keytag:keyword” pairs, in which the first term represents a sort of category for the latter, avoiding completely the common space-separated keywords form. Through this mechanism, we expand the query<ns1:i pattern="Inline">t:w</ns1:i>as<ns1:i pattern="Inline">t:w</ns1:i>,<ns1:i pattern="Inline">t w</ns1:i>,<ns1:i pattern="Inline">t’ w</ns1:i>,<ns1:i pattern="Inline">t” w</ns1:i>, … ,<ns1:i pattern="Inline">t</ns1:i><ns1:span class="sup" pattern="Inline"><ns1:i pattern="Inline">n</ns1:i></ns1:span><ns1:i pattern="Inline">w</ns1:i>, where<ns1:i pattern="Inline">t’</ns1:i>…<ns1:i pattern="Inline">t</ns1:i><ns1:span class="sup" pattern="Inline"><ns1:i pattern="Inline">n</ns1:i></ns1:span>are terms semantically related – through synonymy, hyponymy, hyperonymy, semantic distance, etc. – to<ns1:i pattern="Inline">t</ns1:i>.</ns1:p><ns1:p pattern="Block" structure="Paragraph ">Another mechanism we developed in our framework concerns the use of lexical resources based on a formal ontology: not just WordNet, but also FrameNet<ns1:a class="footnote" href="sdfootnote3sym" pattern="Milestone"/>, PropBank<ns1:a class="footnote" href="sdfootnote4sym" pattern="Milestone"/>, and so on. Using these kind of resources, we can navigate the lexical relations among terms coded into the ontology, finding concepts somehow related to the user’s query.</ns1:p><ns1:p pattern="Block" structure="Paragraph ">Some of the basic relations cited, such as synonymy and hyponymy, have already been experimented in<ns1:a class="ref" href="b-13" pattern="Milestone"/>. Clearly, more complex metrics – for instance, based on semantic relatedness between words and concepts (e.g., the lowest super-ordinate in taxonomic relation or overlapping measures between word definitions) – can be profitably used to identify concepts that are related to the terms of the original query.</ns1:p><ns1:p pattern="Block" structure="Paragraph ">Hand-made lexical resources can be very useful for these tasks, but, unfortunately, the availability of such resources is very limited: they are often restricted to the most common languages, mainly English, and often their coverage can not be adequate to guarantee a complete and useful term expansion of the user's query. A lot of terms occurring inside user’s queries can contain ambiguities between words and proper names (e.g. bush/Bush, Paris Hilton/Hilton hotels, etc.). The problem here is that methods heavily based on such resources cannot handle this kinds of ambiguities.</ns1:p><ns1:p pattern="Block" structure="Paragraph ">Yet, finding words that are related together by some linguistic relation or that exhibit similar distributional behaviour is a field of research in NLP that has been actively explored in the last few years.</ns1:p><ns1:p pattern="Block" structure="Paragraph ">A viable solution is the use of large amount of real text as statistical evidence of linguistic phenomena: starting form a large amount of text corpora, such as the British National Corpus for English<ns1:a class="footnote" href="sdfootnote5sym" pattern="Milestone"/>or the CORIS/CODIS for Italian<ns1:a class="footnote" href="sdfootnote6sym" pattern="Milestone"/>, it is possible to apply statistical and machine learning techniques in order to identify the words that exhibit a similar distributional behaviour of the user’s terms.</ns1:p><ns1:p pattern="Block" structure="Paragraph ">One of these approaches, largely used by the NLP and information retrieval communities, is grounded on the Latent Semantic Analysis, firstly introduced by Deerwester, et al.<ns1:a class="ref" href="b-2" pattern="Milestone"/>. The occurrence of each word is represented as a vector of words co-occurring with it in the same context. All vectors are thus collected in a [word x word in context] matrix A. This is a huge matrix, because each original vector spans through the entire lexicon of the target language. Applying a singular value decomposition technique to A we can map each vector into a subspace, called the WORD-SPACE, with reduced dimensionality<ns1:i pattern="Inline">k</ns1:i>, keeping most of the original distributional information.</ns1:p><ns1:div class="formula" id="similarity" pattern="Pattern"><ns1:p class="img.block" pattern="Block" structure="Paragraph "><ns1:img class="196-52" pattern="Milestone" src="folkcr_html_m4028a854.gif" structure="Figure "/></ns1:p></ns1:div><ns1:p pattern="Block" structure="Paragraph ">Each word is then mapped into a<ns1:i pattern="Inline">k</ns1:i>-dimensional vector in order to efficiently compare it to other word-vectors to find similarities using, for example, the cosine distance refSim – where<ns1:i pattern="Inline">w1*w2</ns1:i>is the euclidean scalar product and<ns1:i pattern="Inline">||w||</ns1:i>is the norm of the vector<ns1:i pattern="Inline">w</ns1:i>. The closer the vectors in the<ns1:i pattern="Inline">k</ns1:i>-dimensional space are, the more the distributional behaviours of the two words are similar. So, appropriate clustering methods can identify sets of similar words.</ns1:p><ns1:p pattern="Block" structure="Paragraph ">Starting from this standard technique, Widdows<ns1:a class="ref" href="b-8" pattern="Milestone"/>studied the interesting properties of this WORD-SPACE, adding the possibility of using logical connectives inside user queries. The notion of distributional similarity between words has been extended with the<ns1:i pattern="Inline">negation</ns1:i>, in terms of vector orthogonality, and<ns1:i pattern="Inline">disjunction</ns1:i>, as linear sum of subspaces. Since the same logical operators on vectors were used by Birkhoff and von Neumann in the 1930s to describe the logic of a quantum mechanical system, these logical operators are called<ns1:i pattern="Inline">quantum connectives</ns1:i>and the system as a whole is called a<ns1:i pattern="Inline">quantum logic</ns1:i>.</ns1:p><ns1:p pattern="Block" structure="Paragraph ">This quantum connectives are implemented inside the INFOMAP-NLP package, allowing us to write very specific queries. For example the query “<ns1:i pattern="Inline">rock NOT band</ns1:i>” allows for the retrieval of the word most similar to<ns1:i pattern="Inline">rock</ns1:i>when it refers to “a lump or mass of hard consolidated mineral matter” and not to “a genre of popular music”. We have extensively used these methods inside our framework for what concerns the query expansion phase. The results will be presented in<ns1:a class="ref" href="evaluation" pattern="Milestone"/>.</ns1:p><ns1:p pattern="Block" structure="Paragraph ">Moreover, elaborating these methods as proposed, for example, by Widdows and Dorow<ns1:a class="ref" href="b-6" pattern="Milestone"/>, we can build small graphs for each target word, showing the most similar words in a structured way and showing also the different senses the target word can have in real texts.</ns1:p></ns1:div><ns1:div class="section" pattern="HeadedContainer" structure="Section "><ns1:h1 pattern="Block" structure="SectionTitle ">The implementation of FolksEngine</ns1:h1><ns1:p pattern="Block" structure="Paragraph ">The core of FolksEngine is composed of a set of cooperating classes that take care of different aspects of the search and retrieval in folksonomies.</ns1:p><ns1:p pattern="Block" structure="Paragraph ">Each extension, implementing a specific clustering algorithm, is obtained by extending the framework core classes. Such user-defined classes contain only the specific sub-algorithm, while the framework deals with the relationships among classes and with their interactions. The core classes of the framework are organized following the Model - View – Controller pattern.</ns1:p><ns1:div class="picture" id="fWorkflow" pattern="Record" structure="FigureBox "><ns1:p class="img.block" pattern="Block" structure="Paragraph "><ns1:img class="750-519" pattern="Milestone" src="folkcr_html_m52387442.png" structure="Figure "/></ns1:p><ns1:p class="caption" pattern="Block" structure="Paragraph ">An alternative workflow for retrieving documents through folknsonomic queries.</ns1:p></ns1:div><ns1:p pattern="Block" structure="Paragraph ">As shown in<ns1:a class="ref" href="fWorkflow" pattern="Milestone"/>, our framework describes a classical information retrieval flow with a particular variant: the introduction of the expansion of the user’s query. Algorithms to expand queries – e.g., using semantic relations, clustered similarity, etc. – are defined by the programmer by extending a core class. Both the application flow and the semantic distance algorithm (used for ranking the search results) are controlled by particular classes, easily extendible depending on the particular needs.</ns1:p><ns1:p pattern="Block" structure="Paragraph ">Our framework also provides facilities for using WordNet in any part of the algorithms. The entire Wordnet thesaurus database is integrated using WordNet Sql Builder2, and it is accessible directly from the framework. This is especially useful for the query expansion.</ns1:p><ns1:p pattern="Block" structure="Paragraph ">Obviously, it is possible to improve the framework, in order to access other dictionaries, by extending the class concerning the database handling of classes and term relations.</ns1:p><ns1:p pattern="Block" structure="Paragraph ">We have created a search engine accessing directly Delicious. The HTML pages returned by Delicious are cleaned and transformed into a well-formed XML document, and it is then possible to use XPath to retrieve the data sought.</ns1:p><ns1:p pattern="Block" structure="Paragraph ">The framework controller listens for requests from the user and dispatches them to the framework model. Once retrieved, the results are returned to the controller and, finally, they are shown by the viewer. Thus the typical process execution is “read the query, expand it, execute the search, rank the result”.</ns1:p></ns1:div><ns1:div class="section" pattern="HeadedContainer" structure="Section "><ns1:h1 pattern="Block" structure="SectionTitle ">RDF view for query results</ns1:h1><ns1:p pattern="Block" structure="Paragraph ">The results returned by the first FolksEngine version were written in a simple HTML document. Though they are very comprehensible by humans, who watch them through a browser and give easily a meaning to each string they read, the real semantics for those data are completely hidden behind the document structure. For this reason, the particular format used here is not the best way to return meaningful data for machines, that are not able to rightly interpret the implicit semantics of the result document. Trying to describe more precise and machine-processable data, in the past years the World Wide Web Consortium developed a set of specifications with the intent to allow machines to easily understand data and the relations among them in a Web context.</ns1:p><ns1:div class="picture" id="folksRDF" pattern="Record" structure="FigureBox "><ns1:p class="img.block" pattern="Block" structure="Paragraph "><ns1:img class="750-473" pattern="Milestone" src="folkcr_html_m504d7e12.png" structure="Figure "/></ns1:p><ns1:p class="caption" pattern="Block" structure="Paragraph ">The general process of returning results performed by the FolksEngine. Depending on the kind of client that queried it, two different output are returned: an RDF document, easily readable for machines, or an XHTML+RDFa one, readable for human being too.</ns1:p></ns1:div><ns1:p pattern="Block" structure="Paragraph ">Within the set of these specifications, RDF<ns1:a class="ref" href="b-9" pattern="Milestone"/>represents the standard models for data interchange on the Web:it is based on<ns1:i pattern="Inline">statements</ns1:i>, each of them identified by the triple<ns1:i pattern="Inline">subject</ns1:i>,<ns1:i pattern="Inline">property</ns1:i>and object. Taking into consideration that, in order to return more machine-processable results, we developed a new particular view for our engine based on RDF. All the RDF triples involved in the answer refer to a particular OWL ontology<ns1:a class="footnote" href="sdfootnote7sym" pattern="Milestone"/>developed to address this issue.</ns1:p><ns1:p pattern="Block" structure="Paragraph ">This ontology takes inspiration from an interesting article by Thomas Gruber<ns1:a class="ref" href="b-10" pattern="Milestone"/>in which are addressed some design issues for the development of ontologies describing folksonomies. Taking into consideration that work, the Ontology Design Patterns<ns1:a class="ref" href="b-12" pattern="Milestone"/>for the design, we are able to describe semantically all the results returned by the FolksEngine.</ns1:p><ns1:p pattern="Block" structure="Paragraph ">Moreover, using the same view, we can offer two different kind of outputs, depending on the client that queries the engine, as shown in<ns1:a class="ref" href="folksRDF" pattern="Milestone"/>. After retrieving results from (possibly) different folksonomic search engines and after re-ordering them, an RDF document is produced as output. Because of its machine-processability, it can be interpreted easily by general agents and it can also be shown by browser as a standard XHTML document.</ns1:p><ns1:p pattern="Block" structure="Paragraph ">Obviously, the default output of this view is an RDF document, made using the ARC2 library<ns1:a class="footnote" href="sdfootnote8sym" pattern="Milestone"/>, that is easily readable by machines. To obtain a human-readable output too, we need to apply a specific XSLT document, specified through a process instruction, to the RDF output document. It is important to note the latter transformation, that is performed automatically by browsers, results in a well formed XHTML document in which we embed all the semantic assertions by using RDFa<ns1:a class="ref" href="b-11" pattern="Milestone"/>.</ns1:p></ns1:div></ns1:div><ns1:div class="section" id="evaluation" pattern="HeadedContainer" structure="Section "><ns1:h1 pattern="Block" structure="SectionTitle ">Evaluation</ns1:h1><ns1:p pattern="Block" structure="Paragraph ">In order to understand the quality of the evaluated outcomes of the algorithms developed, we need to describe how Delicious performs a search.</ns1:p><ns1:p pattern="Block" structure="Paragraph ">Delicious uses “AND” as the default operator. This means that if we search documents using “fruit apple” as query, we will receive all the documents that have both these tags or that contain both the words in the text content. Note that, as default, Delicious looks for documents not only via tags but it also tries to find the query terms in the document text content.</ns1:p><ns1:p pattern="Block" structure="Paragraph ">Since looking for documents analysing their text content in respect to the query could be misleading, Delicious gives us the possibility to restrict the search to tags only, just putting the flag “tag:” before the terms you specify in the query. Querying “tag:apple”, we ask Delicious to look for all the documents that have “apple” as tag, and not in the content.</ns1:p><ns1:p pattern="Block" structure="Paragraph ">Even if the use of such flag could help users to make more precise queries, in many cases we can encounter some problems concerning the term ambiguity. For example, through “tag:apple” we can find both documents concerning the fruit and the computer company. A possible way to solve this situation is to build the query by adding a tag, for example “tag:fruit”. Of course, we will not retrieve documents with similar tags such as “tree” or “food”.</ns1:p><ns1:p pattern="Block" structure="Paragraph ">Obviously, to address this last issue an an automatic way, we developed four different query expansion algorithms, following the principle “keytag:keyword” introduced in<ns1:a class="ref" href="principles" pattern="Milestone"/>:</ns1:p><ns1:ul pattern="Table" structure="List " type="bullet"><ns1:li pattern="Container"><ns1:p pattern="Block" structure="Paragraph ">using Wordnet, we expand the<ns1:i pattern="Inline">keytag</ns1:i>with the hypernyms, hyponyms and synonyms – the query “fruit:apple”, using the hypernyms for “fruit”, is expanded into “fruit apple”, “reproductive structure apple”, “product apple”, “production apple”, “aftermath apple” and “consequence apple”;</ns1:p></ns1:li><ns1:li pattern="Container"><ns1:p pattern="Block" structure="Paragraph ">through INFOMAP-NLP, we get the words that are in relation with the<ns1:i pattern="Inline">keytag</ns1:i>according to the distances defined within the algorithm – the query “fruit:apple” is expanded in “fruit apple”, “vegetable apple”, “herbs apple”, “peas apple”, “vegetables apple”, “beans apple”, “bread apple”, “potatoes apple”, “meat apple”, “butter apple”, “rice apple”, “cheese apple”, “seeds apple”, “cooked apple”, “chicken apple”.</ns1:p></ns1:li></ns1:ul><ns1:p pattern="Block" structure="Paragraph ">The rank calculation for these algorithms is, at the moment, rather simple: taking into consideration the set<ns1:i pattern="Inline">T</ns1:i>of all the terms obtained after the expansion, we sum 10 to each result every time a term matches with a tag in<ns1:i pattern="Inline">T</ns1:i>.</ns1:p><ns1:p pattern="Block" structure="Paragraph ">Starting from these assumptions, we made seven queries, always using ambiguous terms. We performed them using six different algorithms: the four ones previously explained and the one developed by Delicious, trying to query it using “tag:<ns1:i pattern="Inline">keyword</ns1:i>” and “tag:<ns1:i pattern="Inline">keytag</ns1:i>tag:<ns1:i pattern="Inline">keyword</ns1:i>” respectively. All the results are summarized in<ns1:a class="ref" href="tResults" pattern="Milestone"/>.</ns1:p><ns1:p pattern="Block" structure="Paragraph ">As shown, all the Wordnet-based algorithms are not as good as the simpler “tag:<ns1:i pattern="Inline">keytag</ns1:i>tag:<ns1:i pattern="Inline">keyword</ns1:i>” returned by Delicious. On the other hand, the INFOMAP algorithms increase the average precision of results. Even if these are preliminary tests only, they tend to show the effective power of the INFOMAP-NLP package. Moreover, note that, even if it is not shown in<ns1:a class="ref" href="tResults" pattern="Milestone"/>, the recall of the INFOMAP algorithm is better than the Delicious (with keytag) one, because the former returns much more results for the query.</ns1:p><ns1:div class="table" id="tResults" pattern="Record" structure="TableBox "><ns1:table pattern="Table" structure="Table " width="100%"><ns1:tr pattern="Table"><ns1:th pattern="Container" width="20%"><ns1:p pattern="Block" structure="Paragraph ">Algorithm</ns1:p></ns1:th><ns1:th pattern="Container" width="9%"><ns1:p pattern="Block" structure="Paragraph ">a</ns1:p></ns1:th><ns1:th pattern="Container" width="9%"><ns1:p pattern="Block" structure="Paragraph ">b</ns1:p></ns1:th><ns1:th pattern="Container" width="9%"><ns1:p pattern="Block" structure="Paragraph ">c</ns1:p></ns1:th><ns1:th pattern="Container" width="9%"><ns1:p pattern="Block" structure="Paragraph ">d</ns1:p></ns1:th><ns1:th pattern="Container" width="9%"><ns1:p pattern="Block" structure="Paragraph ">e</ns1:p></ns1:th><ns1:th pattern="Container" width="9%"><ns1:p pattern="Block" structure="Paragraph ">f</ns1:p></ns1:th><ns1:th pattern="Container" width="9%"><ns1:p pattern="Block" structure="Paragraph ">g</ns1:p></ns1:th><ns1:th pattern="Container" width="17%"><ns1:p pattern="Block" structure="Paragraph ">Precision</ns1:p></ns1:th></ns1:tr><ns1:tr pattern="Table"><ns1:td pattern="Container" width="20%"><ns1:p pattern="Block" structure="Paragraph ">Delicious (without<ns1:i pattern="Inline">keytag</ns1:i>)</ns1:p></ns1:td><ns1:td pattern="Container" width="9%"><ns1:p pattern="Block" structure="Paragraph ">0</ns1:p></ns1:td><ns1:td pattern="Container" width="9%"><ns1:p pattern="Block" structure="Paragraph ">0</ns1:p></ns1:td><ns1:td pattern="Container" width="9%"><ns1:p pattern="Block" structure="Paragraph ">20</ns1:p></ns1:td><ns1:td pattern="Container" width="9%"><ns1:p pattern="Block" structure="Paragraph ">4</ns1:p></ns1:td><ns1:td pattern="Container" width="9%"><ns1:p pattern="Block" structure="Paragraph ">6</ns1:p></ns1:td><ns1:td pattern="Container" width="9%"><ns1:p pattern="Block" structure="Paragraph ">19</ns1:p></ns1:td><ns1:td pattern="Container" width="9%"><ns1:p pattern="Block" structure="Paragraph ">0</ns1:p></ns1:td><ns1:td pattern="Container" width="17%"><ns1:p pattern="Block" structure="Paragraph ">0.278</ns1:p></ns1:td></ns1:tr><ns1:tr pattern="Table"><ns1:td pattern="Container" width="20%"><ns1:p pattern="Block" structure="Paragraph ">Delicious (using<ns1:i pattern="Inline">keytag</ns1:i>)</ns1:p></ns1:td><ns1:td pattern="Container" width="9%"><ns1:p pattern="Block" structure="Paragraph ">18</ns1:p></ns1:td><ns1:td pattern="Container" width="9%"><ns1:p pattern="Block" structure="Paragraph ">16</ns1:p></ns1:td><ns1:td pattern="Container" width="9%"><ns1:p pattern="Block" structure="Paragraph ">20</ns1:p></ns1:td><ns1:td pattern="Container" width="9%"><ns1:p pattern="Block" structure="Paragraph ">20</ns1:p></ns1:td><ns1:td pattern="Container" width="9%"><ns1:p pattern="Block" structure="Paragraph ">20</ns1:p></ns1:td><ns1:td pattern="Container" width="9%"><ns1:p pattern="Block" structure="Paragraph ">15</ns1:p></ns1:td><ns1:td pattern="Container" width="9%"><ns1:p pattern="Block" structure="Paragraph ">7</ns1:p></ns1:td><ns1:td pattern="Container" width="17%"><ns1:p pattern="Block" structure="Paragraph ">0.828</ns1:p></ns1:td></ns1:tr><ns1:tr pattern="Table"><ns1:td pattern="Container" width="20%"><ns1:p pattern="Block" structure="Paragraph ">Wordnet hypernyms</ns1:p></ns1:td><ns1:td pattern="Container" width="9%"><ns1:p pattern="Block" structure="Paragraph ">0</ns1:p></ns1:td><ns1:td pattern="Container" width="9%"><ns1:p pattern="Block" structure="Paragraph ">15</ns1:p></ns1:td><ns1:td pattern="Container" width="9%"><ns1:p pattern="Block" structure="Paragraph ">17</ns1:p></ns1:td><ns1:td pattern="Container" width="9%"><ns1:p pattern="Block" structure="Paragraph ">19</ns1:p></ns1:td><ns1:td pattern="Container" width="9%"><ns1:p pattern="Block" structure="Paragraph ">8</ns1:p></ns1:td><ns1:td pattern="Container" width="9%"><ns1:p pattern="Block" structure="Paragraph ">19</ns1:p></ns1:td><ns1:td pattern="Container" width="9%"><ns1:p pattern="Block" structure="Paragraph ">0</ns1:p></ns1:td><ns1:td pattern="Container" width="17%"><ns1:p pattern="Block" structure="Paragraph ">0.557</ns1:p></ns1:td></ns1:tr><ns1:tr pattern="Table"><ns1:td pattern="Container" width="20%"><ns1:p pattern="Block" structure="Paragraph ">Wordnet hyponyms</ns1:p></ns1:td><ns1:td pattern="Container" width="9%"><ns1:p pattern="Block" structure="Paragraph ">6</ns1:p></ns1:td><ns1:td pattern="Container" width="9%"><ns1:p pattern="Block" structure="Paragraph ">17</ns1:p></ns1:td><ns1:td pattern="Container" width="9%"><ns1:p pattern="Block" structure="Paragraph ">20</ns1:p></ns1:td><ns1:td pattern="Container" width="9%"><ns1:p pattern="Block" structure="Paragraph ">20</ns1:p></ns1:td><ns1:td pattern="Container" width="9%"><ns1:p pattern="Block" structure="Paragraph ">10</ns1:p></ns1:td><ns1:td pattern="Container" width="9%"><ns1:p pattern="Block" structure="Paragraph ">15</ns1:p></ns1:td><ns1:td pattern="Container" width="9%"><ns1:p pattern="Block" structure="Paragraph ">3</ns1:p></ns1:td><ns1:td pattern="Container" width="17%"><ns1:p pattern="Block" structure="Paragraph ">0.65</ns1:p></ns1:td></ns1:tr><ns1:tr pattern="Table"><ns1:td pattern="Container" width="20%"><ns1:p pattern="Block" structure="Paragraph ">Wordnet synonyms</ns1:p></ns1:td><ns1:td pattern="Container" width="9%"><ns1:p pattern="Block" structure="Paragraph ">20</ns1:p></ns1:td><ns1:td pattern="Container" width="9%"><ns1:p pattern="Block" structure="Paragraph ">19</ns1:p></ns1:td><ns1:td pattern="Container" width="9%"><ns1:p pattern="Block" structure="Paragraph ">18</ns1:p></ns1:td><ns1:td pattern="Container" width="9%"><ns1:p pattern="Block" structure="Paragraph ">20</ns1:p></ns1:td><ns1:td pattern="Container" width="9%"><ns1:p pattern="Block" structure="Paragraph ">18</ns1:p></ns1:td><ns1:td pattern="Container" width="9%"><ns1:p pattern="Block" structure="Paragraph ">11</ns1:p></ns1:td><ns1:td pattern="Container" width="9%"><ns1:p pattern="Block" structure="Paragraph ">0</ns1:p></ns1:td><ns1:td pattern="Container" width="17%"><ns1:p pattern="Block" structure="Paragraph ">0.757</ns1:p></ns1:td></ns1:tr><ns1:tr pattern="Table"><ns1:td pattern="Container" width="20%"><ns1:p pattern="Block" structure="Paragraph ">INFOMAP</ns1:p></ns1:td><ns1:td pattern="Container" width="9%"><ns1:p pattern="Block" structure="Paragraph ">20</ns1:p></ns1:td><ns1:td pattern="Container" width="9%"><ns1:p pattern="Block" structure="Paragraph ">17</ns1:p></ns1:td><ns1:td pattern="Container" width="9%"><ns1:p pattern="Block" structure="Paragraph ">18</ns1:p></ns1:td><ns1:td pattern="Container" width="9%"><ns1:p pattern="Block" structure="Paragraph ">20</ns1:p></ns1:td><ns1:td pattern="Container" width="9%"><ns1:p pattern="Block" structure="Paragraph ">20</ns1:p></ns1:td><ns1:td pattern="Container" width="9%"><ns1:p pattern="Block" structure="Paragraph ">16</ns1:p></ns1:td><ns1:td pattern="Container" width="9%"><ns1:p pattern="Block" structure="Paragraph ">7</ns1:p></ns1:td><ns1:td pattern="Container" width="17%"><ns1:p pattern="Block" structure="Paragraph ">0.842</ns1:p></ns1:td></ns1:tr></ns1:table><ns1:p class="caption" pattern="Block" structure="Paragraph ">The results for all the tests performed. Taking the first 20 results returned by the FolksEngine for each algorithm, the precision for each test is calculated dividing the relevant results by 20. The “Precision” in the last column refers to the average precision measure of each query (a = “fruit:apple”, b = “animal:mouse”, c = “animal:computer”, d = “bible:genesis”, e = “band:genesis”, f = “organization:police”, g = “band:police”).</ns1:p></ns1:div></ns1:div><ns1:div class="section" pattern="HeadedContainer" structure="Section "><ns1:h1 pattern="Block" structure="SectionTitle ">Conclusions and future works</ns1:h1><ns1:p pattern="Block" structure="Paragraph ">In this paper we have introduced a flexible PHP framework for folksonomy-based document search.</ns1:p><ns1:p pattern="Block" structure="Paragraph ">Our ongoing studies concern two different issues. First of all, we are carrying on the development of a systematic approach for the evaluation of different clustering algorithms, in order to prove in a concrete way the quality of the search results returned by each algorithm. Moreover, we are implementing and testing other (more sophisticated) algorithms for query expansions and result ranking.</ns1:p><ns1:p pattern="Block" structure="Paragraph ">An alternative methodology for driving the terms’ expansion that we plan to implement in our system relies on a dependency-parsed corpus<ns1:a class="ref" href="b-3" pattern="Milestone"/>. Triples (word, syntactic relation, word) are extracted and various statistical and stochastic measures are computed on them in order to define a similarity measure between two words. Again, a clustering algorithm relying on such similarity measures can group words exhibiting similar distributional and syntactic behaviour.</ns1:p><ns1:p pattern="Block" structure="Paragraph ">All the experiments presented in this paper that require the use of large corpora were based on the<ns1:i pattern="Inline">BNC</ns1:i>, a 100-million-word written and spoken corpus of British English developed at the beginning of the 90s. The use of real text, instead of hand-made lexical resources can capture also information from real life events or situations, often sources of ambiguous queries, allowing a certain kind of efficient disambiguation possibilities. In order to obtain reliable results from these operations we need a huge amount of recent real texts. That is why the next experiments we aim to perform will be based on the<ns1:i pattern="Inline">ukWaC</ns1:i>, a 2 billion-word corpus of British English built recently – and available at<ns1:a href="http://wacky.sslmit.unibo.it/" pattern="Inline"/>– by collecting documents from the Web.</ns1:p><ns1:p pattern="Block" structure="Paragraph ">As outlined before, the research in this field of NLP community is very active, and a lot of alternative methods and techniques can be devised and successfully applied to the query expansion task.</ns1:p><ns1:p pattern="Block" structure="Paragraph ">Apart from these NLP aspects, we are improving the ontology model for describing folksonomies and we are exploring the possibilities to associate the results returned by the engine with other similar data, for example by linking them to the Linked Data graph.</ns1:p></ns1:div><ns1:div class="bibliography" id="b" pattern="HeadedContainer" structure="Section Bibliography "><ns1:h1 pattern="Block" structure="SectionTitle ">References</ns1:h1><ns1:ul pattern="Table" structure="List BibliographicReferenceList " type="number"><ns1:li id="b-1" pattern="Container"><ns1:p pattern="Block" structure="Paragraph ">Budanitsky, A., Hirst, G. (2006). Evaluating WordNet-based Measures of Lexical Semantic Relatedness. Computational Linguistics, 32 (1), 13-47.</ns1:p></ns1:li><ns1:li id="b-2" pattern="Container"><ns1:p pattern="Block" structure="Paragraph ">Deerwester, S., Dumais, S. T., Furnas, G. W., Landauer, T. K., Harshman, R. (1990). Indexing by Latent Semantic Analysis. Journal of the American Society for Information Science, 41, 391-407.</ns1:p></ns1:li><ns1:li id="b-3" pattern="Container"><ns1:p pattern="Block" structure="Paragraph ">Lin, D. (1998). Automatic retrieval and clustering of similar words. In Proceedings of the 17th international conference on Computational linguistics, 768 – 774. Montreal, Canada.</ns1:p></ns1:li><ns1:li id="b-4" pattern="Container"><ns1:p pattern="Block" structure="Paragraph ">Purandare, A., Pedersen, T. (2004). SenseClusters - Finding Clusters that Represent Word Senses. In Proceedings of the HLT-NAACL 2004: Demonstration Papers, 26-29. Boston, MA, USA.</ns1:p></ns1:li><ns1:li id="b-5" pattern="Container"><ns1:p pattern="Block" structure="Paragraph ">Sinha, R., Mihalcea, R. (2007). Unsupervised Graph-based Word Sense Disambiguation Using Measures of Word Semantic Similarity. In Proceedings of the IEEE International Conference on Semantic Computing (ICSC 2007), 363-369. Irvine, CA, USA.</ns1:p></ns1:li><ns1:li id="b-6" pattern="Container"><ns1:p pattern="Block" structure="Paragraph ">Widdows, D., Dorow, B. (2002). A Graph Model for Unsupervised Lexical Acquisition. In Proceedings of the 19th International Conference on Computational Linguistics, 1093-1099. Taipei, Taiwan.</ns1:p></ns1:li><ns1:li id="b-7" pattern="Container"><ns1:p pattern="Block" structure="Paragraph ">Widdows, D. (2004). Geometry and Meaning. CSLI Publication.</ns1:p></ns1:li><ns1:li id="b-8" pattern="Container"><ns1:p pattern="Block" structure="Paragraph ">Widdows, D. (2003). Orthogonal negation in vector spaces for modelling word-meanings and document retrieval. In Proceedings of the 41st Annual Meeting on Association for Computational Linguistics, 136 – 143. Sapporo, Japan.</ns1:p></ns1:li><ns1:li id="b-9" pattern="Container"><ns1:p pattern="Block" structure="Paragraph ">Manola, F., Miller, E. (2004). RDF Primer. W3C Recommendation. World Wide Web Consortium.<ns1:a href="http://www.w3.org/TR/rdf-primer/" pattern="Inline"/>.</ns1:p></ns1:li><ns1:li id="b-10" pattern="Container"><ns1:p pattern="Block" structure="Paragraph ">Gruber, T. (2007). Ontology of Folksonomy: A Mash-up of Apples and Oranges. International Journal on Semantic Web &amp; Information Systems.<ns1:a href="http://tomgruber.org/writing/ontology-of-folksonomy.html" pattern="Inline"/>.</ns1:p></ns1:li><ns1:li id="b-11" pattern="Container"><ns1:p pattern="Block" structure="Paragraph ">Adida, B., Birbeck, M., McCarron, S., Pemberton, S. (2008). RDFa in XHTML: Syntax and processing. W3C Recommendation. World Wide Web Consortium.<ns1:a href="http://www.w3.org/TR/rdfa-syntax/" pattern="Inline"/>.</ns1:p></ns1:li><ns1:li id="b-12" pattern="Container"><ns1:p pattern="Block" structure="Paragraph ">Presutti, V., Gangemi, A. (2008). Content Ontology Design Patterns as practical building blocks for web ontologies. In Proceedings of ER2008. Barcelona, Spain.</ns1:p></ns1:li><ns1:li id="b-13" pattern="Container"><ns1:p pattern="Block" structure="Paragraph ">Di Matteo, N. R., Peroni, S., Tamburini, F., Vitali, F. (2009). A parametric architecture for tags clustering in folksonomic search engines. It will be presented during the 9th International Conference on Intelligent System Design and Applications (ISDA’09). Pisa, Italy.</ns1:p></ns1:li><ns1:li id="b-14" pattern="Container"><ns1:p pattern="Block" structure="Paragraph ">W3C OWL Working Group (2009). OWL 2 Web Ontology Language Document Overview. W3C Working Draft.<ns1:a href="http://www.w3.org/TR/owl2-overview/" pattern="Inline"/>.</ns1:p></ns1:li><ns1:li id="b-15" pattern="Container"><ns1:p pattern="Block" structure="Paragraph ">Angeletou, S. (2008). Semantic Enrichment of Folksonomy Tagspaces. International Semantic Web Conference ISWC'08, Doctoral Consortium. Karlsruhe, Germany.</ns1:p></ns1:li></ns1:ul></ns1:div><ns1:div class="footnote" pattern="Table" structure="List "><ns1:div id="sdfootnote1sym" pattern="Container" structure="Footnote "><ns1:p pattern="Block" structure="Paragraph "><ns1:a href="http://infomap-nlp.sourceforge.net/" pattern="Inline"/>.</ns1:p></ns1:div><ns1:div id="sdfootnote2sym" pattern="Container" structure="Footnote "><ns1:p pattern="Block" structure="Paragraph "><ns1:a href="http://folksengine.web.cs.unibo.it/" pattern="Inline"/>.</ns1:p></ns1:div><ns1:div id="sdfootnote3sym" pattern="Container" structure="Footnote "><ns1:p pattern="Block" structure="Paragraph "><ns1:a href="http://framenet.icsi.berkeley.edu/" pattern="Inline"/>.</ns1:p></ns1:div><ns1:div id="sdfootnote4sym" pattern="Container" structure="Footnote "><ns1:p pattern="Block" structure="Paragraph "><ns1:a href="http://verbs.colorado.edu/~mpalmer/projects/ace.html" pattern="Inline"/>.</ns1:p></ns1:div><ns1:div id="sdfootnote5sym" pattern="Container" structure="Footnote "><ns1:p pattern="Block" structure="Paragraph "><ns1:a href="http://www.natcorp.ox.ac.uk/" pattern="Inline"/>.</ns1:p></ns1:div><ns1:div id="sdfootnote6sym" pattern="Container" structure="Footnote "><ns1:p pattern="Block" structure="Paragraph "><ns1:a href="http://sciling.dslo.unibo.it/accesso_coris_eng.html" pattern="Inline"/>.</ns1:p></ns1:div><ns1:div id="sdfootnote7sym" pattern="Container" structure="Footnote "><ns1:p pattern="Block" structure="Paragraph "><ns1:a href="http://www.essepuntato.it/2009/07/folksonomy" pattern="Inline"/>.</ns1:p></ns1:div><ns1:div id="sdfootnote8sym" pattern="Container" structure="Footnote "><ns1:p pattern="Block" structure="Paragraph "><ns1:a href="http://arc.semsol.org/" pattern="Inline"/>.</ns1:p></ns1:div></ns1:div></ns1:body></ns1:iml>