<?xml version="1.0" encoding="UTF-8"?><ns1:iml xmlns:ns1="http://www.cs.unibo.it/2006/iml" pattern="Record"><ns1:head pattern="Container"><ns1:title pattern="Field">Towards markup support for full GODDAGs and beyond: the EARMARK approach</ns1:title><ns1:meta content="EARMARK" name="keyword" pattern="Meta"/><ns1:meta content="OWL" name="keyword" pattern="Meta"/><ns1:meta content="RDF" name="keyword" pattern="Meta"/><ns1:meta content="RDFa" name="keyword" pattern="Meta"/><ns1:meta content="Overlapping Markup" name="keyword" pattern="Meta"/><ns1:meta content="Markup" name="keyword" pattern="Meta"/><ns1:meta content="GODDAG" name="keyword" pattern="Meta"/><ns1:meta content="e-GODDAG" name="keyword" pattern="Meta"/><ns1:meta content="1" name="author.1.number" pattern="Meta"/><ns1:meta content="Silvio Peroni" name="author.1.name" pattern="Meta"/><ns1:meta content="University of Bologna" name="author.1.affiliation" pattern="Meta"/><ns1:meta content="speroni@cs.unibo.it" name="author.1.email" pattern="Meta"/><ns1:meta content="2" name="author.2.number" pattern="Meta"/><ns1:meta content="Fabio Vitali" name="author.2.name" pattern="Meta"/><ns1:meta content="University of Bologna" name="author.2.affiliation" pattern="Meta"/><ns1:meta content="fabio@cs.unibo.it" name="author.2.email" pattern="Meta"/><ns1:meta content="3" name="author.3.number" pattern="Meta"/><ns1:meta content="Angelo Di Iorio" name="author.3.name" pattern="Meta"/><ns1:meta content="University of Bologna" name="author.3.affiliation" pattern="Meta"/><ns1:meta content="diiorio@cs.unibo.it" name="author.3.email" pattern="Meta"/></ns1:head><ns1:body pattern="Container"><ns1:div class="abstract" id="abs" pattern="HeadedContainer"><ns1:h1 pattern="Block">Abstract</ns1:h1><ns1:p pattern="Block">One of the most evident tenets of the literature on overlapping markup is that the philosophy of documents as trees (as dictated by meta-markup languages such as SGML and XML) is a simplification that sometimes fails and requires corrections. These corrections have been proposed at the markup level (e.g., milestones, segmentation), at the meta-markup level (e.g., LMNL, TexMecs, XCONCUR, etc.) or at level of the abstract model (e.g., GODDAG). Unfortunately full GODDAGs do not allow linearizations in general, and as such a restricted version of GODDAG, r-GODDAG, has been proposed that is guaranteed to be linearizable (in TexMecs) and still allows many nice features beyond trees.</ns1:p><ns1:p pattern="Block">In this paper we discuss that the problem of linearizing more-than-hierarchical structures lies basically in the embedding of markup within content and that no such problem arises with an appropriate standoff approach, that is able to represent full GODDAGs without restrictions. This gives ample opportunities to deal with interesting markup features that are describable with GODDAGs but not with r-GODDAGs, such as non-contiguous elements and virtual elements.</ns1:p><ns1:p pattern="Block">Besides, we discuss whether a specific constraint of full GODDAGs is really necessary once all residual hopes of embeddability are given up, and we further propose a minimal extension to GODDAG, genially called "extended GODDAG" (e-GODDAG) that, by removing the requirement for names in non-terminal nodes, adds support for additional interesting markup features such as content repetitions. In truth, e-GODDAGs are even less embeddable than full GODDAGs, but they are just as easily dealt with by using stand-off markup.</ns1:p><ns1:p pattern="Block">We further propose a meta-syntax for non-embedded markup, called EARMARK, that can be used for stand-off annotations of textual content, and that naturally represents e-GODDAGs with fully W3C-compliant technologies. EARMARK is based on an ontologically precise definition of markup that instantiates the markup of a text document as an OWL document, and through appropriate OWL and SWRL characterizations it can define structures such as trees, r-GODDAGs, full GODDAGs and e-GODDAGs, and can be used to generate validity constraints (including co-constraints), and to verify adherence to content model patterns.</ns1:p><ns1:p pattern="Block">As mentioned, in general the embedding of a full EARMARK document is not possible, but approaches can be taken in that direction: just like segmentation and fragmentation are strategies to embed in a strictly-hierarchical language a r-GODDAG-specific feature such as overlapping elements, similarly a number of strategies exist to provide embedding of GODDAG and e-GODDAG features in less expressive syntaxes. In the final part of the paper we discuss our wish to provide at the metalanguage level a series of embedding strategies of the non-hierarchical features of EARMARK, i.e. a number of language-independent mechanisms to express e-GODDAGs structures into XML (as well as in TexMecs and in LMNL) and that can be recognized as such (i.e., as strategies, as tricks) by tools and readers alike, especially for further uses of such documents.</ns1:p></ns1:div><ns1:div class="section" pattern="HeadedContainer"><ns1:h1 pattern="Block">Introduction</ns1:h1><ns1:p pattern="Block">Not everybody working with markup languages needs support for overlaps and multiple hierarchies. But those that need it, usually need it badly. So badly, in fact, that a robust slice of markup literature is devoted to it, specialized scientific events have taken place, and a number of extremely varied approaches have been proposed in the last years for this issue.</ns1:p><ns1:p pattern="Block">Some of these approaches were proposed at the language level: many XML languages (TEI<ns1:a class="ref" href="bib-1" pattern="Milestone"/>being the most evident) took the decision to add specific language-dependent markup structures devoted to supporting overlapping. Some of such solutions, such as milestones and fragmentation, are so general and widely applicable that have been proposed even outside of the specificity of just one markup language (e.g., see<ns1:a class="ref" href="bib-20" pattern="Milestone"/>), as architectural forms available in general in XML languages. Further approaches have been to create new meta-markup languages, inspired by but independent from XML such as TexMecs, LMNL, XCONCUR, that provide at the metalanguage itself support for more than a single hierarchy. This makes it possible for any language defined within the syntax to make use of the features for overlaps, without the need for further special tools to make sense of the annotations.</ns1:p><ns1:p pattern="Block">At the conceptual level, what has shown its limits is the idea of forcing tree-like structures over documents. While some may be fully described by trees, some just cannot, and we need more powerful abstract data structures to describe them. GODDAGs<ns1:a class="ref" href="bib-5" pattern="Milestone"/>have been proposed exactly for this purpose: direct acyclic graphs with ordered children relax exactly the kind of constraints of trees that were in the way for sophisticated markup features such as overlap. Unfortunately, generalized GODDAGs do not allow an immediate linearization in form of an XML-like syntax (even if extended in some way), but a variant, restricted GODDAGs (<ns1:a class="ref" href="bib-5" pattern="Milestone"/>and then<ns1:a class="ref" href="bib-23" pattern="Milestone"/>), does allow a linearization in TexMECS. In general, though, linearization of full generalized GODDAGs is simply not possible, and many additional useful features of GODDAGs (e.g., virtual elements) are not available.</ns1:p><ns1:p pattern="Block">In this paper we discuss whether the problem of generalized GODDAGs lies in the embedding nature of meta-markup languages such as XML, TexMecs and LMNL, and whether by getting rid of embeddability altogether we can exploit the full potentiality of GODDAGs. Furthermore, we propose a minimal extension to GODDAGs to provide full support of repeated content in GODDAGs (currently only allowed if appearing in different substructures), thereby generalizing the idea of repeatability of markup structures.</ns1:p><ns1:p pattern="Block">Additionally, in this paper we propose a meta language for GODDAGs and extended GODDAGs that relies 100% on well-known and widely available W3C technologies: EARMARK (<ns1:i pattern="Inline">Extreme Annotational RDF Markup</ns1:i>) is a language for standoff annotations over documents that is based on an OWL ontology and uses RDF annotations as its linearization approach. EARMARK annotations are facts expressed about OWL classes such as ranges and markup elements whose properties are fully and explicitly described in the OWL ontology itself, and minimally depend on syntactic constraint that are inherent of embedded languages. Thus all standard hierarchy assertions as usually expressed in XML are available in EARMARK, but the language also supports overlapping structures, virtual elements, anonymous elements and structured attributes, that are available with more sophisticated non-XML languages such as TexMECS or LMNL, as well as unsupported features such as repeated structures, content variants and partially overlapping multiple hierarchies<ns1:a class="footnote" href="sdfootnote1sym" pattern="Milestone"/>etc. are trivially expressed in EARMARK, and contribute to generate a language that is suited to fully support generalized GODDAGs and extended GODDAGs.</ns1:p><ns1:p pattern="Block">EARMARK documents are therefore OWL documents that can be expressed as RDF assertions, and using plain and standard W3C technologies a number of Semantic Web tools can be used for generating, converting, querying and displaying EARMARK documents. Particularly relevant here is the process of embedding EARMARK documents in traditional embedded languages, such as XML or TexMecs. Of course, not all EARMARK assertions can be directly transformed into XML markup structures. The specifc subset of the EARMARK document that can be expressed in the destination syntax (e.g., any of the possible tree substructures for XML, or of the r-GODDAG substructures for TexMecs) can be directly generated, and the remaining ones need to be either left out or forcedly embedded using any of a number of well-known or newly-introduced syntactic tricks (up to, of course, leaving part of the EARMARK markup directly as RDF fragments within the destination document).</ns1:p><ns1:p pattern="Block">Providing a recognizable and repeatable two-way process for generating EARMARK documents out of embedded documents, and vice versa for generating embedded documents (with embedding tricks) out of EARMARK document represents also a chance to collect and generalize all such embedding tricks, and providing an additional conversion model between different syntaxes. All in all, we proposes EARMARK as the most natural syntactical rendering of GODDAGs (and e-GODDAGs, of course) and the intermediate representation of any conversion path for documents, XML or otherwise, that use overlapping features of any form, i.e., a generalization of the conversion algorithms for overlapping structures proposed in<ns1:a class="ref" href="bib-7" pattern="Milestone"/>.</ns1:p></ns1:div><ns1:div class="section" pattern="HeadedContainer"><ns1:h1 pattern="Block">Embedding multiple hierarchies</ns1:h1><ns1:p pattern="Block">There comes a time, in marking up documents, where different types of annotations need to be placed upon the same content, and different markup needs to be used. Sometimes these different annotations nest easily, and sometimes they do not. Trying to express these different annotations using a hierarchical metamarkup languages such as XML is,<ns1:i pattern="Inline">per se</ns1:i>, unfeasible: each structure needs to be described by its own hierarchy, and the overlapping situations pose a big problem, since, as we know, XML is not naturally equipped to deal with them.</ns1:p><ns1:p pattern="Block">Some approaches to deal with overlapping structures in markup languages were proposed in past years. Each approach tries mediating between the support for overlapping and the hierarchical organization of XML documents, as illustrated in<ns1:a class="ref" href="bib-20" pattern="Milestone"/>, as well as in<ns1:a class="ref" href="bib-1" pattern="Milestone"/>,<ns1:a class="ref" href="bib-8" pattern="Milestone"/>and<ns1:a class="ref" href="bib-7" pattern="Milestone"/>. The five main overlap-handling techniques described in literature can be summarized in the following:</ns1:p><ns1:ul pattern="Table" type="bullet"><ns1:li pattern="Container"><ns1:p pattern="Block"><ns1:i pattern="Inline">milestones</ns1:i>, through which one hierarchy is expressed using the standard hierarchical XML markup and the elements belonging to the other ones are represented through a empty elements representing the start and the end tags, and connected to each other by special attributes.</ns1:p></ns1:li><ns1:li pattern="Container"><ns1:p pattern="Block"><ns1:i pattern="Inline">flat milestones</ns1:i>, that represents each of the hierarchy elements as a milestone, i.e., an empty element placed where the start or end tag should be, all of them contained as children of the same root element.</ns1:p></ns1:li><ns1:li pattern="Container"><ns1:p pattern="Block"><ns1:i pattern="Inline">fragmentation</ns1:i>, in which one hierarchy (the primary) is expressed though the standard hierarchical XML markup, and the elements of the secondary hierarchies are fragmented within the primary elements as needed to suit the primary hierarchy and are connected to each other by special attributes.</ns1:p></ns1:li><ns1:li pattern="Container"><ns1:p pattern="Block"><ns1:i pattern="Inline">twin documents</ns1:i>, in which any hierarchy is represented by a different document, each of which contains the same textual content but marks up the elements depending on the individual hierarchy.</ns1:p></ns1:li><ns1:li pattern="Container"><ns1:p pattern="Block"><ns1:i pattern="Inline">stands-off markup</ns1:i>, which puts all the textual content in a single structure with the possible specification of the shared hierarchy, and it specifies the remaining elements in other files with the positional specification of each starting and ending locations in the main structure, using, for instance, XPointer<ns1:a class="ref" href="bib-9" pattern="Milestone"/>locations.</ns1:p></ns1:li></ns1:ul><ns1:p pattern="Block">A separate approach is to give up the XML requirements of an individual hierarchy, and try new approaches where multiple hierarchies can be specified in the same text flow. The data structure itself, of course, cannot be a tree anymore, and needs to become something more general. The<ns1:i pattern="Inline">General Ordered-Descendant Directed Acyclic Graph</ns1:i><ns1:a class="ref" href="bib-5" pattern="Milestone"/>, or<ns1:i pattern="Inline">GODDAG</ns1:i>, is the most relevant data structure that has been used to specify complex markup hierarchies, such as overlapping between elements and fragmentation.</ns1:p><ns1:p pattern="Block">Although GODDAG is not able to handle directly other features such as anonymous elements and structured attributes, yet another different non-XML approach for these and other well-known overlapping scenarios is given by<ns1:i pattern="Inline">Layered Markup anNotation Language</ns1:i><ns1:a class="ref" href="bib-6" pattern="Milestone"/>, or<ns1:i pattern="Inline">LMNL</ns1:i>. Contrarily to GODDAG, that expresses the many hierarchies with a graph, LMNL uses a XML-like syntax where named or anonymous elements can overlap with other ones in one or more element<ns1:i pattern="Inline">layers</ns1:i>.</ns1:p><ns1:p pattern="Block">A similar approach is used by XConcur<ns1:a class="ref" href="bib-24" pattern="Milestone"/>. An XConcur document is made of multiple layers coexisting in the same multi-root structure, written in a XML-like syntax: each layer represents an independent hierarchy that can be extracted as a single unit and validated against a DTD, XML-Schema or RelaxNG schema. Relationships and constraints between multiple hierarchies are ruled by a related constraint language called XConcur-CL. XConcur documents end up being very complex and few tools to manipulate them are available.</ns1:p></ns1:div><ns1:div class="section" pattern="HeadedContainer"><ns1:h1 pattern="Block">Could singing songs be such a big deal?</ns1:h1><ns1:p pattern="Block">To illustrate some of the difficulties in handling complex structures, let us examine a fictitious karaoke application in which lyrics are displayed on a screen in sync with a i recording of the instrumental parts of the corresponding song; in order to make the example even more interesting, let us consider the situation whereby, beside the screenfuls of lyrics, the application would also show the chords of the song for any additional instrument playing along, and a few fun facts popups here and there to keep the attention of the readers.</ns1:p><ns1:p pattern="Block">We will use as an example for our discussion the song "And I love her" by the Beatles, one of the most famous and sung songs of the history of pop. The lyrics of the original version go as shown in<ns1:a class="ref" href="Tablyrics" pattern="Milestone"/>.</ns1:p><ns1:div class="table" id="Tablyrics" pattern="Record"><ns1:table pattern="Table" width="100%"><ns1:tr pattern="Table"><ns1:th pattern="Container" width="21%"><ns1:p pattern="Block">Title</ns1:p></ns1:th><ns1:td pattern="Container" width="79%"><ns1:p pattern="Block">And I love her</ns1:p></ns1:td></ns1:tr><ns1:tr pattern="Table"><ns1:th pattern="Container" width="21%"><ns1:p pattern="Block">1</ns1:p></ns1:th><ns1:td pattern="Container" width="79%"><ns1:p pattern="Block">I give her all my love / That's all I do / And if you saw my love / You'd love her too</ns1:p></ns1:td></ns1:tr><ns1:tr pattern="Table"><ns1:th pattern="Container" width="21%"><ns1:p pattern="Block">Chorus</ns1:p></ns1:th><ns1:td pattern="Container" width="79%"><ns1:p pattern="Block">I love her</ns1:p></ns1:td></ns1:tr><ns1:tr pattern="Table"><ns1:th pattern="Container" width="21%"><ns1:p pattern="Block">2</ns1:p></ns1:th><ns1:td pattern="Container" width="79%"><ns1:p pattern="Block">She gives me ev'rything / And tenderly / The kiss my lover brings / She brings to me</ns1:p></ns1:td></ns1:tr><ns1:tr pattern="Table"><ns1:th pattern="Container" width="21%"><ns1:p pattern="Block">Chorus</ns1:p></ns1:th><ns1:td pattern="Container" width="79%"><ns1:p pattern="Block">And I love her</ns1:p></ns1:td></ns1:tr><ns1:tr pattern="Table"><ns1:th pattern="Container" width="21%"><ns1:p pattern="Block">3</ns1:p></ns1:th><ns1:td pattern="Container" width="79%"><ns1:p pattern="Block">A love like ours / Could never die / As long as I / Have you near me</ns1:p></ns1:td></ns1:tr><ns1:tr pattern="Table"><ns1:th pattern="Container" width="21%"><ns1:p pattern="Block">4</ns1:p></ns1:th><ns1:td pattern="Container" width="79%"><ns1:p pattern="Block">Bright are the stars that shine / Dark is the sky / I know this love of mine / Will never die</ns1:p></ns1:td></ns1:tr><ns1:tr pattern="Table"><ns1:th pattern="Container" width="21%"><ns1:p pattern="Block">Chorus</ns1:p></ns1:th><ns1:td pattern="Container" width="79%"><ns1:p pattern="Block">And I love her</ns1:p></ns1:td></ns1:tr><ns1:tr pattern="Table"><ns1:th pattern="Container" width="21%"><ns1:p pattern="Block">4</ns1:p></ns1:th><ns1:td pattern="Container" width="79%"><ns1:p pattern="Block">Bright are the stars that shine / Dark is the sky / I know this love of mine / Will never die</ns1:p></ns1:td></ns1:tr><ns1:tr pattern="Table"><ns1:th pattern="Container" width="21%"><ns1:p pattern="Block">Chorus</ns1:p></ns1:th><ns1:td pattern="Container" width="79%"><ns1:p pattern="Block">And I love her</ns1:p></ns1:td></ns1:tr></ns1:table><ns1:p class="caption" pattern="Block">Lyrics structure of “And I love her” by The Beatles</ns1:p></ns1:div><ns1:p pattern="Block">The first difficulty for our karaoke application is to handle more than one structure at the same time: in our case, we could start with the lyrics organized in stanzas and verses, and need to add the notation for the time-driven excerpts of lyrics as shown on screen during the playback, plus additional time-driven visualization of the chords (but with different time intervals, of course), and the (either time-driven or content-driven) visualization of pop-ups with fun fact sentences. Furthermore, we may need to deal with small difference in lyrics if the gender of the loved one is female, as in Beatles' original (“and I love her”) or male, as in several covers (“and I love him”).</ns1:p><ns1:div class="section" id="xml" pattern="HeadedContainer"><ns1:h1 pattern="Block">Dark is the overlapping sky</ns1:h1><ns1:p pattern="Block">Let us concentrate on a single stanza of the song, the fourth, and its refrain:</ns1:p><ns1:p class="code" pattern="Block">Bright are the stars that shine / Dark is the sky / I know this love of mine / Will never die / And I love her</ns1:p><ns1:p pattern="Block">The first hierarchy to represent is the lyrics. We use an XHTML vocabulary, using the class attribute for characterizing containers (e.g. “stanza” and “refrain”), obtaining a clear and straightforward structure.</ns1:p><ns1:p class="code" pattern="Block">&lt;body&gt; &lt;div class="stanza" title="4"&gt; &lt;p&gt;Bright are the stars that shine&lt;/p&gt; &lt;p&gt;Dark is the sky&lt;/p&gt; &lt;p&gt;I know this love of mine&lt;/p&gt; &lt;p&gt;Will never die&lt;/p&gt; &lt;/div&gt; &lt;div class="refrain"&gt; &lt;p&gt;And I love her&lt;/p&gt; &lt;/div&gt; &lt;/body&gt;</ns1:p><ns1:p pattern="Block">The harmony of the song uses two chords, Em and Bm, for each of the first three lines, then moving to the bridge G for the last line and then the refrain in A and D. Only, the A chord starts while the melody is still singing the second part of the last line of the stanza. A possible, trivial hierarchy for chords would then be:</ns1:p><ns1:p class="code" pattern="Block">&lt;chords&gt; &lt;Em&gt;Bright are the&lt;/Em&gt; &lt;Bm&gt;stars that shine&lt;/Bm&gt; &lt;Em&gt;Dark is the&lt;/Em&gt; &lt;Bm&gt;sky&lt;/Bm&gt; &lt;Em&gt;I know this&lt;/Em&gt; &lt;Bm&gt;love of mine&lt;/Bm&gt; &lt;G&gt;Will never&lt;/G&gt; &lt;A&gt;die And I&lt;/A&gt; &lt;D&gt;love her&lt;/D&gt; &lt;/chords&gt;</ns1:p><ns1:p pattern="Block">We have a different issue with the timings for the lyrics. We want the line to appear exactly when the music calls for it to be sung, but at the same time the next line to appear, too, so that the user is ready to sing it as soon as it appears. Thus each line has to appear twice in each screenful, as in the next XML fragment:</ns1:p><ns1:p class="code" pattern="Block">&lt;timing&gt; &lt;screenful starts=”68”&gt; &lt;main&gt;Bright are the stars that shine&lt;/main&gt; &lt;next&gt;Dark is the sky&lt;/next&gt; &lt;/screenful&gt; &lt;screenful starts=”72”&gt; &lt;main&gt;Dark is the sky&lt;/main&gt; &lt;next&gt;I know this love of mine&lt;/next&gt; &lt;/screenful&gt; &lt;screenful starts=”76”&gt; &lt;main&gt;I know this love of mine&lt;/main&gt; &lt;next&gt;Will never die&lt;/next&gt; &lt;/screenful&gt; &lt;screenful starts=”80”&gt; &lt;main&gt;Will never die&lt;/main&gt; &lt;next&gt;And I love her&lt;/next&gt; &lt;/screenful&gt; &lt;screenful starts=”84”&gt; &lt;main&gt;And I love her&lt;/main&gt; &lt;/screenful&gt; &lt;/timing&gt;</ns1:p><ns1:p pattern="Block">Only this is not nice: each line appears twice in the screen, and therefore twice in the XML document, and forcing them to appear only once in the XML structure would either require overlapping, or forcing some structural semantics into procedural attributes, that would imply implementing ad hoc visualization tools, as in:</ns1:p><ns1:p class="code" pattern="Block">&lt;p main=”68”&gt;Bright are the stars that shine&lt;/p&gt; &lt;p main=”72” next=”68”&gt;Dark is the sky&lt;/p&gt; &lt;p main=”76” next=”72”&gt;I know this love of mine&lt;/p&gt; &lt;p main=”80” next=”76”&gt;Will never die&lt;/p&gt; &lt;p main=”84” next=”80”&gt;And I love her&lt;/p&gt;</ns1:p><ns1:p pattern="Block">We do not like this approach and will not consider it further. Yet the multiplicity of the lines is worrisome, as it creates a redundancy that has to be carefully considered.</ns1:p><ns1:p pattern="Block">As for the pop-ups, we want to show some additional text exactly at the right time – i.e. when the song gets to the precise point of the lyrics associated to these paragraphs. It is not even given that pop-ups are aligned with whole lines, indeed it could very well happen that the association transcends line boundaries, as in the following:</ns1:p><ns1:p class="code" pattern="Block">&lt;funfacts&gt; &lt;popup&gt; &lt;lyrics&gt;this love of mine Will never die&lt;/lyrics&gt; &lt;fact&gt; &lt;p&gt;Paul McCartney wrote this about his girlfriend, an actress named Jane Asher.&lt;/p&gt; &lt;/fact&gt; &lt;/popup&gt; &lt;/funfacts&gt;</ns1:p><ns1:p pattern="Block">As we have seen, each of these structures, taken individually, is a single hierarchy and could be easily managed with a traditional XML document. There is a final issue that is not even structurally representable in XML, that of text variants: depending on the preferences of the singer, we may want to decline the lyrics in the masculine or feminine gender. As such, we end up with two variants of the refrain, and no syntactically evident way to point out which variant to show and which to ignore in each given run of the application:</ns1:p><ns1:p class="code" pattern="Block">&lt;div class="refrain"&gt; &lt;p&gt;And I love &lt;span class=”feminine” &gt;her&lt;/span&gt; &lt;span class=”masculine”&gt;him&lt;/span&gt;&lt;/p&gt; &lt;/div&gt;</ns1:p><ns1:p pattern="Block">This is not declarative at all: it is the application's job to know that when the feminine version is chosen, elements of class feminine are present (i.e., shown) and elements of class masculine are absent (i.e., hidden), and vice-versa: the class attribute suddenly impacts not only on the presentation of the lines, but on their presence and content, too.</ns1:p><ns1:p pattern="Block">Finally, the issue of repetitions has a further and subtler issue, that impacts on the difference between the content of a document and its<ns1:i pattern="Inline">structured</ns1:i>content.</ns1:p><ns1:p pattern="Block">In the Beatles' song there are some repetitions of quite large structures, such as the refrain and the fourth stanza. It could be considered a pointless exercise in futility to decide whether the refrains of a song are to be considered as one instance of content to be repeated as needed after each stanza, or many different instances whose content happens to be identical. Yet, the praxis of transcription of song lyrics is usually to qualify the refrain lyrics as such the first time they are sung, and then refer back to them all other times without actually repeating the content, and as such we will treat them in our example. Yet the refrains are necessary handled, in an XML document, by repeating the entire structure, duplicating the markup code and the text. We could introduce it the first time only<ns1:a class="footnote" href="sdfootnote2sym" pattern="Milestone"/>, and refer to it in some way the other times – for example, through an “href” attribute – in the other parts of the lyrics. Similarly we could handle the repetition of the fourth stanza, i.e., as follows:</ns1:p><ns1:p class="code" pattern="Block">&lt;body&gt; &lt;h1&gt;And I love her&lt;/h1&gt; &lt;div id=”first” class="stanza" title="1"&gt;[...]&lt;/div&gt;<ns1:b pattern="Inline">&lt;div id=”refrain” class="refrain"&gt;</ns1:b><ns1:b pattern="Inline">&lt;p&gt;And I love her&lt;/p&gt;</ns1:b><ns1:b pattern="Inline">&lt;/div&gt;</ns1:b>&lt;div id=”second” class="stanza" title="2"&gt;[...]&lt;/div&gt;<ns1:b pattern="Inline">&lt;div href=”#refrain” /&gt;</ns1:b>&lt;div id=”third” class="stanza" title="3"&gt;[...]&lt;/div&gt; &lt;div id=”fourth” class="stanza" title="4"&gt;[...]&lt;/div&gt;<ns1:b pattern="Inline">&lt;div href=”#refrain” /&gt;</ns1:b>&lt;div href=”#fourth” /&gt;<ns1:b pattern="Inline">&lt;div href=”#refrain” /&gt;</ns1:b>&lt;/body&gt;</ns1:p><ns1:p pattern="Block">Unfortunately, we believe again that this approach is not declarative enough: it is the application's job to understand that the last three div elements are not empty, but refer to the previous-declared elements and repeat their content.</ns1:p><ns1:p pattern="Block">Joining the above mentioned different hierarchies in a single document and dealing with the issues mentioned so far presents therefore issues that are not manageable with the plain XML armamentarium, and requires special approaches:</ns1:p><ns1:ul pattern="Table" type="bullet"><ns1:li pattern="Container"><ns1:p pattern="Block">the timing of the A chord overlaps two lines of the lyrics;</ns1:p></ns1:li><ns1:li pattern="Container"><ns1:p pattern="Block">the timed display of the lyrics requires each line to be shown multiple times;</ns1:p></ns1:li><ns1:li pattern="Container"><ns1:p pattern="Block">the popups introduce additional text content to the document, and do so independently of the stanza and line structure of the lyrics;</ns1:p></ns1:li><ns1:li pattern="Container"><ns1:p pattern="Block">text variants require elements that exist or do not exist depending on context;</ns1:p></ns1:li><ns1:li pattern="Container"><ns1:p pattern="Block">repetitions require that content is specified once, and referred to many times.</ns1:p></ns1:li></ns1:ul><ns1:p pattern="Block">Some of these structural issues can be handled by standard overlapping approaches, and other can be dealt with by introducing ad hoc, non-declarative markup that is procedurally interpreted by specialized tools. But it is at the level of the data structure model that we prefer to study the problem.</ns1:p></ns1:div><ns1:div class="section" pattern="HeadedContainer"><ns1:h1 pattern="Block">Restricted GODDAG</ns1:h1><ns1:p pattern="Block">Handling overlapping elements requires a more expressive data structure than trees, such as a directed graph.<ns1:i pattern="Inline">Restricted GODDAG</ns1:i><ns1:a class="ref" href="bib-5" pattern="Milestone"/>and<ns1:a class="ref" href="bib-23" pattern="Milestone"/>are able to deal with the lyrics/chord overlap, as shown in<ns1:a class="ref" href="rGODDAG" pattern="Milestone"/>.</ns1:p><ns1:div class="picture" id="rGODDAG" pattern="Record"><ns1:p class="img.block" pattern="Block"><ns1:img class="750-562" pattern="Milestone" src="paper_balisage_html_m3c176854.png"/></ns1:p><ns1:p class="caption" pattern="Block">The rGODDAG structure to handle lyrics and chords overlapping. The red dashed line represents, here and in the following figures, the document order.</ns1:p></ns1:div><ns1:p pattern="Block">Restricted GODDAGS gives strong support for overlapping structures and guarantees their full linearizability into TexMECS documents<ns1:a class="ref" href="bib-18" pattern="Milestone"/>.</ns1:p><ns1:p pattern="Block">Restricted GODDAGs, on the other hand, will not help us with the management of popups. Restricted GODDAGS have some strong constraints that prevent this:</ns1:p><ns1:ul pattern="Table" type="bullet"><ns1:li pattern="Container"><ns1:p pattern="Block">each r-GODDAG node dominates a contiguous sequence of leaf nodes (i.e., nodes that contain text);</ns1:p></ns1:li><ns1:li pattern="Container"><ns1:p pattern="Block">no two r-GODDAG nodes that are not connected by a dominance relation, dominate the same subsequence of the leaf nodessince .</ns1:p></ns1:li></ns1:ul><ns1:p pattern="Block">For our popups, these constraints appear quite strong, and particularly the first one. Basically, the requirement of contiguity prevents two hierarchies to overlap on some leaf nodes whenever the content of some of the leaf nodes is different.</ns1:p><ns1:p pattern="Block">In our example, it is not possible to insert in the same document both the lyrics structure and the one related to the popups without breaking the contiguousness of an hierarchy, because there is always a node that breaks the constraint.</ns1:p><ns1:p pattern="Block">Consider the situation in which a popup is associated to the string “this love of mine Will never die”. If the content of the fun fact is put at the end of the lyrics, as shown in<ns1:a class="ref" href="rGODDAGfactfail" pattern="Milestone"/>, the elements “funfacts” and “fact” both dominate non-contiguous leaf nodes, as “this love of mine” is non-contiguous with “Paul McCartney...”, thus breaking the constraint.</ns1:p><ns1:div class="picture" id="rGODDAGfactfail" pattern="Record"><ns1:p class="img.block" pattern="Block"><ns1:img class="750-562" pattern="Milestone" src="paper_balisage_html_14fb0e98.png"/></ns1:p><ns1:p class="caption" pattern="Block">The first tentative to make an r-GODDAG for describing both lyrics and fun fact (the pink dotted arrow describe the document order of the leaf nodes).</ns1:p></ns1:div><ns1:p pattern="Block">If, on the other hand, the content of the fun fact is put before or after the lines it refers to (<ns1:a class="ref" href="rGODDAGbodyfail" pattern="Milestone"/>), the element “body” will dominate non contiguous leaf nodes (two of them will be interrupted by the “Paul McCartney...” node that does not belong to that hierarchy) and therefore violate the constraint.</ns1:p><ns1:div class="picture" id="rGODDAGbodyfail" pattern="Record"><ns1:p class="img.block" pattern="Block"><ns1:img class="750-562" pattern="Milestone" src="paper_balisage_html_m16ecea45.png"/></ns1:p><ns1:p class="caption" pattern="Block">The second tentative to make an r-GODDAG for describing both lyrics and fun facts.</ns1:p></ns1:div><ns1:p pattern="Block">So, even if a restricted GODDAG is a more expressive data structure than a tree, it is still not sufficient to handle complex scenarios such as the ones described. The overall point of the contiguity constraint is to allow for embedding markup within text; thus r-GODDAG structures are indeed representable with milestones or fragmentation in XML, or with TexMECS documents, but more complex structures are still unavailable, such as those involving non-contiguous leaf nodes.</ns1:p></ns1:div><ns1:div class="section" pattern="HeadedContainer"><ns1:h1 pattern="Block">A more general data structure: the GODDAG</ns1:h1><ns1:p pattern="Block">If we give up the feature of embedding, we already have a data structure for handling complex overlapping scenarios: the full GODDAG, which does not require the two above mentioned constraints: it does not require to follow document order for the leaf nodes, and it does not require that any two different nodes dominate different sets of leaf nodes.</ns1:p><ns1:p pattern="Block">Without these restrictions, we can describe all four hierarchies in a GODDAG, as shown in<ns1:a class="ref" href="GODDAG" pattern="Milestone"/>. The obvious disadvantage of this data structure is that it is impossible to embed everything in a linear structure such as an XML document without losing some information, or recurring to procedural tricks that would subject the structural meaning of the document to specific tools.</ns1:p><ns1:div class="picture" id="GODDAG" pattern="Record"><ns1:p class="img.block" pattern="Block"><ns1:img class="750-562" pattern="Milestone" src="paper_balisage_html_38683527.png"/></ns1:p><ns1:p class="caption" pattern="Block">A GODDAG for the four hierarchies defined for the song. Document order is not shown since where it is nor obvious (e.g., in the lyrics lines) it is completely arbitrary.</ns1:p></ns1:div><ns1:p pattern="Block">A GODDAG<ns1:a class="footnote" href="sdfootnote3sym" pattern="Milestone"/>representing the four hierarchies of the example. In<ns1:a class="ref" href="GODDAG" pattern="Milestone"/>the full GODDAG structure of the three data hierarchies is shown: lyrics (in blue), the time in which the lyrics are shown (in yellow), the chords (in violet) and the fun facts popups (in green). Non-bordered nodes are content, while bordered nodes represent markup: rectangles are XML elements, while rounded rectangles are XML attributes.</ns1:p><ns1:p pattern="Block">Moreover, through GODDAG we can handle cases of textual variants and some simple cases of repetitions. (for instance, specifying the presence of the class attribute in multiple div elements, and even for specifying that the refrain text appears in multiple places, but is really only defined once).</ns1:p><ns1:p pattern="Block">GODDAG can also be employed for textual variants: as shown in<ns1:a class="ref" href="textualVariation" pattern="Milestone"/>, since the refrain uses “her” if the lyrics are feminine and “him” otherwise, we actually generate two different and almost identical lyrics hierarchies that point to the text in different manners depending on the chosen gender.</ns1:p><ns1:div class="picture" id="textualVariation" pattern="Record"><ns1:p class="img.block" pattern="Block"><ns1:img class="750-385" pattern="Milestone" src="paper_balisage_html_m74bc7002.png"/></ns1:p><ns1:p class="caption" pattern="Block">A GODDAG with repetitions and textual variants depending on the gender of the lyrics.</ns1:p></ns1:div><ns1:p pattern="Block">Clearly, the best thing we can do for linearizing all these kinds of structures presented in this section is to use stand-off markup or twin documents techniques in order to embed all the elements in a rationally unique document. This linearization could be possible using an XML-based markup language, if we admit the use of some elements with procedural values, that is an acceptable trade-off between the structure and the relative document representation.</ns1:p></ns1:div><ns1:div class="section" pattern="HeadedContainer"><ns1:h1 pattern="Block">Beyond GODDAG: extensions for repeatability</ns1:h1><ns1:p pattern="Block">Even if the GODDAG is able to handle perfectly all the above-mentioned scenarios, there are more things that are interesting to represent, such as a different type of repetition. The screenful of lines of the karaoke example is interesting in that sense.</ns1:p><ns1:div class="picture" id="repetitions" pattern="Record"><ns1:p class="img.block" pattern="Block"><ns1:img class="750-562" pattern="Milestone" src="paper_balisage_html_m7053d465.png"/></ns1:p><ns1:p class="caption" pattern="Block">This graph describes the structure of “And I Love Her” avoiding the explicit repetitions (refrain and fourth stanza).</ns1:p></ns1:div><ns1:p pattern="Block">In<ns1:a class="ref" href="repetitions" pattern="Milestone"/>we show a plausible graph for describing the entire structure of “And I Love Her” that avoids the explicit repetitions of the refrain and the fourth stanza. Note that the body element has many arcs going to the div of the refrain, and two going to the div of the fourth stanza, and that we had to specify the order of the arcs themselves.</ns1:p><ns1:p pattern="Block">Unfortunately, GODDAGs do not support this kind of repetitions. In fact, for any non-terminal node<ns1:i pattern="Inline">n</ns1:i>, the sets of arcs from<ns1:i pattern="Inline">n</ns1:i>is ordered and, if two arcs<ns1:i pattern="Inline">n</ns1:i><ns1:i pattern="Inline">→</ns1:i><ns1:i pattern="Inline">a</ns1:i>and<ns1:i pattern="Inline">n</ns1:i><ns1:i pattern="Inline">→</ns1:i><ns1:i pattern="Inline">b</ns1:i>exist and if<ns1:i pattern="Inline">a</ns1:i>is equal to<ns1:i pattern="Inline">b</ns1:i>, then<ns1:i pattern="Inline">n</ns1:i><ns1:i pattern="Inline">→</ns1:i><ns1:i pattern="Inline">a</ns1:i>and<ns1:i pattern="Inline">n</ns1:i><ns1:i pattern="Inline">→</ns1:i><ns1:i pattern="Inline">b</ns1:i>are the same arc. This prevents us from creating multiple arcs from body to the refrain divs, which is exactly what we are trying to do.</ns1:p><ns1:p pattern="Block">In order to avoid this constraint, we need to extend the definition of GODDAGs. In particular, we believe that we can solve our problem by simply relaxing the rule that requires non-terminal nodes in GODDAGs to have a general identifier (a label) associated to them. We call<ns1:i pattern="Inline">anonymous</ns1:i>all non-terminal nodes that do not have such general identifier and we refer to this new GODDAG as<ns1:i pattern="Inline">extended GODDAG</ns1:i>(or<ns1:i pattern="Inline">e-GODDAG</ns1:i>). Anonymous e-GODDAG nodes allow the definition of anonymous elements<ns1:i pattern="Inline">a la</ns1:i>LMNL<ns1:a class="ref" href="bib-6" pattern="Milestone"/>, and at the same time provide the necessary infrastructure for our repeating refrains.</ns1:p><ns1:p pattern="Block">Through e-GODDAG, in fact, we are now able to allow the previous repetitions: we have to add as many anonymous nodes as needed for any repetition we need. Since anonymous nodes do not introduce markup or content, they can be used to disambiguate multiple arcs going from and to the same nodes: each repeated arc from<ns1:i pattern="Inline">body</ns1:i>to<ns1:i pattern="Inline">div</ns1:i>is therefore interrupted by a different intermediate anonymous node<ns1:a class="footnote" href="sdfootnote4sym" pattern="Milestone"/>.</ns1:p></ns1:div></ns1:div><ns1:div class="section" pattern="HeadedContainer"><ns1:h1 pattern="Block">EARMARKing cats and documents</ns1:h1><ns1:p pattern="Block">The problems described in the previous section derive mostly from the very act of embedding annotations: multiple overlapping annotations, especially when referring to the same text multiple times and reordering the document order, do not naturally fit in a linear structure of an XML document, and analogously there is no natural position for embedding annotations to the whole document.</ns1:p><ns1:p pattern="Block">The opposite approach – full externalization of annotations<ns1:i pattern="Inline">a la</ns1:i>RDF – does not satisfy our requirements, for different motivations. RDF annotations do not change the annotated resource in any way, but refer to it via URIs. The problem we face in this case is that there exists no URI referring to a fragment of text that is not wrapped within an XML or XHTML element provided with an ID. And since XHTML or XML elements need to follow a nice, hierarchical, document-order-compatible structure, we are back to the beginning with the problem of overlapping hierarchies that play with multiplicities and reshuffling of the document order.</ns1:p><ns1:p pattern="Block">An approach has been recently proposed in<ns1:a class="ref" href="bib-3" pattern="Milestone"/>in order to try to offer a way to identify precise document locations, called<ns1:i pattern="Inline">pointers</ns1:i>, through different means (character positions, string indexing, etc.) and languages (XPath<ns1:a class="ref" href="bib-12" pattern="Milestone"/>, XPointer<ns1:a class="ref" href="bib-9" pattern="Milestone"/>, etc.). Unfortunately some languages mentioned, such as XPointer, were never standardized by the W3C and there is no sign that they will ever be in the foreseeable future. Furthermore, from the RDF point of view all URIs are opaque strings referring to different resources, and as such it would be difficult to create ontologies and make inferences that differentiate assertions on text fragments from assertions on elements or other structures, the required infrastructure to verify overlapping or superimposition of assertions.</ns1:p><ns1:p pattern="Block">There is another (less important) consideration that comes down against a fully externalized approach: the fact that assertions are disjoint from the original document and require a more articulated process for storing and transfer. Consider the case of textual variations in our karaoke example: it would be useful to handle all variations (and any other overlapping hierarchy) within a unique document, easier to move and manipulate. The<ns1:i pattern="Inline">variant graph</ns1:i>approach, introduced in<ns1:a class="ref" href="bib-2" pattern="Milestone"/>, goes in that direction and allows users to express these differences and to extract multiple text linearizations, depending on the particular context.</ns1:p><ns1:p pattern="Block">Our approach takes inspiration from this work and from the GODDAG-related theories. The goal is to introduce a new syntactic approach for overlapping markup that combines advantages of embedded or fully external annotations in a unified framework. In this section we define an ontology-based model for expressing such complex overlapping structures, similar but more general of existing research efforts such as<ns1:a class="ref" href="bib-4" pattern="Milestone"/><ns1:a class="ref" href="bib-11" pattern="Milestone"/></ns1:p><ns1:p pattern="Block">A very central point of our proposal is the adherence to the Semantic Web technologies. The reason is that we want to create tools that can exploit existing modules, that can be integrated with other applications and that can be extended by other researchers too.</ns1:p><ns1:p pattern="Block">As expected, RDF and OWL are the candidates for our proposal. Actually, we propose an intermediate language built on the top of RDF and OWL data model, that can be straightforwardly translated into these standards. We called this language<ns1:i pattern="Inline">EARMARK</ns1:i>(<ns1:i pattern="Inline">Extreme Annotational RDF Markup</ns1:i>). EARMARK allows us to build e-GODDAG-equivalent data structures that encode all the aforementioned scenarios. High-level data structures can be then instantiated into W3C standard documents, easy to integrate in legacy tools and environments.</ns1:p><ns1:p pattern="Block">Basically, EARMARK allows us create assertions on text fragments by using an intermediate ontology that subsumes the XPointer schemas in a manageable way and builds from there the concepts of markup structures and generic identifiers useful for the specification of elements and attributes.</ns1:p><ns1:div class="section" pattern="HeadedContainer"><ns1:h1 pattern="Block">General model</ns1:h1><ns1:p pattern="Block">This section describes the model behind EARMARK,<ns1:i pattern="Inline">Extreme Annotational RDF Markup.</ns1:i>The model itself is defined through an OWL document specifying classes and relationships. Through these classes we can produce EARMARK documents with assertions about individuals.</ns1:p><ns1:p pattern="Block">We introduce four concepts:<ns1:i pattern="Inline">docuverses</ns1:i>,<ns1:i pattern="Inline">locations</ns1:i>,<ns1:i pattern="Inline">ranges</ns1:i>and<ns1:i pattern="Inline">markup items</ns1:i>. Each of them is represented in EARMARK with a different (and disjoint) OWL class. The following code snippets are written using Turtle<ns1:a class="ref" href="bib-13" pattern="Milestone"/><ns1:a class="footnote" href="sdfootnote5sym" pattern="Milestone"/>.</ns1:p><ns1:p pattern="Block">The textual content of a EARMARK document is conceptually separated from the annotations, and is referred to by means of assertions on the specific class called “Docuverse”. This class (and its name) is based on the concept introduced by Ted Nelson in his Xanadu Project<ns1:a class="ref" href="bib-14" pattern="Milestone"/>to refer to the collection of text fragments that can be interconnected to each other and transcluded into new documents.</ns1:p><ns1:p pattern="Block">The individuals of this class represent the object of discourse, i.e. all the text containers related to a particular EARMARK document.</ns1:p><ns1:p class="code" pattern="Block">:Docuverse a owl:Class ; rdfs:subClassOf owl:Thing . :has-text a owl:FunctionalProperty , owl:DatatypeProperty ; rdfs:domain :Docuverse ; rdfs:range xsd:string . :has-uri a owl:FunctionalProperty , owl:DatatypeProperty ; rdfs:domain :Docuverse ; rdfs:range xsd:anyURI .</ns1:p><ns1:p pattern="Block">Any individual of the<ns1:i pattern="Inline">Docuverse</ns1:i>class – commonly called a<ns1:i pattern="Inline">docuverse</ns1:i>(lowercase to distinguish it from the class) – might<ns1:i pattern="Inline">contain</ns1:i>or<ns1:i pattern="Inline">refer to</ns1:i>the text fragments representing the actual content of the document. That is expressed through two properties:<ns1:i pattern="Inline">has-uri</ns1:i>if the content is stored at a particular URI and<ns1:i pattern="Inline">has-text</ns1:i>if the content lies in the document itself.</ns1:p><ns1:p pattern="Block">A<ns1:i pattern="Inline">location</ns1:i>is the expression of a position in a particular docuverse. It is an<ns1:i pattern="Inline"/>instance of the class “<ns1:i pattern="Inline">Location</ns1:i>”. The property<ns1:i pattern="Inline">at</ns1:i>defines a precise point in the docuverse, while the property<ns1:i pattern="Inline">refers-to</ns1:i>indicates the docuverse the location refers to.</ns1:p><ns1:p class="code" pattern="Block">:Location a owl:Class ; rdfs:subClassOf owl:Thing . :refers-to a owl:FunctionalProperty , owl:ObjectProperty ; rdfs:domain :Location ; rdfs:range :Docuverse . :at a owl:FunctionalProperty , owl:DatatypeProperty ; rdfs:domain :Location ; rdfs:range xsd:string .</ns1:p><ns1:p pattern="Block">The value for the property<ns1:i pattern="Inline">at</ns1:i>is a string. The overall ontology is then independent from the actual addressing mechanism. In fact, we expect several syntaxes to be used there, including XPointers.</ns1:p><ns1:p pattern="Block">We then define the class “<ns1:i pattern="Inline">Range”</ns1:i>for any text lying between two locations:</ns1:p><ns1:p class="code" pattern="Block">:Range a owl:Class ; rdfs:subClassOf owl:Thing . :begins a owl:FunctionalProperty , owl:ObjectProperty ; rdfs:domain :Range ; rdfs:range :Location . :ends a owl:FunctionalProperty , owl:ObjectProperty ; rdfs:domain :Range ; rdfs:range :Location .</ns1:p><ns1:p pattern="Block">A range, i.e, an individual of the class Range, is defined by a starting and an ending location through the properties<ns1:i pattern="Inline">begins</ns1:i>and<ns1:i pattern="Inline">ends</ns1:i>respectively. These locations must refer to the same docuverse. Since this restriction cannot be directly expressed in OWL, we add the following SWRL<ns1:a class="ref" href="bib-15" pattern="Milestone"/>rules to enforce that constraint<ns1:a class="footnote" href="sdfootnote6sym" pattern="Milestone"/>:</ns1:p><ns1:div class="formula" id="swrl1" pattern="Pattern"><ns1:p class="img.block" pattern="Block"><ns1:img class="550-21" pattern="Milestone" src="paper_balisage_html_409b8560.gif"/></ns1:p></ns1:div><ns1:div class="formula" id="swrl2" pattern="Pattern"><ns1:p class="img.block" pattern="Block"><ns1:img class="549-21" pattern="Milestone" src="paper_balisage_html_m65f924fd.gif"/></ns1:p></ns1:div><ns1:p pattern="Block">There is no restriction on locations used for the<ns1:i pattern="Inline">begins</ns1:i>and<ns1:i pattern="Inline">ends</ns1:i>properties. That is very useful: it allows us to define ranges that<ns1:i pattern="Inline">“</ns1:i>follow” or “reverse” the text order of the docuverse they refer to. For instance, the string “desserts” can be considered both in document order, with the<ns1:i pattern="Inline">begins</ns1:i>location lower than the<ns1:i pattern="Inline">ends</ns1:i>location or in the opposite one, forming “stressed”<ns1:i pattern="Inline"><ns1:a class="footnote" href="sdfootnote7sym" pattern="Milestone"/></ns1:i>. Thus, the properties “begins” and “ends” define the way a range must be read.</ns1:p><ns1:p pattern="Block">The class “<ns1:i pattern="Inline">MarkupItem</ns1:i>” is the superclass defining artefacts to be interpreted as markup (such as elements and attributes).</ns1:p><ns1:p class="code" pattern="Block">:MarkupItem a owl:Class ; rdfs:subClassOf owl:Thing . :has-general-identifier a owl:FunctionalProperty , owl:DatatypeProperty ; rdfs:domain :MarkupItem ; rdfs:range xsd:string .</ns1:p><ns1:p pattern="Block">A<ns1:i pattern="Inline">markupitem</ns1:i>individual is a sequence (rdf:Bag or rdf:Seg) of individuals belonging to the classes MarkupItem and Range. Is it then possible to define elements containing nested elements or text, or attributes containing values, as well as overlapped and complex structures.</ns1:p><ns1:p pattern="Block">A markupitem might have a name, specified in the property “<ns1:i pattern="Inline">has-general-identifier</ns1:i>” (recalling the SGML term to refer to the name of elements<ns1:a class="ref" href="bib-16" pattern="Milestone"/>). Note that we can classify markup items as<ns1:i pattern="Inline">anonymous –</ns1:i>as possible in LMNL<ns1:a class="ref" href="bib-6" pattern="Milestone"/>and e-GODDAG – by simply not asserting a general identifier for the items.</ns1:p><ns1:p pattern="Block">All the concepts represented by an EARMARK document are expressed using these four disjoint classes and their relative properties:</ns1:p><ns1:p class="code" pattern="Block">[] a owl:AllDisjointClasses ; owl:members (:Docuverse :Location :MarkupItem :Range) .</ns1:p></ns1:div><ns1:div class="section" pattern="HeadedContainer"><ns1:h1 pattern="Block">Detailed model</ns1:h1><ns1:p pattern="Block">The model discussed so far gives us a general picture of the EARMARK framework and, as expected, is not enough to describe all the scenarios we are interested in. We then need to refine our model. Such a refinement is actually a specialization of three classes – all except “Range” – in subclasses that apply specific restrictions.</ns1:p><ns1:p pattern="Block">First of all, the class Docuverse is specified into a “StringDocuverse” (the content is specified as value of<ns1:i pattern="Inline">has-text</ns1:i>and no value is associated to<ns1:i pattern="Inline">has-uri</ns1:i>) or an “URIDocuverse” (the actual content is located at the URL specified in<ns1:i pattern="Inline">has-uri</ns1:i>and no value is given to<ns1:i pattern="Inline">has-text</ns1:i>).</ns1:p><ns1:p class="code" pattern="Block">:StringDocuverse a owl:Class ; rdfs:subClassOf :Docuverse ; owl:equivalentClass [ a owl:Class ; owl:intersectionOf (:Docuverse [ a owl:Restriction ; owl:cardinality "1"^^xsd:nonNegativeInteger ; owl:onProperty :has-text ] [ a owl:Restriction ; owl:cardinality "0"^^xsd:nonNegativeInteger ; owl:onProperty :has-uri ]) ] . :URIDocuverse a owl:Class ; rdfs:subClassOf :Docuverse ; owl:equivalentClass [ a owl:Class ; owl:intersectionOf (:Docuverse [ a owl:Restriction ; owl:cardinality "0"^^xsd:nonNegativeInteger ; owl:onProperty :has-text ] [ a owl:Restriction ; owl:cardinality "1"^^xsd:nonNegativeInteger ; owl:onProperty :has-uri ]) ] . [] a owl:AllDisjointClasses ; owl:members (:StringDocuverse :URIDocuverse) .</ns1:p><ns1:p pattern="Block">Depending on particular scenarios or on the kind of docuverse we are dealing with – it could be plain-text, XML, LaTeX, a picture, etc. – we need to be able to use different kinds of locations. Therefore, the class “Location” has at least three different disjoint subclasses:</ns1:p><ns1:p class="code" pattern="Block">:CharNumberLocation a owl:Class ; rdfs:subClassOf :Location . :XPathLocation a owl:Class ; rdfs:subClassOf :Location . :XPointerLocation a owl:Class ; rdfs:subClassOf :Location . [] a owl:AllDisjointClasses ; owl:members (:CharNumberLocation :XPathLocation :XPointerLocation) .</ns1:p><ns1:ul pattern="Table" type="bullet"><ns1:li pattern="Container"><ns1:p pattern="Block">“CharNumberLocation” defines a location by counting characters. In that case, the string value of the “at” property must be an integer<ns1:a class="footnote" href="sdfootnote8sym" pattern="Milestone"/>that identifies an unambiguous position in the character stream;</ns1:p></ns1:li><ns1:li pattern="Container"><ns1:p pattern="Block">“XPathLocation” defines a location as a node of an XML docuverse. In this case, the property “at” will be an XPath expression<ns1:a class="ref" href="bib-12" pattern="Milestone"/>;</ns1:p></ns1:li><ns1:li pattern="Container"><ns1:p pattern="Block">“XPointerLocation” defines a precise point in a docuverse. In that case, the expression “xpointer(point(.42))”, for instance, indicates the cursor in-between the 42nd and the 43rd character; with “xpointer(point(/1/9.3))” we mean the cursor between the 3rd and the 4th character of the ninth node of the root, and so on.</ns1:p></ns1:li></ns1:ul><ns1:p pattern="Block">MarkupItem is specialized in three disjointed sub-classes: “Element”, “Attribute” and “Comment”, that allow a more precise characterization of markup items.</ns1:p><ns1:p class="code" pattern="Block">:Element a owl:Class ; rdfs:subClassOf :MarkupItem . :Attribute a owl:Class ; rdfs:subClassOf :MarkupItem . :Comment a owl:Class ; rdfs:subClassOf :MarkupItem . [] a owl:AllDisjointClasses ; owl:members (:Attribute :Comment :Element) .</ns1:p><ns1:p pattern="Block">Through this classification, shown also in<ns1:a class="ref" href="earmarkontology" pattern="Milestone"/>, we can describe all the concepts introduced by XML, LMNL or TexMecs, including virtual elements<ns1:a class="ref" href="bib-17" pattern="Milestone"/><ns1:a class="ref" href="bib-18" pattern="Milestone"/>, structured attributes<ns1:a class="ref" href="bib-6" pattern="Milestone"/>and so on.</ns1:p><ns1:div class="picture" id="earmarkontology" pattern="Record"><ns1:p class="img.block" pattern="Block"><ns1:img class="750-180" pattern="Milestone" src="paper_balisage_html_812bfe8.png"/></ns1:p><ns1:p class="caption" pattern="Block">The class hierarchy of the EARMARK ontology.</ns1:p></ns1:div><ns1:p pattern="Block">In order to discuss such potentialities, the next section analyses in detail the EARMARK encoding of the aforementioned karaoke example.</ns1:p></ns1:div><ns1:div class="section" pattern="HeadedContainer"><ns1:h1 pattern="Block">“And<ns1:i pattern="Inline"><ns1:b pattern="Inline">I</ns1:b></ns1:i>Love Her” in EARMARK</ns1:h1><ns1:p pattern="Block">The approach to mark up a complex document with EARMARK is composed of the following steps:</ns1:p><ns1:ul pattern="Table" type="bullet"><ns1:li pattern="Container"><ns1:p pattern="Block">creation of one or more docuverses depending on the number of data streams we must handle;</ns1:p></ns1:li><ns1:li pattern="Container"><ns1:p pattern="Block">identification of the ranges within the docuverses;</ns1:p></ns1:li><ns1:li pattern="Container"><ns1:p pattern="Block">identification of the<ns1:i pattern="Inline">leaf</ns1:i>markup items, i.e. those containing attributes and ranges only;</ns1:p></ns1:li><ns1:li pattern="Container"><ns1:p pattern="Block">identification of the<ns1:i pattern="Inline">internal</ns1:i>markup items, i.e. those containing markup items or a mixed content of markup items and ranges.</ns1:p></ns1:li></ns1:ul><ns1:p pattern="Block">Let us take into consideration the fragment of the lyrics of “And I Love Her” by The Beatles, introduced in<ns1:a class="ref" href="xml" pattern="Milestone"/>.</ns1:p><ns1:p pattern="Block">In EARMARK strings are placed in one or more docuverses. As mentioned, there are two different types of docuverses:<ns1:i pattern="Inline">autonomous resources</ns1:i>(i.e., independent files identified by a URIs, appropriate for the actual lyrics of the song and the content of the fun fact popups) and<ns1:i pattern="Inline">local strings</ns1:i>(i.e. an internal data value, appropriate for strings that do not exist as independent units like attribute values, metadata, and so on).</ns1:p><ns1:p pattern="Block">For the XML version of “And I Love Her”<ns1:a class="footnote" href="sdfootnote9sym" pattern="Milestone"/>, we will employ four docuverses:</ns1:p><ns1:ul pattern="Table" type="bullet"><ns1:li pattern="Container"><ns1:p pattern="Block">an independent text file with the lyrics;</ns1:p></ns1:li><ns1:li pattern="Container"><ns1:p pattern="Block">a local string containing strings for all attribute values;</ns1:p></ns1:li><ns1:li pattern="Container"><ns1:p pattern="Block">a local string containing the timings of the screenfuls of lyrics;</ns1:p></ns1:li><ns1:li pattern="Container"><ns1:p pattern="Block">an independent file with a selection of fun facts. This could just as well be an existing, independent HTML resource such as the one in http://www.songfacts.com/detail.php?id=43.</ns1:p></ns1:li></ns1:ul><ns1:p pattern="Block">Note that we have immediately introduced the machinery for overlapping elements and shared text fragments. We can also add any additional annotation (such as spaces, separators, etc.) to each docuverse in order to make it more readable. We will be explicitly ignoring the non-relevant text within the docuverses.</ns1:p><ns1:p pattern="Block">The Turtle translation of the docuverses could be<ns1:a class="footnote" href="sdfootnote10sym" pattern="Milestone"/>:</ns1:p><ns1:p class="code" pattern="Block">e:lyrics a :URIDocuverse ; :has-uri "http://www.essepuntato.it/2009/01/andiloveher.txt"^^xsd:anyURI .e:funfacts a :URIDocuverse ; :has-uri "http://www.songfacts.com/detail.php?id=43"^^xsd:anyURI .e:attribute_values a :StringDocuverse ; :has-text "stanza - refrain - 4"^^xsd:string .e:time_values a :StringDocuverse ; :has-text "68 - 72 - 76 – 80 - 84"^^xsd:string .</ns1:p><ns1:p pattern="Block">All the strings defining the actual text content of an EARMARK document are identified by ranges. Ranges refer to any of the docuverses, and can overlap and invert order. For example, the ranges for the refrain and the last chord overlap over the same range.</ns1:p><ns1:p pattern="Block">We next define a range for each text node of the song, encoded as element or attribute, e.g.:</ns1:p><ns1:p class="code" pattern="Block">e:r_refrain_1 a :Range ; :begins e:location0-lyrics ; :ends e:location6-lyrics .e:r_refrain_2 a :Range ; :begins e:location6-lyrics ; :ends e:location14-lyrics .e:r_attribute_class_refrain a :Range ; :begins e:location9-attribute_values ; :ends e:location16-attribute_values .e:location0-lyrics a :XPointerLocation ; :refers-to lyrics ; :at "xpointer(point(.0))"^^xsd:string .e:location6-lyrics a :XPointerLocation ; :refers-to lyrics ; :at "xpointer(point(.6))"^^xsd:string .e:location14-lyrics a :XPointerLocation ; :refers-to lyrics ; :at "xpointer(point(.14))"^^xsd:string .e:location9-attribute_values a :XPointerLocation ; :refers-to attribute_values ; :at "xpointer(point(.9))"^^xsd:string .e:location16-attribute_values a :XPointerLocation ; :refers-to attribute_values ; :at "xpointer(point(.16))"^^xsd:string .</ns1:p><ns1:p pattern="Block">Some ranges can be used more than once in the final EARMARK document. For instance, the “r_refrain_2” range is used both in the refrain of the song and in the last chord of the refrain.</ns1:p><ns1:p pattern="Block">Using these ranges we can now create the leaf markup items, i.e. all the attributes and all the<ns1:i pattern="Inline">first-level</ns1:i>elements. The latter are all the elements that have a simple content, i.e., sequences of ranges and attributes only.</ns1:p><ns1:p pattern="Block">Given an e-GODDAG node<ns1:i pattern="Inline">N</ns1:i>, an EARMARK markup item is made as follows:</ns1:p><ns1:ul pattern="Table" type="bullet"><ns1:li pattern="Container"><ns1:p pattern="Block">it has an identifier generated randomly;</ns1:p></ns1:li><ns1:li pattern="Container"><ns1:p pattern="Block">the name of<ns1:i pattern="Inline">N</ns1:i>, if it exists, is the general identifier;</ns1:p></ns1:li><ns1:li pattern="Container"><ns1:p pattern="Block">all children non-terminal nodes of<ns1:i pattern="Inline">N</ns1:i>are translated into individual markup items. They are recursively generated with these same rules;</ns1:p></ns1:li><ns1:li pattern="Container"><ns1:p pattern="Block">the ranges corresponding to the text content end up as the sequence of the new markup item.</ns1:p></ns1:li></ns1:ul><ns1:p pattern="Block">In the next piece of code we take into consideration both the e-GODDAG structure and the implicitly given XML description for all the markup items, that defines the kind –<ns1:i pattern="Inline">element</ns1:i>or<ns1:i pattern="Inline">attribute</ns1:i>– of each of them. For instance, the Turtle translation of the attribute class and of the p element of the refrain, using the ranges previously defined, is:</ns1:p><ns1:p class="code" pattern="Block">e:attr_refrain_class a :Attribute , [ a rdf:Bag ; rdf:_1 e:r_attribute_class_refrain ] ; :has-general-identifier "class"^^xsd:string .e:refrain_div a :Element , [ a rdf:Seq ; rdf:_1 e:attr_refrain_class ; rdf:_2 e:refrain_p ] ; :has-general-identifier "div"^^xsd:string .e:refrain_p a :Element , [ a rdf:Seq ; rdf:_1 e:r_refrain_1 ; rdf:_2 e:r_refrain_2 ] ; :has-general-identifier "p"^^xsd:string .</ns1:p><ns1:p pattern="Block">The difference between those leaf elements that are simply sequences of ranges and those that are sequences of attributes and ranges mirrors the difference between types in XML Schema<ns1:a class="ref" href="bib-19" pattern="Milestone"/>, with the former resembling simple type elements with simple content, and the latter resembling complex type elements with simple content and attributes.</ns1:p><ns1:p pattern="Block">The expressiveness of e-GODDAG's is clearly within EARMARK's : through EARMARK we can express general digraphs with or without<ns1:i pattern="Inline">repeatable edges</ns1:i>depending on the particular context we are taking into consideration.</ns1:p><ns1:p pattern="Block">Through such digraphs we can handle particular scenarios that involve overlapping – i.e. different elements partially dominate the same content, such as with chords and lines – as well as virtual elements – i.e. non-contiguous ranges are contained by a markup item, such as with the fun fact pop-up.</ns1:p><ns1:p pattern="Block">Finally, it is interesting to note that EARMARK is actually more expressive than e-GODDAGs. Consider the case of unordered items. Although e-GODDAGs always considers ordered markup items and ranges within a container, EARMARK allows us to specify whether the items are ordered or not, by simply using “rdf:Seq” and “rdf:Bag” container classes. The ordering of inner elements becomes a matter of explicit choice rather than implicitly given by the markup embedding.</ns1:p><ns1:p pattern="Block">Consequently, EARMARK even allows us to specify sequences of attributes, elements and ranges in any arbitrary order. Differently than XML, LMNL and TexMECS, EARMARK makes possible sequences in which attributes, elements and ranges are freely mixed in any order, including elements followed by attributes followed by other elements and so on. Moreover, the same global identifier can be specified for multiple attributes in the sequence (i.e., EARMARK allows multiple attributes with the same name for the same element). None of these situations is possible in any embedded markup model.</ns1:p></ns1:div></ns1:div><ns1:div class="section" id="embedding" pattern="HeadedContainer"><ns1:h1 pattern="Block">Embedding EARMARK documents</ns1:h1><ns1:p pattern="Block">The process of generating a linearized structure (such as an XML document) from a set of EARMARK annotations is not immediate mostly because of the substantially greater expressive power of EARMARK annotations. Without loss of generality, we will be describing a conversion to XML, since converting to LMNL or TexMecs will constitute a much simpler exercise of stopping the linearization a few steps earlier.</ns1:p><ns1:p pattern="Block">Although the conversion of any EARMARK subset that already describes a tree is obviously immediate and fully automatic, several different options exist for any further EARMARK annotations that we wish to linearize. Since these additional annotations are at odds with a tree-like structure, we need to use a few embedding tricks to obtain a well-formed XML document, and of course the choice of tricks to use is wide and rich. In this section we will explore the task of linearizing a chosen tree-shaped subset of the EARMARK document, and in the following section we will describe a few options for the remaining assertions.</ns1:p><ns1:p pattern="Block">The construction of the tree we envision is bottom up:</ns1:p><ns1:ul pattern="Table" type="bullet"><ns1:li pattern="Container"><ns1:p pattern="Block">the first step is deciding which docuverses (or fragments thereof) will constitute the content of the document, which the content of the attributes, and which, if any, will be ignored;</ns1:p></ns1:li><ns1:li pattern="Container"><ns1:p pattern="Block">then a subset of the first-level elements need to be chosen as well as the ranges they contain. Of course, no overlapping or reverse order ranges can be accepted as such;</ns1:p></ns1:li><ns1:li pattern="Container"><ns1:p pattern="Block">there might well be the situation whereby multiple independent sets of first-level elements exist, each of which is by itself non-overlapping, but combined with others would. In this situation, of course, only one set can be selected as the main hierarchy, and all others will need to employ an embedding trick to be expressed in the final linearized document. One possible way to do so is to create independent sets of elements and hierarchy over elements, and then choose the largest set as composing the principal hierarchy, and all others as candidates for tricks;</ns1:p></ns1:li><ns1:li pattern="Container"><ns1:p pattern="Block">mixed content elements are sequences of ranges and first-level elements, and are generated once all contained elements are ready;</ns1:p></ns1:li><ns1:li pattern="Container"><ns1:p pattern="Block">similarly, structure elements (only containing other elements) are available for creation once their content is already generated;</ns1:p></ns1:li><ns1:li pattern="Container"><ns1:p pattern="Block">finally, attributes and their ranges are selected as well and converted into linearized form and associated to their elements;</ns1:p></ns1:li><ns1:li pattern="Container"><ns1:p pattern="Block">the final result of this linearization is possibly a selection of separate and disjoint trees, each linearizing a connected component of the EARMARK document. It is then an linearization choice either to generate several independent XML documents or to employ the<ns1:i pattern="Inline">universal root</ns1:i>pattern<ns1:a class="footnote" href="sdfootnote11sym" pattern="Milestone"/>and include these structures within a single<ns1:i pattern="Inline">new</ns1:i>elements that become their container.</ns1:p></ns1:li></ns1:ul><ns1:p pattern="Block">Whatever is left out of this linearization process needs to be approached using one or more of the methods described in the next section.</ns1:p></ns1:div><ns1:div class="section" pattern="HeadedContainer"><ns1:h1 pattern="Block">Handling the remaining EARMARK structures</ns1:h1><ns1:p pattern="Block">Some kinds of EARMARK structures are not directly linearizable by embedding. In order to allow a full representation of the EARMARK document we therefore need to apply some stratagem to force the hierarchical structure to accept these<ns1:i pattern="Inline">remaining structures</ns1:i>.</ns1:p><ns1:p pattern="Block">Reasonably, frequent unmanaged structures would include:</ns1:p><ns1:ul pattern="Table" type="bullet"><ns1:li pattern="Container"><ns1:p pattern="Block">overlapping leaf elements referring to contiguous ranges;</ns1:p></ns1:li><ns1:li pattern="Container"><ns1:p pattern="Block">overlapping leaf elements referring to non-contiguous ranges;</ns1:p></ns1:li><ns1:li pattern="Container"><ns1:p pattern="Block">shared ranges;</ns1:p></ns1:li><ns1:li pattern="Container"><ns1:p pattern="Block">text variants;</ns1:p></ns1:li><ns1:li pattern="Container"><ns1:p pattern="Block">overlapping inner elements;</ns1:p></ns1:li><ns1:li pattern="Container"><ns1:p pattern="Block">structured attributes.</ns1:p></ns1:li></ns1:ul><ns1:p pattern="Block">In<ns1:a class="ref" href="embedding" pattern="Milestone"/>we listed the EARMARK assertions that could not be directly translated into an XML document. Let us examine a few potential approaches (which we call<ns1:i pattern="Inline">embedding</ns1:i><ns1:i pattern="Inline">tricks</ns1:i>) for forcing the conversion. A few of such approaches, as well as algorithms for passing from one to the other, are described in<ns1:a class="ref" href="bib-7" pattern="Milestone"/></ns1:p><ns1:div class="section" pattern="HeadedContainer"><ns1:h1 pattern="Block">Milestones</ns1:h1><ns1:p pattern="Block">Plain overlapping leaf elements (i.e. elements that partially share the text content, but no lower structures) may be forced into an XML structure via<ns1:i pattern="Inline">milestones</ns1:i>as proposed in CLIX<ns1:a class="ref" href="bib-20" pattern="Milestone"/>.</ns1:p><ns1:p pattern="Block">The open and close tags of the unconverted elements are considered as individual empty elements placed in the positions where they should reside. The attribute role specifies whether the empty element corresponds to a start or end tag, and the<ns1:i pattern="Inline">sID</ns1:i>and<ns1:i pattern="Inline">eID</ns1:i>attributes connect the two elements in a single conceptual one.</ns1:p><ns1:p class="code" pattern="Block">&lt;body&gt; &lt;div class=”stanza” title=”4”&gt; &lt;p&gt; &lt;chord name=”G”&gt;Will never&lt;/chord&gt; &lt;chord name=”A” clix:role=”start-range” clix:sID=”A”/&gt; die &lt;/p&gt; &lt;/div&gt; &lt;div class=”refrain”&gt; &lt;p&gt; And I &lt;chord name=”A” clix:role=”end-range” clix:eID=”A”/&gt; &lt;chord name=”D”&gt;love her&lt;/chord&gt; &lt;/p&gt; &lt;/div&gt; &lt;/body&gt;</ns1:p><ns1:p pattern="Block">Although easy to implement and appreciate, milestones are nonetheless limited in that only frontier overlapping (i.e., overlapping on ranges) is expressible.</ns1:p></ns1:div><ns1:div class="section" pattern="HeadedContainer"><ns1:h1 pattern="Block">Fragmentation</ns1:h1><ns1:p pattern="Block">Another approach is to use fragmentation as introduced by the TEI guidelines<ns1:a class="ref" href="bib-1" pattern="Milestone"/>.</ns1:p><ns1:p pattern="Block">Overlapping elements are separated in many multiple fragments each of which properly nests within their container. Individual fragments are then connected via attributes such as<ns1:i pattern="Inline">next</ns1:i>or<ns1:i pattern="Inline">previous</ns1:i>.</ns1:p><ns1:p class="code" pattern="Block">&lt;body&gt; &lt;div class=”stanza” title=”4”&gt; &lt;p&gt; &lt;chord name=”G”&gt;Will never&lt;/chord&gt; &lt;chord name=”A” xml:id=”a1” next=”a2”&gt;die&lt;/chord&gt; &lt;/p&gt; &lt;/div&gt; &lt;div class=”refrain”&gt; &lt;p&gt; &lt;chord name=”A” xml:id=”a2”&gt;And I&lt;/chord&gt; &lt;chord name=”D”&gt;love her&lt;/chord&gt; &lt;/p&gt; &lt;/div&gt; &lt;/body&gt;</ns1:p></ns1:div><ns1:div class="section" pattern="HeadedContainer"><ns1:h1 pattern="Block">Repetitions</ns1:h1><ns1:p pattern="Block">The easiest embedding trick for dealing with shared ranges is simply to multiply the instances of the corresponding text and possibly annotate that all instances except the first one is redundant.</ns1:p><ns1:p class="code" pattern="Block">&lt;p&gt; &lt;span class=”repeat” title=”r_refrain_1”&gt;And I &lt;/span&gt; &lt;span class=”repeat” title=”r_refrain_2”&gt;love her&lt;/span&gt; &lt;/p&gt;</ns1:p></ns1:div><ns1:div class="section" pattern="HeadedContainer"><ns1:h1 pattern="Block">Hidden variants</ns1:h1><ns1:p pattern="Block">When we have multiple variants of the same text, we may want to hide in substructures (such as attributes or subelements) the alternative variants.</ns1:p><ns1:p class="code" pattern="Block">&lt;p&gt;And I love &lt;span class=”alternative” title=”him”&gt;her&lt;/span&gt;&lt;/p&gt;</ns1:p></ns1:div><ns1:div class="section" pattern="HeadedContainer"><ns1:h1 pattern="Block">RDFa</ns1:h1><ns1:p pattern="Block">RDFa<ns1:a class="ref" href="bib-21" pattern="Milestone"/>allows arbitrary assertions to be placed on existing elements. It is understood that if an assertion exists over a text fragment that is not wrapped within an existing element, a generic element (such as the HTML<ns1:i pattern="Inline">span</ns1:i>) is added to allow for RDFa assertions to attach to the corresponding content.</ns1:p><ns1:p pattern="Block">For instance, support for overlapping inner structures are difficult to provide in either fragmentation or milestones, but become possible in RDFa. Consider for instance the sequence which contains individual chord elements and overlaps with the<ns1:i pattern="Inline">div</ns1:i>element containing individual<ns1:i pattern="Inline">p</ns1:i><ns1:i pattern="Inline"/>elements.</ns1:p><ns1:p pattern="Block">RDFa thus supports the specification of a virtual instance of the class Chords, expressed as a sequence of three instances of the Chord class (in fact, one instance each of subclasses GChord, AChord and DChord of the Chord class) as follows:</ns1:p><ns1:p class="code" pattern="Block">&lt;body about=”#Chs” typeof=”#Chords”&gt; &lt;div typeof=”rdf:Seq” property=”rdf:_1” href=”#G”&gt; &lt;p property=”rdf:_2” href=”#A”&gt; &lt;span about=”#G” typeof=”#GChord” property=”#has”&gt; Will never &lt;/span&gt; &lt;span about=”#A” typeof=”#AChord” property=”#has-first-part”&gt; die &lt;/span&gt; &lt;/p&gt; &lt;/div&gt; &lt;div property=”rdf:_3” href=”#D”&gt; &lt;p&gt; &lt;span about=”#A” property=”#has-second-part”&gt; And I &lt;/span&gt; &lt;span about=”#D” typeof=”#DChord” property=”has”&gt; love her &lt;/span&gt; &lt;/p&gt; &lt;/lg&gt; &lt;/body&gt;</ns1:p></ns1:div><ns1:div class="section" pattern="HeadedContainer"><ns1:h1 pattern="Block">Embedded RDF</ns1:h1><ns1:p pattern="Block">When all else fails, the fallback approach is simply to place the remaining assertions as an RDF/XML block in the XML structure, either in a block properly thought out for external vocabularies, or converted into some local vocabulary, or even as a lump of XML elements placed in a random position within the document.</ns1:p><ns1:p pattern="Block">This is useful, for instance, for dealing with structured attributes<ns1:i pattern="Inline">a la</ns1:i>LMNL<ns1:a class="ref" href="bib-6" pattern="Milestone"/>. In the following example, a RDF block is inserted in the XML document to provide support for the attribute<ns1:i pattern="Inline">name</ns1:i>of the<ns1:i pattern="Inline">chord</ns1:i>element, which contains a structure of two different values wrapped by elements<ns1:i pattern="Inline">normal</ns1:i>and<ns1:i pattern="Inline">jazzy</ns1:i>. This allows the<ns1:i pattern="Inline">name</ns1:i>of the<ns1:i pattern="Inline">chord</ns1:i>to cater for both a pop and a jazz rendering of the tune, while at the same time remaining one attribute of one element.</ns1:p><ns1:p class="code" pattern="Block">&lt;body&gt; &lt;rdf:RDF xmlns:rdf="<ns1:a href="http://www.w3.org/1999/02/22-rdf-syntax-ns#" pattern="Inline"/>" xmlns="<ns1:a href="http://www.essepuntato.it/2008/12/earmark#" pattern="Inline"/>"&gt; &lt;Attribute rdf:about="#attr_chord_structured"&gt; &lt;has-general-identifier rdf:datatype="xsd:string"&gt; name &lt;/has-general-identifier&gt; &lt;rdf:type&gt; &lt;rdf:Seq&gt; &lt;rdf:li rdf:resource="#normal"/&gt; &lt;rdf:li rdf:resource="#jazzy"/&gt; &lt;/rdf:Seq&gt; &lt;/rdf:type&gt; &lt;/Attribute&gt; &lt;Element rdf:about="#normal"&gt; &lt;has-general-identifier rdf:datatype="xsd:string"&gt; normal &lt;/has-general-identifier&gt; &lt;rdf:type&gt; &lt;rdfs:Bag&gt; &lt;rdf:li rdf:resource="#r_chord_D"/&gt; &lt;/rdfs:Bag&gt; &lt;/rdf:type&gt; &lt;/Element&gt; &lt;Element rdf:about="#jazzy"&gt; &lt;has-general-identifier rdf:datatype="xsd:string"&gt; jazzy &lt;/has-general-identifier&gt; &lt;rdf:type&gt; &lt;rdfs:Bag&gt; &lt;rdf:li rdf:resource="#r_chord_Dmaj7"/&gt; &lt;/rdfs:Bag&gt; &lt;rdf:type&gt; &lt;/Element&gt; &lt;rdf:RDF&gt; ... &lt;/body&gt;</ns1:p></ns1:div></ns1:div><ns1:div class="section" pattern="HeadedContainer"><ns1:h1 pattern="Block">Conclusions</ns1:h1><ns1:p pattern="Block">In this paper we presented the Extreme Annotational RDF Markup (EARMARK), a proposal for expressing GODDAGs (and e-GODDAG) structures in a general metamarkup language that does not rely on embedding, and that integrates the advantages of standoff annotations and embedded markup into a single unifying framework.</ns1:p><ns1:p pattern="Block">Through EARMARK authors can express a large number of markup assertions and observations that would otherwise be non expressible, including overlapping elements, elements over non contiguous ranges, repeated structures, text variants, overlapping hierarchies, structured attributes, etc.</ns1:p><ns1:p pattern="Block">In further work we plan both to explore the application of the structural patterns defined in<ns1:a class="ref" href="bib-22" pattern="Milestone"/>, trying to give a formal ontological demonstration if an EARMARK document follows them, and to explore, both formally and pragmatically, the expressive power of the EARMARK language and its applications.</ns1:p></ns1:div><ns1:div class="bibliography" id="bib" pattern="HeadedContainer"><ns1:h1 pattern="Block">Bibliography</ns1:h1><ns1:ul pattern="Table" type="number"><ns1:li id="bib-1" pattern="Container"><ns1:p pattern="Block">Sperberg-McQueen, C. M., Burnard, L. (2005). TEI P5 Guidelines for Electronic Text Encoding and Interchange (revised). The Association for Computers and the Humanities.</ns1:p></ns1:li><ns1:li id="bib-2" pattern="Container"><ns1:p pattern="Block">Schmidt, D., Colomb, R. (2009). A data structure for representing multi-version texts online. International Journal of Human-Computer Studies.</ns1:p></ns1:li><ns1:li id="bib-3" pattern="Container"><ns1:p pattern="Block">Iglesias, C., Squillace, M. (2009). Pointer Methods in RDF. W3C Working Draft availables in<ns1:a href="http://www.w3.org/TR/Pointer-in-RDF" pattern="Inline"/>.</ns1:p></ns1:li><ns1:li id="bib-4" pattern="Container"><ns1:p pattern="Block">Tummarello, G., Morbidni, C., Pierazzo, E. (2005). Toward textual encoding based on RDF. 9th ICCC Conference on Electronic Publishing (ELPUB 2005). Leuven, Belgium.</ns1:p></ns1:li><ns1:li id="bib-5" pattern="Container"><ns1:p pattern="Block">Sperberg-McQueen, C.M., Huitfeldt, C. (2004). GODDAG: A Data Structure for Overlapping Hierarchies. Lecture Notes In Computer Science. Springer.</ns1:p></ns1:li><ns1:li id="bib-6" pattern="Container"><ns1:p pattern="Block">Tennison, J., Piez, W. (2002). The Layered Markup and Annotation Language (LMNL). Paper presented at the Late breaking at Extreme Markup. Montreal, Canada.</ns1:p></ns1:li><ns1:li id="bib-7" pattern="Container"><ns1:p pattern="Block">Marinelli, P., Vitali, F., Zacchiroli, S. (2008). Towards the unification of formats for overlapping markup. The New Review of Hypermedia and Multimedia.</ns1:p></ns1:li><ns1:li id="bib-8" pattern="Container"><ns1:p pattern="Block">Tennison, J. (2008). Representing Overlap in XML. Article from “Jeni's Musings” blog, available in<ns1:a href="http://www.jenitennison.com/blog/node/97" pattern="Inline"/>.</ns1:p></ns1:li><ns1:li id="bib-9" pattern="Container"><ns1:p pattern="Block">DeRose, S., Maler, E., Daniel, R. (2001). XML Pointer Language (XPointer) Version 1.0. W3C Candidate Recommendation.</ns1:p></ns1:li><ns1:li id="bib-10" pattern="Container"><ns1:p pattern="Block">Manola, F., Miller, E. (2004). RDF Primer. W3C Recommendation.<ns1:a href="http://www.w3.org/TR/rdf-primer/" pattern="Inline"/>.</ns1:p></ns1:li><ns1:li id="bib-11" pattern="Container"><ns1:p pattern="Block">W3C OWL Working Group (2009). OWL 2 Web Ontology Language Document Overview. W3C Working Draft.<ns1:a href="http://www.w3.org/TR/owl2-overview/" pattern="Inline"/>.</ns1:p></ns1:li><ns1:li id="bib-12" pattern="Container"><ns1:p pattern="Block">Berglund, A., Boag, S., Chamberlin, D., Fernández, M. F., Kay, M., Robie, J., Siméon, J. (2007). XML Path Language (XPath) 2.0. W3C Recommendation.<ns1:a href="http://www.w3.org/TR/xpath20/" pattern="Inline"/>.</ns1:p></ns1:li><ns1:li id="bib-13" pattern="Container"><ns1:p pattern="Block">Becket, D., Berners-Lee, T. (2008). Turtle - Terse RDF Triple Language. W3C Team Submission.<ns1:a href="http://www.w3.org/TeamSubmission/turtle/" pattern="Inline"/>.</ns1:p></ns1:li><ns1:li id="bib-14" pattern="Container"><ns1:p pattern="Block">Nelson, T. (1980). Literary Machines: The report on, and of, Project Xanadu concerning word processing, electronic publishing, hypertext, thinkertoys, tomorrow's intellectual... including knowledge, education and freedom - Mindful Press, Sausalito, CA, USA.</ns1:p></ns1:li><ns1:li id="bib-15" pattern="Container"><ns1:p pattern="Block">Horrocks, I., Patel-Schneider, P. F., Boley, H. Tabet, S., Grosof, B., Dean, M. (2004). SWRL: A Semantic Web Rule Language Combining OWL and RuleML. W3C Member Submission.<ns1:a href="http://www.w3.org/Submission/SWRL/" pattern="Inline"/>.</ns1:p></ns1:li><ns1:li id="bib-16" pattern="Container"><ns1:p pattern="Block">Goldfarb, C. F. (1990). The SGML Handbook. Oxford University Press, USA.</ns1:p></ns1:li><ns1:li id="bib-17" pattern="Container"><ns1:p pattern="Block">Sperberg-McQueen, C. M., Huitfeldt, C. (2008). Markup Discontinued: Discontinuity in TexMecs, Goddag structures, and rabbit/duck grammars.</ns1:p></ns1:li><ns1:li id="bib-18" pattern="Container"><ns1:p pattern="Block">Huitfeldt, C., Sperberg-McQueen, C. M. (2001). TexMECS: An experimental markup meta-language for complex documents.</ns1:p></ns1:li><ns1:li id="bib-19" pattern="Container"><ns1:p pattern="Block">Thompson, H. S., Beech, D., Maloney, M., Mendelsohn, N. (2001). XML Schema Part 1: Structures. W3C Recommendation.<ns1:a href="http://www.w3.org/TR/xmlschema-1/" pattern="Inline"/>.</ns1:p></ns1:li><ns1:li id="bib-20" pattern="Container"><ns1:p pattern="Block">DeRose. S. (2004). Markup overlap: A review and a horse. In Extreme Markup Languages.</ns1:p></ns1:li><ns1:li id="bib-21" pattern="Container"><ns1:p pattern="Block">Adida, B., Birbeck, M., McCarron, S., Pemberton, S. (2008). RDFa in XHTML: Syntax and processing. W3C Recommendation. World Wide Web Consortium.<ns1:a href="http://www.w3.org/TR/rdfa-syntax/" pattern="Inline"/>.</ns1:p></ns1:li><ns1:li id="bib-22" pattern="Container"><ns1:p pattern="Block">Dattolo, A., Di Iorio, A., Duca, S., Feliziani, A.A., Vitali, F. (2007). Structural patterns for descriptive documents. In the Proceedings of the Seventh International Conference on Web Engineering 2007, Como, Italy, 2007.</ns1:p></ns1:li><ns1:li id="bib-23" pattern="Container"><ns1:p pattern="Block">Marcoux, Y. (2008). Graph characterization of overlap-only TexMECS and other overlapping markup formalisms. Paper presented at the Balisage: The Markup Conference.</ns1:p></ns1:li><ns1:li id="bib-24" pattern="Container"><ns1:p pattern="Block">Oliver Schonefeld und Andreas Witt (2006). Towards validation of concurrent markup. In: Proceedings of the Extreme Markup 2006, Montréal, Canada.</ns1:p></ns1:li></ns1:ul></ns1:div><ns1:div class="footnote" pattern="Table"><ns1:div id="sdfootnote1sym" pattern="Container"><ns1:p pattern="Block">Defined as the “set of partial or independent overlapping hierarchies in which the textual content between the tags is visible in some hierarchies but not in others”<ns1:a class="ref" href="bib-2" pattern="Milestone"/>.</ns1:p></ns1:div><ns1:div id="sdfootnote2sym" pattern="Container"><ns1:p pattern="Block">We will ignore, for the time being, that in the lyrics that are actually sung by the Beatles the first refrain is slightly different from the other ones, since they sing “I love her” instead of “and I love her”</ns1:p></ns1:div><ns1:div id="sdfootnote3sym" pattern="Container"><ns1:p pattern="Block">Even if a document order exists here, or is relevant, it is not reported avoiding to fill the picture with non-useful lines.</ns1:p></ns1:div><ns1:div id="sdfootnote4sym" pattern="Container"><ns1:p pattern="Block">. An issue to consider relates to another GODDAG constraint: no node can dominate another node both directly and indirectly. That simply means that we need to add an anonymous node for each repeated arc of a node, and just the repetitions, so that the we only have indirect dominance in all of them.</ns1:p></ns1:div><ns1:div id="sdfootnote5sym" pattern="Container"><ns1:p pattern="Block">In all code examples we will also be implying the following prefixes:</ns1:p><ns1:p class="code" pattern="Block">@prefix : &lt;http://www.essepuntato.it/2008/12/earmark#&gt; .@prefix rdf: &lt;http://www.w3.org/1999/02/22-rdf-syntax-ns#&gt; .@prefix rdfs: &lt;http://www.w3.org/2000/01/rdf-schema#&gt; .@prefix owl: &lt;http://www.w3.org/2002/07/owl#&gt; .@prefix xsd: &lt;http://www.w3.org/2001/XMLSchema#&gt; .@prefix swrl: &lt;http://www.w3.org/2003/11/swrl#&gt; .@prefix swrlb: &lt;http://www.w3.org/2003/11/swrlb#&gt; .</ns1:p></ns1:div><ns1:div id="sdfootnote6sym" pattern="Container"><ns1:p pattern="Block">Because of the functional property declarations of “begins” and “end” and the SWRL rules illustrated, an EARMARK document will be consistent if and only if the constraint is valid. Otherwise, there will be a range with two locations that refer to two different documents.</ns1:p></ns1:div><ns1:div id="sdfootnote7sym" pattern="Container"><ns1:p pattern="Block">An interesting example of<ns1:i pattern="Inline">semordnilap,</ns1:i>http://en.wikipedia.org/wiki/Palindrome#Semordnilaps</ns1:p></ns1:div><ns1:div id="sdfootnote8sym" pattern="Container"><ns1:p pattern="Block">It is a positive integer (including zero) if we are counting from the begin of the document to the end, and a negative integer for vice versa.</ns1:p></ns1:div><ns1:div id="sdfootnote9sym" pattern="Container"><ns1:p pattern="Block">The complete Turtle example if “And I Love Her” is available at “http://www.essepuntato.it/2009/01/andiloveher.ttl”.</ns1:p></ns1:div><ns1:div id="sdfootnote10sym" pattern="Container"><ns1:p pattern="Block">The prefix “e” refers to “http://www.essepuntato.it/2009/01/andiloveher#”.</ns1:p></ns1:div><ns1:div id="sdfootnote11sym" pattern="Container"><ns1:p pattern="Block">http://www.xmlpatterns.com/UniversalRootMain.shtml</ns1:p></ns1:div></ns1:div></ns1:body></ns1:iml>