<?xml version="1.0" encoding="UTF-8" standalone="yes"?>
<w:document xmlns:mv="urn:schemas-microsoft-com:mac:vml"
    xmlns:mo="http://schemas.microsoft.com/office/mac/office/2008/main"
    xmlns:ve="http://schemas.openxmlformats.org/markup-compatibility/2006"
    xmlns:o="urn:schemas-microsoft-com:office:office"
    xmlns:r="http://schemas.openxmlformats.org/officeDocument/2006/relationships"
    xmlns:m="http://schemas.openxmlformats.org/officeDocument/2006/math"
    xmlns:v="urn:schemas-microsoft-com:vml" xmlns:w10="urn:schemas-microsoft-com:office:word"
    xmlns:w="http://schemas.openxmlformats.org/wordprocessingml/2006/main"
    xmlns:wne="http://schemas.microsoft.com/office/word/2006/wordml"
    xmlns:wp="http://schemas.openxmlformats.org/drawingml/2006/wordprocessingDrawing"
    ve:Ignorable="mv" ve:PreserveAttributes="mv:*">
    <w:body>
        <w:p w:rsidR="00375DF9" w:rsidDel="00115309" w:rsidRDefault="00375DF9">
            <w:pPr>
                <w:rPr>
                    
                </w:rPr>
            </w:pPr>
            <w:del w:id="1" w:author="Silvio Peroni" w:date="2010-11-06T15:18:00Z">
                <w:r w:rsidDel="00115309">
                    <w:delText>Pippo</w:delText>
                </w:r>
            </w:del>
        </w:p>
        <w:p w:rsidR="00375DF9" w:rsidDel="00115309" w:rsidRDefault="00375DF9">
            <w:pPr>
                <w:rPr>
                    <w:del w:id="0" w:author="Silvio Peroni" w:date="2010-08-06T15:18:00Z"/>
                </w:rPr>
            </w:pPr>
            <w:del w:id="1" w:author="Silvio Peroni" w:date="2010-11-06T15:18:00Z">
                <w:r w:rsidDel="00115309">
                    <w:delText>Questo è il primo paragrafo</w:delText>
                </w:r>
            </w:del>
        </w:p>
        <w:p w:rsidR="008A6D2E" w:rsidDel="00FB3712" w:rsidRDefault="001709AB">
            <w:pPr>
                <w:rPr>
                    <w:ins w:id="0" w:author="Saturday Saturday" w:date="2010-09-27T18:11:00Z"/>
                    <w:del w:id="1" w:author="Sunday Sunday" w:date="2010-09-27T18:13:00Z"/>
                    <w:lang w:val="it-IT"/>
                </w:rPr>
            </w:pPr>
            <w:r>
                <w:rPr>
                    <w:lang w:val="it-IT"/>
                </w:rPr>
                <w:t>This para</w:t>
            </w:r>
            <w:del w:id="2" w:author="Wednesday Wednesday" w:date="2010-09-27T18:04:00Z">
                <w:r w:rsidDel="004509E3">
                    <w:rPr>
                        <w:lang w:val="it-IT"/>
                    </w:rPr>
                    <w:delText>graph will evolv</w:delText>
                </w:r>
            </w:del>
            <w:ins w:id="3" w:author="Wednesday Wednesday" w:date="2010-09-27T18:04:00Z">
                <w:r w:rsidR="004509E3">
                    <w:rPr>
                        <w:lang w:val="it-IT"/>
                    </w:rPr>
                    <w:t xml:space="preserve"> chang</w:t>
                </w:r>
            </w:ins>
            <w:r>
                <w:rPr>
                    <w:lang w:val="it-IT"/>
                </w:rPr>
                <w:t>e</w:t>
            </w:r>
            <w:ins w:id="4" w:author="Saturday Saturday" w:date="2010-09-27T18:11:00Z">
                <w:r w:rsidR="008A6D2E">
                    <w:rPr>
                        <w:lang w:val="it-IT"/>
                    </w:rPr>
                    <w:t>d.</w:t>
                </w:r>
            </w:ins>
            <w:ins w:id="5" w:author="Sunday Sunday" w:date="2010-09-27T18:13:00Z">
                <w:r w:rsidR="00FB3712" w:rsidDel="00FB3712">
                    <w:rPr>
                        <w:lang w:val="it-IT"/>
                    </w:rPr>
                    <w:t xml:space="preserve"> </w:t>
                </w:r>
            </w:ins>
        </w:p>
        <w:p w:rsidR="00146F68" w:rsidRPr="001709AB" w:rsidRDefault="00885EDB">
            <w:pPr>
                <w:rPr>
                    <w:lang w:val="it-IT"/>
                </w:rPr>
            </w:pPr>
            <w:ins w:id="6" w:author="Tuesday Tuesday" w:date="2010-09-27T18:01:00Z">
                <w:del w:id="7" w:author="Sunday Sunday" w:date="2010-09-27T18:13:00Z">
                    <w:r w:rsidDel="00FB3712">
                        <w:rPr>
                            <w:lang w:val="it-IT"/>
                        </w:rPr>
                        <w:delText>s</w:delText>
                    </w:r>
                </w:del>
            </w:ins>
            <w:del w:id="8" w:author="Sunday Sunday" w:date="2010-09-27T18:13:00Z">
                <w:r w:rsidR="001709AB" w:rsidDel="00FB3712">
                    <w:rPr>
                        <w:lang w:val="it-IT"/>
                    </w:rPr>
                    <w:delText xml:space="preserve"> during this week</w:delText>
                </w:r>
            </w:del>
            <w:ins w:id="9" w:author="Thursday Thursday" w:date="2010-09-27T18:06:00Z">
                <w:del w:id="10" w:author="Sunday Sunday" w:date="2010-09-27T18:13:00Z">
                    <w:r w:rsidR="00DF2C17" w:rsidDel="00FB3712">
                        <w:rPr>
                            <w:lang w:val="it-IT"/>
                        </w:rPr>
                        <w:delText>: s</w:delText>
                    </w:r>
                </w:del>
            </w:ins>
            <w:ins w:id="11" w:author="Saturday Saturday" w:date="2010-09-27T18:11:00Z">
                <w:del w:id="12" w:author="Sunday Sunday" w:date="2010-09-27T18:13:00Z">
                    <w:r w:rsidR="008A6D2E" w:rsidDel="00FB3712">
                        <w:rPr>
                            <w:lang w:val="it-IT"/>
                        </w:rPr>
                        <w:delText>S</w:delText>
                    </w:r>
                </w:del>
            </w:ins>
            <w:ins w:id="13" w:author="Thursday Thursday" w:date="2010-09-27T18:06:00Z">
                <w:del w:id="14" w:author="Sunday Sunday" w:date="2010-09-27T18:13:00Z">
                    <w:r w:rsidR="00DF2C17" w:rsidDel="00FB3712">
                        <w:rPr>
                            <w:lang w:val="it-IT"/>
                        </w:rPr>
                        <w:delText xml:space="preserve">ome content </w:delText>
                    </w:r>
                </w:del>
            </w:ins>
            <w:ins w:id="15" w:author="Friday Friday" w:date="2010-09-27T18:08:00Z">
                <w:del w:id="16" w:author="Sunday Sunday" w:date="2010-09-27T18:13:00Z">
                    <w:r w:rsidR="00241C5E" w:rsidDel="00FB3712">
                        <w:rPr>
                            <w:lang w:val="it-IT"/>
                        </w:rPr>
                        <w:delText>i</w:delText>
                    </w:r>
                </w:del>
            </w:ins>
            <w:ins w:id="17" w:author="Thursday Thursday" w:date="2010-09-27T18:06:00Z">
                <w:del w:id="18" w:author="Sunday Sunday" w:date="2010-09-27T18:13:00Z">
                    <w:r w:rsidR="00DF2C17" w:rsidDel="00FB3712">
                        <w:rPr>
                            <w:lang w:val="it-IT"/>
                        </w:rPr>
                        <w:delText>s added, some removed.</w:delText>
                    </w:r>
                </w:del>
            </w:ins>
            <w:del w:id="19" w:author="Sunday Sunday" w:date="2010-09-27T18:13:00Z">
                <w:r w:rsidR="001709AB" w:rsidDel="00FB3712">
                    <w:rPr>
                        <w:lang w:val="it-IT"/>
                    </w:rPr>
                    <w:delText>.</w:delText>
                </w:r>
            </w:del>
        </w:p>
        <w:sectPr w:rsidR="00146F68" w:rsidRPr="001709AB" w:rsidSect="00146F68">
            <w:pgSz w:w="11900" w:h="16840"/>
            <w:pgMar w:top="1417" w:right="1134" w:bottom="1134" w:left="1134" w:header="708"
                w:footer="708" w:gutter="0"/>
            <w:cols w:space="708"/>
        </w:sectPr>
    </w:body>
</w:document>
