<?xml version="1.0" encoding="UTF-8"?><ns1:article xmlns:ns1="http://docbook.org/ns/docbook" pattern="HeadedContainer" version="5.0-subset Balisage-1.2"><ns1:title pattern="Block" structure="Title ">Automatic upconversion using XSLT 2.0 and XProc: A real world example</ns1:title><ns1:info pattern="Record" structure="FrontMatter "><ns1:confgroup pattern="Record"><ns1:conftitle pattern="Field">Balisage: The Markup Conference 2010</ns1:conftitle><ns1:confdates pattern="Field">August 3 - 6, 2010</ns1:confdates></ns1:confgroup><ns1:abstract pattern="Container"><ns1:para pattern="Block" structure="Paragraph ">All too much of the data on the Web appears in unstructured presentation-centric formatting that isn't suited for structured searching and retrieval. Upconversion to a more data-centric information storage format offers a potential for many new uses of the data. The starting point of our work is a collection of HTML documents containing video game reviews. Our goal is to describe a target XML format that supports certain elements and attributes containing information that we consider valuable. Furthermore, the conversion process itself should be carried out automatically by means of an XProc pipeline. We conclude our paper with a demonstration of typical benefits of the highly structured data that results from our conversions.</ns1:para></ns1:abstract><ns1:author pattern="Record"><ns1:personname pattern="Record"><ns1:firstname pattern="Field">Stefanie</ns1:firstname><ns1:surname pattern="Field">Haupt</ns1:surname></ns1:personname><ns1:personblurb pattern="Container"><ns1:para pattern="Block" structure="Paragraph ">Stefanie Haupt is currently finishing her education for an M.A. degree in Literary Criticism, Text Technology, and Sociology at Bielefeld University. Her main research interest focuses on markup and schema languages, with emphasis on XML databases and querying.</ns1:para></ns1:personblurb></ns1:author><ns1:author pattern="Record"><ns1:personname pattern="Record"><ns1:firstname pattern="Field">Maik</ns1:firstname><ns1:surname pattern="Field">StÃ&#131;Â¼hrenberg</ns1:surname></ns1:personname><ns1:personblurb pattern="Container"><ns1:para pattern="Block" structure="Paragraph ">Maik StÃ&#131;Â¼hrenberg studied Computational Linguistics at Bielefeld University. After working for four years as research assistant at Giessen University in different text-technological projects, he is now a Ph. D. student and research assistant at Bielefeld University. His main research interests include XML schema languages and specifications for structuring and querying multi-dimensional annotated data.</ns1:para></ns1:personblurb></ns1:author><ns1:legalnotice pattern="Container"><ns1:para pattern="Block" structure="Paragraph ">Copyright Ã&#130;Â© 2010 by the authors. Used with permission.</ns1:para></ns1:legalnotice></ns1:info><ns1:section xmlns:ns3="http://www.w3.org/XML/1998/namespace" xml:id="Introduction" pattern="HeadedContainer" structure="Section "><ns1:title pattern="Block" structure="SectionTitle ">Introduction</ns1:title><ns1:para pattern="Block" structure="Paragraph ">Vast collections of information are stored in HTML files distributed over millions of Web pages through the Internet. Among these quite valuable data can often be found; however, HTML does not offer a large pool of semantically motivated elements or attributes for annotating arbitrary data, since the language was originally created for hypertexts. Although CSS microformats<ns1:xref linkend="bibSuda2006" pattern="Milestone"/>may be used to add semantic value to structuring elements (e.g.<ns1:code pattern="Atom">div</ns1:code>and<ns1:code pattern="Atom">span</ns1:code>), most information is buried underneath a "tag soup" of<ns1:code pattern="Atom">td</ns1:code>,<ns1:code pattern="Atom">p</ns1:code>or<ns1:code pattern="Atom">div</ns1:code>elements that allow no inference about their content. In contrast, we can have information that is highly structured in terms of very specialized XML markup using a document grammar (DTD<ns1:xref linkend="bibSGML" pattern="Milestone"/>,<ns1:xref linkend="bibXML1.0" pattern="Milestone"/>, XSD<ns1:xref linkend="bibW3C.XMLSchemaPrimer" pattern="Milestone"/>or RELAX NG<ns1:xref linkend="bibRelaxNG" pattern="Milestone"/>) that allows for easy retrieving of very specific information. A real world example where the origin of our data is a collection of (sometimes even invalid) HTML 4.01<ns1:xref linkend="bibHTML4.01" pattern="Milestone"/>Web pages storing documents of video game reviews is a good candidate for demonstrating how value can be added through better markup. Our goal is to transform these into fully structured and valid XML instance documents that allow different queries about the information. Since we are confronted with several hundred reviews, an automated conversion process is valuable. As an additional goal, we would like to stay in the realm of XML techniques; for example, we would like to avoid using non-XML-aware software such as general-purpose scripting languages (e.g. Perl, Python).</ns1:para></ns1:section><ns1:section xmlns:ns3="http://www.w3.org/XML/1998/namespace" xml:id="data" pattern="HeadedContainer" structure="Section "><ns1:title pattern="Block" structure="SectionTitle ">The data</ns1:title><ns1:section pattern="HeadedContainer" structure="Section "><ns1:title pattern="Block" structure="SectionTitle ">Information content</ns1:title><ns1:para pattern="Block" structure="Paragraph ">Video games are a part of today's culture and are available in a huge variety in terms of supported game system, genre and Ã¢â&#130;¬â&#128;&#157; of course Ã¢â&#130;¬â&#128;&#157; quality. Finding a game that fits both one's hardware requirements and favored genre is a relatively easy task to accomplish, but basing the decision to buy a specific game only on the text written on the back of its case is daring at least. Impartial (more or less) reviews of video games may help to clarify if the money is well spent in the long run by providing rating systems for features such as graphics, sound, atmosphere or overall score (usually higher scores are better). The team of the German<ns1:emphasis pattern="Inline" role="ital">Mag'64</ns1:emphasis>Web site<ns1:footnote pattern="Popup" structure="Footnote "><ns1:para pattern="Block" structure="Paragraph "><ns1:link xmlns:ns2="http://www.w3.org/1999/xlink" ns2:actuate="onRequest" ns2:href="http://www.mag64.de/" ns2:show="new" ns2:type="simple" pattern="Inline"/>, for the current site.</ns1:para></ns1:footnote>has tested video games for over eight years, gathering over 1500 reviews, each consisting of a single HTML Web page. Each document contains information about the game being tested, the review, including a general judgement, and images and screenshots. This information is quite valuable since among the provided items are general ones such as the title, system, or publisher, but in addition more specific items such as number of players, genre, age rating and difficulty. The review consists of running text' while the final verdict and pros and cons are summarized in a tabular view. The data we have to deal with consists generally of two types of reviews, which we call "Type A" and "Type B". Type A was used during the years 2001 through 2004, while Type B was introduced in the Autumn of 2004.</ns1:para></ns1:section><ns1:section pattern="HeadedContainer" structure="Section "><ns1:title pattern="Block" structure="SectionTitle ">Technical analysis</ns1:title><ns1:para pattern="Block" structure="Paragraph ">From a technical point of view the data is stored in HTML Web pages. Because HTML's original task is to structure hypertexts, it lacks specific elements and attributes for annotating the information we are interested in. Furthermore, the markup of our test data is very focussed on presentation, that is, general HTML elements such as<ns1:code pattern="Atom">div</ns1:code>,<ns1:code pattern="Atom">p</ns1:code>,<ns1:code pattern="Atom">td</ns1:code>are used for physically structuring the information according to a given layout. While the two review types, A and B, do not differ regarding their information content, there are differences in the markup techniques used.</ns1:para><ns1:section pattern="HeadedContainer" structure="Section "><ns1:title pattern="Block" structure="SectionTitle ">Type A</ns1:title><ns1:para pattern="Block" structure="Paragraph ">The Type A review was originally used as part of an HTML frameset. While one frame contained a menu for navigating through the whole service, the second frame stored a single review in the form of a HTML Page. This page lacks an HTML Doctype declaration, and typical copy and paste errors can be found, including end tags without preceding start tags, wrong attributes, etc. The<ns1:code pattern="Atom">img</ns1:code>element for embedded graphics lacks the required<ns1:code pattern="Atom">alt</ns1:code>attribute.<ns1:footnote pattern="Popup" structure="Footnote "><ns1:para pattern="Block" structure="Paragraph ">Although the<ns1:code pattern="Atom">alt</ns1:code>attribute has been marked as optional in<ns1:xref linkend="bibHTML3.2" pattern="Milestone"/>,<ns1:xref linkend="bibHTML4.01" pattern="Milestone"/>introduced in 1999 and<ns1:xref linkend="bibHTML.ISO" pattern="Milestone"/>, requires its use.</ns1:para></ns1:footnote>Furthermore, no information about the character encoding is given, which leads to encoding errors since German umlauts and other special characters were used.</ns1:para><ns1:para pattern="Block" structure="Paragraph "><ns1:xref linkend="fig.html.start" pattern="Milestone"/>shows an excerpt of an Type A review.</ns1:para><ns1:figure xml:id="fig.html.start" pattern="Container"><ns1:title pattern="Block">Type A beginning of document</ns1:title><ns1:programlisting xml:space="preserve" pattern="Block">&lt;html&gt; &lt;head&gt; &lt;title&gt;Mag64&lt;/title&gt; &lt;/head&gt; &lt;body bgcolor="#FFFFFF" text="#000000" link="#0000FF" vlink="#990099" alink="#FF0000" leftmargin="2" topmargin="2" marginwidth="2" marginheight="2"&gt;&lt;a name="page_top"&gt; &lt;table width="98%" border="0" cellspacing="5" cellpadding="0" height="170" align="center"&gt; &lt;tr&gt; &lt;td width="35%" align="left" valign="top"&gt; &lt;img src="ray3logo.jpg"&gt; &lt;/td&gt; &lt;td width="33%" align="left" valign="top" bgcolor="#CCCCCC"&gt; &lt;p&gt;&lt;font face="Arial, Helvetica, sans-serif" size="3"&gt;&lt;u&gt; &lt;font face="Arial, Helvetica, sans-serif" size="3"&gt;SYSTEM: &lt;/font&gt; &lt;/u&gt;&lt;font face="Arial, Helvetica, sans-serif" size="3"&gt; &amp;nbsp;&amp;nbsp;&amp;nbsp;&amp;nbsp;&amp;nbsp;&amp;nbsp;&amp;nbsp;&amp;nbsp; &amp;nbsp;&amp;nbsp;&lt;i&gt;GCN - PAL&lt;/i&gt;&lt;/font&gt;&lt;u&gt;&lt;br&gt; ENTWICKLER:&lt;/u&gt; &lt;i&gt;Ubi Soft&lt;/i&gt;&lt;/font&gt;&lt;br&gt; &lt;u&gt;&lt;font face="Arial, Helvetica, sans-serif" size="3"&gt; GENRE:&lt;/font&gt;&lt;/u&gt;&lt;font face="Arial, Helvetica, sans-serif" size="3"&gt; &amp;nbsp;&amp;nbsp;&amp;nbsp;&amp;nbsp;&amp;nbsp;&amp;nbsp;&amp;nbsp;&amp;nbsp; &amp;nbsp;&amp;nbsp;&amp;nbsp;&amp;nbsp;&lt;i&gt;Jump'n Run&lt;/i&gt;&lt;/font&gt; &lt;font face="Arial, Helvetica, sans-serif" size="3"&gt;&lt;i&gt;&lt;br&gt; &lt;/i&gt;&lt;/font&gt;&lt;u&gt;&lt;font face="Arial, Helvetica, sans-serif" size="3"&gt;SPIELER:&lt;/font&gt;&lt;/u&gt;&lt;font face="Arial, Helvetica, sans-serif" size="3"&gt; &amp;nbsp;&amp;nbsp;&amp;nbsp;&amp;nbsp;&amp;nbsp;&amp;nbsp;&amp;nbsp;&amp;nbsp; &amp;nbsp;&lt;i&gt;1-4 Spieler&lt;/i&gt;&lt;/font&gt;&lt;br&gt;</ns1:programlisting></ns1:figure><ns1:para pattern="Block" structure="Paragraph ">This markup we have to deal with is very presentation-focussed: semantic markup such as<ns1:code pattern="Atom">h1</ns1:code>or<ns1:code pattern="Atom">h2</ns1:code>that could be used for structuring the text is not used at all. The title of the game can only be found in the running text or in the graphic image referred by the<ns1:code pattern="Atom">img</ns1:code>element Ã¢â&#130;¬â&#128;&#157; and sometimes in external cheats or tricks documents that are referred to from the review page (the term "CHEATS: JA" in<ns1:xref linkend="fig.head" pattern="Milestone"/>). All useful information is buried deep inside HTML's<ns1:code pattern="Atom">table</ns1:code>elements, and the page lacks any<ns1:code pattern="Atom">meta</ns1:code>elements for storing additional information. Spacing between different parts of the text was introduced by using HTML's &amp;nbsp; entity, while the whole markup is layout oriented, using<ns1:code pattern="Atom">font</ns1:code>,<ns1:code pattern="Atom">i</ns1:code>and<ns1:code pattern="Atom">u</ns1:code>elements. Sometimes font elements with identical formatting options are embedded into each other resulting in a tag soup. Emphases are arranged solely by selecting "size 3" fonts.</ns1:para><ns1:para pattern="Block" structure="Paragraph ">The running text of the review is distributed among different<ns1:code pattern="Atom">table</ns1:code>elements, establishing a print-like layout. Each review begins with two blocks containing meta-information, such as system, genre, number of players, etc.</ns1:para><ns1:figure xml:id="fig.head" pattern="Container" structure="FigureBox "><ns1:title pattern="Block">Typical view of the beginning of a Type A document</ns1:title><ns1:mediaobject pattern="Container"><ns1:imageobject pattern="Container"><ns1:imagedata fileref="../../../vol5/graphics/Haupt01/Haupt01-001.png" format="png" pattern="Meta" structure="Figure " width="70%"/></ns1:imageobject></ns1:mediaobject></ns1:figure><ns1:para pattern="Block" structure="Paragraph ">The Type A review ends with a tabular overview, consisting of the "pros" and "cons" of the game.</ns1:para></ns1:section><ns1:section pattern="HeadedContainer" structure="Section "><ns1:title pattern="Block" structure="SectionTitle ">Type B</ns1:title><ns1:para pattern="Block" structure="Paragraph ">The Type B reviews were established in the Autumn of 2004, coinciding with the release of the<ns1:trademark class="registered" pattern="Pattern">Nintendo DS</ns1:trademark>handheld console. Since this videogame console introduced some features that were unknown before (e.g. split-screen and the stylus input device), a new HTML template for reviewing video games was adapted. As a new meta-information item, an age rating was added, and the running text was subdivided by headings.</ns1:para><ns1:para pattern="Block" structure="Paragraph ">Most of the HTML pages contain a doctype declaration (incorrect for HTML 4.01), a reference to an externally declared CSS stylesheet and information about the character encoding (ISO-8859-1 Ã¢â&#130;¬â&#128;&#157; although the specified encoding is sometimes not correct, since some documents are encoded using the Windows-1252 charset or even UTF-8). In addition to the external CSS file, local formatting using attributes such as<ns1:code pattern="Atom">marginwidth</ns1:code>,<ns1:code pattern="Atom">bg-color</ns1:code>or<ns1:code pattern="Atom">border</ns1:code>can still be found. In general, the HTML pages are not valid according to the W3C validation service.<ns1:xref linkend="exstylesheet" pattern="Milestone"/>shows the mixture of different formatting options used.</ns1:para><ns1:para pattern="Block" structure="Paragraph "><ns1:figure xml:id="exstylesheet" pattern="Container"><ns1:title pattern="Block">Type B beginning of document</ns1:title><ns1:programlisting xml:space="preserve" pattern="Block">&lt;!DOCTYPE HTML PUBLIC "-//W3C//DTD HTML 4.01 Strict//EN" "http://www.w3.org/TR/html4/strict.dtd"&gt; &lt;html&gt;&lt;head&gt;&lt;title&gt;NDS 7 Wonders of the Ancient World&lt;/title&gt; &lt;meta http-equiv="Content-Type" content="text/html; charset=iso-8859-1"&gt; &lt;link rel="stylesheet" href="http://www.mag64.de/test.css" type="text/css"&gt;&lt;/head&gt; &lt;body marginwidth="0" marginheight="0" leftmargin="0" topmargin="0" bgcolor="#CCCCCC"&gt; &lt;table width="710" border="0" cellpadding="0" cellspacing="0" bgcolor="#CCCCCC"&gt;</ns1:programlisting></ns1:figure></ns1:para><ns1:para pattern="Block" structure="Paragraph ">A positive difference from the Type A is the fact that the title of the game appears (together with the platform it was released for) in HTML's<ns1:code pattern="Atom">title</ns1:code>element. Important information such as price or age rating are hidden inside a single<ns1:code pattern="Atom">div</ns1:code>element (<ns1:xref linkend="exstrings" pattern="Milestone"/>), divided by line breaks.</ns1:para><ns1:para pattern="Block" structure="Paragraph "><ns1:figure xml:id="exstrings" pattern="Container"><ns1:title pattern="Block">Hidden information</ns1:title><ns1:programlisting xml:space="preserve" pattern="Block">&lt;td width="226" valign="top" style="background-image:url (http://www.mag64.de/tr1.jpg)"&gt; &lt;div style="padding-left: 20px;padding-top: 23px"&gt; SPRACHH&amp;Uuml;RDE: Keine&lt;br&gt; MIKRO SUPPORT: Nein&lt;br&gt; ALTERSFREIGABE: &lt;a href="http://www.pegi.info" target="_blank"&gt;3+&lt;/a&gt;&lt;br&gt; TERMIN: Erh&amp;auml;ltlich&lt;br&gt; VIRTUAL SURROUND: Nein&lt;br&gt; PREIS: ca.20 Euro&lt;br&gt; KOMPLETTL&amp;Ouml;SUNG: Nein&lt;br&gt; CHEATS / TIPPS: Nein&lt;br&gt; LESERMEINUNGEN: Nein&lt;/td&gt;</ns1:programlisting></ns1:figure></ns1:para><ns1:para pattern="Block" structure="Paragraph ">In contrast to the Type A reviews, subheadings are included; however, these are not marked up by HTML's inherent<ns1:code pattern="Atom">h1</ns1:code>through<ns1:code pattern="Atom">h6</ns1:code>elements but by using formatting elements such as<ns1:code pattern="Atom">b</ns1:code>and<ns1:code pattern="Atom">font</ns1:code>.</ns1:para><ns1:para pattern="Block" structure="Paragraph ">Both review types show HTML's inherent lack of support for highly structured data. Although our example application deals with document-centric texts, the data under observation contains important information that should be marked up explicitly.</ns1:para></ns1:section></ns1:section></ns1:section><ns1:section xmlns:ns3="http://www.w3.org/XML/1998/namespace" xml:id="dataInXML" pattern="HeadedContainer" structure="Section "><ns1:title pattern="Block" structure="SectionTitle ">Highly structured data</ns1:title><ns1:para pattern="Block" structure="Paragraph ">Our goal is to create an XML markup language capable of structuring the video game reviews of both Type A and B that have been discussed. This format should be used as representation format for the output of the conversion process that will be presented in the<ns1:xref linkend="conversion" pattern="Milestone"/>and could be used as a storage format for future review applications. Since we have already stated the input documents are often invalid (sometimes even not well-formed) and important information is buried inside HTML<ns1:code pattern="Atom">table</ns1:code>elements, having a document grammar for both validating the conversion process's output format and providing explicit markup of the important information is quite important for us. For these reasons, the use of a capable of full text search engine was not taken into account. We have chosen XML schema in favor of XML DTD because of its datatype library and especially for its support of user-defined simple and complexTypes<ns1:xref linkend="bibWalmsley2002" pattern="Milestone"/>. A RELAX NG schema (in combination with the XML schema datatype library) would have been another option, however, the broader support for XML schema supplied by the XSLT processor used during the conversion process tipped the scales for us (<ns1:xref linkend="fig.xsd.game" pattern="Milestone"/>).</ns1:para><ns1:figure xml:id="fig.xsd.game" pattern="Container" structure="FigureBox "><ns1:title pattern="Block">Game centered structure</ns1:title><ns1:mediaobject pattern="Container"><ns1:imageobject pattern="Container"><ns1:imagedata fileref="../../../vol5/graphics/Haupt01/Haupt01-002.png" format="png" pattern="Meta" structure="Figure "/></ns1:imageobject></ns1:mediaobject></ns1:figure><ns1:para pattern="Block" structure="Paragraph ">Each game can be identified by a unique<ns1:code pattern="Atom">xml:id</ns1:code>attribute, further optional attributes correspond to<ns1:code pattern="Atom">genre</ns1:code>and<ns1:code pattern="Atom">subgenre</ns1:code>, supporting an enumerated list of possible values which should help avoiding typical errors such as typos. Children of the<ns1:code pattern="Atom">game</ns1:code>element are the<ns1:code pattern="Atom">title</ns1:code>and<ns1:code pattern="Atom">platforms</ns1:code>elements, the latter consisting of at least either one<ns1:code pattern="Atom">handheldGameConsole</ns1:code>or<ns1:code pattern="Atom">videoGameConsole</ns1:code>, allowing to combine reviews of the same video game released on multiple platforms<ns1:footnote pattern="Popup" structure="Footnote "><ns1:para pattern="Block" structure="Paragraph ">The optional merging of different game instances can be carried out by an XQuery script.</ns1:para></ns1:footnote>. Both elements are derived by extension of the globally declared complexType<ns1:code pattern="Atom">consoleType</ns1:code>, sharing common information present in stationary and handheld game consoles (see<ns1:xref linkend="fig.consoleType" pattern="Milestone"/>for a graphical overview of the shared information).</ns1:para><ns1:figure xml:id="fig.consoleType" pattern="Container" structure="FigureBox "><ns1:title pattern="Block">A closer look at the complexType<ns1:code pattern="Atom">consoleType</ns1:code></ns1:title><ns1:mediaobject pattern="Container"><ns1:imageobject pattern="Container"><ns1:imagedata fileref="../../../vol5/graphics/Haupt01/Haupt01-003.png" format="png" pattern="Meta" structure="Figure "/></ns1:imageobject></ns1:mediaobject></ns1:figure><ns1:para pattern="Block" structure="Paragraph ">The<ns1:code pattern="Atom">release</ns1:code>element stores information about the date of release (using an<ns1:code pattern="Atom">xs:date</ns1:code>Type Attribute), the different languages and price. Children of the<ns1:code pattern="Atom">languages</ns1:code>element are<ns1:code pattern="Atom">spoken</ns1:code>,<ns1:code pattern="Atom">text</ns1:code>and<ns1:code pattern="Atom">handbook</ns1:code>elements, depicting information about the parts of the game that have been translated. The<ns1:code pattern="Atom">price</ns1:code>element has a<ns1:code pattern="Atom">currency</ns1:code>attribute that uses an enumerated list of possible values according to<ns1:xref linkend="bibISO4217" pattern="Milestone"/>.</ns1:para><ns1:para pattern="Block" structure="Paragraph ">An optional<ns1:code pattern="Atom">image</ns1:code>element can be used to represent box pictures or screenshots of the game reviewed.</ns1:para><ns1:para pattern="Block" structure="Paragraph ">As mentioned above, the<ns1:code pattern="Atom">handheldGameConsole</ns1:code>and<ns1:code pattern="Atom">videoGameConsole</ns1:code>elements are derived from the complexType<ns1:code pattern="Atom">consoleType</ns1:code>by extension. Although the additional elements<ns1:code pattern="Atom">techSpecs</ns1:code>and<ns1:code pattern="Atom">saving</ns1:code>use the same names, their content models are different with respect to the video game console, since, for example, the requirements for storing save games are different between handheld and stationary consoles. Only the<ns1:code pattern="Atom">videoGameConsole</ns1:code>element allows for the<ns1:code pattern="Atom">compatibleInputDevices</ns1:code>child element. Most of these elements use enumerated lists to eliminate possible typos and to ease the acquisition of new reviews.</ns1:para><ns1:para pattern="Block" structure="Paragraph ">The main part of the review is stored underneath the<ns1:code pattern="Atom">review</ns1:code>element that consists of the<ns1:code pattern="Atom">mainText</ns1:code>and<ns1:code pattern="Atom">conclusion</ns1:code>elements and further optional screenshots and that has a<ns1:code pattern="Atom">date</ns1:code>attribute and an<ns1:code pattern="Atom">author</ns1:code>attribute group. The running text is subdivided into optional headers and paragraphs, allowing a fine grained division of text parts and representing both review types.</ns1:para><ns1:para pattern="Block" structure="Paragraph ">The<ns1:code pattern="Atom">conclusion</ns1:code>element is used to store both further text (e.g. in a form of a final verdict similar to the Type B reviews) and the tabular-like lists of pros and cons, followed by the final<ns1:code pattern="Atom">score</ns1:code>element. Scoring can be expressed either via numeric values (using the<ns1:code pattern="Atom">percent</ns1:code>child element with its attributes<ns1:code pattern="Atom">graphics</ns1:code>,<ns1:code pattern="Atom">sound</ns1:code>(optional),<ns1:code pattern="Atom">multiplayer</ns1:code>(optional) and<ns1:code pattern="Atom">overall</ns1:code>) or through text, since both variants can be found in our sample data.</ns1:para><ns1:para pattern="Block" structure="Paragraph ">This grammar can not only be used to store the information coded in both review types but also is highly flexible for future extensions. Possible future extensions of the schema may include XSD 1.1 assertions, for example, to ensure that multiplayer scoring information is only allowed when the maximum number of players is greater than "1".</ns1:para></ns1:section><ns1:section xmlns:ns3="http://www.w3.org/XML/1998/namespace" xml:id="conversion" pattern="HeadedContainer" structure="Section "><ns1:title pattern="Block" structure="SectionTitle ">Upconversion</ns1:title><ns1:para pattern="Block" structure="Paragraph ">Our upconversion process begins in the typical manner by using XSLT 2.0 / XPath 2.0<ns1:xref linkend="bibKay2008" pattern="Milestone"/>. Because it requires multiple steps and must be applied to many files, we have encapsulated it in XProc.</ns1:para><ns1:section pattern="HeadedContainer" structure="Section "><ns1:title pattern="Block" structure="SectionTitle ">XSLT 2.0 benefits</ns1:title><ns1:para pattern="Block" structure="Paragraph ">In his paper "Up-conversion using XSLT 2.0" Michael Kay points out the great advances XSLT made when shifting to XSLT 2.0, and he provides a real-world example that makes heavy use of the new features. The key features which produce benefit for upconversion are in short schema-awareness, support for regular expression processing, better manipulation of strings, and advanced grouping possibilities. So tasks that formerly were often solved by using a general purpose scripting language like Perl or Python, by loading XML modules can be done equally well or better with XSLT 2.0 [See<ns1:xref linkend="bibKay2004" pattern="Milestone"/>for an elaborated example]. Our upconversion of the reviews mostly makes use of regular expression processing and string manipulation.</ns1:para><ns1:para pattern="Block" structure="Paragraph ">The documents are preprocessed into well formed XML using HTML Tidy.<ns1:footnote pattern="Popup" structure="Footnote "><ns1:para pattern="Block" structure="Paragraph "><ns1:link xmlns:ns2="http://www.w3.org/1999/xlink" ns2:actuate="onRequest" ns2:href="http://tidy.sourceforge.net" ns2:show="new" ns2:type="simple" pattern="Inline">http://tidy.sourceforge.net</ns1:link>for further details.</ns1:para></ns1:footnote>For the upconversion, both functions as well as named templates are used widely. The following snippet demonstrates the massive clean-up the stylesheet performs. It is taken from the extensive<ns1:code pattern="Atom">main</ns1:code>template, which uses a variable to hold the string with information about the genre of the reviewed game (<ns1:xref linkend="fig.xslt.genretemp" pattern="Milestone"/>). This string is checked for both Type A and Type B data equally but it is applied differently with respect to the structure.<ns1:figure xml:id="fig.xslt.genretemp" pattern="Container"><ns1:title pattern="Block">Extracting information</ns1:title><ns1:programlisting xml:space="preserve" pattern="Block">&lt;xsl:variable name="genreTemp"&gt; &lt;xsl:choose&gt; &lt;!-- new type --&gt; &lt;xsl:when test="/descendant::table[3]/descendant::td[2]/descendant::div[contains(.,'GEN')]"&gt; &lt;xsl:analyze-string select="/descendant::table[3]/descendant::td[2]/descendant::div[contains(.,'GEN')]" regex="GENRE:\s(.*)\sSPIEL"&gt; &lt;xsl:matching-substring&gt; &lt;xsl:value-of select="regex-group(1)"/&gt; &lt;/xsl:matching-substring&gt; &lt;/xsl:analyze-string&gt; &lt;/xsl:when&gt; &lt;!-- old type --&gt; &lt;xsl:otherwise&gt; &lt;xsl:value-of select="/descendant::table[1]/descendant::font[contains(.,'GEN')]/following::i[1]"/&gt; &lt;/xsl:otherwise&gt; &lt;/xsl:choose&gt; &lt;/xsl:variable&gt;</ns1:programlisting></ns1:figure>This variable is then checked against regular expressions to assign the respective value from the defined enumerated list.<ns1:xref linkend="fig.xslt.genrechoose" pattern="Milestone"/>demonstrates the assignment of some genres and a sub genre, implemented using case differentiation that takes advantage of the order of the test expressions.<ns1:figure xml:id="fig.xslt.genrechoose" pattern="Container"><ns1:title pattern="Block">Structuring information</ns1:title><ns1:programlisting xml:space="preserve" pattern="Block">&lt;xsl:when test="matches($genreTemp, 'A[\w\.\s]*Adv')"&gt; &lt;xsl:attribute name="genre"&gt;Action-Adventure&lt;/xsl:attribute&gt; &lt;/xsl:when&gt; &lt;!-- [...] --&gt; &lt;xsl:when test="matches ($genreTemp, '[sS]port|[bB]all|board|Golf|Box|[hH]ock|[tT]enn|Wrest')"&gt; &lt;xsl:attribute name="genre"&gt;Sport&lt;/xsl:attribute&gt; &lt;/xsl:when&gt; &lt;xsl:when test="matches($genreTemp, '[Aa]ction|Hack|[sS]hoot|Ego|PrÃ&#131;Â¼g|FPS')"&gt; &lt;xsl:attribute name="genre"&gt;Action&lt;/xsl:attribute&gt; &lt;xsl:choose&gt; &lt;xsl:when test="matches($genreTemp, 'Ego|FPS')"&gt; &lt;xsl:attribute name="subgenre"&gt;First Person Action&lt;/xsl:attribute&gt; &lt;/xsl:when&gt; &lt;!-- [...] --&gt;</ns1:programlisting></ns1:figure>Because the data varies a lot throughout the transformation, many case differentiations are used. To find the title of some documents information stored into external documents has to be taken into account. In<ns1:xref linkend="fig.xslt.title" pattern="Milestone"/>, a linked "cheats" or "tips" document is accessed to extract the game title that is hidden in the backlink to the review document.<ns1:figure xml:id="fig.xslt.title" pattern="Container"><ns1:title pattern="Block">Extracting the game title from an external document</ns1:title><ns1:programlisting xml:space="preserve" pattern="Block">&lt;xsl:when test="/descendant::table[2]/descendant::td[1]/div[1]/ descendant::a[doc-available(concat($filepath,(replace (attribute::href, '-i.htm', '-t.xml'))))]"&gt; &lt;xsl:variable name="doc" select="concat($filepath,replace (/descendant::table[2]/descendant::td[1]/div[1]/descendant::a/ attribute::href, '-i.htm', '-t.xml'))"/&gt; &lt;xsl:value-of select="document($doc,.)/descendant::table[1]/descendant::a[1]"/&gt; &lt;/xsl:when&gt;</ns1:programlisting></ns1:figure>Throughout the transformation many more requirements are met in carrying out the upconversion. The examples above are simply illustrative of the process without going into complete detail.</ns1:para></ns1:section><ns1:section xml:id="pipelining" pattern="HeadedContainer" structure="Section "><ns1:title pattern="Block" structure="SectionTitle ">Pipelining with XProc</ns1:title><ns1:para pattern="Block" structure="Paragraph ">XProc a new standard for automating processes like ours through an XML pipeline has been developed by the W3 working group<ns1:xref linkend="bibW3C.XProc2010" pattern="Milestone"/>. It has reached the status of W3C Recommendation on 11 May 2010 after being advanced to Proposed Recommendation in March 2010. The specification had been downgraded from Candidate Recommendation to Working Draft again in January to solve some issues. It has reached a fairly stable level now, and a book on XProc by Norman Walsh is in progress.<ns1:footnote pattern="Popup" structure="Footnote "><ns1:para pattern="Block" structure="Paragraph "><ns1:link xmlns:ns2="http://www.w3.org/1999/xlink" ns2:actuate="onRequest" ns2:href="http://norman.walsh.name/2010/04/12/xprocbook" ns2:show="new" ns2:type="simple" pattern="Inline">http://norman.walsh.name/2010/04/12/xprocbook</ns1:link>and<ns1:link xmlns:ns2="http://www.w3.org/1999/xlink" ns2:actuate="onRequest" ns2:href="http://xprocbook.com/" ns2:show="new" ns2:type="simple" pattern="Inline">http://xprocbook.com/</ns1:link>.</ns1:para></ns1:footnote>For our desired all-in-one XML solution, XProc is first choice to handle the pipeline.</ns1:para><ns1:para pattern="Block" structure="Paragraph ">The pipeline should process the documents that are stored locally in the filesystem recursively (<ns1:xref linkend="fig.filesystem" pattern="Milestone"/>). There are documents other than game reviews (e.g. cheats and tricks), and we need some of them to extract the titles of games, but most of these documents are discarded. One problem here is that while we can say from the filename what is most likely<ns1:emphasis pattern="Inline">not</ns1:emphasis>a test, but not what actually is.<ns1:figure xml:id="fig.filesystem" pattern="Container" structure="FigureBox "><ns1:title pattern="Block">An overview of the filesystem</ns1:title><ns1:mediaobject pattern="Container"><ns1:imageobject pattern="Container"><ns1:imagedata fileref="../../../vol5/graphics/Haupt01/Haupt01-004.png" pattern="Meta" structure="Figure "/></ns1:imageobject></ns1:mediaobject></ns1:figure>The pipeline will apply the following tasks to each HTML document:<ns1:itemizedlist pattern="Table" structure="List "><ns1:listitem pattern="Container"><ns1:para pattern="Block" structure="Paragraph ">Use HTML Tidy to transform the HTML input into well-formed XML</ns1:para></ns1:listitem><ns1:listitem pattern="Container"><ns1:para pattern="Block" structure="Paragraph ">Apply the XSLT script to the output of the former task using an XSLT 2.0 processor</ns1:para></ns1:listitem><ns1:listitem pattern="Container"><ns1:para pattern="Block" structure="Paragraph ">Validate the output files according to the XML schema</ns1:para></ns1:listitem><ns1:listitem pattern="Container"><ns1:para pattern="Block" structure="Paragraph ">Separate valid from invalid documents</ns1:para></ns1:listitem><ns1:listitem pattern="Container"><ns1:para pattern="Block" structure="Paragraph ">Provide a log of valid documents</ns1:para></ns1:listitem></ns1:itemizedlist>XProc suits these needs well, and, as an XML language, ensures perfect XML compatibility. For processing we use XML Calabash version 0.9.21.<ns1:footnote pattern="Popup" structure="Footnote "><ns1:para pattern="Block" structure="Paragraph "><ns1:link xmlns:ns2="http://www.w3.org/1999/xlink" ns2:actuate="onRequest" ns2:href="http://xmlcalabash.com/" ns2:show="new" ns2:type="simple" pattern="Inline">http://xmlcalabash.com/</ns1:link>for further details.</ns1:para></ns1:footnote>As another option, Calumet 1.0.11,<ns1:footnote pattern="Popup" structure="Footnote "><ns1:para pattern="Block" structure="Paragraph "><ns1:link xmlns:ns2="http://www.w3.org/1999/xlink" ns2:actuate="onRequest" ns2:href="https://community.emc.com/community/edn/xmltech" ns2:show="new" ns2:type="simple" pattern="Inline">https://community.emc.com/community/edn/xmltech</ns1:link>for further details.</ns1:para></ns1:footnote>was taken into account, but since Calumet currently does not support XPath 2.0, we stick to XML Calabash. We prepared the documents so the encoding of the files is either ISO-8859-1 or UTF-8 and the special characters are masked as numeric entities for the moment. Otherwise there would be encoding errors in the result XML documents. Since the pipeline shall take HTML documents as input and shall process all of them in sequential order some preparatory steps are used to make the documents accessible inside the XML pipeline.<ns1:xref linkend="fig.pipelinepreparations" pattern="Milestone"/>provides a simplified overview of the first steps of the pipeline.<ns1:figure xml:id="fig.pipelinepreparations" pattern="Container" structure="FigureBox "><ns1:title pattern="Block">Preparatory steps</ns1:title><ns1:mediaobject pattern="Container"><ns1:imageobject pattern="Container"><ns1:imagedata fileref="../../../vol5/graphics/Haupt01/Haupt01-005.png" pattern="Meta" structure="Figure "/></ns1:imageobject></ns1:mediaobject></ns1:figure>We chose<ns1:code pattern="Atom">p:declare-step</ns1:code>as root element for good control of input and output ports. Both are set to allow any number of documents. Since parameters are to be used for XSLT transformation, we need the optional input port "parameters" - because it is the only parameter port in the pipeline it is primary by default. The source directory HTML is bound to a variable and made accessible for the step<ns1:code pattern="Atom">p:directory-list</ns1:code>, which here returns the system-folders in c-namespace (<ns1:xref linkend="fig.pipeline.c.start" pattern="Milestone"/>).<ns1:figure xml:id="fig.pipeline.c.start" pattern="Container"><ns1:title pattern="Block">Setting the basics</ns1:title><ns1:programlisting xml:space="preserve" pattern="Block">&lt;?xml version="1.0"?&gt; &lt;p:declare-step xmlns:p="http://www.w3.org/ns/xproc" xmlns:c="http://www.w3.org/ns/xproc-step" name="main" version="1.0"&gt; &lt;p:input port="parameters" kind="parameter"/&gt; &lt;p:input port="source" sequence="true"/&gt; &lt;p:output port="result" sequence="true"&gt; &lt;p:pipe port="result" step="loglast"/&gt; &lt;/p:output&gt; &lt;p:variable name="input" select="'HTML'"/&gt; &lt;p:directory-list name="directories"&gt; &lt;p:with-option name="path" select="$input"/&gt; &lt;/p:directory-list&gt;</ns1:programlisting></ns1:figure>To advance deeper into the structure we use nested<ns1:code pattern="Atom">p:for-each</ns1:code>loops; of course, the output port needs to be set to accept sequences. Next we list the subdirectories, consisting mainly of game-folders (<ns1:xref linkend="fig.pipeline.c.loop" pattern="Milestone"/>).<ns1:figure xml:id="fig.pipeline.c.loop" pattern="Container"><ns1:title pattern="Block">The main loop</ns1:title><ns1:programlisting xml:space="preserve" pattern="Block">&lt;p:for-each name="directoryloop"&gt; &lt;p:output port="result" sequence="true"/&gt; &lt;p:iteration-source select="/c:directory/c:directory"/&gt; &lt;p:variable name="dirpath" select="concat($input,'/', c:directory/@name)"/&gt; &lt;p:directory-list name="subdirectories"&gt; &lt;p:with-option name="path" select="$dirpath"/&gt; &lt;/p:directory-list&gt;</ns1:programlisting></ns1:figure>Now we loop over the game-folders (not shown due to space restrictions) and prepare the files for accessibility. First we add the base-uri to get the complete filepath using<ns1:code pattern="Atom">p:make-absolute-uris</ns1:code>. Then we add slashes using<ns1:code pattern="Atom">p:string-replace</ns1:code>to ensure accordance to the file protocol. To make sure the file is accessible for the<ns1:code pattern="Atom">p:http-request</ns1:code>step we rename the element<ns1:code pattern="Atom">c:file</ns1:code>to<ns1:code pattern="Atom">c:request</ns1:code>.<ns1:footnote pattern="Popup" structure="Footnote "><ns1:para pattern="Block" structure="Paragraph ">We will need<ns1:code pattern="Atom">p:http-request</ns1:code>, although we work on the filesystem. This is because<ns1:code pattern="Atom">p:data</ns1:code>, which one could expect here, is not a step and therefore does not accept options.</ns1:para></ns1:footnote>Furthermore, we need to add the proper attributes for the<ns1:code pattern="Atom">p:http-request</ns1:code>step to work. Since there is no server involved and we do not want to work with binary data, we need to add the attribute<ns1:code pattern="Atom">override-content-type</ns1:code>and attach the value<ns1:code pattern="Atom">text/html</ns1:code>(<ns1:xref linkend="fig.pipeline.c.HTMLpreparations" pattern="Milestone"/>).<ns1:figure xml:id="fig.pipeline.c.HTMLpreparations" pattern="Container"><ns1:title pattern="Block">Preparing to process HTML</ns1:title><ns1:programlisting xml:space="preserve" pattern="Block">&lt;p:make-absolute-uris match="c:file/@name"&gt; &lt;p:with-option name="base-uri" select="concat($subdirpath, '/', c:directory/@name)"/&gt; &lt;/p:make-absolute-uris&gt; &lt;p:string-replace match="c:file/@name" replace="replace(., 'file:', 'file://')" name="replace"/&gt; &lt;p:rename match="c:file" new-name="c:request"/&gt; &lt;p:rename match="@name" new-name="href"/&gt; &lt;p:add-attribute match="c:request" attribute-name="method" attribute-value="get"/&gt; &lt;p:add-attribute match="c:request" attribute-name="override-content-type" attribute-value="text/html"/&gt;</ns1:programlisting></ns1:figure>Now we can process the HTML documents in sequence. We use a filter to exclude documents which are not reviews and will not help us to find game titles (<ns1:xref linkend="fig.pipeline.c.filter" pattern="Milestone"/>). These documents may be reader reviews that follow no certain structure, hardware reviews, or other texts. Files that may help us to find missing game titles contain these abbreviations:<ns1:code pattern="Atom">opt|chea|tipp|herz|guid|pass</ns1:code>.<ns1:figure xml:id="fig.pipeline.c.filter" pattern="Container"><ns1:title pattern="Block">Filtering documents not needed</ns1:title><ns1:programlisting xml:space="preserve" pattern="Block">&lt;p:filter name="filter" select="//c:request[matches(@href, '-i.htm')] except //c:request[matches(@href, 'les[0-9]|hardware|wifi|wiiware|leser|preview|xpl|wer\.')]"/&gt; &lt;p:for-each name="fileloop"&gt; &lt;p:output port="result" sequence="true"/&gt;</ns1:programlisting></ns1:figure>For the filtered documents, the second and, therefore, the main part of the pipeline is initiated (<ns1:xref linkend="fig.pipeline.main.part" pattern="Milestone"/>). If something goes wrong during the upconversion, we want to be able to check in which step and what the reason may be, so each of the main steps has its output stored apart from each other. We nest<ns1:code pattern="Atom">try-catch</ns1:code>clauses to ensure the flow of the pipeline.<ns1:figure xml:id="fig.pipeline.main.part" pattern="Container" structure="FigureBox "><ns1:title pattern="Block">An overview of the main steps</ns1:title><ns1:mediaobject pattern="Container"><ns1:imageobject pattern="Container"><ns1:imagedata fileref="../../../vol5/graphics/Haupt01/Haupt01-006.png" pattern="Meta" structure="Figure "/></ns1:imageobject></ns1:mediaobject></ns1:figure>The variable<ns1:code pattern="Atom">file</ns1:code>holds the URI of each file. It will be available throughout the loop and not only serve to get each file but to store each file in its given folder. So first we convert these files that pass the filter through HTML Tidy via<ns1:code pattern="Atom">p:exec</ns1:code>, which can take non-XML input and provides safety (<ns1:xref linkend="fig.pipeline.c.exec" pattern="Milestone"/>). We could use<ns1:code pattern="Atom">p:unescape-markup</ns1:code>in conjunction with Tagsoup 1.2<ns1:footnote pattern="Popup" structure="Footnote "><ns1:para pattern="Block" structure="Paragraph "><ns1:link xmlns:ns2="http://www.w3.org/1999/xlink" ns2:actuate="onRequest" ns2:href="http://ccil.org/~cowan/XML/tagsoup/" ns2:show="new" ns2:type="simple" pattern="Inline">http://ccil.org/~cowan/XML/tagsoup/</ns1:link>for further details.</ns1:para></ns1:footnote>or HTML Tidy as an alternative solution here, but as XML Calabash so far only implemented Tagsoup for reading HTML and the results from HTML Tidy and Tagsoup differ slightly, we stick to<ns1:code pattern="Atom">p:exec</ns1:code>. Calumet supports both HTML Tidy and Tagsoup for this step, but as we are using XPath 2.0 we cannot use this option. We set<ns1:code pattern="Atom">source-is-xml</ns1:code>to false and<ns1:code pattern="Atom">result-is-xml</ns1:code>to true. By default, result lines are wrapped, and the output of this step is also wrapped to ensure wellformed XML documents on the output port. We negate<ns1:code pattern="Atom">wrap-result-lines</ns1:code>and unwrap the output of the step. (Note that the arguments for HTML Tidy need to be in a single line.)<ns1:figure xml:id="fig.pipeline.c.exec" pattern="Container"><ns1:title pattern="Block">Using<ns1:code pattern="Atom">p:exec</ns1:code>to do a first cleanup</ns1:title><ns1:programlisting xml:space="preserve" pattern="Block">&lt;p:variable name="file" select="c:request/@href"/&gt; &lt;p:http-request/&gt; &lt;p:exec command="/usr/bin/tidy" source-is-xml="false" result-is-xml="true" wrap-result-lines="false"&gt; &lt;p:with-option name="args" select= "'--quiet yes --show-warnings no --output-xml yes --bare yes --doctype omit --numeric-entities yes --char-encoding utf8'"/&gt; &lt;/p:exec&gt; &lt;p:unwrap match="c:result"/&gt;</ns1:programlisting></ns1:figure></ns1:para><ns1:para pattern="Block" structure="Paragraph ">The output of this step is saved to folder "Tidied" as "filename.xml" and chained to the next step<ns1:code pattern="Atom">p:xslt</ns1:code>. As a precaution, this step along with the connected saving procedure is encapsulated into a try group. If any of this fails, we record the tidied file to the folder "Transform-failed". The<ns1:code pattern="Atom">p:xslt</ns1:code>step takes three input ports, one for the stylesheet, one for the XML document and one for parameters (<ns1:xref linkend="fig.pipeline.c.xslt" pattern="Milestone"/>). The filepath needs to be provided to the stylesheet to ensure reaching the documents that will be consulted for missing titles. The filename and system folder are processed inside the transformation as well.</ns1:para><ns1:figure xml:id="fig.pipeline.c.xslt" pattern="Container"><ns1:title pattern="Block">Transformation using parameters</ns1:title><ns1:programlisting xml:space="preserve" pattern="Block">&lt;p:xslt name="transform"&gt; &lt;p:input port="source"&gt; &lt;p:pipe port="result" step="tidy"/&gt; &lt;/p:input&gt; &lt;p:input port="stylesheet"&gt; &lt;p:document href="test2xml.xsl"/&gt; &lt;/p:input&gt; &lt;p:with-param name="xpr.platform" select="tokenize($file, '/')[last()-2]"&gt; &lt;p:pipe port="parameters" step="main"/&gt; &lt;/p:with-param&gt; &lt;p:with-param name="xpr.filename" select="substring-before(tokenize($file, '/')[last()], '-i.htm')"&gt; &lt;p:pipe port="parameters" step="main"/&gt; &lt;/p:with-param&gt; &lt;p:with-param name="xpr.filepath" select="$file"&gt; &lt;p:pipe port="parameters" step="main"/&gt; &lt;/p:with-param&gt; &lt;/p:xslt&gt;</ns1:programlisting></ns1:figure><ns1:para pattern="Block" structure="Paragraph ">If the transformation and the saving process can be executed successfully, the output of this step serves as input for<ns1:code pattern="Atom">p:validate-with-xml-schema</ns1:code>(<ns1:xref linkend="fig.pipeline.c.validation" pattern="Milestone"/>). Depending on the output of this step, the documents are saved separately. Valid documents can be found in the 'Schema-Valid' folder and the invalid in the 'Schema-Invalid' folder. (During the programming of the XSLT-Transformation, invalid documents give hints for expressions in need of improvement.)<ns1:figure xml:id="fig.pipeline.c.validation" pattern="Container"><ns1:title pattern="Block">Schema validation of transformation result</ns1:title><ns1:programlisting xml:space="preserve" pattern="Block">&lt;p:try&gt; &lt;p:group&gt; &lt;p:validate-with-xml-schema mode="strict" name="validate"&gt; &lt;p:input port="source"&gt; &lt;p:pipe port="result" step="transform"/&gt; &lt;/p:input&gt; &lt;p:input port="schema"&gt; &lt;p:document href="Struktur.xsd"/&gt; &lt;/p:input&gt; &lt;/p:validate-with-xml-schema&gt; &lt;p:store name="storeValid"&gt;&lt;!-- [...] --&gt;&lt;/p:store&gt; &lt;p:identity&gt; &lt;p:input port="source"&gt;&lt;p:pipe step="storeValid" port="result"/&gt;&lt;/p:input&gt; &lt;/p:identity&gt; &lt;/p:group&gt; &lt;p:catch&gt; &lt;p:identity&gt; &lt;p:input port="source"&gt;&lt;p:pipe step="transform" port="result"/&gt;&lt;/p:input&gt; &lt;/p:identity&gt; &lt;p:store name="storeInvalid"&gt;&lt;!-- [...] --&gt;&lt;/p:store&gt; &lt;/p:catch&gt; &lt;/p:try&gt;</ns1:programlisting></ns1:figure>The last steps of the pipeline follow after the loops and take the result of the loop started in<ns1:xref linkend="fig.pipeline.c.loop" pattern="Milestone"/>. Here we create an XML document which takes the<ns1:code pattern="Atom">c:result</ns1:code>elements returned by the step<ns1:code pattern="Atom">directoryloop</ns1:code>and lists them for an overview (<ns1:xref linkend="pipeline.c.logvalid" pattern="Milestone"/>).<ns1:figure xml:id="pipeline.c.logvalid" pattern="Container"><ns1:title pattern="Block">Logging the valid files</ns1:title><ns1:programlisting xml:space="preserve" pattern="Block">&lt;p:documentation&gt;Wrap result for info.&lt;/p:documentation&gt; &lt;p:wrap-sequence wrapper="directoryloop"/&gt; &lt;p:store name="loglast"&gt; &lt;p:with-option name="href" select="'file:///home/user/loglaststep.xml'"/&gt; &lt;p:with-option name="encoding" select="'UTF-8'"/&gt; &lt;p:with-option name="omit-xml-declaration" select="'false'"/&gt; &lt;p:with-option name="indent" select="'true'"/&gt; &lt;/p:store&gt;</ns1:programlisting></ns1:figure></ns1:para><ns1:para pattern="Block" structure="Paragraph ">This pipeline takes approximately half an hour to process the data, and is relatively independent of CPU speed on an average actual system. It results in 1573 schema-valid files.</ns1:para></ns1:section><ns1:section pattern="HeadedContainer" structure="Section "><ns1:title pattern="Block" structure="SectionTitle ">The result of the upconversion process</ns1:title><ns1:para pattern="Block" structure="Paragraph "><ns1:xref linkend="fig.instance" pattern="Milestone"/>shows an excerpt of an instance coded in the target output format according to the XML schema. The critical information is marked up with the help of appropriate elements or attributes. Conversions of a game (i.e., the release on different platforms) are supported, as well, by separating the general information such as title and genre from the platform for which the review is written. The verdict contains the list of "pro" and "con" items and the score (depending on the input review type, subdivided into single figures for game graphics, sound, multiplayer and overall) in a highly-structured form that allows easy access to relevant criteria.</ns1:para><ns1:figure xml:id="fig.instance" pattern="Container"><ns1:title pattern="Block">The result of the upconversion</ns1:title><ns1:programlisting xml:space="preserve" pattern="Block">&lt;?xml version="1.0" encoding="UTF-8"?&gt; &lt;game xml:id="d1" xmlns:xsi="http://www.w3.org/2001/XMLSchema-instance" xsi:noNamespaceSchemaLocation="Struktur.xsd" genre="Jump 'n' Run"&gt; &lt;title abbreviation="rayman3"&gt;Rayman3 Hoodlum Havoc&lt;/title&gt; &lt;platforms&gt; &lt;videoGameConsole type="GCN"&gt; &lt;developer&gt;Ubi Soft&lt;/developer&gt; &lt;difficulty min="1" max="6"/&gt; &lt;release&gt; &lt;languages&gt; &lt;spoken xml:lang="de"/&gt; &lt;/languages&gt; &lt;price currency="EUR"&gt;60&lt;/price&gt; &lt;/release&gt; &lt;player min="1" max="4"/&gt; &lt;techSpecs&gt; &lt;item&gt;PAL&lt;/item&gt; &lt;item&gt;GCN-GBA-Link&lt;/item&gt; &lt;/techSpecs&gt; &lt;saving mode="Memorycard" blocks="8"/&gt; &lt;compatibleInputDevices&gt; &lt;item&gt;Gamecube Controller&lt;/item&gt; &lt;item&gt;GBA&lt;/item&gt; &lt;/compatibleInputDevices&gt; &lt;review date="2003-02-24" authorFirstname="Matthias" authorLastname="Engert"&gt; &lt;mainText&gt; &lt;paragraph&gt;Bisher hat uns Ubi Soft ja (...)&lt;/paragraph&gt; &lt;paragraph&gt;Durch den Score werden (...)&lt;/paragraph&gt; &lt;paragraph&gt;(...)&lt;/paragraph&gt; &lt;/mainText&gt; &lt;conclusion&gt; &lt;pro&gt; &lt;item&gt;Unterhaltsames Gameplay&lt;/item&gt; &lt;/pro&gt; &lt;contra&gt; &lt;item&gt;Ende wird zu schnell erreicht&lt;/item&gt; &lt;/contra&gt; &lt;score&gt; &lt;percent graphics="85" sound="85" multiplayer="82" overall="82"/&gt; &lt;/score&gt; &lt;/conclusion&gt; &lt;/review&gt; &lt;/videoGameConsole&gt; &lt;/platforms&gt; &lt;/game&gt;</ns1:programlisting></ns1:figure></ns1:section></ns1:section><ns1:section xmlns:ns3="http://www.w3.org/XML/1998/namespace" xml:id="benefits" pattern="HeadedContainer" structure="Section "><ns1:title pattern="Block" structure="SectionTitle ">Benefits of highly structured data Ã¢â&#130;¬â&#128;&#157; searching for the game according to your flavour</ns1:title><ns1:para pattern="Block" structure="Paragraph ">The result instances of the automatic upconversion process discussed in the<ns1:xref linkend="conversion" pattern="Milestone"/>contains highly structured information. All relevant and important data that was formerly hidden inside HTML's<ns1:code pattern="Atom">table</ns1:code>element or as part of the running text can be accessed via XPath or XQuery expressions<ns1:xref linkend="bibChamberlin2004" pattern="Milestone"/>, allowing for easy retrieval of reviews of games of certain types or according to certain criteria such as genre, price, and score. While the original structure of the<ns1:emphasis pattern="Inline" role="ital">Mag'64</ns1:emphasis>Web site offered access to the review based on either the video game system or the name of the game, a full-text search engine was not implemented. We have<!--deployed-->developed some sample XQuery queries that allow for a different kind of retrieval of game reviews.</ns1:para><ns1:section pattern="HeadedContainer" structure="Section "><ns1:title pattern="Block" structure="SectionTitle ">Alternative access to the reviews</ns1:title><ns1:para pattern="Block" structure="Paragraph ">The query<ns1:code pattern="Atom">genres.xq</ns1:code>uses two parameters, genre and platform, to search for games of a certain genre on a specific platform by using a collection of all valid XML instance documents.<ns1:xref linkend="genres.xq.result" pattern="Milestone"/>shows the output of the<ns1:code pattern="Atom">genres.xq</ns1:code>with the value "Wii" for the platform parameter and the value "Puzzle" supplied for the genre paramater. Since this query was originally developed as a alternative access mechanism, the information returned is very sparse. However, in combination with<!--an-->(X)HTML output containing hyperlinks to the respective review page, it would be sufficient.</ns1:para><ns1:figure xml:id="genres.xq.result" pattern="Container"><ns1:title pattern="Block">Result example for<ns1:code pattern="Atom">genres.xq</ns1:code></ns1:title><ns1:programlisting xml:space="preserve" pattern="Block">&lt;?xml version="1.0" encoding="UTF-8"?&gt; &lt;games on="Wii" type="Puzzle"&gt; &lt;instance score="85" abbreviation="pqwii"&gt;Puzzle Quest: Challenge of the Warlords&lt;/instance&gt; &lt;instance score="80" abbreviation="jewel"&gt;Jewel Master: Cradle of Rom&lt;/instance&gt; &lt;instance score="79" abbreviation="phwwii"&gt;Professor Heinz Wolff's Gravity&lt;/instance&gt; &lt;instance score="76" abbreviation="bbawii"&gt;Big Brain Academy &lt;/instance&gt; &lt;instance score="50" abbreviation="jengawii"&gt;Jenga World Tour &lt;/instance&gt; &lt;/games&gt;</ns1:programlisting></ns1:figure></ns1:section><ns1:section pattern="HeadedContainer" structure="Section "><ns1:title pattern="Block" structure="SectionTitle ">Finding a game according to specific features</ns1:title><ns1:para pattern="Block" structure="Paragraph ">Sometimes a user searches for games that support certain technical features, such as online content, multiplayer, etc. The<ns1:code pattern="Atom">techspecs.xq</ns1:code>query uses the parameter platform and techspec to retrieve only the reviews of games that include the provided feature.<ns1:xref linkend="techspecs.xq.result" pattern="Milestone"/>shows an example result.</ns1:para><ns1:figure xml:id="techspecs.xq.result" pattern="Container"><ns1:title pattern="Block">Result example for<ns1:code pattern="Atom">techspecs.xq</ns1:code></ns1:title><ns1:programlisting xml:space="preserve" pattern="Block">&lt;games on="NDS" featuring="Online"&gt; &lt;instance score="92" abbreviation="suik"&gt;Suikoden Tierkreis &lt;/instance&gt; &lt;instance score="90" abbreviation="layton"&gt;Professor Layton und das geheimnisvolle Dorf&lt;/instance&gt; &lt;instance score="89" abbreviation="fesd"&gt;Fire Emblem : Shadow Dragon&lt;/instance&gt; &lt;instance score="88" abbreviation="cpor"&gt;Castlevania: Portrait of Ruin&lt;/instance&gt;(...) &lt;/games&gt;</ns1:programlisting></ns1:figure></ns1:section><ns1:section pattern="HeadedContainer" structure="Section "><ns1:title pattern="Block" structure="SectionTitle ">A more elaborated example: a wish list</ns1:title><ns1:para pattern="Block" structure="Paragraph ">Kids love video games these days, and often they leave their parents behind when it comes to choosing the right game for a present. We will demonstrate the benefits of highly structured data in this example. Consider a seven-year-old child with a<ns1:trademark class="registered" pattern="Pattern">Nintendo DS</ns1:trademark>who wants to get a racing game for his system. The parents might agree but formula additional constraints: the game to be bought should have a score of at least 70% and should be appropriate for kids of his age. Furthermore, the difficulty should not be too high.</ns1:para><ns1:para pattern="Block" structure="Paragraph ">For this query different parameters have to be taken into account: the platform, the genre, age rating, score, and difficulty. The<ns1:code pattern="Atom">shoppingList.xq</ns1:code>query provides all these parameters (<ns1:xref linkend="shoppinglist.xq.xq" pattern="Milestone"/>). Using Saxon as XQuery processor with the following call results in the output shown in<ns1:xref linkend="shoppinglist.xq.result" pattern="Milestone"/>.</ns1:para><ns1:figure xml:id="shoppinglist.xq.xq" pattern="Container"><ns1:title pattern="Block">Query for a shopping list</ns1:title><ns1:programlisting xml:space="preserve" pattern="Block">XQuery.sh shoppingList.xq age=7 platform=NDS score=70 genre=Rennspiel maxDifficulty=7</ns1:programlisting></ns1:figure><ns1:figure xml:id="shoppinglist.xq.result" pattern="Container"><ns1:title pattern="Block">Result example for<ns1:code pattern="Atom">shoppinglist.xq</ns1:code></ns1:title><ns1:programlisting xml:space="preserve" pattern="Block">&lt;games maxAgeRating="7" on="NDS" maxDifficulty="7" type="Rennspiel" scoreAtLeast="70"&gt; &lt;instance ageRating="3" score="82" maxDifficulty="7" abbreviation="augt2" minDifficulty="1"&gt; &lt;title&gt;Asphalt Urban GT 2&lt;/title&gt; &lt;notes&gt; &lt;pro&gt;62 Meisterschaften&lt;/pro&gt; &lt;pro&gt;FÃ&#131;Â¼r Fans von Arcade Steuerung&lt;/pro&gt; &lt;pro&gt;Sehr gute Framerate/Technik&lt;/pro&gt; &lt;pro&gt;Fahrzeugmodelle/Anzahl&lt;/pro&gt; &lt;pro&gt;Grafische PrÃ&#131;Â¤sentation&lt;/pro&gt; &lt;pro&gt;Verschiedene Rennmodi&lt;/pro&gt; &lt;pro&gt;Werkstatt Feature&lt;/pro&gt; &lt;pro&gt;Gamespeed/StraÃ&#131;Å¸enverkehr&lt;/pro&gt; &lt;pro&gt;Motorrad Inhalte&lt;/pro&gt; &lt;contra&gt;Leichter als der VorgÃ&#131;Â¤nger&lt;/contra&gt; &lt;contra&gt;Polizei in den Meisterschaften&lt;/contra&gt; &lt;contra&gt;Kein 1C Multiplayer&lt;/contra&gt; &lt;/notes&gt; &lt;/instance&gt; &lt;instance ageRating="3" score="77" maxDifficulty="7" abbreviation="cnr" minDifficulty="1"&gt; &lt;title&gt;Cartoon Network Racing&lt;/title&gt; &lt;notes&gt; &lt;pro&gt;Gute Grundsteuerung&lt;/pro&gt; &lt;pro&gt;Umfangreich duch 4 Cups&lt;/pro&gt; &lt;pro&gt;Steigende Gegner KI&lt;/pro&gt; &lt;pro&gt;Lange Strecken&lt;/pro&gt; &lt;pro&gt;11 gelungene Strecken&lt;/pro&gt; &lt;pro&gt;Gelungene Items&lt;/pro&gt; &lt;pro&gt;Viele Belohnungen&lt;/pro&gt; &lt;pro&gt;Kart Curling Minispiel&lt;/pro&gt; &lt;contra&gt;Kurventechnik per R-Taste&lt;/contra&gt; &lt;contra&gt;5 der 16 Strecken&lt;/contra&gt; &lt;contra&gt;Single Card MP&lt;/contra&gt; &lt;contra&gt;Zu abruptes Bremsen bei Crashs&lt;/contra&gt; &lt;/notes&gt; &lt;/instance&gt; &lt;/games&gt;</ns1:programlisting></ns1:figure><ns1:para pattern="Block" structure="Paragraph ">The results are sorted according to the score in descending order (with 100 representing the best value). Each<ns1:code pattern="Atom">instance</ns1:code>element contains the age rating, score, and information about the difficulty, encoded in attribute values. Child elements are the title and the review notes, consisting of the "pros" and "cons" of the game. The<ns1:code pattern="Atom">notes</ns1:code>element, in particular, may contain information that is subjective; it may occur that our example parents will judge a certain feature higher or lower than the reviewer did (or even think of a "con" as a "pro").</ns1:para></ns1:section></ns1:section><ns1:section xmlns:ns3="http://www.w3.org/XML/1998/namespace" xml:id="conclusion" pattern="HeadedContainer" structure="Section "><ns1:title pattern="Block" structure="SectionTitle ">Conclusion</ns1:title><ns1:para pattern="Block" structure="Paragraph ">The results of our work are of many kinds: first, the newly introduced features such as regular expressions and string manipulations qualify XSLT 2.0 as a full-fledged conversion tool for transforming weak structured data into a highly structured format. Second, if a transformation process has to be carried out multiple times and if other processing is involved, automation by using the XProc pipelining language is highly recommended. Both the XProc specification and the supporting software tools are ready for a productive environment. Furthermore, the output of the upconversion clearly shows a high potential in terms of flexibility and of the ability to retrieve certain information, as shown by our example applications using XQuery.</ns1:para><ns1:para pattern="Block" structure="Paragraph ">We are certain that minor problems such as the one caused by the character encoding will be fixed during the ongoing development of XProc software. From our point of view, future modifications could result in a XSD 1.1 compatible XML schema supporting more video game systems or textual content that is not review related, such as cheats, hints, or walk-throughs. Both the XSLT script and the XQuery queries could be modified in how they interact with each other. For example, the distinction of different cases that is carried out by the XSLT script could be reformulated as pipeline step, allowing for a more maintainable XSLT script.</ns1:para><ns1:para pattern="Block" structure="Paragraph ">In general, the realization of the pipeline and query system as a Web service in conjunction with a native XML database would result in an alternative search and retrieval mechanism that would indeed<ns1:emphasis pattern="Inline" role="ital">search for the game according to your flavour.</ns1:emphasis></ns1:para></ns1:section><ns1:bibliography pattern="HeadedContainer" structure="Section Bibliography "><ns1:title pattern="Block" structure="SectionTitle ">Literature</ns1:title><ns1:bibliomixed xmlns:ns3="http://www.w3.org/XML/1998/namespace" xml:id="bibChamberlin2004" pattern="Block" xreflabel="Chamberlin et al. (2004)">Chamberlin, D., D. Draper, M. F. FernÃ&#131;Â¡ndez, M. Kay, J. Robie, M. Rys, J. SimÃ&#131;Â©on, J. Tivy, and P. Wadler,<ns1:emphasis pattern="Inline" role="ital">XQuery from the Experts: A Guide to the W3C XML Query Language.</ns1:emphasis>Pearson Education. Addison-Wesley, Boston, 2004.</ns1:bibliomixed><ns1:bibliomixed xmlns:ns3="http://www.w3.org/XML/1998/namespace" xml:id="bibHTML3.2" pattern="Block" xreflabel="HTML 3.2 Reference Specification">Raggett, D.<ns1:emphasis pattern="Inline" role="ital">HTML 3.2 Reference Specification.</ns1:emphasis>W3C Recommendation.<ns1:link xmlns:ns2="http://www.w3.org/1999/xlink" ns2:actuate="onRequest" ns2:href="http://www.w3.org/TR/REC-html32" ns2:show="new" ns2:type="simple" pattern="Inline">http://www.w3.org/TR/REC-html32</ns1:link>, 1997.</ns1:bibliomixed><ns1:bibliomixed xmlns:ns3="http://www.w3.org/XML/1998/namespace" xml:id="bibHTML4.01" pattern="Block" xreflabel="HTML 4.01">Raggett, D., A. L. Hors, and I. Jacobs,<ns1:emphasis pattern="Inline" role="ital">HTML 4.01 Specification.</ns1:emphasis>W3C Recommendation 24 December 1999, World Wide Web Consortium.<ns1:link xmlns:ns2="http://www.w3.org/1999/xlink" ns2:actuate="onRequest" ns2:href="http://www.w3.org/TR/1999/REC-html401-19991224" ns2:show="new" ns2:type="simple" pattern="Inline">http://www.w3.org/TR/1999/REC-html401-19991224</ns1:link>, 1999.</ns1:bibliomixed><ns1:bibliomixed xmlns:ns3="http://www.w3.org/XML/1998/namespace" xml:id="bibHTML.ISO" pattern="Block" xreflabel="HTML (ISO), ISO/IEC 15445:2000"><ns1:emphasis pattern="Inline" role="ital">Information technology Ã¢â&#130;¬â&#128;&#157; Document description and processing languages Ã¢â&#130;¬â&#128;&#157; HyperText Markup Language (HTML).</ns1:emphasis>ISO/IEC 15445:2000, International standard, International Organization for Standardization, Geneva, 2000.</ns1:bibliomixed><ns1:bibliomixed xmlns:ns3="http://www.w3.org/XML/1998/namespace" xml:id="bibISO4217" pattern="Block" xreflabel="ISO Country Codes, ISO 4217:2008"><ns1:emphasis pattern="Inline" role="ital">Codes for the representation of currencies and funds.</ns1:emphasis>ISO 4217:2008, International standard, International Organization for Standardization, Geneva, 2008.</ns1:bibliomixed><ns1:bibliomixed xmlns:ns3="http://www.w3.org/XML/1998/namespace" xml:id="bibKay2004" pattern="Block" xreflabel="Kay (2004)">Kay, M. "Up-conversion using XSLT 2.0."<ns1:link xmlns:ns2="http://www.w3.org/1999/xlink" ns2:actuate="onRequest" ns2:href="http://www.saxonica.com/papers/ideadb-1.1/mhk-paper.xml" ns2:show="new" ns2:type="simple" pattern="Inline">http://www.saxonica.com/papers/ideadb-1.1/mhk-paper.xml</ns1:link>, 2004.</ns1:bibliomixed><ns1:bibliomixed xmlns:ns3="http://www.w3.org/XML/1998/namespace" xml:id="bibKay2008" pattern="Block" xreflabel="Kay (2008)">Kay, M.<ns1:emphasis pattern="Inline" role="ital">XSLT 2.0 and XPath 2.0 ProgrammerÃ¢â&#130;¬â&#132;¢s Reference.</ns1:emphasis>Wiley Publishing, Indianapolis, 4th edition, 2008.</ns1:bibliomixed><ns1:bibliomixed xmlns:ns3="http://www.w3.org/XML/1998/namespace" xml:id="bibRelaxNG" pattern="Block" xreflabel="RelaxNG, ISO/IEC 19757-2:2003)"><ns1:emphasis pattern="Inline" role="ital">Information technology - Document Schema Definition Language (DSDL) Ã¢â&#130;¬â&#128;&#157; Part 2: Regular-grammar-based validation Ã¢â&#130;¬â&#128;&#157; RELAX NG.</ns1:emphasis>ISO/IEC 19757-2:2003, International standard, International Organization for Standardization, Geneva, 2003.</ns1:bibliomixed><ns1:bibliomixed xmlns:ns3="http://www.w3.org/XML/1998/namespace" xml:id="bibSGML" pattern="Block" xreflabel="SGML, ISO 8879:1986"><ns1:emphasis pattern="Inline" role="ital">Information Processing Ã¢â&#130;¬â&#128;&#157; Text and Office Information Systems Ã¢â&#130;¬â&#128;&#157; Standard Generalized Markup Language.</ns1:emphasis>International standard, International Organization for Standardization, Geneva 1986.</ns1:bibliomixed><ns1:bibliomixed xmlns:ns3="http://www.w3.org/XML/1998/namespace" xml:id="bibSuda2006" pattern="Block" xreflabel="Suda (2006)">Suda, B.<ns1:emphasis pattern="Inline" role="ital">Using microformats.</ns1:emphasis>O'Reilly, Sebastopol, CA, USA, (2006).</ns1:bibliomixed><ns1:bibliomixed xmlns:ns3="http://www.w3.org/XML/1998/namespace" xml:id="bibWalmsley2002" pattern="Block" xreflabel="Walmsley (2002)">Walmsley, P.<ns1:emphasis pattern="Inline" role="ital">Definitive XML Schema.</ns1:emphasis>Prentice Hall PTR, Upper Saddle River, NJ, USA, 2002.</ns1:bibliomixed><ns1:bibliomixed xmlns:ns3="http://www.w3.org/XML/1998/namespace" xml:id="bibXML1.0" pattern="Block" xreflabel="XML 1.0">Bray, T., J. Paoli, and C. M. Sperberg-McQueen,<ns1:emphasis pattern="Inline" role="ital">Extensible Markup Language (XML) 1.0.</ns1:emphasis>W3C Recommendation 10 February 1998. World Wide Web Consortium.<ns1:link xmlns:ns2="http://www.w3.org/1999/xlink" ns2:actuate="onRequest" ns2:href="http://www.w3.org/TR/1998/REC-xml-19980210" ns2:show="new" ns2:type="simple" pattern="Inline">http://www.w3.org/TR/1998/REC-xml-19980210</ns1:link>, 1998.</ns1:bibliomixed><ns1:bibliomixed xmlns:ns3="http://www.w3.org/XML/1998/namespace" xml:id="bibW3C.XMLSchemaPrimer" pattern="Block" xreflabel="XML Schema Part 0: Primer">Fallside, D. C., and P. Walmsley,<ns1:emphasis pattern="Inline" role="ital">XML Schema Part 0: Primer Second Edition</ns1:emphasis>. W3C Recommendation 28 October 2004, World Wide Web Consortium.<ns1:link xmlns:ns2="http://www.w3.org/1999/xlink" ns2:actuate="onRequest" ns2:href="http://www.w3.org/TR/2004/REC-xmlschema-0-20041028/" ns2:show="new" ns2:type="simple" pattern="Inline">http://www.w3.org/TR/2004/REC-xmlschema-0-20041028/</ns1:link>, 2004.</ns1:bibliomixed><ns1:bibliomixed xmlns:ns3="http://www.w3.org/XML/1998/namespace" xml:id="bibW3C.XProc2010" pattern="Block" xreflabel="XProc">Walsh, N., A. Milowski, and H. S. Thompson,<ns1:emphasis pattern="Inline" role="ital">XProc: An XML Pipeline Language.</ns1:emphasis>W3C Recommendation 11 May 2010, World Wide Web Consortium.<ns1:link xmlns:ns2="http://www.w3.org/1999/xlink" ns2:actuate="onRequest" ns2:href="http://www.w3.org/TR/2010/REC-xproc-20100511/" ns2:show="new" ns2:type="simple" pattern="Inline">http://www.w3.org/TR/2010/REC-xproc-20100511/</ns1:link>, 2010.</ns1:bibliomixed></ns1:bibliography></ns1:article>