<?xml version="1.0" encoding="UTF-8"?><ns1:article xmlns:ns1="http://docbook.org/ns/docbook" pattern="HeadedContainer" version="5.0-subset Balisage-1.2"><ns1:title pattern="Block">Performance of XML-based applications: a case-study</ns1:title><ns1:info pattern="Record"><ns1:confgroup pattern="Record"><ns1:conftitle pattern="Field">International Symposium on Processing XML Efficiently: Overcoming Limits on Space, Time, or Bandwidth</ns1:conftitle><ns1:confdates pattern="Field">August 10, 2009</ns1:confdates></ns1:confgroup><ns1:abstract pattern="Container"><ns1:para pattern="Block">HighWire Press is the online publishing operation of the Stanford University Libraries, and currently hosts online journals for over 140 separate publishers. HighWire has developed and deployed a new XML-based publishing platform, codenamed H2O, and is in the process of migrating all of its publishers to this new platform.</ns1:para><ns1:para pattern="Block">This paper describes four XML-based systems developed for our new H2O platform, and describes some of the performance characteristics of each. We describe some limitations encountered with these systems, and conclude with thoughts about our experience migrating to an XML-based platform.</ns1:para></ns1:abstract><ns1:author pattern="Record"><ns1:personname pattern="Record"><ns1:firstname pattern="Field">James</ns1:firstname><ns1:othername pattern="Field">A.</ns1:othername><ns1:surname pattern="Field">Robinson</ns1:surname></ns1:personname><ns1:personblurb pattern="Container"><ns1:para pattern="Block">Jim Robinson has been a systems developer at Stanford University HighWire Press for over ten years. He's been interested in XML-based technology since 2005.</ns1:para></ns1:personblurb><ns1:affiliation pattern="Record"><ns1:jobtitle pattern="Field">Information Systems Specialist</ns1:jobtitle><ns1:orgname pattern="Block">Stanford University HighWire Press</ns1:orgname></ns1:affiliation><ns1:email pattern="Field">jim.robinson@stanford.edu</ns1:email></ns1:author><ns1:legalnotice pattern="Container"><ns1:para pattern="Block">Copyright Ã&#130;Â© 2009 by the Board of Trustees of the Leland Stanford Junior University. Used by permission.</ns1:para></ns1:legalnotice><ns1:keywordset pattern="Table" role="author"><ns1:keyword pattern="Field">XML</ns1:keyword><ns1:keyword pattern="Field">XSLT</ns1:keyword><ns1:keyword pattern="Field">XQuery</ns1:keyword><ns1:keyword pattern="Field">Atom Publishing Protocol</ns1:keyword><ns1:keyword pattern="Field">publishing platform</ns1:keyword><ns1:keyword pattern="Field">performance case-study</ns1:keyword></ns1:keywordset></ns1:info><ns1:section pattern="HeadedContainer"><ns1:title pattern="Block">Introduction</ns1:title><ns1:para pattern="Block">In late 2006 HighWire had started internal discussions over whether or not we needed to implement a radical overhaul of our publishing, parsing and content delivery system. We wanted the system to be much more flexible when it came to incorporating new data, sharing data between systems, and delivering new features.</ns1:para><ns1:para pattern="Block">At that time our system, which had been built up over the past decade, followed a fairly traditional model consisting of a display layer, a business logic layer, and a metadata/storage layer. Specifically, our original system could be described as a combination of:</ns1:para><ns1:itemizedlist pattern="Table"><ns1:listitem pattern="Container"><ns1:para pattern="Block">Perl and Nsgmls based tools to process data supplied by file providers.</ns1:para></ns1:listitem><ns1:listitem pattern="Container"><ns1:para pattern="Block">NFS servers to hold derivatives (e.g., SHTML or similar files).</ns1:para></ns1:listitem><ns1:listitem pattern="Container"><ns1:para pattern="Block">Relational database servers, accessed via SQL, to hold metadata.</ns1:para></ns1:listitem><ns1:listitem pattern="Container"><ns1:para pattern="Block">Java Mediators talking to the NFS and database servers.</ns1:para></ns1:listitem><ns1:listitem pattern="Container"><ns1:para pattern="Block">Java Servlets with a custom templating language similar to JSP, named DTL, to build pages for the browser.</ns1:para></ns1:listitem></ns1:itemizedlist><ns1:para pattern="Block">While this system has served us well, and continues to do so, there were some basic problems we were finding difficult to overcome:</ns1:para><ns1:itemizedlist pattern="Table"><ns1:listitem pattern="Container"><ns1:para pattern="Block">The translation from the relational databases model into Java Objects, and then into DTL objects for use in the final display layer, often forced the writing of new application features to become a senior developer task. In order to handle new metadata, the developer had to determine whether or not the existing relational tables were flexible enough for the new data, or whether new tables were needed. Next would be the job of extending, or creating, appropriate stored procedures to access the new metadata. Finally, work would be needed in the Java layer to add object mapping support, including routines to map the metadata into DTL.</ns1:para></ns1:listitem><ns1:listitem pattern="Container"><ns1:para pattern="Block">Beyond the problem of mapping new metadata from the relational layer of the system to the DTL layer, the introduction of completely new models was daunting. The original database had been built to support journals whose primary components were modeled as issues with articles, and articles with figures and tables. The original design of the system had intended that we support new models by creating new relational tables, or entire databases, and then building new Java mediators to handle the translation from the database to the display layer. Unfortunately, the reality was that it was more difficult than we would have liked to support customers who wanted different, non-traditional (to us), models.</ns1:para></ns1:listitem><ns1:listitem pattern="Container"><ns1:para pattern="Block">The original system hadn't been built with either XML or Unicode in mind. Much of the core system had been developed in the late 1990s, around the same time XML 1.0 was published, and before it was widely adopted. By the same token, the DTL system was developed before Unicode was supported in mainstream browsers. These shortcomings meant it was very difficult for us to properly ingest XML and produce valid XHTML with Unicode support on the display side. Attempting to add Unicode support alone was a daunting task, as it required careful vetting of all code which worked at the character level, beginning with the Perl system, moving through to the database systems and filesystems, and ending in the Java layers.</ns1:para></ns1:listitem></ns1:itemizedlist><ns1:para pattern="Block">What we decided to build:</ns1:para><ns1:itemizedlist pattern="Table"><ns1:listitem pattern="Container"><ns1:para pattern="Block">An end-to-end XML-based system. We would accept incoming XML, transform it into different XML representations, store it as XML, query it as XML, and generate XML for the end user.</ns1:para></ns1:listitem><ns1:listitem pattern="Container"><ns1:para pattern="Block">We would encode certain types of oft-used relationship data up front, trying as much as possible to compute it only once.</ns1:para></ns1:listitem><ns1:listitem pattern="Container"><ns1:para pattern="Block">We decided to build everything following a RESTful [<ns1:xref linkend="fielding" pattern="Milestone"/>] model, with the idea that using a simple set of operators (GET/HEAD, POST, PUT, and DELETE), using unique URIs (vs. SOAP documents submitted to a single URI shared by all resources), and embedding hyperlink metadata into our documents would make it easier to spin off new services.</ns1:para></ns1:listitem></ns1:itemizedlist><ns1:para pattern="Block">After about six months of discussions and prototyping, we had an outline of what we would be building and which new software technologies we would be using. By January of 2007 we had built a demonstration system which made use of XSLT and XQuery to transform incoming XML into metadata and XHTML, and to deliver dynamically built XHTML pages.</ns1:para><ns1:para pattern="Block">After about fifteen months of work following this prototyping, HighWire had a beta site operating, and was ready to announce its new platform, dubbed H2O. In the first week of July of 2008 we launched our first migrated site, Proceedings of the National Academy of Sciences of the United States of America (PNAS). Since that time we've launched 57 additional sites, consisting of a mixture of new launches and migrations.</ns1:para><ns1:para pattern="Block">There are three primary tiers of XML-based technology in the H2O system:</ns1:para><ns1:itemizedlist pattern="Table"><ns1:listitem pattern="Container"><ns1:para pattern="Block">Firenze, a HighWire-developed XSLT 2.0 pipeline execution system used to build both front-end sites and back-end data services.</ns1:para></ns1:listitem><ns1:listitem pattern="Container"><ns1:para pattern="Block">Schema, Addressing, and Storage System (SASS), a data store implementing an internally developed protocol, the HighWire Publishing Protocol (HPP) built on top of the Atom Publishing Protocol (APP) [<ns1:xref linkend="atompub" pattern="Milestone"/>] and Atom Syndication Format (ASF) [<ns1:xref linkend="atom" pattern="Milestone"/>]. SASS is used to manage and serve content, implemented in two different technologies: XSLT 2.0 using Saxon-SA (read-only) and XQuery using MarkLogic Server 3.x (read/write).</ns1:para></ns1:listitem><ns1:listitem pattern="Container"><ns1:para pattern="Block">Babel XSLT, a HighWire-developed vector processing engine which we use to drive XSLT 2.0 transformations.</ns1:para></ns1:listitem></ns1:itemizedlist><ns1:para pattern="Block">In this paper we'll discuss how these systems work, and will examine their different performance characteristics.</ns1:para></ns1:section><ns1:section pattern="HeadedContainer"><ns1:title pattern="Block">Firenze</ns1:title><ns1:para pattern="Block">The first layer of the H2O system we'll describe is the Firenze application framework. The Firenze framework, written in 87,000 lines of code across 526 Java classes, is the core piece of technology we run that services all dynamic page generation requests in our public-facing H2O web servers. All of the dynamically generated content served by the public-facing sites flows through this framework.</ns1:para><ns1:para pattern="Block">The bulk of Firenze is a vendor-agnostic set of classes which rely on various public standard APIs, e.g., the Java Servlet API, JAXP, and HTTP handlers. An additional set of classes are then needed to provide a vendor-specific service-provider to execute XSLT Transformations, and to provide custom URI Resolver implementations. We've written about 30 additional Java classes which use Saxon-SA 9.x to implement this service-provider functionality. The original implementation of Firenze used Saxon-SA 8.x APIs directly, but in a subsequent rewrite we decided that we would benefit from abstracting the smaller vendor-specific parts away from the larger, more general, framework.</ns1:para><ns1:para pattern="Block">A Firenze application pushes an incoming request through four basic stages to produce an outgoing response:<ns1:orderedlist pattern="Table"><ns1:listitem pattern="Container"><ns1:para pattern="Block">It transforms an incoming HTTP request from the Java Servlet API into an XML representation,<ns1:code pattern="Atom">req:request</ns1:code>, based on an internal schema.</ns1:para></ns1:listitem><ns1:listitem pattern="Container"><ns1:para pattern="Block">Firenze pushes the<ns1:code pattern="Atom">req:request</ns1:code>through zero or more Filters which may amend the<ns1:code pattern="Atom">req:request</ns1:code>document, adding or removing data from the body.</ns1:para></ns1:listitem><ns1:listitem pattern="Container"><ns1:para pattern="Block">Next, Firenze pushes the amended<ns1:code pattern="Atom">req:request</ns1:code>through a chain of one or more XSLT Templates to produce an XML response representation,<ns1:code pattern="Atom">rsp:response</ns1:code>, which is also based on an internal schema.</ns1:para></ns1:listitem><ns1:listitem pattern="Container"><ns1:para pattern="Block">Finally, Firenze transforms the<ns1:code pattern="Atom">rsp:response</ns1:code>into appropriate calls against the Java Servlet API to output an HTTP response to the client</ns1:para></ns1:listitem></ns1:orderedlist></ns1:para><ns1:para pattern="Block">The process of pushing these documents through the pipeline is handled via SAX2 events, implemented by various event-handlers. As each event-handler is invoked it has a chance to operate on parts of the<ns1:code pattern="Atom">req:request</ns1:code>or<ns1:code pattern="Atom">rsp:response</ns1:code>as the documents flow through the pipeline. Once each handler completes its area of responsibility it is removed from the execution stack, thereby reducing the number of SAX2 events fired across the length of the pipeline.<ns1:figure xmlns:ns3="http://www.w3.org/XML/1998/namespace" floatstyle="1" xml:id="firenze-pipeline-1" pattern="Container" xreflabel="Firenze Application Pipeline"><ns1:mediaobject pattern="Container"><ns1:imageobject pattern="Container"><ns1:imagedata fileref="../../../vol4/graphics/Robinson01/Robinson01-001.png" format="png" pattern="Meta" width="90%"/></ns1:imageobject></ns1:mediaobject><ns1:note pattern="Container"><ns1:para pattern="Block">From Time 1 through Time 5, various handlers for Filters and Transforms complete their tasks and are removed from the pipeline, reducing the number of SAX2 events which have to be fired.</ns1:para></ns1:note></ns1:figure></ns1:para><ns1:para pattern="Block">The demarcation of responsibilities between Filters and Templates is fuzzy: both may amend<ns1:code pattern="Atom">req:request</ns1:code>documents in any fashion, and the decision whether to make the process a specific Filter or part of the Template chain is up to the author. The Template pipeline is then responsible for transforming the<ns1:code pattern="Atom">req:request</ns1:code>into a final<ns1:code pattern="Atom">rsp:response</ns1:code>document. It may be interesting to note that almost all of the Filters we've implemented are XSLT stylesheets. Only a few of the Filters have been implemented directly in Java.</ns1:para><ns1:para pattern="Block">As an example of a pipeline operation, a request flowing through the pipeline might start its life as a<ns1:code pattern="Atom">req:request</ns1:code>document as built via the Java Servlet API:<ns1:programlisting xmlns:ns3="http://www.w3.org/XML/1998/namespace" xml:space="preserve" pattern="Block">&lt;req:request xmlns:req="http://schema.highwire.org/Service/Request" xmlns:ctx="http://schema.highwire.org/Service/Context" xmlns:msg="http://schema.highwire.org/Service/Message" id="SltVIKtCeVIAAFFBoFQAAAT@" protocol="HTTP/1.1" client-host="171.66.232.30" server-host="www.pnas.org" server-port="80" method="GET" secure="false" path="/content/106/27/10877.full" service-path="/content" extra-path="/106/27/10877.full" xml:base="http://www.pnas.org/content/106/27/10877.full"&gt; &lt;ctx:context server-info="Apache Tomcat/5.5.23" resource-root="jndi:/localhost/pnas/"&gt; &lt;ctx:attribute name="org.highwire.firenze.pipeline.cache"&gt;org.highwire.firenze.resolver.CachingOutputURIResolver@43861b3&lt;/ctx:attribute&gt; &lt;ctx:attribute name="org.apache.catalina.WELCOME_FILES"&gt;index.html, index.htm, index.jsp&lt;/ctx:attribute&gt; &lt;ctx:attribute name="org.apache.catalina.jsp_classpath"&gt;...&lt;/ctx:attribute&gt; ... &lt;/ctx:context&gt; &lt;msg:header name="host"&gt;www.pnas.org&lt;/msg:header&gt; &lt;msg:header name="user-agent"&gt;Mozilla/5.0 (Macintosh; U; Intel Mac OS X 10.5; en-US; rv:1.9.0.11) Gecko/2009060214 Firefox/3.0.11&lt;/msg:header&gt; &lt;msg:header name="accept"&gt;text/html,application/xhtml+xml,application/xml;q=0.9,*/*;q=0.8&lt;/msg:header&gt; &lt;msg:header name="accept-language"&gt;en-us,en;q=0.5&lt;/msg:header&gt; &lt;msg:header name="accept-encoding"&gt;gzip,deflate&lt;/msg:header&gt; &lt;msg:header name="accept-charset"&gt;ISO-8859-1,utf-8;q=0.7,*;q=0.7&lt;/msg:header&gt; &lt;msg:header name="keep-alive"&gt;300&lt;/msg:header&gt; &lt;msg:header name="connection"&gt;keep-alive&lt;/msg:header&gt; &lt;/req:request&gt;</ns1:programlisting></ns1:para><ns1:para pattern="Block">The initial<ns1:code pattern="Atom">req:request</ns1:code>document describe the HTTP request in its entirety. The first Filter handler which processes this<ns1:code pattern="Atom">req:request</ns1:code>may then, for example, add additional information about the resource being requested, shown here as an additional<ns1:code pattern="Atom">msg:attribute</ns1:code>element added to the end of the<ns1:code pattern="Atom">req:request</ns1:code>document:<ns1:programlisting xmlns:ns3="http://www.w3.org/XML/1998/namespace" xml:space="preserve" pattern="Block">&lt;req:request xmlns:req="http://schema.highwire.org/Service/Request" xmlns:ctx="http://schema.highwire.org/Service/Context" xmlns:msg="http://schema.highwire.org/Service/Message" ...&gt; ... &lt;msg:header name="keep-alive"&gt;300&lt;/msg:header&gt; &lt;msg:header name="connection"&gt;keep-alive&lt;/msg:header&gt; &lt;msg:attribute xmlns:msg="http://schema.highwire.org/Service/Message" name="content-peek"&gt; &lt;content-response xmlns=""&gt; &lt;content-request&gt; &lt;corpus code="pnas"&gt;&lt;/corpus&gt; &lt;content collection="/"&gt; &lt;resource id="106/27/10877" specifiers="full" /&gt; &lt;/content&gt; &lt;/content-request&gt; &lt;sdp:variant-info xmlns:sdp="http://xslt.highwire.org/Service/SASS/DataProvisioning" xmlns:c="http://schema.highwire.org/Compound" href="http://sass.highwire.org/pnas/106/27/10877.full" c:role="http://schema.highwire.org/variant/full-text"&gt; &lt;sdp:role-selector&gt;full&lt;/sdp:role-selector&gt; &lt;view xmlns="http://schema.highwire.org/Site" name="full-text" alias="full" legacy-name="full" display-name="Full Text" variant-role="full-text" variant-short-role="full" type="application/xhtml+xml" /&gt; &lt;sdp:entry&gt;http://sass.highwire.org/pnas/106/27/10877.atom&lt;/sdp:entry&gt; &lt;/sdp:variant-info&gt; &lt;content-ref xmlns:xlink="http://www.w3.org/1999/xlink" type="atom:entry" xlink:type="simple" xlink:href="http://sass.highwire.org/pnas/106/27/10877.atom?with-ancestors=yes" /&gt; &lt;/content-response&gt; &lt;/msg:attribute&gt; &lt;/req:request&gt;</ns1:programlisting></ns1:para><ns1:para pattern="Block">The<ns1:code pattern="Atom">msg:attribute</ns1:code>element in this case, given a name<ns1:code pattern="Atom">content-peek</ns1:code>, provides detailed information about how to retrieve the requested resource from the central data store, in this case via the URL<ns1:code pattern="Atom">http://sass.highwire.org/pnas/106/27/10877.atom?with-ancestors=yes</ns1:code>. A second Filter may then consume this msg:attribute and use it to fill in the contents of that URL, in this case a full text article with metadata about its ancestry (the issue it is in, its volume, etc.) expanded in-line, by adding another msg:attribute to the end of the<ns1:code pattern="Atom">req:request</ns1:code>document:<ns1:programlisting xmlns:ns3="http://www.w3.org/XML/1998/namespace" xml:space="preserve" pattern="Block">&lt;req:request xmlns:req="http://schema.highwire.org/Service/Request" xmlns:ctx="http://schema.highwire.org/Service/Context" xmlns:msg="http://schema.highwire.org/Service/Message" ...&gt; ... &lt;content-ref xmlns:xlink="http://www.w3.org/1999/xlink" type="atom:entry" xlink:type="simple" xlink:href="http://sass.highwire.org/pnas/106/27/10877.atom?with-ancestors=yes" /&gt; &lt;/content-response&gt; &lt;/msg:attribute&gt; &lt;msg:attribute xmlns:msg="http://schema.highwire.org/Service/Message" name="contents"&gt; &lt;atom:entry xmlns:atom="http://www.w3.org/2005/Atom" xmlns:nlm="http://schema.highwire.org/NLM/Journal" xml:base="http://sass.highwire.org/pnas/106/27/10877.atom?with-ancestors=yes" nlm:article-type="article-commentary"&gt; &lt;c:parent xmlns:c="http://schema.highwire.org/Compound" xml:base="/pnas/106/27.atom"&gt; &lt;c:parent xml:base="/pnas/106.atom"&gt; &lt;c:parent xml:base="/pnas.atom"&gt; &lt;c:parent xml:base="/svc.atom"&gt; &lt;atom:category scheme="http://schema.highwire.org/Publishing#role" term="http://schema.highwire.org/Publishing/Service" /&gt; &lt;atom:id&gt;http://atom.highwire.org/&lt;/atom:id&gt; &lt;atom:title&gt;HighWire Atom Store&lt;/atom:title&gt; &lt;atom:author&gt; ... &lt;/c:parent&gt; &lt;atom:category scheme="http://schema.highwire.org/Publishing#role" term="http://schema.highwire.org/Journal/Article" /&gt; &lt;atom:category scheme="http://schema.highwire.org/Journal/Article#has-earlier-version" term="yes" /&gt; &lt;atom:id&gt;tag:pnas@highwire.org,2009-07-02:0905722106&lt;/atom:id&gt; &lt;atom:title&gt;Should Social Security numbers be replaced by modern, more secure identifiers?&lt;/atom:title&gt; ... &lt;/atom:entry&gt; &lt;/msg:attribute&gt; &lt;/req:request&gt;</ns1:programlisting></ns1:para><ns1:para pattern="Block">In this fashion, Filters and Templates aggregate data from multiple sources until enough information has been accumulated to produce the final response. It is probably obvious that the amount of data produced within the pipeline over the lifetime of a request may greatly exceed the final size of the response document sent to the client. For the example above, the final<ns1:code pattern="Atom">req:request</ns1:code>document produced by the pipeline exceeds 375 kilobytes of serialized XML, while the final XHTML document sent to the user is a mere 60 kilobytes.</ns1:para><ns1:para pattern="Block">The public-facing H2O sites run almost entirely off of Firenze, executing a codebase consisting of a little under 50,000 lines of XSLT 2.0 code (including comments and whitespace), spread across a set of 160 stylesheets. This codebase is maintained under a shared repository, with each site then applying overriding stylesheets for any site-specific functionality. Currently each site has between 10 and 23 site-specific stylesheets, though some of these only consist of a single include statement referencing a shared stylesheet. When a context is deployed, a copy of the shared and local stylesheets are pushed out to its Tomcat server, and the context compiles and caches a private set of Templates objects for execution. This means that the shared development model for stylesheets doesn't get carried all the way through to the runtime, and each site must allocate memory to compile and store a private copy of all the stylesheets.</ns1:para><ns1:para pattern="Block">Firenze implements two levels of caching. The first is context-wide caching. Each context-wide cache records all retrieved documents, e.g., JAXP Source and Templates objects, as well as any documents generated and cached on-the-fly by the pipeline. These cached items are available for any subsequent requests that execute in the context. Each context-wide cache may have a specific cache-retention policy and algorithm associated with it, as well as its own implementation of a backing store. Currently a memory-based store is used, but we are in the processing of implementing a disk-based store as well (our intent is to create a two-tier memory and disk cache).</ns1:para><ns1:para pattern="Block">Each context-wide cache then serves as a provider for request-specific caches. These request-specific caches store items in memory for the duration of a given request. The request-specific caches were originally developed to fulfill a contract implied by the XSLT specification, which requires that a document, once read via functions like<ns1:code pattern="Atom">doc</ns1:code>or<ns1:code pattern="Atom">doc-available</ns1:code>, remain immutable for the duration of the transformation. We've extended this policy to require that any document read during the execution of a pipeline remain unchanged for the duration of that request.</ns1:para><ns1:para pattern="Block">Currently the sites implement a very straightforward context-wide caching policy. Any Templates object survives for the lifetime of the context, while most Source objects will survive for a lifetime of 30 minutes, or until the cache size has reached a 1,000 item size limit. Once the cache has reached its size limit, the addition of any new entries force the oldest Source objects to be evicted. In some cases we fine-tune the policy for Source objects, ensuring they will survive for the lifetime of the context, or by increasing or decreasing the size of the cache. This level of caching has proved to be sufficient, if not ideal, for our current level of traffic. The default cache policy is most effective for the scenario of a user who is looking at an abstract and then the full text of the article, or the scenario of a user scanning the abstracts of an Issue in sequential order, clicking from one abstract to the next within a fairly short period of time.</ns1:para><ns1:para pattern="Block">To determine the response times for requests handled by Firenze, we examined 78 days' worth of Apache access logs, consisting of 727 million requests. These requests cover all types of requests, meaning it includes static file requests as well as dynamic page requests. We found that 214 million requests were dynamic, meaning that Firenze would have handled them. Examining the response times for those Firenze requests, we found the following response times:<ns1:table pattern="Container"><ns1:caption pattern="Container"><ns1:para pattern="Block">Response Times for Firenze requests</ns1:para></ns1:caption><ns1:thead pattern="Container"><ns1:tr pattern="Table"><ns1:th pattern="Field">Seconds</ns1:th><ns1:th pattern="Field">Percent</ns1:th></ns1:tr></ns1:thead><ns1:tbody pattern="Table"><ns1:tr pattern="Table"><ns1:td align="right" pattern="Block">&lt; 1</ns1:td><ns1:td align="right" pattern="Block">84%</ns1:td></ns1:tr><ns1:tr pattern="Table"><ns1:td align="right" pattern="Block">1 - 2</ns1:td><ns1:td align="right" pattern="Block">8%</ns1:td></ns1:tr><ns1:tr pattern="Table"><ns1:td align="right" pattern="Block">2 - 3</ns1:td><ns1:td align="right" pattern="Block">3%</ns1:td></ns1:tr><ns1:tr pattern="Table"><ns1:td align="right" pattern="Block">3 - 4</ns1:td><ns1:td align="right" pattern="Block">2%</ns1:td></ns1:tr><ns1:tr pattern="Table"><ns1:td align="right" pattern="Block">&gt; 4</ns1:td><ns1:td align="right" pattern="Block">3%</ns1:td></ns1:tr></ns1:tbody></ns1:table></ns1:para><ns1:para pattern="Block">This means that 92% of Firenze requests took less than 2 seconds to complete, 5% took from 2 to 4 seconds to complete, and 3% took more than 4 seconds to complete. Our performance goal is to be able to serve all dynamic page requests, and any associated static content, within 1.5 seconds, so we have not yet met our performance goals.</ns1:para><ns1:para pattern="Block">We've been hosting sets of 15 to 20 sites per load-balanced cluster, with each cluster consisting of either two or five servers. Each server has 32 gigabytes of memory and between four and eight CPU cores operating between 2.3 and 2.5 GHz. CPU on the clusters is not heavily taxed; we routinely record only 15% to 25% CPU usage per server, even during peak traffic periods.</ns1:para><ns1:para pattern="Block">By far the least efficient part of the Firenze system we've seen is its memory footprint. What we've seen is that each 32-gigabyte server may use 9 gigabytes of memory during the lowest traffic periods, up to 15 gigabytes of memory in normal traffic periods, and 30 gigabytes during very high traffic periods. During normal traffic periods, memory use can cycle between 9 and 15 gigabytes within the space of a minute, with all the activity occurring in the Eden and Survivor spaces of the JVM. The need to allocate between one and two gigabytes of memory per site is a serious impediment to packing enough sites onto a machine to fully utilize the CPUs.</ns1:para><ns1:para pattern="Block">In order to improve the response time of the Firenze layer, we are currently building Cache-Channel [<ns1:xref linkend="cc" pattern="Milestone"/>] support into Firenze, and are building a disk-based cache implementation. The disk-based cache will allow us to store dynamically generated components of pages for a longer period of time, and will be paired with the in-memory caches to take advantage of optimized Source representations.</ns1:para><ns1:para pattern="Block">We also plan to implement an Adaptive Replacement Cache (ARC) [<ns1:xref linkend="arc" pattern="Milestone"/>] algorithm to replace the Least Recently Used (LRU) algorithm currently used by the in-memory cache. The HighWire sites receive a steady stream of traffic from indexing web-crawlers, and we've found that these crawlers tend to push highly-used resources out of cache when they start crawling large amounts of archival content.</ns1:para></ns1:section><ns1:section pattern="HeadedContainer"><ns1:title pattern="Block">SASS</ns1:title><ns1:para pattern="Block">Firenze can be thought of as a framework designed to aggregate data from multiple sources, and then to manipulate that aggregate data into a final form. We currently aggregate data from many different services, gathering information for access control, running search requests, gathering reference data, etc. One of the primary services that the sites use is the Schema, Addressing, and Storage System (SASS). A SASS service is a data store that provides a unified view of metadata and content for publications we host.</ns1:para><ns1:para pattern="Block">One of the first decisions we needed to make when we were building the replacement system was how we would store metadata and related resources. Early on we mocked up a file-system based set of XML files along with an XQuery prototype that combined these files dynamically, feeding the combined resources to an XSLT-based display layer. These experiments proved to us that the fairly simple concept of using a hierarchy of XML files could actually provide enough flexibility and functionality for our needs. We decided we could replace some of the relational databases of our original system with a hierarchy of XML files. Our implementation of this, SASS, is the result of that decision.</ns1:para><ns1:para pattern="Block">A SASS service uses an HTTP-based protocol we've defined, named HighWire Publishing Protocol (HPP), to handle requests. HPP is built on top of the Atom Publishing Protocol (APP), which specifies much of the basic functionality we needed for a database system:<ns1:itemizedlist pattern="Table"><ns1:listitem pattern="Container"><ns1:para pattern="Block">It specifies how resources are created, retrieved, updated, and deleted.</ns1:para></ns1:listitem><ns1:listitem pattern="Container"><ns1:para pattern="Block">It specifies the format of introspection documents, which provide configuration information.</ns1:para></ns1:listitem><ns1:listitem pattern="Container"><ns1:para pattern="Block">It specifies the output format for an aggregation of resources, using feeds of entries.</ns1:para></ns1:listitem><ns1:listitem pattern="Container"><ns1:para pattern="Block">It offers a flexible data model, allowing foreign namespaced elements and attributes.</ns1:para></ns1:listitem></ns1:itemizedlist></ns1:para><ns1:para pattern="Block">After examining APP in detail, we decided we needed a little more functionality, and we concluded that we would adopt APP and then extend it in three ways. Our extensions give us the ability to:<ns1:itemizedlist pattern="Table"><ns1:listitem pattern="Container"><ns1:para pattern="Block">Add Atom entries with hierarchical parent/child relationships.</ns1:para></ns1:listitem><ns1:listitem pattern="Container"><ns1:para pattern="Block">Create multiple alternative representations of an Atom entry, called variants.</ns1:para></ns1:listitem><ns1:listitem pattern="Container"><ns1:para pattern="Block">Create relationship links between Atom entries.</ns1:para></ns1:listitem></ns1:itemizedlist></ns1:para><ns1:para pattern="Block">As with APP, we have defined a form of XML-based introspection document, similar to an APP Service Document. These introspection documents define which collections exist and the types of resources the collections will accept. Because our HPP system allows every single Atom entry to potentially act as a service point to which new resources may be attached, every Atom entry references a unique introspection document. Each introspection document describes which content types and roles may be used for variant representations of the entry, and defines zero or more collections for sub-entries, with constraints regarding the types and roles of resources that may be added to each collection.</ns1:para><ns1:para pattern="Block">Both client and server examine the introspection document, the client being responsible for evaluating which collection should best be used for a new resource it wishes to create, and the server to evaluate whether or not to allow a particular operation. Once the server has decided that a client's request to create a new resource is allowed, it further examines the introspection document to:<ns1:itemizedlist pattern="Table"><ns1:listitem pattern="Container"><ns1:para pattern="Block">Determine how to name the new resource.</ns1:para></ns1:listitem><ns1:listitem pattern="Container"><ns1:para pattern="Block">Determine what, if any, modifications need to be made to the new resource, e.g., creating server-managed hyperlinks to its parent.</ns1:para></ns1:listitem><ns1:listitem pattern="Container"><ns1:para pattern="Block">Determine what other resources might need to be created or modified, e.g., creating reciprocal hyperlinks between resources or creating a new Atom sub-entry for a media resource.</ns1:para></ns1:listitem></ns1:itemizedlist></ns1:para><ns1:para pattern="Block">An example slice of resource paths in our data store shows a top level entry, a journal entry (pnas), a volume (number 106) entry, an issue (number 27) entry and an article (page 10879) entry, and a child (Figure 1) of the article.<ns1:programlisting xmlns:ns3="http://www.w3.org/XML/1998/namespace" xml:space="preserve" pattern="Block">/svc.atom /pnas.atom /pnas/106.atom /pnas/106/27.atom /pnas/106/27.cover-expansion.html /pnas/106/27.cover.gif /pnas/106/27/local/ed-board.atom /pnas/106/27/local/ed-board.pdf /pnas/106/27/local/masthead.atom /pnas/106/27/local/masthead.pdf /pnas/106/27/focus/e3fd854717680e79.atom /pnas/106/27/focus/528ef4747e7bd83a.atom /pnas/106/27/focus/a596193d15fdf2f0.atom /pnas/106/27/focus/05aacbb50196a10f.atom /pnas/106/27/focus/c1e857a34ad4b0f3.atom /pnas/106/27/10879.atom /pnas/106/27/10879.full.pdf /pnas/106/27/10879.full.html /pnas/106/27/10879.source.xml /pnas/106/27/10879.figures-only.html /pnas/106/27/10879/F1.atom /pnas/106/27/10879/F1.expansion.html /pnas/106/27/10879/F1.small.gif /pnas/106/27/10879/F1.medium.gif /pnas/106/27/10879/F1.large.jpg</ns1:programlisting></ns1:para><ns1:para pattern="Block">Examining the extensions of the paths above, you will see a number of media types represented. The<ns1:code pattern="Atom">.atom</ns1:code>files are metadata resources, while the<ns1:code pattern="Atom">.xml</ns1:code>,<ns1:code pattern="Atom">.html</ns1:code>,<ns1:code pattern="Atom">.gif</ns1:code>,<ns1:code pattern="Atom">.jpg</ns1:code>, and<ns1:code pattern="Atom">.pdf</ns1:code>files allow us to serve alternative representations (variants) of those resources. SASS therefore provides a unified system for serving metadata paired with an array of alternative representations.</ns1:para><ns1:para pattern="Block">The system is intended to be flexible enough that we can model new relationships relatively quickly, and once those relationships are defined we can immediately start creating and serving the new resources and relationships. As an example, the hierarchy of relationships we originally designed was, in part:<ns1:figure xmlns:ns3="http://www.w3.org/XML/1998/namespace" floatstyle="1" xml:id="sass-model-1" pattern="Container" xreflabel="Initial SASS Journal Model"><ns1:mediaobject pattern="Container"><ns1:imageobject pattern="Container"><ns1:imagedata fileref="../../../vol4/graphics/Robinson01/Robinson01-002.png" format="png" pattern="Meta" width="25%"/></ns1:imageobject></ns1:mediaobject></ns1:figure></ns1:para><ns1:para pattern="Block">This model allows one or more Journals, each Journal may have one or more Volumes, each Volume may have one or more Issues, etc. When we encountered a journal whose hierarchy didn't match this model, we simply edited the templates for the introspection documents. In this case, we edited it to allow for an Issue to be attached directly to a Journal:<ns1:figure xmlns:ns3="http://www.w3.org/XML/1998/namespace" floatstyle="1" xml:id="sass-model-2" pattern="Container" xreflabel="Updated SASS Journal Model"><ns1:mediaobject pattern="Container"><ns1:imageobject pattern="Container"><ns1:imagedata fileref="../../../vol4/graphics/Robinson01/Robinson01-003.png" format="png" pattern="Meta" width="50%"/></ns1:imageobject></ns1:mediaobject></ns1:figure></ns1:para><ns1:para pattern="Block">When deciding how to implement SASS, we concluded early-on that we needed to provide both a read-only and a read/write service. The read-only SASS services would be used by the public-facing sites, and the read/write service would be used by our back-end publishing system. Splitting the services this way would allow us to optimize each service for its primary use-case: transactions and complicated searching would be needed in the read/write SASS service, but would not be needed in the read-only SASS service.</ns1:para><ns1:section pattern="HeadedContainer"><ns1:title pattern="Block">Read-Only SASS</ns1:title><ns1:para pattern="Block">Based on our early prototyping work, we were confident that we could develop a filesystem-based read-only implementation of the HPP protocol that would serve the needs of the public-facing sites. Currently we've implemented a read-only version of SASS using Firenze.</ns1:para><ns1:para pattern="Block">The description of SASS to this point has only described the basic hierarchical layout of resources. To take advantage of this hierarchy, HPP defines ways to request an aggregated view of the metadata and content representations for a resource. Specifically, a set of parameters may be provided when requesting an Atom entry:<ns1:table pattern="Container"><ns1:caption pattern="Container"><ns1:para pattern="Block">HPP Expansion Parameters</ns1:para></ns1:caption><ns1:thead pattern="Container"><ns1:tr pattern="Table"><ns1:th pattern="Field">Parameter</ns1:th><ns1:th pattern="Field">Example values</ns1:th></ns1:tr></ns1:thead><ns1:tbody pattern="Table"><ns1:tr pattern="Table"><ns1:td pattern="Block">with-variant</ns1:td><ns1:td pattern="Block">no, yes, 1</ns1:td></ns1:tr><ns1:tr pattern="Table"><ns1:td pattern="Block">variant-role</ns1:td><ns1:td pattern="Block">http://schema.highwire.org/variant/abstract, http://schema.highwire.org/variant/full-text,<ns1:emphasis pattern="Inline">...</ns1:emphasis></ns1:td></ns1:tr><ns1:tr pattern="Table"><ns1:td pattern="Block">variant-type</ns1:td><ns1:td pattern="Block">application/xhtml+xml, application/pdf, application/*, video/*,<ns1:emphasis pattern="Inline">...</ns1:emphasis></ns1:td></ns1:tr><ns1:tr pattern="Table"><ns1:td pattern="Block">variant-lang</ns1:td><ns1:td pattern="Block">en, fr, de,<ns1:emphasis pattern="Inline">...</ns1:emphasis></ns1:td></ns1:tr><ns1:tr pattern="Table"><ns1:td pattern="Block">with-ancestors</ns1:td><ns1:td pattern="Block">no, yes, 1, 2,<ns1:emphasis pattern="Inline">...</ns1:emphasis>,<ns1:emphasis pattern="Inline">N</ns1:emphasis></ns1:td></ns1:tr><ns1:tr pattern="Table"><ns1:td pattern="Block">with-ancestors-role</ns1:td><ns1:td pattern="Block">http://schema.highwire.org/Journal/Issue, http://schema.highwire.org/Journal/Volume,<ns1:emphasis pattern="Inline">...</ns1:emphasis></ns1:td></ns1:tr><ns1:tr pattern="Table"><ns1:td pattern="Block">with-ancestors-content</ns1:td><ns1:td pattern="Block">alternate, inline, out-of-line</ns1:td></ns1:tr><ns1:tr pattern="Table"><ns1:td pattern="Block">with-ancestors-variant</ns1:td><ns1:td pattern="Block">no, yes, 1, 2,<ns1:emphasis pattern="Inline">...</ns1:emphasis>,<ns1:emphasis pattern="Inline">N</ns1:emphasis></ns1:td></ns1:tr><ns1:tr pattern="Table"><ns1:td pattern="Block">with-ancestors-variant-role</ns1:td><ns1:td pattern="Block">http://schema.highwire.org/variant/cover, http://schema.highwire.org/variant/manifest,<ns1:emphasis pattern="Inline">...</ns1:emphasis></ns1:td></ns1:tr><ns1:tr pattern="Table"><ns1:td pattern="Block">with-ancestors-type</ns1:td><ns1:td pattern="Block">image/gif, image/*, application/xml, text/*<ns1:emphasis pattern="Inline">...</ns1:emphasis></ns1:td></ns1:tr><ns1:tr pattern="Table"><ns1:td pattern="Block">with-ancestors-lang</ns1:td><ns1:td pattern="Block">en, fr, de,<ns1:emphasis pattern="Inline">...</ns1:emphasis></ns1:td></ns1:tr><ns1:tr pattern="Table"><ns1:td pattern="Block">with-descendants</ns1:td><ns1:td pattern="Block">no, yes, 1, 2,<ns1:emphasis pattern="Inline">...</ns1:emphasis>,<ns1:emphasis pattern="Inline">N</ns1:emphasis></ns1:td></ns1:tr><ns1:tr pattern="Table"><ns1:td pattern="Block">with-descendants-role</ns1:td><ns1:td pattern="Block">http://schema.highwire.org/Journal/Article, http://schema.highwire.org/Journal/Fragment,<ns1:emphasis pattern="Inline">...</ns1:emphasis></ns1:td></ns1:tr><ns1:tr pattern="Table"><ns1:td pattern="Block">with-descendants-content</ns1:td><ns1:td pattern="Block">alternate, inline, out-of-line</ns1:td></ns1:tr><ns1:tr pattern="Table"><ns1:td pattern="Block">with-descendants-variant</ns1:td><ns1:td pattern="Block">no, yes, 1, 2,<ns1:emphasis pattern="Inline">...</ns1:emphasis>,<ns1:emphasis pattern="Inline">N</ns1:emphasis></ns1:td></ns1:tr><ns1:tr pattern="Table"><ns1:td pattern="Block">with-descendants-variant-role</ns1:td><ns1:td pattern="Block">http://schema.highwire.org/variant/abstract, http://schema.highwire.org/variant/full-text</ns1:td></ns1:tr><ns1:tr pattern="Table"><ns1:td pattern="Block">with-descendants-type</ns1:td><ns1:td pattern="Block">application/xhtml+xml, application/pdf, application/*, video/*,<ns1:emphasis pattern="Inline">...</ns1:emphasis></ns1:td></ns1:tr><ns1:tr pattern="Table"><ns1:td pattern="Block">with-descendants-lang</ns1:td><ns1:td pattern="Block">en, fr, de,<ns1:emphasis pattern="Inline">...</ns1:emphasis></ns1:td></ns1:tr></ns1:tbody></ns1:table></ns1:para><ns1:para pattern="Block">These parameters may be combined in variations and some may be repeated. Taken together, the parameters serve as a way to drive the expansion of a resource along its parent, child, and variant axes, returning a compound document consisting of an appropriate slice of the hierarchy. As an example, requesting<ns1:code pattern="Atom">http://sass.highwire.org/pnas/106/27/10877.atom</ns1:code>will retrieve the Atom entry associated with PNAS Volume 106, Issue 27, Page 10877:<ns1:programlisting xmlns:ns3="http://www.w3.org/XML/1998/namespace" xml:space="preserve" pattern="Block">&lt;atom:entry xml:base="http://sass.highwire.org/pnas/106/27/10877.atom" nlm:article-type="article-commentary" ...&gt; &lt;atom:link rel="http://schema.highwire.org/Compound#parent" href="/pnas/106/27.atom" c:role="http://schema.highwire.org/Journal/Issue"/&gt; &lt;atom:category scheme="http://schema.highwire.org/Publishing#role" term="http://schema.highwire.org/Journal/Article"/&gt; &lt;atom:category scheme="http://schema.highwire.org/Journal/Article#has-earlier-version" term="yes"/&gt; &lt;atom:id&gt;tag:pnas@highwire.org,2009-07-02:0905722106&lt;/atom:id&gt; &lt;atom:title&gt;Should Social Security numbers be replaced by modern, more secure identifiers?&lt;/atom:title&gt; &lt;atom:author nlm:contrib-type="author"&gt; &lt;atom:name&gt;William E. Winkler&lt;/atom:name&gt; &lt;atom:email&gt;william.e.winkler@census.gov&lt;/atom:email&gt; &lt;nlm:name name-style="western" hwp:sortable="Winkler William E."&gt; &lt;nlm:surname&gt;Winkler&lt;/nlm:surname&gt; &lt;nlm:given-names&gt;William E.&lt;/nlm:given-names&gt; &lt;/nlm:name&gt; &lt;/atom:author&gt; ... &lt;atom:link rel="alternate" href="/pnas/106/27/10877.full.pdf" c:role="http://schema.highwire.org/variant/full-text" type="application/pdf"/&gt; &lt;atom:link rel="http://schema.highwire.org/Publishing#edit-variant" href="/pnas/106/27/10877.full.pdf" c:role="http://schema.highwire.org/variant/full-text" type="application/pdf"/&gt; &lt;atom:link rel="alternate" href="/pnas/106/27/10877.full.html" c:role="http://schema.highwire.org/variant/full-text" type="application/xhtml+xml"/&gt; &lt;atom:link rel="http://schema.highwire.org/Publishing#edit-variant" href="/pnas/106/27/10877.full.html" c:role="http://schema.highwire.org/variant/full-text" type="application/xhtml+xml"/&gt; ... &lt;/atom:entry&gt;</ns1:programlisting>while adding the parameter to expand its ancestry axis in full,<ns1:code pattern="Atom">http://sass.highwire.org/pnas/106/27/10877.atom?with-ancestors=yes</ns1:code>, additionally expands the Atom entries for the article's Issue, its Volume, etc:<ns1:programlisting xmlns:ns3="http://www.w3.org/XML/1998/namespace" xml:space="preserve" pattern="Block">&lt;atom:entry xml:base="http://sass.highwire.org/pnas/106/27/10877.atom?with-ancestors=yes" nlm:article-type="article-commentary" ...&gt; &lt;c:parent xml:base="/pnas/106/27.atom"&gt; &lt;c:parent xml:base="/pnas/106.atom"&gt; &lt;c:parent xml:base="/pnas.atom"&gt; &lt;c:parent xml:base="/svc.atom"&gt; &lt;atom:category scheme="http://schema.highwire.org/Publishing#role" term="http://schema.highwire.org/Publishing/Service"/&gt; &lt;atom:id&gt;http://atom.highwire.org/&lt;/atom:id&gt; &lt;atom:title&gt;HighWire Atom Store&lt;/atom:title&gt; ... &lt;/c:parent&gt; &lt;atom:category scheme="http://schema.highwire.org/Publishing#role" term="http://schema.highwire.org/Journal"/&gt; &lt;atom:id&gt;doi:10.1073/pnas&lt;/atom:id&gt; &lt;atom:title&gt;Proceedings of the National Academy of Sciences&lt;/atom:title&gt; &lt;atom:author&gt; &lt;atom:name&gt;National Academy of Sciences&lt;/atom:name&gt; &lt;/atom:author&gt; ... &lt;/c:parent&gt; &lt;atom:category scheme="http://schema.highwire.org/Publishing#role" term="http://schema.highwire.org/Journal/Volume"/&gt; &lt;atom:id&gt;tag:pnas@highwire.org,2009-01-06:106&lt;/atom:id&gt; &lt;atom:title&gt;106&lt;/atom:title&gt; &lt;atom:author nlm:contrib-type="publisher"&gt; &lt;atom:name&gt;National Academy of Sciences&lt;/atom:name&gt; &lt;/atom:author&gt; ... &lt;/c:parent&gt; &lt;atom:category scheme="http://schema.highwire.org/Publishing#role" term="http://schema.highwire.org/Journal/Issue"/&gt; &lt;atom:id&gt;tag:pnas@highwire.org,2009-06-11:106/27&lt;/atom:id&gt; &lt;atom:title&gt;106 (27)&lt;/atom:title&gt; &lt;atom:author nlm:contrib-type="publisher"&gt; &lt;atom:name&gt;National Academy of Sciences&lt;/atom:name&gt; &lt;/atom:author&gt; ... &lt;/c:parent&gt; &lt;atom:category scheme="http://schema.highwire.org/Publishing#role" term="http://schema.highwire.org/Journal/Article"/&gt; &lt;atom:category scheme="http://schema.highwire.org/Journal/Article#has-earlier-version" term="yes"/&gt; &lt;atom:id&gt;tag:pnas@highwire.org,2009-07-02:0905722106&lt;/atom:id&gt; &lt;atom:title&gt;Should Social Security numbers be replaced by modern, more secure identifiers?&lt;/atom:title&gt; &lt;atom:author nlm:contrib-type="author"&gt; &lt;atom:name&gt;William E. Winkler&lt;/atom:name&gt; &lt;atom:email&gt;william.e.winkler@census.gov&lt;/atom:email&gt; &lt;nlm:name name-style="western" hwp:sortable="Winkler William E."&gt; &lt;nlm:surname&gt;Winkler&lt;/nlm:surname&gt; &lt;nlm:given-names&gt;William E.&lt;/nlm:given-names&gt; &lt;/nlm:name&gt; &lt;/atom:author&gt; ... &lt;atom:link rel="alternate" href="/pnas/106/27/10877.full.pdf" type="application/pdf" c:role="http://schema.highwire.org/variant/full-text"/&gt; &lt;atom:link rel="http://schema.highwire.org/Publishing#edit-variant" href="/pnas/106/27/10877.full.pdf" c:role="http://schema.highwire.org/variant/full-text" type="application/pdf"/&gt; &lt;atom:link rel="alternate" href="/pnas/106/27/10877.full.html" c:role="http://schema.highwire.org/variant/full-text" type="application/xhtml+xml"/&gt; &lt;atom:link rel="http://schema.highwire.org/Publishing#edit-variant" href="/pnas/106/27/10877.full.html" c:role="http://schema.highwire.org/variant/full-text" type="application/xhtml+xml"/&gt; ... &lt;/atom:entry&gt;</ns1:programlisting></ns1:para><ns1:para pattern="Block">The difference between the two documents is that the parent link in the entry:<ns1:programlisting xmlns:ns3="http://www.w3.org/XML/1998/namespace" xml:space="preserve" pattern="Block">&lt;atom:link rel="http://schema.highwire.org/Compound#parent" href="/pnas/106/27.atom" c:role="http://schema.highwire.org/Journal/Issue"/&gt;</ns1:programlisting>has been expanded into an element<ns1:programlisting xmlns:ns3="http://www.w3.org/XML/1998/namespace" xml:space="preserve" pattern="Block">&lt;c:parent xml:base="/pnas/106/27.atom"&gt;...&lt;/c:parent&gt;</ns1:programlisting></ns1:para><ns1:para pattern="Block">Because the with-ancestors value was<ns1:code pattern="Atom">yes</ns1:code>, each entry has had its parent link expanded into a<ns1:code pattern="Atom">c:parent</ns1:code>element, pulling in metadata all the way up to the root of the hierarchy.</ns1:para><ns1:para pattern="Block">Likewise, a client may also request<ns1:code pattern="Atom">with-descendants</ns1:code>, and a common request sent by the sites is for a Journal Issue with its ancestors expanded completely, and its descendants expanded to a depth of one. This in effect gives them the metadata for the Issue and its Article children, from which they may do things like build a Table of Contents page.</ns1:para><ns1:para pattern="Block">In effect, these parameters allow us to perform operations somewhat like a join operation in a relational database. If you think of the Atom entries as relational tables, and atom:link elements as foreign keys, we have a limited ability to join documents together on those keys.</ns1:para><ns1:para pattern="Block">The read-only SASS service hosts an Apache front-end, load-balancing requests to a set of four Tomcat servers. Each Tomcat server uses two AMD 1210 cores, 8 gigabytes of memory, and two local SATA disks. Each Tomcat server runs Firenze to execute the read-only SASS service stylesheets. The stylesheets in turn pull data from a service named SASSFS, running on an Apache-only server using four AMD 2218 CPU cores, 32 gigabytes of memory, and 3.7 terabytes of FC attached SATA storage. The SASSFS service holds a synchronized clone of the read/write SASS service. The SASSFS system is, in effect, a network-based storage system for SASS, accessed over HTTP instead of a more traditional NFS protocol.</ns1:para><ns1:para pattern="Block">The XSLT implementation of read-only SASS consists just under 5,000 lines of XSLT 2.0 code (including whitespace and comments), spread across a set of 13 stylesheets. About 2,000 of those lines of code are an interim prototype for disk-based caching.</ns1:para><ns1:para pattern="Block">Our initial version of the read-only SASS service used the default in-memory caching available in Firenze. This default would store the most recent 1,000 resources requested from SASSFS in memory as Source document (the underlying representation being a Saxon TinyTree). This caching proved to be effective, and the service performed very well under high load. While we were satisfied with the performance, we knew that we wanted to implement a more effective caching algorithm for Firenze as a whole, and we decided to use the read-only SASS service as a test-bed for prototyping part of this work.</ns1:para><ns1:para pattern="Block">Because HighWire hosts a great deal of material that does not change very often, we wanted to implement a caching system that could take advantage of the fact that most of our material is for all intents and purposes written once and then read many times. Our research turned up the Cache-Channel specification, describing a method where clients could poll an efficient service to detect when cached items were stale. If we implemented this system, we could cache responses built by the SASS service and, for the most part, never have to update them again. Thus, we could trade disk space for time, allowing us to short circuit almost all processing within the Firenze system when we had a cached response available</ns1:para><ns1:para pattern="Block">To prototype this work, we implemented a set of extensions for Saxon that allowed us to write serialized XML to a local disk partition. When an incoming request could be fulfilled by the cache, we could simply stream the data from disk, bypassing the bulk of the XSLT processing we would otherwise have to perform.</ns1:para><ns1:para pattern="Block">In the XSLT prototype, the<ns1:code pattern="Atom">req:request</ns1:code>representation of the HTTP request is processed via the following steps:<ns1:orderedlist pattern="Table"><ns1:listitem pattern="Container"><ns1:para pattern="Block">Examine the HTTP PATH of the<ns1:code pattern="Atom">req:request</ns1:code>and check that the resource is available on SASSFS; if it is not, return a not-found error code.</ns1:para></ns1:listitem><ns1:listitem pattern="Container"><ns1:para pattern="Block">If the media type of the requested resource is not XML, stream the resource from SASSFS to the client.</ns1:para></ns1:listitem><ns1:listitem pattern="Container"><ns1:para pattern="Block">If the resource is not in cache, build the response. SASS reads resources from SASSFS, storing the resources in local cache. Using the resources fetched from SASSFS, the SASS service builds an XML<ns1:code pattern="Atom">rsp:response</ns1:code>, and stores that response in cache. Each resource written to the cache is accompanied by a corresponding XML metadata file.</ns1:para></ns1:listitem><ns1:listitem pattern="Container"><ns1:para pattern="Block">If the resource was in cache, check the metadata and perform HTTP HEAD requests against SASSFS to see whether or not the item needs to be rebuilt. The rebuild would be needed if any one of the constituent resources on SASSFS have changed. If nothing has changed, stream the response from disk to the client. Otherwise a<ns1:code pattern="Atom">rsp:response</ns1:code>is built as in step #3.</ns1:para></ns1:listitem></ns1:orderedlist></ns1:para><ns1:para pattern="Block">For the XSLT-based prototype work, we decided not to implement the actual Cache-Channel client or to hook into the in-memory cache of frequently used Source objects. We would tackle these items later, when we implemented the caching logic in Java.</ns1:para><ns1:para pattern="Block">We expected this prototype to be slower than the original implementation, both because Firenze would now need to be parsing XML from disk for every request, instead of simply reusing cached Source objects, and because we would be polling SASSFS to see if a resource had changed.</ns1:para><ns1:para pattern="Block">Our initial analysis of the prototype's performance simply examined the average response time across all requests. We were very unpleasantly surprised to find that for single Atom entries the average response time jumped from 0.031 seconds to 0.21 seconds. The average response times for compound entries jumped from 0.05 seconds to 0.26 seconds. Looking at those averages, we decided we needed to know whether or not the slowdown was across the board, or whether the averages reflected large outliers.</ns1:para><ns1:para pattern="Block">We examined response times for a day's worth of requests using each of the two caching implementations, and sorted the requests into two categories. One category was for requests that would return a single resource, effectively a transfer of a file from SASSFS to the client via SASS, with some cleanup processing applied. The second category was for requests that returned compound resources. These were resources built by SASS, using component resources fetched from SASSFS. We examined the response time for these requests, and sorted them into percentiles:<ns1:table pattern="Container"><ns1:caption pattern="Container"><ns1:para pattern="Block">SASS Response Times in Seconds per Cache implementation</ns1:para></ns1:caption><ns1:thead pattern="Container"><ns1:tr pattern="Table"><ns1:th pattern="Field">Ã&#130;Â </ns1:th><ns1:th colspan="2" pattern="Field">Native Firenze Cache</ns1:th><ns1:th colspan="2" pattern="Field">XSLT Prototype Disk Cache</ns1:th></ns1:tr><ns1:tr pattern="Table"><ns1:th pattern="Field">Percentile</ns1:th><ns1:th pattern="Field">Single</ns1:th><ns1:th pattern="Field">Compound</ns1:th><ns1:th pattern="Field">Single</ns1:th><ns1:th pattern="Field">Compound</ns1:th></ns1:tr></ns1:thead><ns1:tbody pattern="Table"><ns1:tr pattern="Table"><ns1:td align="right" pattern="Block">25%</ns1:td><ns1:td align="right" pattern="Block">0.0181</ns1:td><ns1:td align="right" pattern="Block">0.0212</ns1:td><ns1:td align="right" pattern="Block">0.0262</ns1:td><ns1:td align="right" pattern="Block">0.0266</ns1:td></ns1:tr><ns1:tr pattern="Table"><ns1:td align="right" pattern="Block">50%</ns1:td><ns1:td align="right" pattern="Block">0.0228</ns1:td><ns1:td align="right" pattern="Block">0.0346</ns1:td><ns1:td align="right" pattern="Block">0.0385</ns1:td><ns1:td align="right" pattern="Block">0.0616</ns1:td></ns1:tr><ns1:tr pattern="Table"><ns1:td align="right" pattern="Block">75%</ns1:td><ns1:td align="right" pattern="Block">0.0299</ns1:td><ns1:td align="right" pattern="Block">0.0609</ns1:td><ns1:td align="right" pattern="Block">0.0785</ns1:td><ns1:td align="right" pattern="Block">0.1121</ns1:td></ns1:tr><ns1:tr pattern="Table"><ns1:td align="right" pattern="Block">95%</ns1:td><ns1:td align="right" pattern="Block">0.0562</ns1:td><ns1:td align="right" pattern="Block">0.0956</ns1:td><ns1:td align="right" pattern="Block">0.7691</ns1:td><ns1:td align="right" pattern="Block">1.0838</ns1:td></ns1:tr><ns1:tr pattern="Table"><ns1:td align="right" pattern="Block">99%</ns1:td><ns1:td align="right" pattern="Block">0.1434</ns1:td><ns1:td align="right" pattern="Block">0.2134</ns1:td><ns1:td align="right" pattern="Block">4.3750</ns1:td><ns1:td align="right" pattern="Block">4.7483</ns1:td></ns1:tr></ns1:tbody></ns1:table></ns1:para><ns1:para pattern="Block">This analysis shows that the disk-caching prototype was 1-2.5 times slower than the memory-based cache for about 75% of the requests, but that performance was significantly worse for the remaining 25% of the requests.</ns1:para><ns1:para pattern="Block">What we discovered were two bottlenecks occurring with the prototype. The first, and most significant, bottleneck was the IO subsystem. The hardware on our machines couldn't keep up with the level of read/write activity being asked of them. When measuring the disk activity, we found it was operating at around 700 block writes per second and around 100 block reads per second. This level of activity was overwhelming the 7,200 rpm SATA disks used by the servers, causing high IO wait times.</ns1:para><ns1:para pattern="Block">The second bottleneck turned out to be the portion of XSLT code responsible for executing HTTP HEAD requests to determine whether or not a resource had changed. When we profiled the application on a stand-alone machine (eliminating disk contention), we found that the following snippet of code was responsible for 30% of the execution time:<ns1:programlisting xmlns:ns3="http://www.w3.org/XML/1998/namespace" xml:space="preserve" pattern="Block">&lt;xsl:sequence select=" some $m in $cache:metadata satisfies cache:is-stale($m)" /&gt;</ns1:programlisting></ns1:para><ns1:para pattern="Block">The<ns1:code pattern="Atom">cache:is-stale</ns1:code>function takes as an argument a small XML metadata element storing a URL, a timestamp, and an HTTP ETag value. The function executes an HTTP HEAD request against the URL to determine whether or not the resource has been modified. As Saxon does not take heavy advantage of multi-threading, this XPath expression ends up running serially. Because underlying resources don't change very often, the algorithm usually ends up running through every metadata element only to find nothing has changed.</ns1:para><ns1:para pattern="Block">These discoveries were actually good news to us, as we knew that we could both reduce disk contention and parallelize the check for stale resources when we implemented the code in Java as a native Firenze service. We're in the process of completing this work, and in the meantime we have rolled the XSLT prototype code into active service.</ns1:para><ns1:para pattern="Block">Performance of the prototype has proven to be adequate. Examining 12 days of access logs from read-only SASS, the service is handling an average of 5.9 million requests per day, ranging from a low of 3.3 million requests to a high of 7.8 million requests. On average the service is processing 70 requests per second, writing 3.5 megabytes per second to its clients.</ns1:para><ns1:para pattern="Block">Overall the read-only SASS service is serving an average of 266 gigabytes per day. Because SASS serves both XML markup and binary data, and because binary data may be streamed directly from the SASSFS system without any intermediate processing by SASS, only a subset of those 266 gigabytes is XML processed via Firenze. A breakdown of the two types of content shows we serve an average of 166 gigabytes of XML data per day, and an average of 100 gigabytes of binary data:<ns1:table pattern="Container"><ns1:caption pattern="Container"><ns1:para pattern="Block">Gigabytes served per day by read-only SASS</ns1:para></ns1:caption><ns1:thead pattern="Container"><ns1:tr pattern="Table"><ns1:th pattern="Field">Date</ns1:th><ns1:th pattern="Field">XML</ns1:th><ns1:th pattern="Field">Binary</ns1:th><ns1:th pattern="Field">Total</ns1:th></ns1:tr></ns1:thead><ns1:tbody pattern="Table"><ns1:tr pattern="Table"><ns1:td align="right" pattern="Block">2009-07-01</ns1:td><ns1:td align="right" pattern="Block">193.05</ns1:td><ns1:td align="right" pattern="Block">122.33</ns1:td><ns1:td align="right" pattern="Block">315.38</ns1:td></ns1:tr><ns1:tr pattern="Table"><ns1:td align="right" pattern="Block">2009-07-02</ns1:td><ns1:td align="right" pattern="Block">179.54</ns1:td><ns1:td align="right" pattern="Block">114.36</ns1:td><ns1:td align="right" pattern="Block">293.90</ns1:td></ns1:tr><ns1:tr pattern="Table"><ns1:td align="right" pattern="Block">2009-07-03</ns1:td><ns1:td align="right" pattern="Block">132.53</ns1:td><ns1:td align="right" pattern="Block">87.73</ns1:td><ns1:td align="right" pattern="Block">220.26</ns1:td></ns1:tr><ns1:tr pattern="Table"><ns1:td align="right" pattern="Block">2009-07-04</ns1:td><ns1:td align="right" pattern="Block">88.69</ns1:td><ns1:td align="right" pattern="Block">60.18</ns1:td><ns1:td align="right" pattern="Block">148.87</ns1:td></ns1:tr><ns1:tr pattern="Table"><ns1:td align="right" pattern="Block">2009-07-05</ns1:td><ns1:td align="right" pattern="Block">111.07</ns1:td><ns1:td align="right" pattern="Block">69.61</ns1:td><ns1:td align="right" pattern="Block">180.68</ns1:td></ns1:tr><ns1:tr pattern="Table"><ns1:td align="right" pattern="Block">2009-07-06</ns1:td><ns1:td align="right" pattern="Block">197.56</ns1:td><ns1:td align="right" pattern="Block">124.15</ns1:td><ns1:td align="right" pattern="Block">321.71</ns1:td></ns1:tr><ns1:tr pattern="Table"><ns1:td align="right" pattern="Block">2009-07-07</ns1:td><ns1:td align="right" pattern="Block">221.43</ns1:td><ns1:td align="right" pattern="Block">141.19</ns1:td><ns1:td align="right" pattern="Block">362.61</ns1:td></ns1:tr><ns1:tr pattern="Table"><ns1:td align="right" pattern="Block">2009-07-08</ns1:td><ns1:td align="right" pattern="Block">228.73</ns1:td><ns1:td align="right" pattern="Block">142.96</ns1:td><ns1:td align="right" pattern="Block">371.69</ns1:td></ns1:tr><ns1:tr pattern="Table"><ns1:td align="right" pattern="Block">2009-07-09</ns1:td><ns1:td align="right" pattern="Block">215.75</ns1:td><ns1:td align="right" pattern="Block">123.90</ns1:td><ns1:td align="right" pattern="Block">339.65</ns1:td></ns1:tr><ns1:tr pattern="Table"><ns1:td align="right" pattern="Block">2009-07-10</ns1:td><ns1:td align="right" pattern="Block">178.74</ns1:td><ns1:td align="right" pattern="Block">97.77</ns1:td><ns1:td align="right" pattern="Block">276.51</ns1:td></ns1:tr><ns1:tr pattern="Table"><ns1:td align="right" pattern="Block">2009-07-11</ns1:td><ns1:td align="right" pattern="Block">115.11</ns1:td><ns1:td align="right" pattern="Block">48.31</ns1:td><ns1:td align="right" pattern="Block">163.42</ns1:td></ns1:tr><ns1:tr pattern="Table"><ns1:td align="right" pattern="Block">2009-07-12</ns1:td><ns1:td align="right" pattern="Block">134.76</ns1:td><ns1:td align="right" pattern="Block">67.93</ns1:td><ns1:td align="right" pattern="Block">202.68</ns1:td></ns1:tr></ns1:tbody></ns1:table></ns1:para><ns1:para pattern="Block">It has proven difficult to compare these numbers against our older system because the SASS service combines services that are spread out across multiple database and NFS servers in the older system.</ns1:para></ns1:section><ns1:section pattern="HeadedContainer"><ns1:title pattern="Block">Read/Write SASS</ns1:title><ns1:para pattern="Block">In order to implement the read/write SASS service, we knew we needed to build a transactional system. We had to be able to know that we could roll back any operation that met with an error condition. In addition, we wanted a system that would allow us to search the XML documents without needing to write custom code or build new indexes for every new query we might come up with.</ns1:para><ns1:para pattern="Block">After exploring the available systems, we decided to license the XML server provided by Mark Logic Corporation. In addition, since both the MarkLogic Server and its underlying XQuery technology were new to us, we contracted with Mark Logic for consultants to work with us to build an implementation of our HPP specification. HighWire staff provided details regarding the specification and Mark Logic consultants wrote an implementation in XQuery. The implementation was written in just under 7,600 lines of XQuery code, spread across 24 modules.</ns1:para><ns1:para pattern="Block">We're currently running MarkLogic Server version 3.2, which is a few years old, and which uses a draft version of XQuery. Newer releases of MarkLogic implement the XQuery 1.0 specification, and we plan to eventually modify the XQuery implementation to take advantage of the newer releases.</ns1:para><ns1:para pattern="Block">We are currently running the MarkLogic implementation on one dedicated production server using four AMD 2218 CPU cores, 32 gigabytes of memory, and 3.7 terabytes of FC attached SATA storage. This server is currently handling between 7 to 8 million requests per month, and is used as the system of record for our production processing system. The break-down of those requests for the months of April, May, and Jun in 2009 were:<ns1:table pattern="Container"><ns1:caption pattern="Container"><ns1:para pattern="Block">Number of requests to SASS read/write service</ns1:para></ns1:caption><ns1:thead pattern="Container"><ns1:tr pattern="Table"><ns1:th pattern="Field">Type</ns1:th><ns1:th pattern="Field">April</ns1:th><ns1:th pattern="Field">May</ns1:th><ns1:th pattern="Field">Jun</ns1:th></ns1:tr></ns1:thead><ns1:tbody pattern="Table"><ns1:tr pattern="Table"><ns1:td pattern="Block">GET (non-search)</ns1:td><ns1:td align="right" pattern="Block">7,199,235</ns1:td><ns1:td align="right" pattern="Block">5,852,764</ns1:td><ns1:td align="right" pattern="Block">5,900,093</ns1:td></ns1:tr><ns1:tr pattern="Table"><ns1:td pattern="Block">GET (search)</ns1:td><ns1:td align="right" pattern="Block">642,681</ns1:td><ns1:td align="right" pattern="Block">521,106</ns1:td><ns1:td align="right" pattern="Block">751,463</ns1:td></ns1:tr><ns1:tr pattern="Table"><ns1:td pattern="Block">GET (report)</ns1:td><ns1:td align="right" pattern="Block">23,308</ns1:td><ns1:td align="right" pattern="Block">10,461</ns1:td><ns1:td align="right" pattern="Block">16,919</ns1:td></ns1:tr><ns1:tr pattern="Table"><ns1:td pattern="Block">POST</ns1:td><ns1:td align="right" pattern="Block">1,097,209</ns1:td><ns1:td align="right" pattern="Block">730,489</ns1:td><ns1:td align="right" pattern="Block">913,385</ns1:td></ns1:tr><ns1:tr pattern="Table"><ns1:td pattern="Block">PUT</ns1:td><ns1:td align="right" pattern="Block">21,214</ns1:td><ns1:td align="right" pattern="Block">10,284</ns1:td><ns1:td align="right" pattern="Block">26,905</ns1:td></ns1:tr><ns1:tr pattern="Table"><ns1:td pattern="Block">DELETE</ns1:td><ns1:td align="right" pattern="Block">9,989</ns1:td><ns1:td align="right" pattern="Block">4,652</ns1:td><ns1:td align="right" pattern="Block">35,143</ns1:td></ns1:tr><ns1:tr pattern="Table"><ns1:th pattern="Field">Total Requests</ns1:th><ns1:td align="right" pattern="Block">8,993,636</ns1:td><ns1:td align="right" pattern="Block">7,129,756</ns1:td><ns1:td align="right" pattern="Block">7,643,908</ns1:td></ns1:tr></ns1:tbody></ns1:table><ns1:orderedlist pattern="Table"><ns1:listitem pattern="Container"><ns1:para pattern="Block">GET (non-search) reflects the retrieval of a single Atom entry or variant</ns1:para></ns1:listitem><ns1:listitem pattern="Container"><ns1:para pattern="Block">GET (search) reflects the execution of a search</ns1:para></ns1:listitem><ns1:listitem pattern="Container"><ns1:para pattern="Block">GET (report) reflects the execution of custom reporting modules we've written</ns1:para></ns1:listitem></ns1:orderedlist></ns1:para><ns1:para pattern="Block">What these numbers translate to is the loading of between 40,000 to 50,000 articles per month, though in our first month of operations, when we were migrating PNAS, we loaded 93,829 articles that month alone.</ns1:para><ns1:para pattern="Block">As of Jun 18th 2009, the read/write SASS service held the following counts of resource types (there are others, but these are the ones whose counts may be of general interest):<ns1:table pattern="Container"><ns1:caption pattern="Container"><ns1:para pattern="Block">read/write SASS service resource counts</ns1:para></ns1:caption><ns1:thead pattern="Container"><ns1:tr pattern="Table"><ns1:th pattern="Field">Resource Type</ns1:th><ns1:th pattern="Field">Count</ns1:th></ns1:tr></ns1:thead><ns1:tbody pattern="Table"><ns1:tr pattern="Table"><ns1:td pattern="Block">Journal/Volume</ns1:td><ns1:td align="right" pattern="Block">2,735</ns1:td></ns1:tr><ns1:tr pattern="Table"><ns1:td pattern="Block">Journal/Issue</ns1:td><ns1:td align="right" pattern="Block">17,734</ns1:td></ns1:tr><ns1:tr pattern="Table"><ns1:td pattern="Block">Journal/Article</ns1:td><ns1:td align="right" pattern="Block">421,375</ns1:td></ns1:tr><ns1:tr pattern="Table"><ns1:td pattern="Block">Journal/Fragment</ns1:td><ns1:td align="right" pattern="Block">485,792</ns1:td></ns1:tr><ns1:tr pattern="Table"><ns1:td pattern="Block">Adjunct</ns1:td><ns1:td align="right" pattern="Block">99,121</ns1:td></ns1:tr><ns1:tr pattern="Table"><ns1:td pattern="Block">All variants</ns1:td><ns1:td align="right" pattern="Block">3,511,002</ns1:td></ns1:tr></ns1:tbody></ns1:table></ns1:para><ns1:para pattern="Block">In the table above, Journal/Volume, Journal/Issue, and Journal/Article resources correspond to the obvious parts of a journal. Journal/Fragment resources indicate resources extracted from an article to create a sub-resource, in this case they are representations of figures and tables. Adjuncts are media resources that provide supplemental data to article (e.g., raw data sets submitted along with an article). All variants consist of alternative representations, including XHTML files, PDFs, images, etc.</ns1:para><ns1:para pattern="Block">In general we've found the performance of MarkLogic to be very good, and have not yet reached the level of use that would require us to add additional servers. When we do reach that point, an important advantage we see in MarkLogic was that we ought be able to increase capacity by simply creating a MarkLogic cluster of multiple servers.</ns1:para><ns1:para pattern="Block">There are two areas where MarkLogic has had some trouble with our particular application:<ns1:itemizedlist pattern="Table"><ns1:listitem pattern="Container"><ns1:para pattern="Block">Complex DELETE operations are slow</ns1:para></ns1:listitem><ns1:listitem pattern="Container"><ns1:para pattern="Block">Some ad-hoc XQuery reporting may be resource intensive depending on the expressions used.</ns1:para></ns1:listitem></ns1:itemizedlist></ns1:para><ns1:para pattern="Block">In MarkLogic, individual delete transactions are very efficient, but to properly implement a DELETE operation in SASS the application executes an expensive traversal algorithm, building a list of resources, including:<ns1:orderedlist pattern="Table"><ns1:listitem pattern="Container"><ns1:para pattern="Block">Resources that are children of the targeted resource.</ns1:para></ns1:listitem><ns1:listitem pattern="Container"><ns1:para pattern="Block">Resources that refer to the resource targeted for deletion or to any of its child resources.</ns1:para></ns1:listitem></ns1:orderedlist>The application then needs to delete all the descendant resources and remove all references to those deleted resources. Deleting a single article could require that the application perform a dozen searches, delete fifty resources, and then update all Atom entries that refer to those deleted resources. This algorithm is costly to execute, and it makes DELETE far slower than the other operations.</ns1:para><ns1:para pattern="Block">For each type of HTTP operation a selection for 5,000 log entries were examined for their execution times:<ns1:table pattern="Container"><ns1:caption pattern="Container"><ns1:para pattern="Block">Seconds to complete a request</ns1:para></ns1:caption><ns1:thead pattern="Container"><ns1:tr pattern="Table"><ns1:th colspan="4" pattern="Field">Ã&#130;Â </ns1:th><ns1:th align="center" colspan="3" pattern="Field">Percentiles</ns1:th></ns1:tr><ns1:tr pattern="Table"><ns1:th pattern="Field">Type</ns1:th><ns1:th pattern="Field">Mean</ns1:th><ns1:th pattern="Field">Minimum</ns1:th><ns1:th pattern="Field">Maximum</ns1:th><ns1:th pattern="Field">50%</ns1:th><ns1:th pattern="Field">75%</ns1:th><ns1:th pattern="Field">99%</ns1:th></ns1:tr></ns1:thead><ns1:tbody pattern="Table"><ns1:tr pattern="Table"><ns1:td pattern="Block">GET (non-search)</ns1:td><ns1:td align="right" pattern="Block">0.0397</ns1:td><ns1:td align="right" pattern="Block">0.0073</ns1:td><ns1:td align="right" pattern="Block">3.6032</ns1:td><ns1:td align="right" pattern="Block">0.0133</ns1:td><ns1:td align="right" pattern="Block">0.0328</ns1:td><ns1:td align="right" pattern="Block">0.2670</ns1:td></ns1:tr><ns1:tr pattern="Table"><ns1:td pattern="Block">GET (search)</ns1:td><ns1:td align="right" pattern="Block">0.4611</ns1:td><ns1:td align="right" pattern="Block">0.0098</ns1:td><ns1:td align="right" pattern="Block">23.9744</ns1:td><ns1:td align="right" pattern="Block">0.2342</ns1:td><ns1:td align="right" pattern="Block">0.3818</ns1:td><ns1:td align="right" pattern="Block">3.9794</ns1:td></ns1:tr><ns1:tr pattern="Table"><ns1:td pattern="Block">POST</ns1:td><ns1:td align="right" pattern="Block">0.0775</ns1:td><ns1:td align="right" pattern="Block">0.0259</ns1:td><ns1:td align="right" pattern="Block">0.5822</ns1:td><ns1:td align="right" pattern="Block">0.0592</ns1:td><ns1:td align="right" pattern="Block">0.0977</ns1:td><ns1:td align="right" pattern="Block">0.1750</ns1:td></ns1:tr><ns1:tr pattern="Table"><ns1:td pattern="Block">PUT</ns1:td><ns1:td align="right" pattern="Block">0.1304</ns1:td><ns1:td align="right" pattern="Block">0.0159</ns1:td><ns1:td align="right" pattern="Block">4.3666</ns1:td><ns1:td align="right" pattern="Block">0.0897</ns1:td><ns1:td align="right" pattern="Block">0.1487</ns1:td><ns1:td align="right" pattern="Block">0.6931</ns1:td></ns1:tr><ns1:tr pattern="Table"><ns1:td pattern="Block">DELETE</ns1:td><ns1:td align="right" pattern="Block">6.1802</ns1:td><ns1:td align="right" pattern="Block">0.0084</ns1:td><ns1:td align="right" pattern="Block">628.9670</ns1:td><ns1:td align="right" pattern="Block">3.4020</ns1:td><ns1:td align="right" pattern="Block">4.1776</ns1:td><ns1:td align="right" pattern="Block">33.2024</ns1:td></ns1:tr></ns1:tbody></ns1:table><ns1:orderedlist pattern="Table"><ns1:listitem pattern="Container"><ns1:para pattern="Block">GET (non-search) reflects the retrieval of a single Atom entry or a variant</ns1:para></ns1:listitem><ns1:listitem pattern="Container"><ns1:para pattern="Block">GET (search) reflects the execution of a search</ns1:para></ns1:listitem></ns1:orderedlist></ns1:para><ns1:para pattern="Block">Performance is excellent for the GET (non-search), POST, and PUT operations, and fairly good for GET (search), but DELETE operations are far slower than any other operation. The intrinsic problem with handling a DELETE is the complexity of the algorithm and the number of documents that need to be searched and modified. In theory we ought to be able to optimize how the searches are performed, implementing a more efficient algorithm, thereby speeding up the execution. Because DELETE operations make up such a small number of the requests we execute, we have not yet seriously investigated implementing such an optimization.</ns1:para><ns1:para pattern="Block">The other problem area we've had with MarkLogic is constructing efficient ad-hoc queries. MarkLogic automatically creates indexes for any XML that it stores, and while these indexes cover many types of possible queries, it is possible to construct queries that do not take advantage of these indexes. At various times we want to run ad-hoc reports against the database, and we've found that some of these queries can time out if they are written without applying some knowledge of how the server's query optimizer work. Given the structure of our XML, for some of our ad-hoc queries, a challenge has been that our version of MarkLogic Server will not use an index if the expression is within nested predicates. As an example, if we have an index built on the two attributes<ns1:code pattern="Atom">@scheme</ns1:code>and<ns1:code pattern="Atom">@term</ns1:code>for<ns1:code pattern="Atom">atom:category</ns1:code>in an Atom entry, which together function as a key/value pair:<ns1:itemizedlist pattern="Table"><ns1:listitem pattern="Container"><ns1:para pattern="Block"><ns1:code pattern="Atom">/atom:entry/atom:category/@scheme</ns1:code></ns1:para></ns1:listitem><ns1:listitem pattern="Container"><ns1:para pattern="Block"><ns1:code pattern="Atom">/atom:entry/atom:category/@term</ns1:code></ns1:para></ns1:listitem></ns1:itemizedlist>as well as on the element:<ns1:itemizedlist pattern="Table"><ns1:listitem pattern="Container"><ns1:para pattern="Block"><ns1:code pattern="Atom">/atom:entry/nlm:issue-id</ns1:code></ns1:para></ns1:listitem></ns1:itemizedlist>then if we wanted to find those entries with the values represented by the variables<ns1:code pattern="Atom">$scheme</ns1:code>,<ns1:code pattern="Atom">$term</ns1:code>, and<ns1:code pattern="Atom">$issue-id</ns1:code>, the XPath expression must be written along the lines of<ns1:programlisting xmlns:ns3="http://www.w3.org/XML/1998/namespace" xml:space="preserve" pattern="Block">for $cat in /atom:entry[nlm:issue-id = $issue-id]/atom:category[@scheme eq $scheme and @term eq $term] return $cat/parent::atom:entry</ns1:programlisting></ns1:para><ns1:para pattern="Block">Writing it in an alternative way, using nested predicates,<ns1:programlisting xmlns:ns3="http://www.w3.org/XML/1998/namespace" xml:space="preserve" pattern="Block">/atom:entry[atom:category[@scheme eq $scheme and @term eq $term] and nlm:issue-id = $issue-id]</ns1:programlisting>results in the server's not using the<ns1:code pattern="Atom">@scheme</ns1:code>and<ns1:code pattern="Atom">@term</ns1:code>indexes, resulting in longer execution times. As more predicates are added to a query, it can become very difficult to figure out how best to structure the query to take full advantage of the indexes.</ns1:para><ns1:para pattern="Block">As an example, the following XQuery expression searches for Atom entries under a specified $journal-root location, and identifies those Atom entries that match particular atom:link and atom:category criteria. The nested predicates listed are required to ensure no false positives are returned:<ns1:programlisting xmlns:ns3="http://www.w3.org/XML/1998/namespace" xml:space="preserve" pattern="Block">xdmp:directory($journal-root, "infinity")/hw:doc /atom:entry [atom:link[@rel eq $hpp:rel.parent and @c:role = $hpp:model.journal]] [atom:category[@scheme eq $hpp:role.scheme and @term eq $hpp:model.adjunct]] [not(atom:link[@rel eq 'related' and @c:role = $hpp:model.adjunct.related])]</ns1:programlisting></ns1:para><ns1:para pattern="Block">This query takes some 472 seconds to run against a<ns1:code pattern="Atom">$journal-root</ns1:code>which contains a little over 1.8 million resources. Rewriting the query to first look for one half of the criteria for each nested predicate listed above, thereby allowing the server to use more indexes, reduces the execution time to around 4.6 seconds:<ns1:programlisting xmlns:ns3="http://www.w3.org/XML/1998/namespace" xml:space="preserve" pattern="Block">for $entry in xdmp:directory($journal-root, "infinity")/hw:doc /atom:entry [atom:link/@c:role = $hpp:model.journal] [atom:category/@term = $hpp:model.adjunct] [not(atom:link/@c:role = $hpp:model.adjunct.related)] where $entry/atom:category[@scheme eq $hpp:role.scheme and @term eq $hpp:model.adjunct] and $entry/atom:link[@rel eq $hpp:rel.parent and @c:role = $hpp:model.journal] and not($entry/atom:link[@rel eq 'related' and @c:role = $hpp:model.adjunct.related]) return $entry</ns1:programlisting>Both queries produce the correct results; it's just a matter of how quickly those results are computed. Another way we could improve the performance of this query is to change the structure of our XML to be better aligned with MarkLogic's indexes. For this application, that was not an option.</ns1:para><ns1:para pattern="Block">MarkLogic Server is able to provide detailed information about which parts of a query are using an index, and is able to provide very detailed statistics regarding cache hit rates for a query. Many queries in MarkLogic can be fully evaluated out of the indexes, and these queries are very efficient, usually returning in sub-second time. However, as queries become more complex, the developer needs to understand the impact of the query's conditions and the way they interact with the indexes. MarkLogic provides accurate responses to queries, and as the query is made to make more use of the indexes, response times are typically reduced.</ns1:para><ns1:para pattern="Block">As an example, the following query makes full uses of the indexes to identify those resources that contain a given DOI value $doi, and MarkLogic can return results for this type of query in less than 0.1 seconds:<ns1:programlisting xmlns:ns3="http://www.w3.org/XML/1998/namespace" xml:space="preserve" pattern="Block">for $doc in xdmp:directory("/pnas/", "infinity")/hw:doc/ atom:entry/nlm:article-id[@pub-id-type eq "doi"][. eq $doi] return base-uri($doc)</ns1:programlisting></ns1:para></ns1:section></ns1:section><ns1:section pattern="HeadedContainer"><ns1:title pattern="Block">Babel XSLT</ns1:title><ns1:para pattern="Block">The final component of the XML-based systems used in H2O is the Babel XSLT processing engine. Babel XSLT is a batch processing engine that we use to transform incoming source XML into resources for loading into the read/write SASS service. We've implemented an HPP aware client in XSLT 2.0 (using Java extensions to allow XSLT programs to act as an HTTP client), and we perform the bulk of our content loading using the Babel XSLT engine to POST the content into the read/write SASS service.</ns1:para><ns1:para pattern="Block">Babel XSLT is an HTTP service that accepts XML documents describing a batch operation to perform. A batch consists of an XSLT stylesheet to run, an optional set of XSLT parameters (these parameters may be complex content, meaning they may contain document fragments or node sequences), and one or more input sources to process, along with corresponding output targets. When a batch is submitted, it is queued for processing until the server has free capacity.</ns1:para><ns1:para pattern="Block">Once the server begins processing a batch, it draws from a pool of threads to apply the specified stylesheet to each specified input source in parallel. Upon completion, a batch log report is produced that indicates the start and stop time of each transformation, as well as any<ns1:code pattern="Atom">xsl:message</ns1:code>log events captured during the execution of the individual transformations. As with the input parameters, the<ns1:code pattern="Atom">xsl:message</ns1:code>log events may be complex content.</ns1:para><ns1:para pattern="Block">An example batch input<ns1:programlisting xmlns:ns3="http://www.w3.org/XML/1998/namespace" xml:space="preserve" pattern="Block">&lt;babel-xsl:batch xmlns:babel-xsl="http://schema.highwire.org/Babel/XSLT/Batch" name="HWX.jmicro_iss_58_4.intake.StyleCheckPMC.runPMCArticleValidator" stylesheet="stylesheets/third-party/pmc-nlm-style/default/nlm-stylechecker.xsl"&gt; &lt;babel-xsl:transform source="file:/HWE1/process/intake/jmicro/jmicro_iss_58_4/TagTextFiles/StyleCheckPMC/dfp013.xml" result="file:/HWE1/process/intake/jmicro/jmicro_iss_58_4/TagTextFiles/StyleCheckPMC/dfp013.xml" /&gt; &lt;babel-xsl:transform source="file:/HWE1/process/intake/jmicro/jmicro_iss_58_4/TagTextFiles/StyleCheckPMC/dfp010.xml" result="file:/HWE1/process/intake/jmicro/jmicro_iss_58_4/TagTextFiles/StyleCheckPMC/dfp010.xml" /&gt; &lt;babel-xsl:transform source="file:/HWE1/process/intake/jmicro/jmicro_iss_58_4/TagTextFiles/StyleCheckPMC/dfp018.xml" result="file:/HWE1/process/intake/jmicro/jmicro_iss_58_4/TagTextFiles/StyleCheckPMC/dfp018.xml" /&gt; &lt;babel-xsl:transform source="file:/HWE1/process/intake/jmicro/jmicro_iss_58_4/TagTextFiles/StyleCheckPMC/dfp002.xml" result="file:/HWE1/process/intake/jmicro/jmicro_iss_58_4/TagTextFiles/StyleCheckPMC/dfp002.xml" /&gt; &lt;babel-xsl:transform source="file:/HWE1/process/intake/jmicro/jmicro_iss_58_4/TagTextFiles/StyleCheckPMC/dfp017.xml" result="file:/HWE1/process/intake/jmicro/jmicro_iss_58_4/TagTextFiles/StyleCheckPMC/dfp017.xml" /&gt; &lt;/babel-xsl:batch&gt;</ns1:programlisting>would apply the specified stylesheet in to all five<ns1:code pattern="Atom">babel-xsl:transform/@source</ns1:code>inputs in parallel, producing five result files and a batch log:<ns1:programlisting xmlns:ns3="http://www.w3.org/XML/1998/namespace" xml:space="preserve" pattern="Block">&lt;babel-xsl:log xmlns:babel-xsl="http://schema.highwire.org/Babel/XSLT/Batch" name="2009/07/15/09/HWX.jmicro_iss_58_4.intake.StyleCheckPMC.runPMCArticleValidator" stylesheet="jndi:/localhost/babel-xslt-01/stylesheets/third-party/pmc-nlm-style/default/nlm-stylechecker.xsl"&gt; &lt;babel-xsl:start time="2009-07-15T09:16:23.652-07:00" /&gt; &lt;babel-xsl:transform-start time="2009-07-15T09:16:23.667-07:00" source="file:/HWE1/process/intake/jmicro/jmicro_iss_58_4/TagTextFiles/StyleCheckPMC/dfp013.xml" /&gt; &lt;babel-xsl:transform-start time="2009-07-15T09:16:23.667-07:00" source="file:/HWE1/process/intake/jmicro/jmicro_iss_58_4/TagTextFiles/StyleCheckPMC/dfp010.xml" /&gt; &lt;babel-xsl:transform-start time="2009-07-15T09:16:23.667-07:00" source="file:/HWE1/process/intake/jmicro/jmicro_iss_58_4/TagTextFiles/StyleCheckPMC/dfp018.xml" /&gt; &lt;babel-xsl:transform-start time="2009-07-15T09:16:23.667-07:00" source="file:/HWE1/process/intake/jmicro/jmicro_iss_58_4/TagTextFiles/StyleCheckPMC/dfp017.xml" /&gt; &lt;babel-xsl:transform-start time="2009-07-15T09:16:23.668-07:00" source="file:/HWE1/process/intake/jmicro/jmicro_iss_58_4/TagTextFiles/StyleCheckPMC/dfp002.xml" /&gt; &lt;babel-xsl:transform-success time="2009-07-15T09:16:24.406-07:00" source="file:/HWE1/process/intake/jmicro/jmicro_iss_58_4/TagTextFiles/StyleCheckPMC/dfp018.xml" /&gt; &lt;babel-xsl:transform-success time="2009-07-15T09:16:24.647-07:00" source="file:/HWE1/process/intake/jmicro/jmicro_iss_58_4/TagTextFiles/StyleCheckPMC/dfp002.xml" /&gt; &lt;babel-xsl:transform-success time="2009-07-15T09:16:24.756-07:00" source="file:/HWE1/process/intake/jmicro/jmicro_iss_58_4/TagTextFiles/StyleCheckPMC/dfp010.xml" /&gt; &lt;babel-xsl:transform-success time="2009-07-15T09:16:24.769-07:00" source="file:/HWE1/process/intake/jmicro/jmicro_iss_58_4/TagTextFiles/StyleCheckPMC/dfp013.xml" /&gt; &lt;babel-xsl:transform-success time="2009-07-15T09:16:24.795-07:00" source="file:/HWE1/process/intake/jmicro/jmicro_iss_58_4/TagTextFiles/StyleCheckPMC/dfp017.xml" /&gt; &lt;babel-xsl:success time="2009-07-15T09:16:24.795-07:00" /&gt; &lt;/babel-xsl:log&gt;</ns1:programlisting></ns1:para><ns1:para pattern="Block">The Babel XSLT service keeps a permanent cache of compiled Templates for the stylesheets it is asked to execute. Because a batch requires the uniform application of any XSLT parameters to every input source in a batch, the server is then able to set up its processing workflow once and then apply that workflow en masse to all the inputs listed in the batch.</ns1:para><ns1:para pattern="Block">We currently use Babel XSLT to produce and, via its HTTP and HPP client extensions, to load and update almost all H2O content. The production process includes tasks such as applying Schematron assertions to produce reports on the content, applying normalization routines to the article source XML, enriching the article source XML to include extra metadata, and converting those article source files into Atom entries and variant representations (e.g., XHTML). HighWire has written about 48,000 lines of XSLT 2.0 code (including comments and whitespace), spread across 318 stylesheets, to perform this work.</ns1:para><ns1:para pattern="Block">We are currently running Babel XSLT on two servers. Each server uses two AMD 1210 cores, 8 gigabytes of memory, and various NFS mounted storage arrays. Across both servers we are executing an average of 3,839 transformations per hour. At peak times we've run anywhere from 23,000 to 57,000 transformations in an hour. Transformation execution times range from a low 0.20 seconds to a high of 20.0 seconds, with 95% of transformations taking less than 7.0 seconds to complete.</ns1:para><ns1:para pattern="Block">The biggest efficiency headache we've encountered with the Babel XSLT service has been related to its memory requirements. A large enough batch job can run into memory limits as it converts the incoming batch into a JDOM object, runs its XSLT transformations, and uses JDOM to produce the batch log report. The Babel XSLT servers have a minimum memory footprint ranging from 200 to 300 megabytes, but can easily use up to 5 gigabytes of memory to process their workloads. In the space of one minute, a server might jump from needing 500 megabytes to needing 2.5 gigabytes of memory.</ns1:para><ns1:para pattern="Block">Currently HighWire uses a Perl-based framework to submit Babel XSLT jobs. The Perl code is responsible for identifying which stylesheet and which input and output files need to be submitted for a given batch, based on the phase of processing in a workflow. The Perl code is responsible for producing a batch, submitting it to the Babel XSLT system, and then examining the batch log report to determine whether or not the job was completed successfully, and to report any messages emitted by the stylesheet.</ns1:para></ns1:section><ns1:section pattern="HeadedContainer"><ns1:title pattern="Block">Conclusion</ns1:title><ns1:para pattern="Block">By far our most challenging experience has been that of educating everyone within our organization. Our developers are faced with new systems that make use of a bewildering array of specifications and standards, and it has not been easy for everyone involved to come up to speed on everything; our developers have demanded better documentation and clearer explanations of how the new systems work.</ns1:para><ns1:para pattern="Block">In terms of performance, we've found the XML-based technologies to be adequate, if not stellar. When we've needed to improve performance we've applied traditional techniques:<ns1:itemizedlist pattern="Table"><ns1:listitem pattern="Container"><ns1:para pattern="Block">Don't perform work if you don't need to (e.g., Firenze's ability to remove handlers from the stack when the handler has completed its task).</ns1:para></ns1:listitem><ns1:listitem pattern="Container"><ns1:para pattern="Block">Take advantage of optimized representations of your data, if available (e.g., using compiled Templates, making use of optimized Source implementations).</ns1:para></ns1:listitem><ns1:listitem pattern="Container"><ns1:para pattern="Block">Develop caching techniques at multiple layers, trading space for time.</ns1:para></ns1:listitem><ns1:listitem pattern="Container"><ns1:para pattern="Block">Examine your algorithms to determine if they are the best fit for the application.</ns1:para></ns1:listitem></ns1:itemizedlist></ns1:para><ns1:para pattern="Block">Applying these techniques, the XML-based technologies we've discussed here can be made<ns1:emphasis pattern="Inline">fast enough</ns1:emphasis>for most of our needs.</ns1:para><ns1:para pattern="Block">The advantages we see to using a unified, RESTful, XML data store paired with high-level declarative programming languages like XSLT and XQuery are:<ns1:itemizedlist pattern="Table"><ns1:listitem pattern="Container"><ns1:para pattern="Block">It is easier to introduce changes to our data models.</ns1:para></ns1:listitem><ns1:listitem pattern="Container"><ns1:para pattern="Block">There's no need to spend time writing code that converts data from one data model into another (e.g., from relational form to an object-oriented form and back).</ns1:para></ns1:listitem></ns1:itemizedlist></ns1:para></ns1:section><ns1:section pattern="HeadedContainer"><ns1:title pattern="Block">Acknowledgements</ns1:title><ns1:para pattern="Block">I would like to thank Craig Jurney<ns1:email pattern="Field">cjurney@stanford.edu</ns1:email>, the architect and developer of the Firenze system, and Jules Milner-Brage<ns1:email pattern="Field">jules@adakara.com</ns1:email>, the primary architect of the SASS specification and the architect and developer of the Babel XSLT system, for their comments and advice during the preparation of this paper.</ns1:para></ns1:section><ns1:bibliography pattern="HeadedContainer"><ns1:title pattern="Block">References</ns1:title><ns1:bibliomixed xmlns:ns3="http://www.w3.org/XML/1998/namespace" xml:id="fielding" pattern="Block" xreflabel="Fielding2000">Roy Thomas Fielding,<ns1:emphasis pattern="Inline">Architectural Styles and the Design of Network-based Software Architectures,</ns1:emphasis>Ph.D. Thesis, University of California, Irvine, Irvine, California, 2000. [online]. [cited July 2009].<ns1:link xmlns:ns2="http://www.w3.org/1999/xlink" ns2:actuate="onRequest" ns2:show="new" ns2:type="simple" pattern="Inline">http://www.ics.uci.edu/~fielding/pubs/dissertation/top.htm</ns1:link>.</ns1:bibliomixed><ns1:bibliomixed xmlns:ns3="http://www.w3.org/XML/1998/namespace" xml:id="atompub" pattern="Block" xreflabel="AtomPub2007">Joe Gregorio, ed. and Bill de HÃ&#131;Â³ra, ed.<ns1:emphasis pattern="Inline">The Atom Publishing Protocol,</ns1:emphasis>Internet RFC 2053, October 2007. [online]. [cited July 2009].<ns1:link xmlns:ns2="http://www.w3.org/1999/xlink" ns2:actuate="onRequest" ns2:show="new" ns2:type="simple" pattern="Inline">http://tools.ietf.org/html/rfc5023</ns1:link>.</ns1:bibliomixed><ns1:bibliomixed xmlns:ns3="http://www.w3.org/XML/1998/namespace" xml:id="atom" pattern="Block" xreflabel="Atom2005">M. Nottingham, ed. and R. Sayre, ed.<ns1:emphasis pattern="Inline">The Atom Syndication Format,</ns1:emphasis>Internet RFC 4287, December 2005 [online]. [cited July 2009].<ns1:link xmlns:ns2="http://www.w3.org/1999/xlink" ns2:actuate="onRequest" ns2:show="new" ns2:type="simple" pattern="Inline">http://tools.ietf.org/html/rfc4287</ns1:link>.</ns1:bibliomixed><ns1:bibliomixed xmlns:ns3="http://www.w3.org/XML/1998/namespace" xml:id="cc" pattern="Block" xreflabel="Nottingham2007">M. Nottingham,<ns1:emphasis pattern="Inline">HTTP Cache Channels,</ns1:emphasis>October 2007. [online]. [cited July 2009].<ns1:link xmlns:ns2="http://www.w3.org/1999/xlink" ns2:actuate="onRequest" ns2:show="new" ns2:type="simple" pattern="Inline">http://ietfreport.isoc.org/idref/draft-nottingham-http-cache-channels/</ns1:link>.</ns1:bibliomixed><ns1:bibliomixed xmlns:ns3="http://www.w3.org/XML/1998/namespace" xml:id="arc" pattern="Block" xreflabel="Megiddo2003">Nimrod Megiddo and Dharmendra S. Modha,<ns1:emphasis pattern="Inline">ARC: A Self-Tuning, Low Overhead Replacement Cache</ns1:emphasis>, USENIX File and Storage Technologies (FAST), March 31, 2003, San Francisco, CA. [online]. [cited July 2009].<ns1:link xmlns:ns2="http://www.w3.org/1999/xlink" ns2:actuate="onRequest" ns2:show="new" ns2:type="simple" pattern="Inline">http://www.almaden.ibm.com/StorageSystems/projects/arc/arcfast.pdf</ns1:link>.</ns1:bibliomixed></ns1:bibliography></ns1:article>