<?xml version="1.0" encoding="UTF-8"?><ns1:article xmlns:ns1="http://docbook.org/ns/docbook" pattern="HeadedContainer" version="5.0-subset Balisage-1.2"><ns1:title pattern="Block">Multi-structured documents and the emergence of annotations vocabularies</ns1:title><ns1:info pattern="Record"><ns1:confgroup pattern="Record"><ns1:conftitle pattern="Field">Balisage: The Markup Conference 2010</ns1:conftitle><ns1:confdates pattern="Field">August 3 - 6, 2010</ns1:confdates></ns1:confgroup><ns1:abstract pattern="Container"><ns1:para pattern="Block">The construction of multi-structured documents often implies the definition of annotations vocabularies. Moreover, in a multi-users context, the growth of these vocabularies has to be controlled. Therefore, we propose using the trace of users activity to limit this growth and to document the vocabularies. For example, a user will be able to follow and annotate a term in the context of its surrounding actions from its creation to the last time it was used. From a broader point of view, this work is grounded on our Web based philological platform, DINAH, and is mainly motivated by our collaboration with a group of philosophers studying the handwritten manuscripts of Jean-Toussaint Desanti.</ns1:para></ns1:abstract><ns1:author pattern="Record"><ns1:personname pattern="Record"><ns1:firstname pattern="Field">Pierre-Ã&#131;â&#128;°douard</ns1:firstname><ns1:surname pattern="Field">Portier</ns1:surname></ns1:personname><ns1:personblurb pattern="Container"><ns1:para pattern="Block">Pierre-Ã&#131;â&#128;°douard Portier is a computer science engineer. He has graduated in September 2007 from INSA-Lyon school with a Master degree in computer science. He is continuing his studies at INSA-Lyon as a Ph.D student. He is working in the DRIM team of the LIRIS laboratory under the supervision of Sylvie Calabretto.</ns1:para></ns1:personblurb><ns1:affiliation pattern="Record"><ns1:orgname pattern="Block">UniversitÃ&#131;Â© de Lyon, CNRS, INSA-Lyon, LIRIS, UMR5205, F-69621</ns1:orgname></ns1:affiliation><ns1:email pattern="Field">pierre-edouard.portier@insa-lyon.fr</ns1:email></ns1:author><ns1:author pattern="Record"><ns1:personname pattern="Record"><ns1:firstname pattern="Field">Sylvie</ns1:firstname><ns1:surname pattern="Field">Calabretto</ns1:surname></ns1:personname><ns1:personblurb pattern="Container"><ns1:para pattern="Block">Sylvie Calabretto : Doctor in Computer Sciences of the Ã&#130;Â« Institut National des Sciences AppliquÃ&#131;Â©es de Lyon Ã&#130;Â» in 1993. Presently, Associate professor at the Institut National des Sciences AppliquÃ&#131;Â©es de Lyon (INSA-Lyon) and Researcher at the Laboratory of Images and Information Systems Engineering (LIRIS). Co-superviser of nine PhD dissertation. Has published one collective book and about 100 papers on various computing subjects among which Structured Document, Information Retrieval and Digital Libraries.</ns1:para></ns1:personblurb><ns1:affiliation pattern="Record"><ns1:orgname pattern="Block">UniversitÃ&#131;Â© de Lyon, CNRS, INSA-Lyon, LIRIS, UMR5205, F-69621</ns1:orgname></ns1:affiliation><ns1:email pattern="Field">sylvie.calabretto@insa-lyon.fr</ns1:email></ns1:author><ns1:legalnotice pattern="Container"><ns1:para pattern="Block">Copyright Ã&#130;Â© 2010 by the authors. Used with permission.</ns1:para></ns1:legalnotice><ns1:keywordset pattern="Table" role="author"><ns1:keyword pattern="Field">digital libraries</ns1:keyword><ns1:keyword pattern="Field">vocabularies</ns1:keyword><ns1:keyword pattern="Field">interaction traces</ns1:keyword><ns1:keyword pattern="Field">overlapping hierarchies</ns1:keyword><ns1:keyword pattern="Field">XML</ns1:keyword></ns1:keywordset></ns1:info><ns1:section pattern="HeadedContainer"><ns1:title pattern="Block">Introduction</ns1:title><ns1:para pattern="Block">We proposed [<ns1:xref linkend="portier2009" pattern="Milestone"/>] a methodology for the construction of multi-structured documents. We add tools for documenting and managing the evolution of the terms and relations created by the users for the description of structures.</ns1:para><ns1:para pattern="Block">The following ideas have been conceived in the context of a digital library project that includes a group of philosophers interested by the work of Jean-Toussaint Desanti<ns1:footnote xmlns:ns3="http://www.w3.org/XML/1998/namespace" xml:id="fnInstitut" pattern="Popup"><ns1:para pattern="Block">http://institutdesanti.ens-lyon.fr/</ns1:para></ns1:footnote>. Our documents are digital images of manuscripts' pages (more than 35 000 pages). From a technical point of view, our users transcribe, annotate and reorder those pages.</ns1:para><ns1:para pattern="Block">The transcription is the association of the image of a manuscript's page with the digitized version of its textual content. Many levels of transcription have been defined<ns1:footnote xmlns:ns3="http://www.w3.org/XML/1998/namespace" xml:id="fnTranscription" pattern="Popup"><ns1:para pattern="Block">http://www.tei-c.org/About/Archive_new/ETE/Preview/driscoll.xml</ns1:para></ns1:footnote>: from the diplomatic transcription whose result should be the exact copy of the manuscript (the layout of the page is retained, abbreviations are not expanded, etc.) to transcriptions that remain easy to read. However, with the rich underlying data structures of existing philological software platforms this choice can be postponed to the editorial phase when multiple versions of the transcription will be produced. Moreover, the TEI<ns1:footnote xmlns:ns3="http://www.w3.org/XML/1998/namespace" xml:id="fnTEI" pattern="Popup"><ns1:para pattern="Block">http://www.tei-c.org/index.xml</ns1:para></ns1:footnote>defines well documented and customizable tag sets (thanks to the Roma tool that generates validators for ad-hoc customizations<ns1:footnote xmlns:ns3="http://www.w3.org/XML/1998/namespace" xml:id="fnRoma" pattern="Popup"><ns1:para pattern="Block">http://www.tei-c.org/Roma/</ns1:para></ns1:footnote>). Finally, there are useful case studies ([<ns1:xref linkend="huitfeldt2004" pattern="Milestone"/>], [<ns1:xref linkend="gants2006" pattern="Milestone"/>], ...) of electronic editions projects. They give us perspectives on the processes of choosing a tag set, establishing encoding rules, etc. They also introduce to more general problems that most certainly appeared from the required formalization of electronic edition. For example, the two notions of representation and interpretation benefit from being presented as a conceptual continuum: "common sense" always seems to be able to distinguish between the two concepts, to draw a border, but every time we look closer this border vanishes. As a second example, the computer programs considered as tools make the interactive relationship between the user and the text explicit.</ns1:para><ns1:para pattern="Block">A particularity of the Jean-Toussaint Desanti Archives is the necessity of reordering the handwritten pages. In fact, we have noticed that this problem applies to many projects of electronic edition of handwritten manuscripts. Often, the pages are initially disordered: the documents may have passed through the hands of many people and lost their initial order. More importantly, for testing philological hypothesis, it is often interesting to reorder collections of pages, even though these reorderings do not correspond to explicit choices of the author. We choose two examples from the J.T.Desanti Archives in order to illustrate this problem.</ns1:para><ns1:para pattern="Block">For the first example, let say a user isolates the four pages of<ns1:xref linkend="fgFourPages" pattern="Milestone"/>from a set of unclassified pages. Since three of the four pages are being numbered in their top right corner, he easily manages to reorder them. Nonetheless this reordering is to be considered as an interpretation and the original order and context must be preserved. Later, inside an other unclassified set of pages, a page is found that shares many similarities with the first page of the new four pages collection. Some researcher concludes that the newly created collection may be an alternative version of the page just found.</ns1:para><ns1:figure xmlns:ns3="http://www.w3.org/XML/1998/namespace" xml:id="fgFourPages" pattern="Container"><ns1:mediaobject pattern="Container"><ns1:imageobject pattern="Container"><ns1:imagedata fileref="../../../vol5/graphics/Portier01/Portier01-001.jpg" format="jpg" pattern="Meta" width="60%"/></ns1:imageobject><ns1:caption pattern="Container"><ns1:para pattern="Block">Four pages from an unclassified collection</ns1:para></ns1:caption></ns1:mediaobject></ns1:figure><ns1:para pattern="Block">For the second example, a user finds, in the last page of a notebook, a reference to an unknown appendix (see<ns1:xref linkend="fgLastPage" pattern="Milestone"/>). Later, the appendix is found inside an unclassified set of pages (see<ns1:xref linkend="fgAppendix" pattern="Milestone"/>). He will insert the appendix after the last page of the notebook, but the original context in which the appendix was found must be preserved as it is highly significant since it helped to link the content of the notebook with the themes developed by the unclassified set of pages where the appendix was found.</ns1:para><ns1:figure xmlns:ns3="http://www.w3.org/XML/1998/namespace" xml:id="fgLastPage" pattern="Container"><ns1:mediaobject pattern="Container"><ns1:imageobject pattern="Container"><ns1:imagedata fileref="../../../vol5/graphics/Portier01/Portier01-002.jpg" format="jpg" pattern="Meta" width="60%"/></ns1:imageobject><ns1:caption pattern="Container"><ns1:para pattern="Block">A reference to an unknown appendix</ns1:para></ns1:caption></ns1:mediaobject></ns1:figure><ns1:figure xmlns:ns3="http://www.w3.org/XML/1998/namespace" xml:id="fgAppendix" pattern="Container"><ns1:mediaobject pattern="Container"><ns1:imageobject pattern="Container"><ns1:imagedata fileref="../../../vol5/graphics/Portier01/Portier01-003.jpg" format="jpg" pattern="Meta" width="60%"/></ns1:imageobject><ns1:caption pattern="Container"><ns1:para pattern="Block">Found appendix</ns1:para></ns1:caption></ns1:mediaobject></ns1:figure><ns1:para pattern="Block">We spent some time describing this simple situation of reordering set of pages ... for we find it interesting and relevant to the forthcoming considerations. A reordering is formally quite simple: we move a few pages, we add some annotations ... But it may convey valuable interpretations.</ns1:para><ns1:para pattern="Block">We divided the users activity into three main operations: transcription, reordering and annotation. We briefly covered the first two and should now introduce to the third one. However, the annotation operation is much more generic: transcription as well as reordering depend on annotations. But it seemed convenient to introduce them separately. Our annotations are simple relations and we keep them in a RDF store.</ns1:para><ns1:para pattern="Block">Users create those relations in a GUI (see<ns1:xref linkend="fgMainScreenshot" pattern="Milestone"/>) that imitates the graph structure of the data.</ns1:para><ns1:figure xmlns:ns3="http://www.w3.org/XML/1998/namespace" xml:id="fgMainScreenshot" pattern="Container"><ns1:mediaobject pattern="Container"><ns1:imageobject pattern="Container"><ns1:imagedata fileref="../../../vol5/graphics/Portier01/Portier01-004.png" format="png" pattern="Meta" width="100%"/></ns1:imageobject><ns1:caption pattern="Container"><ns1:para pattern="Block">DINAH main interface</ns1:para></ns1:caption></ns1:mediaobject></ns1:figure><ns1:para pattern="Block">Those relations are used to build a faceted navigation interface (see<ns1:xref linkend="fgNavigation" pattern="Milestone"/>).</ns1:para><ns1:figure xmlns:ns3="http://www.w3.org/XML/1998/namespace" xml:id="fgNavigation" pattern="Container"><ns1:mediaobject pattern="Container"><ns1:imageobject pattern="Container"><ns1:imagedata fileref="../../../vol5/graphics/Portier01/Portier01-005.png" format="png" pattern="Meta" width="70%"/></ns1:imageobject><ns1:caption pattern="Container"><ns1:para pattern="Block">Faceted navigation interface</ns1:para></ns1:caption></ns1:mediaobject></ns1:figure><ns1:para pattern="Block">We should now clarify our orientation towards vocabularies of terms. According to Patrick Durusau [<ns1:xref linkend="durusau2006" pattern="Milestone"/>], vocabularies of terms and relations have to be defined before any annotations are created. However, as explained by Dino Buzzetti and Jerome McGann [<ns1:xref linkend="buzzetti2006" pattern="Milestone"/>], a new annotation modifies the semiotic nature of the document by facilitating new interpretations that can themselves arouse the desire to add new annotations in order to formalize those interpretations, ... thus feeding a theoretically endless hermeneutic process. Thereby, it seems necessary to allow a continuous creation of terms. Our work focuses on how to effectively enable this creation. That being said, we recognize the relevance and importance of capitalization work such as the TEI. However, we try to focus on the problem of the emergence of annotation vocabularies when some researchers study a set of documents.</ns1:para><ns1:para pattern="Block">We first provide a short introduction to the notion of "sign". We then describe the evolutions of our model for the construction of multi-structured documents. Next, we introduce the notion of the "trace of users interactions" and we show how this trace can be used for managing and documenting vocabularies of terms and relations. Then, we explain how a very interesting activity of models confrontation emerged from the possibility of interacting with the trace. We will illustrate the notions with examples from our philological platform named DINAH (Dinah is Irrelevantly Not Alice Heron). In the end, we will compare DINAH with other philological platforms.</ns1:para></ns1:section><ns1:section pattern="HeadedContainer"><ns1:title pattern="Block">Around the concept of sign</ns1:title><ns1:para pattern="Block">The ideas that will be presented in the next sections were conceived from reflections about the concept of sign. Historically, this concept was created approximately at the same time by two unrelated men: Ferdinand de Saussure (1857-1913) a Swiss linguist and Charles Sanders Peirce (1839-1914) an American philosopher and logician (and statistician, and astronomer, and ...). Their conceptions were in many aspects quite similar.</ns1:para><ns1:para pattern="Block">Saussure concept of sign makes use of two notions: the signifier and the signified. The signifier is the form of the sign while the signified is the concept represented by the sign.<ns1:xref linkend="fgSaussureanSign" pattern="Milestone"/>shows the traditional way of representing the Saussurean sign. A simplistic interpretation of Saussure ideas would tend to consider the sign as a univocal relation between a signified and a signifier. But it would clearly be a misinterpretation! For Saussure, the relation signified/signifier is linguistically arbitrary. Moreover he saw "meaning" as wholly relational or structural: the meaning of a sign arises from its relations with other signs and not from some essential property or reference to a material world.</ns1:para><ns1:figure xmlns:ns3="http://www.w3.org/XML/1998/namespace" xml:id="fgSaussureanSign" pattern="Container"><ns1:mediaobject pattern="Container"><ns1:imageobject pattern="Container"><ns1:imagedata fileref="../../../vol5/graphics/Portier01/Portier01-006.png" format="png" pattern="Meta" width="20%"/></ns1:imageobject><ns1:caption pattern="Container"><ns1:para pattern="Block">A representation of the Saussurean concept of sign: the signification is the relationship between the signified and the signifier represented by the arrows.</ns1:para></ns1:caption></ns1:mediaobject></ns1:figure><ns1:para pattern="Block">Peirce produced a triadic model of the sign whose terms are: the representamen or the form of the sign, the interpretant or the sense made of a sign (not to be confused with the interpreter) and the object to which the sign refers. The representamen can be related to the signifier and the interpretant to the signified. So, the new term present in Peirce's model with no equivalent in Saussure's model is the object. However, it can be argued that a referent was implicitly present in Saussure's model. What really differentiates the two models is that the interpretant can be considered as a sign in the mind of the interpreter. It implies that the interpretation is a process, Peirce has named this process the semiosis. It seems clear from the above definitions that the semiosis is theoretically unlimited (the notion of "unlimited semiosis" was first introduced by Umberto Eco). For Saussure the interpretation was the highlighting of the complex relations a sign maintained with other signs within a linguistic structure ; while for Peirce the interpretation is the always to be done process of connecting signs.</ns1:para><ns1:para pattern="Block">Modern interpretations of Peirce's model, with its concept of semiosis, tend to erase the notion of "signified" since the interpretant can always become a new sign. We found a quite interesting example in Gregory Bateson work [<ns1:xref linkend="bateson1979" pattern="Milestone"/>] (it should be noted that we modify it quite slightly). We consider a mathematical property: "The sum of the first n odd numbers is equal to n squared".<ns1:xref linkend="fgOddNumbers" pattern="Milestone"/>shows three representations of this property. Is the content the same, and only the form varying? It seems more satisfying not to speak in terms of signifier/signified, form/content, etc. but to consider different configurations of signifiers leading to different interpretations. Incidentally, this last example can lead to the understanding of difficult concepts: the difference between cardinal and ordinal numbers.</ns1:para><ns1:figure xmlns:ns3="http://www.w3.org/XML/1998/namespace" xml:id="fgOddNumbers" pattern="Container"><ns1:mediaobject pattern="Container"><ns1:imageobject pattern="Container"><ns1:imagedata fileref="../../../vol5/graphics/Portier01/Portier01-007.png" format="png" pattern="Meta" width="50%"/></ns1:imageobject><ns1:caption pattern="Container"><ns1:para pattern="Block">Three representations of a mathematical property</ns1:para></ns1:caption></ns1:mediaobject></ns1:figure><ns1:para pattern="Block">In computer science, when references are made to Peirce, it is most of the time in a logical framework where first order logic is used as a uniform way to represent assertions in order to compute new assertions. The best example of this trend being the work of John F. Sowa [<ns1:xref linkend="sowa2000" pattern="Milestone"/>]. In fact, the conceptual graphs were derived from the work of Peirce. However, we rarely find work inspired by the notion of semiosis. That is what we try to do by offering to the user signifiers to interpret and by taking into account results from its interpretations. The next sections will illustrate this approach.</ns1:para></ns1:section><ns1:section pattern="HeadedContainer"><ns1:title pattern="Block">A model for the construction of multi-structured documents</ns1:title><ns1:section pattern="HeadedContainer"><ns1:title pattern="Block">Definitions</ns1:title><ns1:para pattern="Block">We first give some definitions:</ns1:para><ns1:para pattern="Block"><ns1:itemizedlist pattern="Table"><ns1:listitem pattern="Container"><ns1:para pattern="Block"><ns1:emphasis pattern="Inline" role="ital">A resource</ns1:emphasis>is anything uniquely identified by an URI. Fragments, intervals, zones, terms, classes, binary relations, vocabularies and documents are resources.</ns1:para></ns1:listitem><ns1:listitem pattern="Container"><ns1:para pattern="Block"><ns1:emphasis pattern="Inline" role="ital">A fragment</ns1:emphasis>is a part of document content. Our documents are textual documents and manuscripts images. In the case of textual documents a fragment is the pair (D, (inf, sup)) where D is a document identifier, and (inf, sup) is an integer interval addressing a part of the document. In the case of images a fragment is the pair (I, ((x1, y1), (x2, y2)) where I is an image identifier and ((x1, y1), (x2, y2)) are the coordinates of a rectangular zone of the image.</ns1:para></ns1:listitem><ns1:listitem pattern="Container"><ns1:para pattern="Block"><ns1:emphasis pattern="Inline" role="ital">A term</ns1:emphasis>is a string of characters.</ns1:para></ns1:listitem><ns1:listitem pattern="Container"><ns1:para pattern="Block"><ns1:emphasis pattern="Inline" role="ital">A class</ns1:emphasis>is a set of terms.</ns1:para></ns1:listitem><ns1:listitem pattern="Container"><ns1:para pattern="Block"><ns1:emphasis pattern="Inline" role="ital">A binary relation</ns1:emphasis>R(x, y) links together two resources</ns1:para></ns1:listitem><ns1:listitem pattern="Container"><ns1:para pattern="Block"><ns1:emphasis pattern="Inline" role="ital">A vocabulary</ns1:emphasis>is a set of binary relations</ns1:para></ns1:listitem><ns1:listitem pattern="Container"><ns1:para pattern="Block"><ns1:emphasis pattern="Inline" role="ital">A multi-structured document</ns1:emphasis>is a document with fragments participating in relations that belong to multiple vocabularies.</ns1:para></ns1:listitem></ns1:itemizedlist></ns1:para><ns1:para pattern="Block">How can these vocabularies be constructed? This is the problem we address. But before proceeding further, we illustrate the previous definitions with an example. Consider the following scenario: a philologist finds a consistent subset about Marx inside a stack of pages of consequent size. He isolates this subset by creating a new collection (using the GUI of<ns1:xref linkend="fgMainScreenshot" pattern="Milestone"/>). He creates a relation Ã¢â&#130;¬ï¿½mainSubjectÃ¢â&#130;¬ï¿½ between this collection and the term Ã¢â&#130;¬ï¿½marxÃ¢â&#130;¬ï¿½ from the class Ã¢â&#130;¬ï¿½AuthorÃ¢â&#130;¬ï¿½. He starts the transcription of the collection and also creates relations, such as Ã¢â&#130;¬ï¿½quotationÃ¢â&#130;¬ï¿½, Ã¢â&#130;¬ï¿½citationTitleÃ¢â&#130;¬ï¿½, between intervals of the transcribed text and the document (using the GUI of<ns1:xref linkend="fgTranscription" pattern="Milestone"/>). He discovers later that this collection is in fact a preparation for another work he found in the archive. He creates a relation Ã¢â&#130;¬ï¿½preparationForÃ¢â&#130;¬ï¿½ between the two collections. Etc. Etc. These newly created relations dynamically update the faceted navigation interface that can be used to find specific collections or pages by iterative refinement (see<ns1:xref linkend="fgNavigation" pattern="Milestone"/>).</ns1:para><ns1:figure xmlns:ns3="http://www.w3.org/XML/1998/namespace" xml:id="fgTranscription" pattern="Container"><ns1:mediaobject pattern="Container"><ns1:imageobject pattern="Container"><ns1:imagedata fileref="../../../vol5/graphics/Portier01/Portier01-008.png" format="png" pattern="Meta" width="100%"/></ns1:imageobject><ns1:caption pattern="Container"><ns1:para pattern="Block">Screenshot from the transcription interface</ns1:para></ns1:caption></ns1:mediaobject></ns1:figure><ns1:para pattern="Block">How is it that, for example, a user chooses to place the relation Ã¢â&#130;¬ï¿½citationTitleÃ¢â&#130;¬ï¿½ within the Ã¢â&#130;¬ï¿½citationsÃ¢â&#130;¬ï¿½ vocabulary while he affects the relation Ã¢â&#130;¬ï¿½hasLineÃ¢â&#130;¬ï¿½ to the Ã¢â&#130;¬ï¿½physicalStructureÃ¢â&#130;¬ï¿½ vocabulary? In a multi-users context, how a user will know the meaning of a relation created by someone else? We will address the first question in the remaining parts of this section, and the second question in the next section. We should now recall some characteristics of the existing models for the representation of multi-structured documents.</ns1:para></ns1:section><ns1:section pattern="HeadedContainer"><ns1:title pattern="Block">Existing models</ns1:title><ns1:para pattern="Block">Multi-structured documents have to be analyzed in their historical context where the most used formalisms for documents representation (first SGML then XML) implied tree structures. That is why this problem has so far been considered under the technical point of view of overlapping hierarchies. From our previous example, let say a page has been transcribed and relations have been created to indicate some citations. Then, the lines of text are isolated in order to align the transcription with the manuscript facsimile. It might happen that a quotation overlaps two lines and there would be locally a graph structure: a natural use of XML becomes impossible (see<ns1:xref linkend="fgOverlapping" pattern="Milestone"/>). We now describe different solutions for the representation of multi-structured documents.</ns1:para><ns1:figure xmlns:ns3="http://www.w3.org/XML/1998/namespace" xml:id="fgOverlapping" pattern="Container"><ns1:mediaobject pattern="Container"><ns1:imageobject pattern="Container"><ns1:imagedata fileref="../../../vol5/graphics/Portier01/Portier01-009.png" format="png" pattern="Meta" width="60%"/></ns1:imageobject><ns1:caption pattern="Container"><ns1:para pattern="Block">An example of overlapping markup</ns1:para></ns1:caption></ns1:mediaobject></ns1:figure><ns1:para pattern="Block">We divide the set of existing solutions into four classes: historical solutions, adhoc solutions, models not compatible with XML and finally models compatible with XML.</ns1:para><ns1:para pattern="Block">CONCUR [<ns1:xref linkend="goldfarb1990" pattern="Milestone"/>] is a feature of SGML designed to allow the integration inside a same document of tags extracted from different DTDs. Thus, if the definitions of the overlapping tags appear in different DTDs, the representation problem of multi-structured documents is solved. However, because of its complexity, this SGML proposal has never been fully implemented.</ns1:para><ns1:para pattern="Block">The TEI describes different syntactic solutions for the representation of multiple hierarchies into the same text (as the use of milestones or the fragmentation of elements, etc.). These solutions make impossible using standard XML tools (XQuery, XPath, ...).</ns1:para><ns1:para pattern="Block">Since the main problem for the representation of multi-structured documents seems to be the syntactic limitations of XML, some solutions are based on models with alternative syntaxes. However they cannot profit from the galaxy of tools offered by XML. Among those solutions, we can distinguish LMNL [<ns1:xref linkend="tennison2002" pattern="Milestone"/>] and TexMecs [<ns1:xref linkend="huitfeldt2003" pattern="Milestone"/>] which are alternatives to XML (formal models and syntaxes) specifically designed for the representation of overlapping structures, from propositions that take advantage of the native graph model of RDF to represent multi-structured documents. Among these, the most convincing one certainly is EARMARK [<ns1:xref linkend="vitali2009" pattern="Milestone"/>]. The notions of Ã¢â&#130;¬ï¿½locationÃ¢â&#130;¬ï¿½, Ã¢â&#130;¬ï¿½rangeÃ¢â&#130;¬ï¿½, Ã¢â&#130;¬ï¿½markup itemÃ¢â&#130;¬ï¿½, etc. for the modeling of multi-structured documents are precisely defined in an OWL ontology. Moreover, the SPARQL language can be used to query the documents. The origins of the EARMARK proposal are to be found in two previous works: annotations graphs [<ns1:xref linkend="maeda2002" pattern="Milestone"/>] are used, in the context of linguistic research, to represent documents as graphs so as to avoid the overlapping hierarchies problem ; RDFTef [<ns1:xref linkend="tummarello2005" pattern="Milestone"/>] can be seen as an adaptation of annotations graphs to the RDF standard formalism. At last, XCONCUR [<ns1:xref linkend="schonefeld2006" pattern="Milestone"/>] has the same notation as the SGML CONCUR option and is based on a multi-rooted trees model. Moreover, the XCONCUR-CL language can define constraints between tree layers.</ns1:para><ns1:para pattern="Block">Finally there are solutions compatible with XML. They either extend the XML model itself or modify some XML tools (such as XPath and XQuery) to work with multi-structured documents. As representatives of the first category, the multi-colored trees [<ns1:xref linkend="jagadish2004" pattern="Milestone"/>] and the delay nodes [<ns1:xref linkend="lemaitre2006" pattern="Milestone"/>] solutions have very similar models based on an extension of the core XML model to consider documents as set of XML trees. Unlike multi-colored trees, delay nodes need no XPath extension in order to navigate inside the structures.</ns1:para><ns1:para pattern="Block">We now introduce members of the second category (modification of XML tools to operate on otherwise standard XML documents). GODDAG [<ns1:xref linkend="sperberg2000" pattern="Milestone"/>] (General Ordered Descendant Directed Acyclic Graph), MSXD [<ns1:xref linkend="bruno2006" pattern="Milestone"/>], MonetDB [<ns1:xref linkend="alink2006" pattern="Milestone"/>] and MultiX [<ns1:xref linkend="chatti2007" pattern="Milestone"/>] are similar proposals since in each case several trees are defined over the same textual content by sharing their leaves (textual fragments). MSXD is the first to introduce the idea of a schema for multi-structured documents. The MonetDB proposal is an extension of the MonetDB/XQuery XML SGBD with optimized XPath query operators with four new axis steps. These steps have been implemented very efficiently by using a region index and fast algorithms. MSDM is a lightweight solution that needs no more than a few specialized XQuery functions. Each one of these four previous solutions fails at managing change in content or structures since the entire structures have to be reconstructed every time modifications happen. MuLaX [<ns1:xref linkend="hilbert2005" pattern="Milestone"/>] is an adaptation of the previously described SGML CONCUR option to the XML world. An editor has been developed as an Eclipse plugin for the creation of MuLaX documents, but no query mechanism has been defined. Finally, feature structures [<ns1:xref linkend="stegmann2009" pattern="Milestone"/>] are a general purpose knowledge representation format that can be used for XML documents annotated with heterogeneous tag sets, it was adopted as a standard by the TEI in 2006. Feature structures have solid mathematical foundations. In particular the two operations of unification and generalization are well defined and offer very interesting perspectives for the combination of multi-structured documents. However, there is no specialized query mechanism and no way of managing change in content or structures.</ns1:para><ns1:para pattern="Block">Finally, there is the solution proposed by Desmond Schmidt [<ns1:xref linkend="schmidt2009" pattern="Milestone"/>]. Its model is named MVD for Multi-Version document. It is very similar to the kind of acyclic graph models we saw before (GODDAG, MSDM, etc.). But this is the only solution to provide an efficient algorithm for updating multi-structured documents. The author explains that updating reduces to merging a new version into an existing MVD. Thus, he finds inspiration from algorithms conceived for the alignment of genetic sequences. Moreover, an heuristic has been developed to manage block transpositions in a very short time !</ns1:para></ns1:section><ns1:section pattern="HeadedContainer"><ns1:title pattern="Block">Strategy for the construction of multi-structured documents</ns1:title><ns1:para pattern="Block">With the previous solutions, we understand what multi-structured documents are and how they can be represented, but none of them seem to be interested in the way structures appear! They must appear in the process of document construction. In this section we study this process. First of all, we choose to represent our documents in the RDF formalism but, as it will soon be explained, we voluntarily impose each structure to be hierarchical (as for the MultiX, MSXD and GODDAG solutions).</ns1:para><ns1:para pattern="Block">The technical issue of multi-structured documents is the one of overlapping hierarchies. Moreover, if we do not consider the documents as immutable objects but as dynamic objects that have to be constructed, overlapping hierarchies happen at precise moments. Let say a user annotated some citations titles and quotations he found in his transcription of a manuscript. Later he is told that in order to precisely align his transcription with the original facsimile he should annotate each line of the manuscript. So, he starts this new annotation task and since the Ã¢â&#130;¬ï¿½lineÃ¢â&#130;¬ï¿½ relation did not exist he adds it to the current vocabulary (the one already containing Ã¢â&#130;¬ï¿½citationTitleÃ¢â&#130;¬ï¿½, Ã¢â&#130;¬ï¿½quotationÃ¢â&#130;¬ï¿½, etc.). Then, while he has already marked some lines, a line overlaps with an existing citation title. Our system (DINAH) will then alert him about an incompatibility between the relations Ã¢â&#130;¬ï¿½citationTitleÃ¢â&#130;¬ï¿½ and Ã¢â&#130;¬ï¿½lineÃ¢â&#130;¬ï¿½ and will advice him to assign either Ã¢â&#130;¬ï¿½citationTitleÃ¢â&#130;¬ï¿½ or Ã¢â&#130;¬ï¿½lineÃ¢â&#130;¬ï¿½ to another, and possibly new, vocabulary. In this case, he may assign Ã¢â&#130;¬ï¿½lineÃ¢â&#130;¬ï¿½ to a Ã¢â&#130;¬ï¿½physical structureÃ¢â&#130;¬ï¿½ vocabulary.<ns1:xref linkend="fgRDF" pattern="Milestone"/>is a sample of the resulting graph.</ns1:para><ns1:figure xmlns:ns3="http://www.w3.org/XML/1998/namespace" xml:id="fgRDF" pattern="Container"><ns1:mediaobject pattern="Container"><ns1:imageobject pattern="Container"><ns1:imagedata fileref="../../../vol5/graphics/Portier01/Portier01-010.png" format="png" pattern="Meta" width="80%"/></ns1:imageobject><ns1:caption pattern="Container"><ns1:para pattern="Block">A sample RDF representation of a multi-structured document</ns1:para></ns1:caption></ns1:mediaobject></ns1:figure><ns1:para pattern="Block">Finally, our strategy for the management of multi-structured documents promotes the construction of a multiplicity of structures that should reflect the perspectives adopted by the users while accessing the documents. Each user has the liberty to create new vocabularies. Moreover, when overlapping hierarchies are detected users are encouraged to solve the problem by introducing a new vocabulary. In our multi-users context, this liberty could lead to an uncontrolled growth of vocabularies with lots of duplicate usages, synonyms, etc. That is why the next section presents a solution for the dynamic documentation of vocabularies.</ns1:para></ns1:section></ns1:section><ns1:section pattern="HeadedContainer"><ns1:title pattern="Block">Managing and documenting vocabularies with the trace of users interactions</ns1:title><ns1:section pattern="HeadedContainer"><ns1:title pattern="Block">Dynamic documentation</ns1:title><ns1:para pattern="Block">Our idea for the dynamic documentation of vocabularies relies on the monitoring of user actions. When a user wants to know how to use a term or a relation he can ask for a representation of the trace of users actions centered on the term (or relation) creation or any of its instances. This trace can itself be annotated. Thanks to these annotations users can document the vocabularies (see<ns1:xref linkend="fgTrace1" pattern="Milestone"/>and<ns1:xref linkend="fgTrace2" pattern="Milestone"/>).</ns1:para><ns1:figure xmlns:ns3="http://www.w3.org/XML/1998/namespace" xml:id="fgTrace1" pattern="Container"><ns1:mediaobject pattern="Container"><ns1:imageobject pattern="Container"><ns1:imagedata fileref="../../../vol5/graphics/Portier01/Portier01-011.png" format="png" pattern="Meta" width="100%"/></ns1:imageobject><ns1:caption pattern="Container"><ns1:para pattern="Block">Presentation of the trace of users interactions: the user PEP added the term "private" to the class "Visibility" ; an annotation documents this term.</ns1:para></ns1:caption></ns1:mediaobject></ns1:figure><ns1:figure xmlns:ns3="http://www.w3.org/XML/1998/namespace" xml:id="fgTrace2" pattern="Container"><ns1:mediaobject pattern="Container"><ns1:imageobject pattern="Container"><ns1:imagedata fileref="../../../vol5/graphics/Portier01/Portier01-012.png" format="png" pattern="Meta" width="100%"/></ns1:imageobject><ns1:caption pattern="Container"><ns1:para pattern="Block">Presentation of the trace of users interactions: a page has been deleted just before the new term "private" was added.</ns1:para></ns1:caption></ns1:mediaobject></ns1:figure></ns1:section><ns1:section pattern="HeadedContainer"><ns1:title pattern="Block">Trace model</ns1:title><ns1:para pattern="Block">The first work we are aware of that made use of traces, dealt with the development of HCI for collaborative systems [<ns1:xref linkend="dourish1995" pattern="Milestone"/>]. There are few works dealing with the use of activity traces for knowledge management ([<ns1:xref linkend="laflaquiere2006" pattern="Milestone"/>] being one of the most representative). They insist on the reflexive nature of the trace as a way of sharing knowledge. They also define generic (and quite complex) activities' models, as well as rules to transform the granularity of the original trace so as to make sense for the user. However, we choose to adopt a more lightweight approach, well adapted to our needs.</ns1:para><ns1:para pattern="Block">We define a simple RDF vocabulary to model actions (below is a definition in the turtle RDF syntax). Every time a developer adds a new Action to the system he has to create sub-properties of the Ã¢â&#130;¬ï¿½withArgumentÃ¢â&#130;¬ï¿½ property for each argument of the new action. Moreover, we have simple SPARQL queries to build representations of the trace (see<ns1:xref linkend="fgTrace1" pattern="Milestone"/>and<ns1:xref linkend="fgTrace2" pattern="Milestone"/>).</ns1:para><ns1:programlisting xmlns:ns3="http://www.w3.org/XML/1998/namespace" xml:space="preserve" pattern="Block">PREFIX users: &lt;http://desanti.org/schemas/users#&gt; PREFIX traces: &lt;http://desanti.org/schemas/traces#&gt; INSERT INTO &lt;http://desanti.org/&gt; { traces:Action a rdfs:Class . traces:hasDoer a rdf:Property . traces:hasDoer rdfs:domain traces:Action . traces:hasDoer rdfs:range users:User . traces:hasTimestamp a rdf:Property . traces:hasTimestamp rdfs:domain traces:Action . traces:withArgument a rdf:Property . traces:withArgument rdfs:domain traces:Action . traces:documentation a rdf:Property . traces:documentation rdfs:domain traces:Action . traces:documentation rdfs:range rdfs:Literal . traces:withInterval rdfs:subPropertyOf traces:withArgument . traces:withInterval rdfs:range trans:Interval . traces:withInterval rdfs:label Ã¢â&#130;¬ï¿½intervalleÃ¢â&#130;¬ï¿½ . ... }</ns1:programlisting></ns1:section><ns1:section pattern="HeadedContainer"><ns1:title pattern="Block">The emergence of a new way of confronting models</ns1:title><ns1:para pattern="Block">As explained, users of our system need to reorder subsets of the archive. We have insisted on the fact that this operation may require a lot of interpretation. Therefore, we were very interested to find the users of our system engaged in an activity we didn't anticipate. While disagreeing with an ordering from user B, user A navigated inside the trace and found the actions that lead to the problematic ordering. Then we encouraged him to annotate these actions in order to share his disagreement. It appeared that the trace is a very well adapted tool for documenting a new term (or relation) or finding interesting configurations. But it may not be the correct tool for the development of arguments as it relies on a recursive mechanism of annotations that is not meant to support conversations.</ns1:para></ns1:section></ns1:section><ns1:section pattern="HeadedContainer"><ns1:title pattern="Block">Comparisons with some existing philological platforms</ns1:title><ns1:para pattern="Block">We analyze our work relatively to other philological platforms. We divide them in two categories: first platforms of historical interest, next Web based platforms.</ns1:para><ns1:section pattern="HeadedContainer"><ns1:title pattern="Block">Historical platforms</ns1:title><ns1:para pattern="Block">BAMBI [<ns1:xref linkend="bozzi1997" pattern="Milestone"/>] (Better Access to Manuscripts and Browsing of Images) is, according to the authors, Ã¢â&#130;¬ï¿½an hypermedia system allowing historians to read and transcribe manuscripts, write annotations, and navigate between the words of the transcription and the matching piece of image in the facsimile of the manuscriptÃ¢â&#130;¬ï¿½. It was the first philological software platform. It does not allow typed annotations.</ns1:para><ns1:para pattern="Block">Part of the DEBORA [<ns1:xref linkend="nichols2000" pattern="Milestone"/>] (Digital Access to Books of the Renaissance) project consisted in a digital library system with collaborative features. It introduced the notion of Ã¢â&#130;¬ï¿½virtual booksÃ¢â&#130;¬ï¿½. A virtual book is the representation of a path among pages of the entire archive. But they are not resources themselves, they cannot be annotated. However we can consider this system as a first step towards a reflexive system that places users in front of their own activities.</ns1:para><ns1:para pattern="Block">HyperNietzsche [<ns1:xref linkend="diorio2007" pattern="Milestone"/>] (today Nietzschesource) was a pioneer digital library platform. A path mechanism is present, very similar to the virtual books of the DEBORA project. However as for the virtual books, the paths are not resources and thus cannot truly enter in a collaborative process that would allow to exchange and annotate them.</ns1:para></ns1:section><ns1:section pattern="HeadedContainer"><ns1:title pattern="Block">Web based platforms</ns1:title><ns1:para pattern="Block">Collate [<ns1:xref linkend="stein2004" pattern="Milestone"/>], TALIA [<ns1:xref linkend="hahn2008" pattern="Milestone"/>], PINAKES [<ns1:xref linkend="scotti2001" pattern="Milestone"/>], BRICKS [<ns1:xref linkend="bertoncini2007" pattern="Milestone"/>] and JeromeDL [<ns1:xref linkend="kruk2007" pattern="Milestone"/>] are philological platforms based on semantic Web technologies. They offer high quality mechanisms for collaborative annotations. But they do not provide convergence mechanisms for creating and documenting vocabularies.</ns1:para><ns1:para pattern="Block">Armarius [<ns1:xref linkend="doumat2008" pattern="Milestone"/>] is used to classify and annotate collections of manuscripts. It only provides untyped generic annotations. But it offers a view of all the user actions that occurred during the current session and plans to apply graph matching algorithms in order to, for example, deduce probabilities for the next actions. Thus, it can be compared with our use of traces.</ns1:para></ns1:section></ns1:section><ns1:section pattern="HeadedContainer"><ns1:title pattern="Block">Conclusions</ns1:title><ns1:para pattern="Block">We proposed an open system that allows the construction of multi-structured documents and the creation of annotation vocabularies. In order to manage the growth of the vocabularies we introduced a dynamic documentation mechanism based on the trace of users actions. Finally, all the propositions have been implemented in our philological software platform named DINAH.</ns1:para></ns1:section><ns1:bibliography pattern="HeadedContainer"><ns1:title pattern="Block">Bibliography</ns1:title><ns1:bibliomixed xmlns:ns3="http://www.w3.org/XML/1998/namespace" xml:id="portier2009" pattern="Block" xreflabel="Portier2009">Pierre-Edouard Portier and Sylvie Calabretto,<ns1:emphasis pattern="Inline" role="ital">Methodology for the construction of multi-structured documents.</ns1:emphasis>In: Proceedings of Balisage: The Markup Conference 2009. Balisage Series on Markup Technologies, vol. 3 (2009).<ns1:link xmlns:ns2="http://www.w3.org/1999/xlink" ns2:actuate="onRequest" ns2:show="new" ns2:type="simple" pattern="Inline">http://www.balisage.net/Proceedings/vol3/html/Portier01/BalisageVol3-Portier01.html</ns1:link>. doi:<ns1:biblioid class="doi" pattern="Atom">10.4242/BalisageVol3.Portier01</ns1:biblioid>. (August 2009)</ns1:bibliomixed><ns1:bibliomixed xmlns:ns3="http://www.w3.org/XML/1998/namespace" xml:id="huitfeldt2004" pattern="Block" xreflabel="Huitfeldt2004">Claus Huitfeldt,<ns1:emphasis pattern="Inline" role="ital">Editorial Principles of Wittgenstein's NachlassÃ¢â&#130;¬â&#128;&#157;The Bergen Electronic Edition.</ns1:emphasis>in Dino Buzzetti, Giuliano Pancaldi and Harold Short (eds): Augmenting Comprehension: Digital Tools and the History of Ideas, Office for Humanities Communication, London 2004 (ISBN 1 897791 18 6)</ns1:bibliomixed><ns1:bibliomixed xmlns:ns3="http://www.w3.org/XML/1998/namespace" xml:id="gants2006" pattern="Block" xreflabel="Gants2006">David Gants,<ns1:emphasis pattern="Inline" role="ital">Editing Drama.</ns1:emphasis>in Electronic Textual Editing. Eds. Lou Burnard, Katherine O'Brien O'Keefe, John Unsworth. MLA, 2006.<ns1:link xmlns:ns2="http://www.w3.org/1999/xlink" ns2:actuate="onRequest" ns2:show="new" ns2:type="simple" pattern="Inline">http://www.tei-c.org/About/Archive_new/ETE/Preview/gants.xml</ns1:link></ns1:bibliomixed><ns1:bibliomixed xmlns:ns3="http://www.w3.org/XML/1998/namespace" xml:id="buzzetti2006" pattern="Block" xreflabel="Buzzetti2006">Dino Buzzetti and Jerome McGann,<ns1:emphasis pattern="Inline" role="ital">Critical Editing in a Digital Horizon</ns1:emphasis>in Electronic Textual Editing. Eds. Lou Burnard, Katherine O'Brien O'Keefe, John Unsworth. MLA, 2006.<ns1:link xmlns:ns2="http://www.w3.org/1999/xlink" ns2:actuate="onRequest" ns2:show="new" ns2:type="simple" pattern="Inline">http://www.tei-c.org/About/Archive_new/ETE/Preview/mcgann.xml</ns1:link></ns1:bibliomixed><ns1:bibliomixed xmlns:ns3="http://www.w3.org/XML/1998/namespace" xml:id="durusau2006" pattern="Block" xreflabel="Durusau2006">Patrick Durusau,<ns1:emphasis pattern="Inline" role="ital">How and Why to Formalize your Markup</ns1:emphasis>in Electronic Textual Editing. Eds. Lou Burnard, Katherine O'Brien O'Keefe, John Unsworth. MLA, 2006.<ns1:link xmlns:ns2="http://www.w3.org/1999/xlink" ns2:actuate="onRequest" ns2:show="new" ns2:type="simple" pattern="Inline">http://www.tei-c.org/About/Archive_new/ETE/Preview/durusau.xml</ns1:link></ns1:bibliomixed><ns1:bibliomixed xmlns:ns3="http://www.w3.org/XML/1998/namespace" xml:id="bateson1979" pattern="Block" xreflabel="Bateson1979">Gregory Bateson,<ns1:emphasis pattern="Inline" role="ital">Mind and Nature: A Necessary Unity (Advances in Systems Theory, Complexity, and the Human Sciences).</ns1:emphasis>Hampton Press. ISBN 1-57273-434-5, 1979.</ns1:bibliomixed><ns1:bibliomixed xmlns:ns3="http://www.w3.org/XML/1998/namespace" xml:id="sowa2000" pattern="Block" xreflabel="Sowa2000">John F. Sowa,<ns1:emphasis pattern="Inline" role="ital">Ontology, Metadata, and Semiotics</ns1:emphasis>in B. Ganter &amp; G. W. Mineau, eds., Conceptual Structures: Logical, Linguistic, and Computational Issues, Lecture Notes in AI #1867, Springer-Verlag, Berlin, 2000, pp. 55-81.<ns1:link xmlns:ns2="http://www.w3.org/1999/xlink" ns2:actuate="onRequest" ns2:show="new" ns2:type="simple" pattern="Inline">http://users.bestweb.net/~sowa/peirce/ontometa.htm</ns1:link>. doi:<ns1:biblioid class="doi" pattern="Atom">10.1007/10722280_5</ns1:biblioid>.</ns1:bibliomixed><ns1:bibliomixed xmlns:ns3="http://www.w3.org/XML/1998/namespace" xml:id="goldfarb1990" pattern="Block" xreflabel="Goldfarb1990">C.F. Goldfarb,<ns1:emphasis pattern="Inline" role="ital">The SGML handbook.</ns1:emphasis>Oxford University Press, Inc., New York, NY, USA (1990)</ns1:bibliomixed><ns1:bibliomixed xmlns:ns3="http://www.w3.org/XML/1998/namespace" xml:id="tennison2002" pattern="Block" xreflabel="Tennison2002">J. Tennison and W. Piez,<ns1:emphasis pattern="Inline" role="ital">The layered markup and annotation language (lmnl)</ns1:emphasis>. In: Extreme Markup Languages. (2002)</ns1:bibliomixed><ns1:bibliomixed xmlns:ns3="http://www.w3.org/XML/1998/namespace" xml:id="huitfeldt2003" pattern="Block" xreflabel="Huitfeldt2003">Claus Huitfeldt and Michael Sperberg-McQueen,<ns1:emphasis pattern="Inline" role="ital">Texmecs: An experimental markup meta- language for complex documents.</ns1:emphasis>(2003)</ns1:bibliomixed><ns1:bibliomixed xmlns:ns3="http://www.w3.org/XML/1998/namespace" xml:id="vitali2009" pattern="Block" xreflabel="Peroni2009">Angelo Di Iorio, Silvio Peroni and Fabio Vitali,<ns1:emphasis pattern="Inline" role="ital">Towards markup support for full GODDAGs and beyond: the EARMARK approach.</ns1:emphasis>Presented at Balisage: The Markup Conference 2009, MontrÃ&#131;Â©al, Canada, August 11 - 14, 2009. In Proceedings of Balisage: The Markup Conference 2009. Balisage Series on Markup Technologies, vol. 3 (2009). doi:<ns1:biblioid class="doi" pattern="Atom">10.4242/BalisageVol3.Peroni01</ns1:biblioid>.</ns1:bibliomixed><ns1:bibliomixed xmlns:ns3="http://www.w3.org/XML/1998/namespace" xml:id="maeda2002" pattern="Block" xreflabel="Maeda2002">K. Maeda, S. Bird, X. Ma and H. Lee,<ns1:emphasis pattern="Inline" role="ital">Creating annotation tools with the annotation graph toolkit.</ns1:emphasis>In: Proceedings of the Third International Conference on Language Resources and Evaluation. (Apr 2002)</ns1:bibliomixed><ns1:bibliomixed xmlns:ns3="http://www.w3.org/XML/1998/namespace" xml:id="tummarello2005" pattern="Block" xreflabel="Tummarello2005">G. Tummarello, C. Morbidoni and E. Pierazzo,<ns1:emphasis pattern="Inline" role="ital">Toward textual encoding based on rdf.</ns1:emphasis>In: ELPUB. (2005) 57Ã¢â&#130;¬â&#128;&#156;63</ns1:bibliomixed><ns1:bibliomixed xmlns:ns3="http://www.w3.org/XML/1998/namespace" xml:id="jagadish2004" pattern="Block" xreflabel="Jagadish2004">H.V. Jagadish, L.V.S. Lakshmanan, M. Scannapieco, D. Srivastava and N. Wiwatwattana,<ns1:emphasis pattern="Inline" role="ital">Colorful xml: one hierarchy isnÃ¢â&#130;¬â&#132;¢t enough.</ns1:emphasis>In: SIGMOD Ã¢â&#130;¬â&#132;¢04: Proceedings of the 2004 ACM SIGMOD international conference on Management of data, New York, NY, USA, ACM (2004) 251Ã¢â&#130;¬â&#128;&#156;262. doi:<ns1:biblioid class="doi" pattern="Atom">10.1145/1007568.1007598</ns1:biblioid></ns1:bibliomixed><ns1:bibliomixed xmlns:ns3="http://www.w3.org/XML/1998/namespace" xml:id="lemaitre2006" pattern="Block" xreflabel="LeMaitre2006">Jacques Le Maitre,<ns1:emphasis pattern="Inline" role="ital">Describing multistructured xml documents by means of delay nodes.</ns1:emphasis>In: DocEng Ã¢â&#130;¬â&#132;¢06: Proceedings of the 2006 ACM symposium on Document engineering, New York, NY, USA, ACM (2006) 155Ã¢â&#130;¬â&#128;&#156;164. doi:<ns1:biblioid class="doi" pattern="Atom">10.1145/1166160.1166200</ns1:biblioid></ns1:bibliomixed><ns1:bibliomixed xmlns:ns3="http://www.w3.org/XML/1998/namespace" xml:id="sperberg2000" pattern="Block" xreflabel="Sperberg-McQueen">C.M. Sperberg-McQueen, C. Huitfeldt,<ns1:emphasis pattern="Inline" role="ital">Goddag: A data structure for overlapping hierarchies.</ns1:emphasis>In: DDEP/PODDP. (2000) 139Ã¢â&#130;¬â&#128;&#156;160</ns1:bibliomixed><ns1:bibliomixed xmlns:ns3="http://www.w3.org/XML/1998/namespace" xml:id="bruno2006" pattern="Block" xreflabel="Bruno2006">E. Bruno, and E. Murisasco,<ns1:emphasis pattern="Inline" role="ital">Multistructured xml textual documents.</ns1:emphasis>GESTS International Transactions on Computer Science and Engineering 34(1) (november 2006) 200Ã¢â&#130;¬â&#128;&#156;211</ns1:bibliomixed><ns1:bibliomixed xmlns:ns3="http://www.w3.org/XML/1998/namespace" xml:id="alink2006" pattern="Block" xreflabel="Alink2006">W. Alink, R.A.F. Bhoedjang, A.P. de Vries and P.A. Boncz,<ns1:emphasis pattern="Inline" role="ital">Efficient xquery support for stand-off annotation.</ns1:emphasis>In: XIME-P. (2006)</ns1:bibliomixed><ns1:bibliomixed xmlns:ns3="http://www.w3.org/XML/1998/namespace" xml:id="chatti2007" pattern="Block" xreflabel="Chatti2007">N. Chatti, S. Kaouk, S. Calabretto, and J.M. Pinon,<ns1:emphasis pattern="Inline" role="ital">MultiX: an XML-based formalism to encode multi-structured documents.</ns1:emphasis>In: Proceedings of Extreme Markup LanguagesÃ¢â&#130;¬â&#132;¢2007, MontrÃ&#131;Â©al (Canada). (August 2007)</ns1:bibliomixed><ns1:bibliomixed xmlns:ns3="http://www.w3.org/XML/1998/namespace" xml:id="hilbert2005" pattern="Block" xreflabel="Hilbert2005">M. Hilbert, A. Witt, M. Quebec and O. Schonefeld,<ns1:emphasis pattern="Inline" role="ital">Making concur work.</ns1:emphasis>In: Extreme Markup Languages. (2005)</ns1:bibliomixed><ns1:bibliomixed xmlns:ns3="http://www.w3.org/XML/1998/namespace" xml:id="stegmann2009" pattern="Block" xreflabel="Stegmann2009">J. Stegmann and A. Witt,<ns1:emphasis pattern="Inline" role="ital">Tei feature structures as a representation format for multiple annotation and generic xml documents.</ns1:emphasis>In: Proceedings of Balisage: The Markup Conference 2009. Balisage Series on Markup Technologies, vol. 3 (2009). doi:<ns1:biblioid class="doi" pattern="Atom">10.4242/BalisageVol3.Stegmann01</ns1:biblioid>. (August 2009)</ns1:bibliomixed><ns1:bibliomixed xmlns:ns3="http://www.w3.org/XML/1998/namespace" xml:id="laflaquiere2006" pattern="Block" xreflabel="Laflaquiere2006">LaflaquiÃ&#131;Â¨re, J., Settouti, L.S., Pri Ã&#140;ï¿½, Y., Mille, A.:<ns1:emphasis pattern="Inline" role="ital">Trace-based framework for experience management and engineering.</ns1:emphasis>In: KES. (2006) 1171Ã¢â&#130;¬â&#128;&#156;1178</ns1:bibliomixed><ns1:bibliomixed xmlns:ns3="http://www.w3.org/XML/1998/namespace" xml:id="dourish1995" pattern="Block" xreflabel="Dourish1995">Paul Dourish,<ns1:emphasis pattern="Inline" role="ital">Developing a reflective model of collaborative systems.</ns1:emphasis>ACM Trans. Comput.-Hum. Interact. 2, 1 (Mar. 1995), 40-63. doi:<ns1:biblioid class="doi" pattern="Atom">10.1145/200968.200970</ns1:biblioid></ns1:bibliomixed><ns1:bibliomixed xmlns:ns3="http://www.w3.org/XML/1998/namespace" xml:id="bozzi1997" pattern="Block" xreflabel="Bozzi1997">Bozzi, A., Calabretto, S.:<ns1:emphasis pattern="Inline" role="ital">The digital library and computational philology: The bambi project.</ns1:emphasis>In: ECDL. Volume 1324 of Lecture Notes in Computer Science., Springer (1997) 269Ã¢â&#130;¬â&#128;&#156;285. doi:<ns1:biblioid class="doi" pattern="Atom">10.1007/BFb0026733</ns1:biblioid>.</ns1:bibliomixed><ns1:bibliomixed xmlns:ns3="http://www.w3.org/XML/1998/namespace" xml:id="nichols2000" pattern="Block" xreflabel="Nichols2000">Nichols, D.M., Pemberton, D., Dalhoumi, S., Larouk, O., Belisle, C., Twidale, M.B.:<ns1:emphasis pattern="Inline" role="ital">Debora: developing an interface to support collaboration in a digital library.</ns1:emphasis>In: European Conference on Digital Libraries, Springer (2000) 239Ã¢â&#130;¬â&#128;&#156;248. doi:<ns1:biblioid class="doi" pattern="Atom">10.1007/3-540-45268-0_22</ns1:biblioid>.</ns1:bibliomixed><ns1:bibliomixed xmlns:ns3="http://www.w3.org/XML/1998/namespace" xml:id="diorio2007" pattern="Block" xreflabel="D'Iorio2007">DÃ¢â&#130;¬â&#132;¢Iorio, P.:<ns1:emphasis pattern="Inline" role="ital">Nietzsche on new paths: The hypernietzsche project and open scholarship on the web.</ns1:emphasis>In: Maria Cristina Fornari, Sergio Franzese (ds.), Friedrich Nietzsche. Edizioni e interpretazioni, Pisa ETS. (2007)</ns1:bibliomixed><ns1:bibliomixed xmlns:ns3="http://www.w3.org/XML/1998/namespace" xml:id="stein2004" pattern="Block" xreflabel="Stein2004">Stein, A., Keiper, J., Bezerra, L., Brocks, H., Thiel, U.:<ns1:emphasis pattern="Inline" role="ital">Collaborative research and documentation of european film history: The collate collaboratory.</ns1:emphasis>In International Journal of Digital Information Management (JDIM), special issue on Web-based collaboratories from centres without. (2004) 30Ã¢â&#130;¬â&#128;&#156;39</ns1:bibliomixed><ns1:bibliomixed xmlns:ns3="http://www.w3.org/XML/1998/namespace" xml:id="hahn2008" pattern="Block" xreflabel="Hahn2008">Hahn, D., Nucci, M., Barbera, M.:<ns1:emphasis pattern="Inline" role="ital">The talia library platform - rapidly building a digital library on rails.</ns1:emphasis>In: 4th Workshop on Scripting for the Semantic Web. (2008)</ns1:bibliomixed><ns1:bibliomixed xmlns:ns3="http://www.w3.org/XML/1998/namespace" xml:id="scotti2001" pattern="Block" xreflabel="Scotti2001">Scotti, A., Nuzzo, D.:<ns1:emphasis pattern="Inline" role="ital">Pinakes Ã¢â&#130;¬â&#128;&#156; a modeling environment for scientific heritage database applications.</ns1:emphasis>In: Proc. of Reconstructing science Ã¢â&#130;¬â&#128;&#156; Contributions to the enhancement of the European scientific heritage Workshop, Ravenna, Italy (2001)</ns1:bibliomixed><ns1:bibliomixed xmlns:ns3="http://www.w3.org/XML/1998/namespace" xml:id="bertoncini2007" pattern="Block" xreflabel="Bertoncini2007">Bertoncini, M.:<ns1:emphasis pattern="Inline" role="ital">On the move towards the european digital library: Bricks, tel, michael and delos converging experiences.</ns1:emphasis>In: Research and Advanced Technology for Digital Libraries, 11th European Conference, ECDL 2007, Budapest, Hungary, September 16-21, 2007, Proceedings. Volume 4675 of Lecture Notes in Computer Science., Springer (2007) 440Ã¢â&#130;¬â&#128;&#156;441. doi:<ns1:biblioid class="doi" pattern="Atom">10.1007/978-3-540-74851-9_37</ns1:biblioid>.</ns1:bibliomixed><ns1:bibliomixed xmlns:ns3="http://www.w3.org/XML/1998/namespace" xml:id="kruk2007" pattern="Block" xreflabel="Kruk2007">Kruk, S.R., Woroniecki, T., Gzella, A., Dabrowski, M.:<ns1:emphasis pattern="Inline" role="ital">Jeromedl - a semantic digital library.</ns1:emphasis>In Golbeck, J., Mika, P., eds.: Semantic Web Challenge. Volume 295 of CEUR Workshop Proceedings., CEUR-WS.org (2007)</ns1:bibliomixed><ns1:bibliomixed xmlns:ns3="http://www.w3.org/XML/1998/namespace" xml:id="doumat2008" pattern="Block" xreflabel="Doumat2008">Doumat, R., Egyed-Zsigmond, E., Pinon, J.M., Csiszar, E.:<ns1:emphasis pattern="Inline" role="ital">Online ancient documents: Armarius.</ns1:emphasis>In: ACM DocEngÃ¢â&#130;¬â&#132;¢08. Proceeding of the Eighth ACM Symposium on Doucument Engineering, ACM (September 2008) 127Ã¢â&#130;¬â&#128;&#156;130. doi:<ns1:biblioid class="doi" pattern="Atom">10.1145/1410140.1410167</ns1:biblioid></ns1:bibliomixed><ns1:bibliomixed xmlns:ns3="http://www.w3.org/XML/1998/namespace" xml:id="schonefeld2006" pattern="Block" xreflabel="Schonefeld2006">Schonefeld, O., Witt, A.:<ns1:emphasis pattern="Inline" role="ital">Towards validation of concurrent markup.</ns1:emphasis>In: Proceedings of the Extreme Markup 2006, MontrÃ&#131;Â©al, Canada</ns1:bibliomixed><ns1:bibliomixed xmlns:ns3="http://www.w3.org/XML/1998/namespace" xml:id="schmidt2009" pattern="Block" xreflabel="Schmidt2009">Schmidt, D.:<ns1:emphasis pattern="Inline" role="ital">Merging Multi-Version Texts: a Generic Solution to the Overlap Problem.</ns1:emphasis>Presented at Balisage: The Markup Conference 2009, MontrÃ&#131;Â©al, Canada, August 11 - 14, 2009. In Proceedings of Balisage: The Markup Conference 2009. Balisage Series on Markup Technologies, vol. 3 (2009). doi:<ns1:biblioid class="doi" pattern="Atom">10.4242/BalisageVol3.Schmidt01</ns1:biblioid>.</ns1:bibliomixed></ns1:bibliography></ns1:article>