<?xml version="1.0" encoding="UTF-8"?><ns1:iml xmlns:ns1="http://www.cs.unibo.it/2006/iml" pattern="Record"><ns1:head pattern="Container" structure="FrontMatter "><ns1:title pattern="Field" structure="Title ">Identifying functions of citations with CiTalO</ns1:title><ns1:meta content="1" name="author.1.number" pattern="Meta"/><ns1:meta content="Angelo Di Iorio" name="author.1.name" pattern="Meta"/><ns1:meta content="Department of Computer Science and Engineering@University of Bologna (Italy)" name="author.1.affiliation" pattern="Meta"/><ns1:meta content="diiorio@cs.unibo.it" name="author.1.email" pattern="Meta"/><ns1:meta content="2" name="author.2.number" pattern="Meta"/><ns1:meta content="Andrea Giovanni Nuzzolese" name="author.2.name" pattern="Meta"/><ns1:meta content="Department of Computer Science and Engineering@University of Bologna (Italy)" name="author.2.affiliation" pattern="Meta"/><ns1:meta content="nuzzoles@cs.unibo.it" name="author.2.email" pattern="Meta"/><ns1:meta content="3" name="author.3.number" pattern="Meta"/><ns1:meta content="Silvio Peroni" name="author.3.name" pattern="Meta"/><ns1:meta content="Department of Computer Science and Engineering@University of Bologna (Italy)" name="author.3.affiliation" pattern="Meta"/><ns1:meta content="essepuntato@cs.unibo.it" name="author.3.email" pattern="Meta"/></ns1:head><ns1:body pattern="Container" structure="BodyMatter "><ns1:div class="abstract" id="SectionAbstract" pattern="HeadedContainer" structure="Section "><ns1:h1 pattern="Block" structure="SectionTitle ">Abstract</ns1:h1><ns1:p pattern="Block" structure="Paragraph ">Bibliographic citation is one of the most important activities of an author in the production of any scientific work. The reasons that an author cites other publications are varied: to gain assistance of some sort, to review, critique or refute previous works, etc. In this paper we propose a tool, called<ns1:i pattern="Inline">CiTalO</ns1:i>, to infer automatically the nature of citations by means of Semantic Web technologies and NLP techniques. Such a characterisation makes citations more effective for linking, disseminating, exploring and evaluating research.</ns1:p></ns1:div><ns1:div class="section" pattern="HeadedContainer" structure="Section "><ns1:h1 pattern="Block" structure="SectionTitle ">Introduction</ns1:h1><ns1:p pattern="Block" structure="Paragraph ">Bibliographic citations are the most used tools of academic communities for<ns1:i pattern="Inline">linking</ns1:i>research, for instance by connecting scientific papers to related works or sources of experimental data. Citations are also tools for<ns1:i pattern="Inline">disseminating</ns1:i>, as largely discussed in<ns1:a class="ref" component="Reference " href="ShottonComingRevolution" pattern="Milestone" referenceTo="BibliographicReference "/>, and<ns1:i pattern="Inline">exploring</ns1:i>research, for instance providing new interfaces for browsing data such as<ns1:a class="ref" component="Reference " href="ElmqvistCiteWiz" pattern="Milestone" referenceTo="BibliographicReference "/>. Finally, citations are useful for<ns1:i pattern="Inline">evaluating</ns1:i>research, e.g. through bibliometric measures such as<ns1:i pattern="Inline">h-index</ns1:i>and<ns1:i pattern="Inline">impact factor</ns1:i>.</ns1:p><ns1:p pattern="Block" structure="Paragraph ">All these activities can be radically improved by exploiting the actual “nature” of citations, i.e. the “author's reason for citing a given paper”<ns1:a class="ref" component="Reference " href="TeufelAutomaticClassification" pattern="Milestone" referenceTo="BibliographicReference "/>. The mere existence of a citation, in fact, does not provide any information about the reasons the author had in mind when creating that citation to some particular document rather than to another. It is the characterization of a citation that really capture its meaning and effect.</ns1:p><ns1:p pattern="Block" structure="Paragraph ">The goal of this paper is to present<ns1:i pattern="Inline">CiTalO</ns1:i>, a tool that automatically annotates citations with properties defined in<ns1:i pattern="Inline">CiTO</ns1:i>(<ns1:i pattern="Inline">Citation Typing Ontology</ns1:i>)<ns1:a class="footnote" component="Reference " href="ftn4" pattern="Milestone" referenceTo="Footnote "/><ns1:a class="ref" component="Reference " href="PeroniCiTOFaBiO" pattern="Milestone" referenceTo="BibliographicReference "/>– an ontology describing the nature of citations in scholarly works. CiTalO (available<ns1:span class="code" pattern="Inline">http://wit.istc.cnr.it:8080/tools/citalo</ns1:span>) takes as input an English sentence containing a citation and infers its factual and/or rhetoric nature by exploiting Semantic Web technologies and NLP techniques. The tool is designed as a<ns1:i pattern="Inline">chain of analysers</ns1:i>that (i) produce ontological statements from texts, (ii) search patterns in those statements, (iii) maps those patterns into linguistic resources and (iv) use these resources to produce the final characterization conform to CiTO. The chain also includes a sentiment-analysis module to refine results.</ns1:p><ns1:p pattern="Block" structure="Paragraph ">The paper is then structured as follows. In<ns1:a class="ref" component="Reference " href="SectionRelatedWorks" pattern="Milestone" referenceTo="Section "/>we introduce previous works on classification of citations and some studies about the nature of citations. In<ns1:a class="ref" component="Reference " href="SectionCitalo" pattern="Milestone" referenceTo="Section "/>we describe CiTalO introducing its structure and presenting the technologies we used to develop it. Finally, in<ns1:a class="ref" component="Reference " href="SectionConclusions" pattern="Milestone" referenceTo="Section "/>, we conclude the paper sketching out some future works.</ns1:p></ns1:div><ns1:div class="section" id="SectionRelatedWorks" pattern="HeadedContainer" structure="Section "><ns1:h1 pattern="Block" structure="SectionTitle ">Related works</ns1:h1><ns1:p pattern="Block" structure="Paragraph ">One of the most significant architecture to process language of scientific texts is<ns1:i pattern="Inline">SciBorg</ns1:i><ns1:a class="footnote" component="Reference " href="ftn5" pattern="Milestone" referenceTo="Footnote "/>. The framework includes a module, described by Copestake<ns1:i pattern="Inline">et al.</ns1:i><ns1:a class="ref" component="Reference " href="CopestakeScientificText" pattern="Milestone" referenceTo="BibliographicReference "/>, for discourse and citation analysis that follows the<ns1:i pattern="Inline">Argumentative Zoning</ns1:i>scheme proposed by Teufel<ns1:i pattern="Inline">et al.</ns1:i><ns1:a class="ref" component="Reference " href="TeufelArgumentationZone" pattern="Milestone" referenceTo="BibliographicReference "/>and produces quite good results.</ns1:p><ns1:p pattern="Block" structure="Paragraph ">Teufel<ns1:i pattern="Inline">et al.</ns1:i>present a study about<ns1:i pattern="Inline">function</ns1:i>of citations<ns1:a class="ref" component="Reference " href="TeufelAutomaticClassification" pattern="Milestone" referenceTo="BibliographicReference "/>. They provide a categorisation of possible citation functions organised in twelve classes, in turn clustered in<ns1:i pattern="Inline">Negative</ns1:i>,<ns1:i pattern="Inline">Neutral</ns1:i>and<ns1:i pattern="Inline">Positive</ns1:i>rhetorical functions. They also performed some tests on hundreds of articles in computational linguistics, evaluating the output of several human annotators and a novel machine learning approach, and showed that the agreement between humans is actually higher than the agreement between humans and automatic analysis. Along the lines of the latter work, also Jorg analysed several documents within the ACL Anthology Networks<ns1:a class="footnote" component="Reference " href="ftn6" pattern="Milestone" referenceTo="Footnote "/>with the intent of identifying verbs usually used to carry important information about the nature of citations<ns1:a class="ref" component="Reference " href="JorgNatureCitations" pattern="Milestone" referenceTo="BibliographicReference "/>.</ns1:p><ns1:p pattern="Block" structure="Paragraph ">Closely related to the annotation of citation functions, in<ns1:a class="ref" component="Reference " href="AtharContextEnhanced" pattern="Milestone" referenceTo="BibliographicReference "/>Athar<ns1:i pattern="Inline">et al.</ns1:i>propose and evaluate (with good result) a sentiment-analysis approach to citations, so as to identify whether a particular act of citing was done with positive (e.g. praising a previous work on a certain topic) or negative intentions (e.g. criticising the results obtained through a particular method).</ns1:p></ns1:div><ns1:div class="section" id="SectionCitalo" pattern="HeadedContainer" structure="Section "><ns1:h1 pattern="Block" structure="SectionTitle ">CiTalO</ns1:h1><ns1:p pattern="Block" structure="Paragraph ">CiTalO tries to guess the function of citations by combining techniques of ontology learning from natural language, sentiment-analysis, word-sense disambiguation, and ontology mapping. These techniques are thought to be applied in a pipeline whose input is the sentence of an article containing the citation and the output is one or more properties of the CiTO ontology<ns1:a class="ref" component="Reference " href="PeroniCiTOFaBiO" pattern="Milestone" referenceTo="BibliographicReference "/>. The overall architecture is shown in<ns1:a class="ref" component="Reference " href="pipeline" pattern="Milestone" referenceTo="FigureBox "/>. CiTalO is implemented as a Java tool, that can be also invoked as a web service<ns1:a class="footnote" component="Reference " href="ftn7" pattern="Milestone" referenceTo="Footnote "/>, and integrates existing services and APIs for each step of the pipeline, described as follows.</ns1:p><ns1:div class="picture" id="pipeline" pattern="Record" structure="FigureBox "><ns1:p class="img.block" pattern="Block" structure="Paragraph "><ns1:img class="17cm-5.528cm" pattern="Milestone" src="10000201000002E5000000F1B13D22A3.png" structure="Figure "/></ns1:p><ns1:p class="caption" pattern="Block" structure="Paragraph ">The pipeline used by CiTalO. The input is the textual context in which the citation appears and the output is a set of properties of CiTO.</ns1:p></ns1:div><ns1:p pattern="Block" structure="Paragraph "><ns1:b pattern="Inline">Sentiment-analysis for gathering the polarity of citation functions.</ns1:b>The aim of this step is to capture the sentiment polarity emerging from the text in which the citation is included. This is connected to the classification of CiTO properties provided in<ns1:a class="ref" component="Reference " href="PeroniCiTOFaBiO" pattern="Milestone" referenceTo="BibliographicReference "/>, where the semantics of rhetorical citations is expressed according to three different polarities, i.e. positive, neuter and negative. Being able to recognize the polarity behind the citation, in fact, would restrict the set of possible target properties from the CiTO ontology to match. Notice also that such an analysis goes in parallel with the others in CiTalO, being it a refinement filter of the results. The current sentiment-analysis component is based on AlchemyAPI<ns1:a class="footnote" component="Reference " href="ftn8" pattern="Milestone" referenceTo="Footnote "/>but it can be easily replaced.</ns1:p><ns1:p pattern="Block" structure="Paragraph "><ns1:b pattern="Inline">Ontology extraction from the textual context of the citation.</ns1:b>The first mandatory step of CiTalO consists of deriving a logical representation of the sentence containing the citation. This ontology extraction is performed by using FRED<ns1:a class="ref" component="Reference " href="PresuttiFRED" pattern="Milestone" referenceTo="BibliographicReference "/>, a tool for ontology learning based on discourse representation theory, frames and ontology design patterns. The transformation of the sentence into a logical form allows us to recognize lexical-syntactic patterns in order to detect possible types of rhetorical denotation of the citation. Consider, for instance, the sentence “it extends the research outlined in earlier work X”, where “X” is the cited work. The graphical representation of the output in FRED, that is also available as RDF statements, is presented in<ns1:a class="ref" component="Reference " href="fred" pattern="Milestone" referenceTo="FigureBox "/>.</ns1:p><ns1:p pattern="Block" structure="Paragraph "><ns1:b pattern="Inline">Citation type extraction through pattern matching.</ns1:b>The second step consists of extracting candidate types for the citation, by looking for patterns in the FRED result. We designed several lexical-syntactic patterns and we implemented them as SPARQL queries. Some examples of patterns are shown below:</ns1:p><ns1:div class="picture" id="fred" pattern="Record" structure="FigureBox "><ns1:p class="img.block" pattern="Block" structure="Paragraph "><ns1:img class="17cm-7.684cm" pattern="Milestone" src="10000201000003AA000001A8086E27BA.png" structure="Figure "/></ns1:p><ns1:p class="caption" pattern="Block" structure="Paragraph ">FRED result for “It extends the research outlined in earlier work X”.</ns1:p></ns1:div><ns1:p class="code" pattern="Block" structure="Paragraph ">SELECT ?type WHERE {?subj ?prop fred:X . ?subj a ?type} SELECT ?type WHERE {?subj ?prop fred:X . ?subj a ?typeTmp . ?typeTmp rdfs:subClassOf+ ?type} SELECT ?type WHERE {?subj a dul:Event . ?subj a ?type . FILTER(?type != dul:Event)} SELECT ?type WHERE {?subj a dul:Event . ?subj a ?typeTmp . ?typeTmp rdfs:subClassOf+ ?type.FILTER(?type != dul:Event)} SELECT ?type WHERE {?subj a dul:Event . ?subj boxer:patient ?patient . ?patient a ?type}</ns1:p><ns1:p pattern="Block" structure="Paragraph ">The intended semantics of the above patterns is to select from the RDF graph all the types and their eventual taxonomies related to (i) the cited document, (ii) the events recognized into the citation, and the entities affected by those events (i.e. the entities playing the VerbNet role of being patient).</ns1:p><ns1:p pattern="Block" structure="Paragraph ">Applying these patterns to graph shown in<ns1:a class="ref" component="Reference " href="fred" pattern="Milestone" referenceTo="FigureBox "/>, the following candidate types are found:<ns1:i pattern="Inline">Outline, Extend, EarlierWork, Work, and Research</ns1:i>. The current set of patterns is quite simple and incomplete. On the other hand, we are investigating new patterns and continuously updating the catalogue.</ns1:p><ns1:p pattern="Block" structure="Paragraph "><ns1:b pattern="Inline">Word-sense disambiguation.</ns1:b>The next step consists of disambiguating the sense of each candidate type. This can be done through word-sense disambiguation services and APIs – in CiTalO we use IMS<ns1:a class="ref" component="Reference " href="Zhong2010" pattern="Milestone" referenceTo="BibliographicReference "/>. The disambiguation is performed with respect to OntoWordNet<ns1:a class="ref" component="Reference " href="GamgemiOWN" pattern="Milestone" referenceTo="BibliographicReference "/>and produces a list of synsets for the candidate types. Going back to the example, this phase would produce the following list<ns1:a class="footnote" component="Reference " href="ftn9" pattern="Milestone" referenceTo="Footnote "/>: (i)<ns1:i pattern="Inline">Extend</ns1:i>is disambiguated as<ns1:span class="code" pattern="Inline">own:synset-prolong-verb-1</ns1:span>, (ii)<ns1:i pattern="Inline">Outline</ns1:i>as<ns1:span class="code" pattern="Inline">own:synset-delineate-verb-3</ns1:span>, (iii)<ns1:i pattern="Inline">Research</ns1:i>as<ns1:span class="code" pattern="Inline">own:synset-research-noun-1</ns1:span>, (iv)<ns1:i pattern="Inline">EarlierWork</ns1:i>and<ns1:i pattern="Inline">Work</ns1:i>as<ns1:i pattern="Inline"/><ns1:span class="code" pattern="Inline">own:synset-work-noun-1</ns1:span>.</ns1:p><ns1:p pattern="Block" structure="Paragraph "><ns1:b pattern="Inline">Alignment to CiTO.</ns1:b>The last step consists of associating each synset to a CiTO property and refining results by using citation polarities and factual characterisation. We use two alignment ontologies for this purpose:<ns1:i pattern="Inline">CiTO2Wordnet</ns1:i>and<ns1:i pattern="Inline">CiTOFunctions</ns1:i>. CiTO2Wordnet<ns1:a class="footnote" component="Reference " href="ftn10" pattern="Milestone" referenceTo="Footnote "/>maps all the CiTO properties defining citations with the appropriate Wordnet synsets<ns1:a class="ref" component="Reference " href="GamgemiOWN" pattern="Milestone" referenceTo="BibliographicReference "/>. CiTOFunctions<ns1:a class="footnote" component="Reference " href="ftn11" pattern="Milestone" referenceTo="Footnote "/>classifies each CiTO properties according to their factual and (positive/neutral/negative) rhetorical functions as proposed by Peroni<ns1:i pattern="Inline">et al.</ns1:i><ns1:a class="ref" component="Reference " href="PeroniCiTOFaBiO" pattern="Milestone" referenceTo="BibliographicReference "/>. The final alignment to CiTO is performed by means of a SPARQL CONSTRUCT query that uses the enhanced RDF graph obtained during the pipeline, the RDF graph of the polarity, OntoWordNet and the two ontologies just described.</ns1:p></ns1:div><ns1:div class="section" id="SectionConclusions" pattern="HeadedContainer" structure="Section "><ns1:h1 pattern="Block" structure="SectionTitle ">Conclusions</ns1:h1><ns1:p pattern="Block" structure="Paragraph ">The framework introduced in this paper provides a novel solution to the problem of automatically annotating citations. It integrates Semantic Web technologies and NLP techniques to extract information about the nature, the motivations and the goals of each citation. The CiTalO architecture is composed of a pipeline of modules that map documents into ontological data, ontological data into linguistic resources and, finally, linguistic resources into CiTO properties.</ns1:p><ns1:p pattern="Block" structure="Paragraph ">The implementation is still at an early stage. On the other hand, the overall approach is very open to incremental refinements. The goal of this work, in fact, was to build such a modular architecture, to perform some exploratory experiments and to identify issues and possible developments of our approach. Also, the current prototype allows us to activate and deactivate CiTalO modules in order to test different configurations.</ns1:p><ns1:p pattern="Block" structure="Paragraph ">We are currently working to improve<ns1:i pattern="Inline">patterns' matching</ns1:i>phases in CiTalO and to include a mechanism for the automatic identification of<ns1:i pattern="Inline">textual context</ns1:i>of citations given an input article. We also plan to perform exhaustive tests with a large set of documents and users.</ns1:p></ns1:div><ns1:div class="bibliography" id="SectionReferences" pattern="HeadedContainer" structure="Section Bibliography "><ns1:h1 pattern="Block" structure="SectionTitle ">References</ns1:h1><ns1:ul pattern="Table" structure="List BibliographicReferenceList " type="bullet"><ns1:li component="BibliographicReference " id="PeroniCiTOFaBiO" pattern="Container"><ns1:p pattern="Block" structure="Paragraph ">Peroni, S., Shotton, D. (2012). FaBiO and CiTO: ontologies for describing bibliographic resources and citations. In Journal of Web Semantics, 17 (December 2012): 33-43. DOI: 10.1016/j.websem.2012.08.001</ns1:p></ns1:li><ns1:li component="BibliographicReference " id="PresuttiFRED" pattern="Container"><ns1:p pattern="Block" structure="Paragraph ">Presutti, V., Draicchio, F., Gangemi, A. (2012). Knowledge extraction based on discourse representation theory and linguistic frames. In Proceedings of EKAW 2012: 114-129. DOI: 10.1007/978-3-642-33876-2_12</ns1:p></ns1:li><ns1:li component="BibliographicReference " id="CopestakeScientificText" pattern="Container"><ns1:p pattern="Block" structure="Paragraph ">Copestake, A., Corbett, P., Murray-Rust, P., Rupp, C. J., Siddharthan, A., Teufel, S., Waldron, B. (2006). An architecture for language processing for scientific text. In Proceedings of the UK e-Science All Hands Meeting 2006.</ns1:p></ns1:li><ns1:li component="BibliographicReference " id="AtharContextEnhanced" pattern="Container"><ns1:p pattern="Block" structure="Paragraph ">Athar, A., Teufel, S. (2012). Context-Enhanced Citation Sentiment Detection. In Proceedings of HLT-NAACL 2012: 597-601.</ns1:p></ns1:li><ns1:li component="BibliographicReference " id="TeufelAutomaticClassification" pattern="Container"><ns1:p pattern="Block" structure="Paragraph ">Teufel, S., Siddharthan, A., Tidhar, D. (2006). Automatic classification of citation function. In Proceedings of EMNLP 2006: 103-110.</ns1:p></ns1:li><ns1:li component="BibliographicReference " id="JorgNatureCitations" pattern="Container"><ns1:p pattern="Block" structure="Paragraph ">Jorg, B. (2008). Towards the Nature of Citations. In Poster Proceedings of FOIS 2008.</ns1:p></ns1:li><ns1:li component="BibliographicReference " id="TeufelArgumentationZone" pattern="Container"><ns1:p pattern="Block" structure="Paragraph ">Teufel, S., Carletta, J., Moens, M. (1999). An annotation scheme for discourse-level argumentation in research articles. In Proceedings of the 9th Conference of the EACL 1999: 110-117.</ns1:p></ns1:li><ns1:li component="BibliographicReference " id="ElmqvistCiteWiz" pattern="Container"><ns1:p pattern="Block" structure="Paragraph ">Elmqvist, N., Tsigas P. (2007). CiteWiz: a tool for the visualization of scientific citation networks. In Information Visualization, 6 (3): 215-232. DOI: 10.1057/palgrave.ivs.9500156</ns1:p></ns1:li><ns1:li component="BibliographicReference " id="ShottonComingRevolution" pattern="Container"><ns1:p pattern="Block" structure="Paragraph ">Shotton, D. (2009). Semantic publishing: the coming revolution in scientific journal publishing. In Learned Publishing, 22 (2): 85-94. DOI: 10. 1087/2009202</ns1:p></ns1:li><ns1:li component="BibliographicReference " id="GamgemiOWN" pattern="Container"><ns1:p pattern="Block" structure="Paragraph ">Gangemi, A., Navigli, R., Velardi, P. (2003). The OntoWordNet Project: Extension and Axiomatization of Conceptual Relations in WordNet. In Proceedings of CoopIS/DOA/ODBASE 2003: 820-838. DOI: 10.1007/978-3-540-39964-3_52</ns1:p></ns1:li><ns1:li component="BibliographicReference " id="Zhong2010" pattern="Container"><ns1:p pattern="Block" structure="Paragraph ">Zhong, Zhi and Ng, Hwee Tou (2010). It Makes Sense: A wide-coverage word sense disambiguation system for free text. In Proceedings of ACL 2010, System Demonstrations: 78-83.</ns1:p></ns1:li></ns1:ul></ns1:div><ns1:div class="footnote" pattern="Table" structure="List "><ns1:div id="ftn4" pattern="Container" structure="Footnote "><ns1:p pattern="Block" structure="Paragraph ">CiTO:<ns1:a href="http://purl.org/spar/cito" pattern="Inline">http://purl.org/spar/cito</ns1:a>.</ns1:p></ns1:div><ns1:div id="ftn5" pattern="Container" structure="Footnote "><ns1:p pattern="Block" structure="Paragraph ">SciBorg project page:<ns1:a href="http://www.cl.cam.ac.uk/research/nl/sciborg/www/" pattern="Inline">http://www.cl.cam.ac.uk/research/nl/sciborg/www/</ns1:a>.</ns1:p></ns1:div><ns1:div id="ftn6" pattern="Container" structure="Footnote "><ns1:p pattern="Block" structure="Paragraph ">ACL Anthology Network:<ns1:a href="http://clair.eecs.umich.edu/aan/index.php" pattern="Inline">http://clair.eecs.umich.edu/aan/index.php</ns1:a>.</ns1:p></ns1:div><ns1:div id="ftn7" pattern="Container" structure="Footnote "><ns1:p pattern="Block" structure="Paragraph ">The details about how to use CiTalO's API can be found at the address<ns1:a href="http://wit.istc.cnr.it:8080/tools/citalo" pattern="Inline">http://wit.istc.cnr.it:8080/tools/citalo</ns1:a>.</ns1:p></ns1:div><ns1:div id="ftn8" pattern="Container" structure="Footnote "><ns1:p pattern="Block" structure="Paragraph ">AlchemyAPI:<ns1:a href="http://www.alchemyapi.com/" pattern="Inline">http://www.alchemyapi.com</ns1:a>.</ns1:p></ns1:div><ns1:div id="ftn9" pattern="Container" structure="Footnote "><ns1:p pattern="Block" structure="Paragraph ">The prefix<ns1:i pattern="Inline">own</ns1:i>stands for<ns1:a href="http://www.w3.org/2006/03/wn/wn30/instances/" pattern="Inline">http://www.w3.org/2006/03/wn/wn30/instances/</ns1:a><ns1:i pattern="Inline">.</ns1:i></ns1:p></ns1:div><ns1:div id="ftn10" pattern="Container" structure="Footnote "><ns1:p pattern="Block" structure="Paragraph ">CiTO2Wordnet ontology:<ns1:a href="http://www.essepuntato.it/2013/03/cito2wordnet" pattern="Inline">http://www.essepuntato.it/2013/03/cito2wordnet</ns1:a>.</ns1:p></ns1:div><ns1:div id="ftn11" pattern="Container" structure="Footnote "><ns1:p pattern="Block" structure="Paragraph ">CiTOFunctions:<ns1:a href="http://www.essepuntato.it/2013/03/cito-functions" pattern="Inline">http://www.essepuntato.it/2013/03/cito-functions</ns1:a>.</ns1:p></ns1:div></ns1:div></ns1:body></ns1:iml>