<?xml version="1.0" encoding="UTF-8"?><ns1:iml xmlns:ns1="http://www.cs.unibo.it/2006/iml" pattern="Record"><ns1:head pattern="Container" structure="FrontMatter "><ns1:title pattern="Field" structure="Title ">Dealing with Markup Semantics</ns1:title><ns1:meta content="1" name="author.1.number" pattern="Meta"/><ns1:meta content="Silvio Peroni" name="author.1.name" pattern="Meta"/><ns1:meta content="Department of Computer Science@University of Bologna" name="author.1.affiliation" pattern="Meta"/><ns1:meta content="speroni@cs.unibo.it" name="author.1.email" pattern="Meta"/><ns1:meta content="2" name="author.2.number" pattern="Meta"/><ns1:meta content="Aldo Gangemi" name="author.2.name" pattern="Meta"/><ns1:meta content="Institute of Cognitive Sciences and Technology@CNR" name="author.2.affiliation" pattern="Meta"/><ns1:meta content="aldo.gangemi@cnr.it" name="author.2.email" pattern="Meta"/><ns1:meta content="3" name="author.3.number" pattern="Meta"/><ns1:meta content="Fabio Vitali" name="author.3.name" pattern="Meta"/><ns1:meta content="Department of Computer Science@University of Bologna" name="author.3.affiliation" pattern="Meta"/><ns1:meta content="fabio@cs.unibo.it" name="author.3.email" pattern="Meta"/><ns1:meta content="I.7.2,Document And Text Processing,Document Preparation,Markup languages" name="category" pattern="Meta"/><ns1:meta content="I.2.4,Artificial Intelligence,Knowledge Representation,Representation languages" name="category" pattern="Meta"/><ns1:meta content="Languages" name="generalterm" pattern="Meta"/><ns1:meta content="EARMARK" name="keyword" pattern="Meta"/><ns1:meta content="LMM" name="keyword" pattern="Meta"/><ns1:meta content="markup semantics" name="keyword" pattern="Meta"/><ns1:meta content="linguistic act" name="keyword" pattern="Meta"/></ns1:head><ns1:body pattern="Container" structure="BodyMatter "><ns1:div class="abstract" id="abs" pattern="HeadedContainer" structure="Section "><ns1:h1 pattern="Block" structure="SectionTitle ">Abstract</ns1:h1><ns1:p pattern="Block" structure="Paragraph ">The correct interpretation of markup semantics is necessary for the semantic interpretation of linguistic expressions that use markup in their structuring and for enabling sophisticated operation on markup documents, such as semantic validation, multi-format document conversion and searching on heterogeneous digital libraries. The semantics of XML-based markup languages is usually provided informally, for example through textual descriptions in the specification of the language. While the syntax of XML-based languages is entirely machine-readable, its semantics is obscure for machines. Semantic Web technologies can be useful for filling the gap between the well-defined syntax of a language and the informal specification of its semantics. In this paper we show how to integrate LMM, an OWL vocabulary that represents some core semiotic notions, with EARMARK, a model for the specification of semantic and structural characteristics of markup languages, in order to provide a better understanding of the semantics of markup.</ns1:p></ns1:div><ns1:div class="section" pattern="HeadedContainer" structure="Section "><ns1:h1 pattern="Block" structure="SectionTitle ">Introduction</ns1:h1><ns1:p pattern="Block" structure="Paragraph ">The advent of the Semantic Web (and social web) has induced a shift of meaning for some terms that are traditionally associated with markup languages. Originally, the act of<ns1:i pattern="Inline">marking up</ns1:i>was strictly associated with document markup, where the term “tag” was used to refer to<ns1:i pattern="Inline">markup elements</ns1:i>: syntactic items representing the building blocks of a document structure. While in the original definition markup “tells us something about [the text or content of a<ns1:i pattern="Inline">document</ns1:i>]”<ns1:a class="ref" href="CoombsMarkupSystems" pattern="Milestone"/>, in the Semantic Web the term “markup” is sometimes used to identify any data added to a<ns1:i pattern="Inline">resource</ns1:i>with the intention to semantically describe it (as well as “metadata” or “resource description”). Because of this recent re-drawing of the markup meaning, the term “tag” has also drastically changed its definition to “a non-hierarchical keyword or term assigned to a piece of information (such as an Internet bookmark, digital image, or computer file)”<ns1:a class="footnote" href="ftn4" pattern="Milestone"/>.</ns1:p><ns1:p pattern="Block" structure="Paragraph ">Partially because of this shift of meaning – that brought, as first consequence, the fact of having two different (and often unrelated) visions of the Web: the<ns1:i pattern="Inline">Web of documents</ns1:i>and the<ns1:i pattern="Inline">Web of data</ns1:i>– the Semantic Web has not considered in detail the issue of<ns1:i pattern="Inline">markup semantics (</ns1:i>e.g., what is the meaning of a markup element<ns1:i pattern="Inline">title</ns1:i>contained in a document<ns1:i pattern="Inline">d</ns1:i>?), concentrating all its efforts in dealing with<ns1:i pattern="Inline">semantic markup</ns1:i>(e.g., the resource<ns1:i pattern="Inline">r</ns1:i>has the string “Semantic enhancement of document markup” as title)<ns1:i pattern="Inline"/><ns1:a class="ref" href="RenearTowardsSemantics" pattern="Milestone"/><ns1:a class="ref" href="RenearTowardsSemantics" pattern="Milestone"/>.</ns1:p><ns1:p pattern="Block" structure="Paragraph ">However, markup semantics is a very well-known and relevant issue for markup languages and consequently for digital libraries. Nowadays, a large amount of content stored in digital libraries is encoded with XML. XML, as any markup (meta-)language, provides a machine-readable mechanism for defining document structure, by associating labels to fragments of text and/or other markup. This association has a particular meaning, since each markup element asserts something about its content. What is asserted by the markup is not an issue of the markup itself. In fact, one of the goals of markup meta-languages is to avoid imposing any particular semantics: they express mere syntactic labels on the text, leaving the implicit semantics of the markup to the interpretation of humans or tools programmed by a human. Of course, a lot of markup languages, such as HTML, TEI and DocBook, are accompanied by natural language descriptions of their markup, but those descriptions are not machine-readable; in other words, there is no formal mechanism to embed markup semantics within markup language schemas.</ns1:p><ns1:p pattern="Block" structure="Paragraph ">Previous works<ns1:a class="ref" href="RenearTowardsSemantics" pattern="Milestone"/><ns1:a class="ref" href="RenearXMLSemantics" pattern="Milestone"/><ns1:a class="ref" href="Sperberg-McQueenSemanticsOfTEI" pattern="Milestone"/>pointed out some clear advantages in having a mechanisms to define a machine-readable semantics of markup languages: enabling parsers to perform both syntactic and<ns1:i pattern="Inline">semantic validation</ns1:i>of document markup;<ns1:i pattern="Inline">inferring facts</ns1:i>from documents automatically by means of inference systems and reasoners; simplifying the<ns1:i pattern="Inline">federation</ns1:i>,<ns1:i pattern="Inline">conversion</ns1:i>and<ns1:i pattern="Inline">translation</ns1:i>of documents marked up with different and non-interoperable markup vocabularies; allowing users to<ns1:i pattern="Inline">query</ns1:i>upon the structure of the document considering its semantics; creating<ns1:i pattern="Inline">visualizations</ns1:i>of documents by considering the semantics of their structure rather than the specific vocabulary in which they are marked up; increasing the accessibility of documents' content, even in the case of<ns1:i pattern="Inline">tag abuse</ns1:i><ns1:a class="ref" href="DubinObjectMapping" pattern="Milestone"/>, i.e., “using markup languages construction in ways other than intended by the language designer”; promoting a more flexible<ns1:i pattern="Inline">software design</ns1:i>for those applications that use markup languages, guaranteeing a better<ns1:i pattern="Inline">maintainability</ns1:i>even when markup language schemas evolve.</ns1:p><ns1:p pattern="Block" structure="Paragraph ">For instance, it could be interesting to query documents for specific XML structures (e.g., all data tables in a collection of scientific papers written by a specific author, regardless of the fact that they were marked up with different vocabularies), or verifying semantic constraints of XML elements regardless of their position within the document (e.g., that all instances of speech fragments as transcribed in a parliamentary debate document is correctly assigned to the correct person that purportedly made the speech).</ns1:p><ns1:p pattern="Block" structure="Paragraph ">Although XML semantics might be directly addressed by the Semantic Web in order to gather the above-mentioned advantages, the Semantic Web community has always considered XML only as a serialization language for RDF or OWL, or as a way to encode relational data to be subsequently extracted and expressed in RDF. However, these two usages depart from the original goal of XML, i.e. to provide a mechanism for marking up digital documents (books, papers, messages, etc.). Consequently, it is often the case that e.g. relational data in XML encode both domain and document semantics; in such cases, extracting semantics from markup by means of bulk recipes generates semantic issues, because the dataset and/or ontologies obtained from that extraction will be unreliable (due to the usually conflicting data/text implicit semantics). A case study of this heterogeneity is the translation of FAO FIGIS document management schemata<ns1:a class="footnote" href="ftn5" pattern="Milestone"/>, which generates an ontology describing real world entities as well as documents, provenance, interfaces, versioning data, etc.</ns1:p><ns1:p pattern="Block" structure="Paragraph ">Of course, eRDF<ns1:a class="footnote" href="ftn6" pattern="Milestone"/>and RDFa<ns1:a class="ref" href="RDFa" pattern="Milestone"/>may be valid choices for associating – and extracting by means of GRDDL<ns1:a class="ref" href="GRDDL" pattern="Milestone"/>applications – formal semantics with arbitrary text fragments, and to markup elements within documents. Although they are very helpful for annotating documents and adding semantic information about markup elements and their content, their use is possible only by adding new attributes or, worse, new elements, therefore changing the document structure. The problem here is that the need of modifying the document structure is not easily suitable for domains, for example within organizations that deal with administrative or juridical documents, which must always preserve their structure as it is.</ns1:p><ns1:p pattern="Block" structure="Paragraph ">In this paper we introduce a proposal for defining markup semantics by using<ns1:i pattern="Inline">EARMARK</ns1:i>, a markup meta-language based on Semantic Web technologies<ns1:a class="ref" href="EARMARK" pattern="Milestone"/><ns1:a class="ref" href="EARMARKJASIST" pattern="Milestone"/>, paired with<ns1:i pattern="Inline">LMM</ns1:i><ns1:a class="ref" href="GangemiLMM" pattern="Milestone"/>, a modular vocabulary to talk about textual semantics based on semiotical theories.</ns1:p><ns1:p pattern="Block" structure="Paragraph ">The<ns1:i pattern="Inline">Extremely Annotational RDF Markup</ns1:i>(EARMARK) is at the same time a markup meta-language, that can express both the syntax and the semantics of markup as OWL assertions, and an ontology of markup that make explicit the implicit assumptions of markup languages (and, in particular, of the hierarchy of XML-based languages), providing a finer specification of the properties of markup, up to and including the possibility of toggling on and off the strict hierarchy of XML instantiations. It is important to stress that EARMARK does not prevent document authors from using RDFa and eRDF; rather, they can be used jointly.</ns1:p><ns1:p pattern="Block" structure="Paragraph ">Using EARMARK with LMM, it becomes possible to express and assess facts, constraints and rules about the markup structure as well as about the inherent semantics of the markup elements themselves, and about the semantics of the content of the document.</ns1:p><ns1:p pattern="Block" structure="Paragraph ">The purpose of this paper is to extend EARMARK with a particular module of LMM, used for describing<ns1:i pattern="Inline">linguistic acts</ns1:i>, in order to represent the role that markup (as in XML and/or HTML markup) has in the semantics of expressions used in documents.</ns1:p><ns1:p pattern="Block" structure="Paragraph ">The paper is organized as follows: after illustrating in<ns1:a class="ref" href="SectionRelatedWorks" pattern="Milestone"/>some significant works in this area, we introduce EARMARK in<ns1:a class="ref" href="SectionEARMARK" pattern="Milestone"/>and, in<ns1:a class="ref" href="SectionLinguisticActs" pattern="Milestone"/>, its extension, based on LMM, for associating formal semantics to markup elements. Then, in<ns1:a class="ref" href="SectionUseCases" pattern="Milestone"/>, we present two different use cases in which the markup semantics described by EARMARK+LMM is relevant and useful for addressing the related issues. We finally conclude the paper with a description of future developments about our work (<ns1:a class="ref" href="SectionFutureWorks" pattern="Milestone"/>) and some final considerations (<ns1:a class="ref" href="SectionConclusions" pattern="Milestone"/>).</ns1:p></ns1:div><ns1:div class="section" id="SectionRelatedWorks" pattern="HeadedContainer" structure="Section "><ns1:h1 pattern="Block" structure="SectionTitle ">Related Works</ns1:h1><ns1:p pattern="Block" structure="Paragraph ">There is a large literature about semantics applied to markup. One of the first attempts for describing a formal markup semantics is introduced in<ns1:a class="ref" href="Sperberg-McQueenMeaningAndInterpretation" pattern="Milestone"/>. The basic idea of the authors is to point out how users apply markup: through it, they make inferences about the document structures and the text those structures contain. According to the authors, “the meaning of markup is the set of inferences it licenses”. The general framework they developed to associate semantics to markup and to make inferences on it needs some representation of the document (containing markup), a<ns1:i pattern="Inline">sentence skeleton</ns1:i>for each item of the markup language we are considering in order to associate a meaning, and a set of (categorized) predicates and rules for allowing inferences. In this work, all the examples are illustrated using Prolog both for the representation of the nodes and for defining/inferring semantics using predicates and rules.</ns1:p><ns1:p pattern="Block" structure="Paragraph ">Focusing on the best-known meta-markup language, XML, in<ns1:a class="ref" href="RenearXMLSemantics" pattern="Milestone"/>the authors discuss problems characterizing schema languages for XML, from DTD to XMLSchema: those languages only permit a clear definition of the language syntax, and some of them (RelaxNG, XMLSchema) allow the declaration of a simple semantics on the datatypes, and little more. Although annotations can be specified for XMLSchema structures, there is no predefined semantics associated to them. Everything else concerning semantics – the meaning of an element, the relationships among items, etc. – is not expressible in a machine-readable format through those schema languages. The authors propose the BECHAMEL Project as a candidate solution to express markup semantics. As the authors explain in<ns1:a class="ref" href="RenearTowardsSemantics" pattern="Milestone"/>, BECHAMEL allows one to associate semantics with markup by adding new hierarchies to the original structure of the document. Using these additional hierarchies, one can define the meaning of the elements and properties that cannot be expressed using the schema languages alone.</ns1:p><ns1:p pattern="Block" structure="Paragraph ">A different approach is used in<ns1:a class="ref" href="SemanticsOfMarkup" pattern="Milestone"/>. The authors developed a framework to associate semantics with any XML document<ns1:i pattern="Inline">D</ns1:i>in a three-step process:</ns1:p><ns1:ul pattern="Table" structure="List " type="number"><ns1:li pattern="Container"><ns1:p pattern="Block" structure="Paragraph ">defining an OWL ontology<ns1:i pattern="Inline">O</ns1:i>to express all the meanings they want to use;</ns1:p></ns1:li><ns1:li pattern="Container"><ns1:p pattern="Block" structure="Paragraph ">writing a set of rules<ns1:i pattern="Inline">R</ns1:i>in a specific XML language to associate those meanings to a set of<ns1:i pattern="Inline"/>elements<ns1:i pattern="Inline">D</ns1:i>;</ns1:p></ns1:li><ns1:li pattern="Container"><ns1:p pattern="Block" structure="Paragraph ">through a XSLT transformation, processing<ns1:i pattern="Inline">D</ns1:i>using<ns1:i pattern="Inline">O</ns1:i>and<ns1:i pattern="Inline">R</ns1:i>, so obtaining a new semantically-enriched XML document.</ns1:p></ns1:li></ns1:ul><ns1:p pattern="Block" structure="Paragraph ">Similarly to the previous one, other works, such as<ns1:a class="ref" href="NuzzoleseEtAl" pattern="Milestone"/><ns1:a class="ref" href="GarciaCelma" pattern="Milestone"/><ns1:a class="ref" href="VanDeursenEtAl" pattern="Milestone"/>, propose a general process that, starting from an XMLSchema<ns1:i pattern="Inline">S</ns1:i>, an XML document<ns1:i pattern="Inline">D</ns1:i>(written according to<ns1:i pattern="Inline">S</ns1:i>) and an ontology<ns1:i pattern="Inline">O</ns1:i>(that can be generated starting from<ns1:i pattern="Inline">S</ns1:i>), allows to convert all the data in<ns1:i pattern="Inline">D</ns1:i>, described by XML elements and attributes, into appropriate RDF instances consistent with<ns1:i pattern="Inline">O</ns1:i>.</ns1:p><ns1:p pattern="Block" structure="Paragraph ">Finally, the approach introduced in<ns1:a class="ref" href="MarcouxNaturalLanguage" pattern="Milestone"/>and<ns1:a class="ref" href="MarcouxIntertextualSemantics" pattern="Milestone"/>does not provide a formal machine-readable specification for defining markup semantics, but it is useful when human interpretation is needed in structuring a document. The authors describe<ns1:i pattern="Inline">Intertextual Semantics</ns1:i>, a mechanism to associate meaning with markup elements and attributes of a schema as natural language constructs; this happens by associating a pre-text and a post-text with each of them. When the vocabulary of a schema is used correctly, the markup content is combined with the pre-text and post-text descriptions to make a correct natural language text that describes the entire information contained in a document. The difference between the common natural language documentation and Intertextual Semantics is that in the latter the meaning of a markup item is dynamically added when writing a document, and, as a consequence, can be read sequentially in the document editor itself.</ns1:p></ns1:div><ns1:div class="section" id="SectionEARMARK" pattern="HeadedContainer" structure="Section "><ns1:h1 pattern="Block" structure="SectionTitle ">EARMARK</ns1:h1><ns1:p pattern="Block" structure="Paragraph ">EARMARK (Extremely Annotational RDF Markup)<ns1:a class="ref" href="EARMARK" pattern="Milestone"/><ns1:a class="ref" href="EARMARKJASIST" pattern="Milestone"/>is a different approach to meta-markup based on ontologies and Semantic Web technologies. The basic idea is to model EARMARK documents as collections of addressable text fragments, and to associate such text content with OWL assertions that describe structural features as well as semantic properties of (parts of) that content. As a result, EARMARK allows not only documents with single hierarchies (as with XML), but also multiple overlapping hierarchies where the textual content within the markup items belongs to some hierarchies but not to others. Moreover, EARMARK makes it possible to add semantic annotations to the content through assertions that may overlap with existing ones.</ns1:p><ns1:p pattern="Block" structure="Paragraph ">Our Java-based implementation<ns1:a class="footnote" href="ftn7" pattern="Milestone"/>strictly follows what is defined in the EARMARK ontology<ns1:a class="footnote" href="ftn8" pattern="Milestone"/>that specifies classes and properties as summarized in<ns1:a class="ref" href="FigureEARMARKOntology" pattern="Milestone"/>. The core classes of our model describe three disjoint base concepts:<ns1:i pattern="Inline">docuverses</ns1:i>,<ns1:i pattern="Inline">ranges</ns1:i>and<ns1:i pattern="Inline">markup items</ns1:i>.</ns1:p><ns1:div class="picture" id="FigureEARMARKOntology" pattern="Record" structure="FigureBox "><ns1:p class="img.block" pattern="Block" structure="Paragraph "><ns1:img class="17cm-19.951cm" pattern="Milestone" src="10000000000001EF00000245A46E8FF4.png" structure="Figure "/></ns1:p><ns1:p class="caption" pattern="Block" structure="Paragraph ">A graphical representation of the EARMARK ontology. The prefixes<ns1:i pattern="Inline">rdfs</ns1:i>,<ns1:i pattern="Inline">xsd</ns1:i>and<ns1:i pattern="Inline">c</ns1:i>refer respectively to RDF Schema, XML Schema, and to an imported ontology used for handling collections.</ns1:p></ns1:div><ns1:p pattern="Block" structure="Paragraph ">The textual content of an EARMARK document is conceptually separated from its annotations, and is referred to through the<ns1:i pattern="Inline">Docuverse</ns1:i>class. The individuals of this class represent the objects of discourse, i.e. all the containers of text from an EARMARK document. Any individual of the<ns1:i pattern="Inline">Docuverse</ns1:i>class – commonly called a<ns1:i pattern="Inline">docuverse</ns1:i>(lowercase to distinguish it from the class) – specifies its actual content through the property<ns1:i pattern="Inline">hasContent</ns1:i>.</ns1:p><ns1:p pattern="Block" structure="Paragraph ">We define the class<ns1:i pattern="Inline">Range</ns1:i>for any text lying between two locations of a docuverse. A<ns1:i pattern="Inline">range</ns1:i>, i.e, an individual of the class<ns1:i pattern="Inline">Range</ns1:i>, is defined by a starting and an ending location (any literal) of a specific docuverse through the functional properties<ns1:i pattern="Inline">begins</ns1:i>,<ns1:i pattern="Inline">ends</ns1:i>and<ns1:i pattern="Inline">refersTo</ns1:i>respectively.</ns1:p><ns1:p pattern="Block" structure="Paragraph ">The class<ns1:i pattern="Inline">MarkupItem</ns1:i>is the superclass defining artefacts to be interpreted as markup (such as elements and attributes). A<ns1:i pattern="Inline">markupitem</ns1:i>individual is a collection<ns1:a class="footnote" href="ftn9" pattern="Milestone"/>(<ns1:i pattern="Inline">c:Set</ns1:i>,<ns1:i pattern="Inline">c:Bag</ns1:i>and<ns1:i pattern="Inline">c:List</ns1:i>, where the latter is a subclass of the second one and all of them are subclasses of<ns1:i pattern="Inline">c:Collection</ns1:i>) of individuals belonging to the classes<ns1:i pattern="Inline">MarkupItem</ns1:i>and<ns1:i pattern="Inline">Range</ns1:i>. Through these collections it is possible:</ns1:p><ns1:ul pattern="Table" structure="List " type="bullet"><ns1:li pattern="Container"><ns1:p pattern="Block" structure="Paragraph ">to define a markup item as a set of other markup items and ranges by using the property<ns1:i pattern="Inline">c:element</ns1:i>;</ns1:p></ns1:li><ns1:li pattern="Container"><ns1:p pattern="Block" structure="Paragraph ">to define a markup item as a bag of items (defined by individuals belonging to the class<ns1:i pattern="Inline">c:Item</ns1:i>), each of them containing a markup item or a range, by using the properties<ns1:i pattern="Inline">c:item</ns1:i>and<ns1:i pattern="Inline">c:itemContent</ns1:i>respectively;</ns1:p></ns1:li><ns1:li pattern="Container"><ns1:p pattern="Block" structure="Paragraph ">to define a markup item as a list of items (defined by individuals belonging to the class<ns1:i pattern="Inline">c:ListItem</ns1:i>), each of them containing a markup item or a range, in which we can also specify a particular order among the items themselves by using the property<ns1:i pattern="Inline">c:nextItem</ns1:i>.</ns1:p></ns1:li></ns1:ul><ns1:p pattern="Block" structure="Paragraph ">A<ns1:i pattern="Inline">markupitem</ns1:i>might also have a name, specified in the functional property<ns1:i pattern="Inline">hasGeneralIdentifier</ns1:i><ns1:a class="footnote" href="ftn0" pattern="Milestone"/>, and a namespace specified using the functional property<ns1:i pattern="Inline">hasNamespace</ns1:i>.</ns1:p><ns1:p pattern="Block" structure="Paragraph ">All the three core classes are specialized in other sub-classes for giving more specific information about EARMARK instances. First of all, the class<ns1:i pattern="Inline">Docuverse</ns1:i>is specialized into either a<ns1:i pattern="Inline">StringDocuverse</ns1:i>(the content specified through<ns1:i pattern="Inline">hasContent</ns1:i>is a string) or into an<ns1:i pattern="Inline">URIDocuverse</ns1:i>(the actual content is located at the URL specified in<ns1:i pattern="Inline">hasContent</ns1:i>), that are disjoint. Specialized subclasses of<ns1:i pattern="Inline">Range</ns1:i>(<ns1:i pattern="Inline">PointerRange</ns1:i>and<ns1:i pattern="Inline">XPathRange</ns1:i>) are defined to cope with plain-text and XML docuverses with different addressing schemes.<ns1:i pattern="Inline">MarkupItem</ns1:i>is specialized in three disjointed sub- classes:<ns1:i pattern="Inline">Element</ns1:i>,<ns1:i pattern="Inline">Attribute</ns1:i>and<ns1:i pattern="Inline">Comment</ns1:i>.</ns1:p><ns1:p pattern="Block" structure="Paragraph ">In order to understand how EARMARK is used to describe markup hierarchies, let us to introduce an XML excerpt, using TEI fragmentation to express overlapping elements upon the string “Fabio says that overlhappens”:</ns1:p><ns1:p class="code" pattern="Block" structure="Paragraph ">&lt;p&gt; &lt;agent&gt;Fabio&lt;/agent&gt; says that &lt;noun xml:id="e1" next="e2"&gt;overl&lt;/noun&gt; &lt;verb&gt; h&lt;noun xml:id="e2"&gt;ap&lt;/noun&gt;pens &lt;/verb&gt; &lt;/p&gt;</ns1:p><ns1:p pattern="Block" structure="Paragraph ">Here, the two elements<ns1:i pattern="Inline">noun</ns1:i>represent the same element fragmented and overlapping with part of the textual content of<ns1:i pattern="Inline">verb</ns1:i>, i.e., the characters “ap”. The EARMARK translation of it is the following:</ns1:p><ns1:p class="code" pattern="Block" structure="Paragraph ">@prefix : &lt;http://www.essepuntato.it/2008/12/earmark#&gt; . @prefix c: &lt;http://swan.mindinformatics.org/ontologies/1.2/collections/&gt; . @prefix ex: &lt;http://www.example.com/&gt; . ex:doc :hasContent “Fabio says that overlhappens” . ex:r0-5 a :PointerRange ; :refersTo ex:doc ; :begins "0"^^xsd:integer ; :ends "5"^^xsd:integer . ex:r5-16 a :PointerRange ; :refersTo ex:doc ; :begins "5"^^xsd:integer ; :ends "16"^^xsd:integer . ex:r16-21 a :PointerRange ; :refersTo ex:doc ; :begins "16"^^xsd:integer ; :ends "21"^^xsd:integer . ex:r21-28 a :PointerRange ; :refersTo ex:doc ; :begins "21"^^xsd:integer ; :ends "28"^^xsd:integer . ex:r22-24 a :PointerRange ; :refersTo ex:doc ; :begins "22"^^xsd:integer ; :ends "24"^^xsd:integer . ex:p a :Element ; :hasGeneralIdentifier "p" ; c:firstItem [ c:itemContent ex:agent ; c:nextItem [ c:itemContent ex:r5-16 ; c:nextItem [ c:itemContent ex:noun ; c:nextItem [ c:itemContent ex:verb ]]]] . ex:agent a :Element ; :hasGeneralIdentifier "agent" ; c:firstItem [ c:itemContent ex:r0-5 ] . ex:noun a :Element ; :hasGeneralIdentifier "noun" ; c:firstItem [ c:itemContent ex:r16-21 ; c:nextItem [ c:itemContent ex:r22-24 ]] . ex:verb a :Element ; :hasGeneralIdentifier "verb" ; c:firstItem [ c:itemContent ex:r21-28 ] .</ns1:p></ns1:div><ns1:div class="section" id="SectionLinguisticActs" pattern="HeadedContainer" structure="Section "><ns1:h1 pattern="Block" structure="SectionTitle ">Linguistic acts as semantic enhancement of markup elements</ns1:h1><ns1:p pattern="Block" structure="Paragraph ">EARMARK is suitable for expressing markup semantics straightforwardly. However, we want to associate coherent semantics to markup items following precise and theoretically-founded principles, which makes our application interoperable across different vocabularies used e.g. in digital libraries.</ns1:p><ns1:p pattern="Block" structure="Paragraph ">As a matter of fact, different existing vocabularies tackle the representation of terms vs. meanings vs. things in general, and this is not only true for XML markup languages, but also for semantic web ontologies such as SKOS, FRBR, CIDOC, OWL-WordNet, LIR, LMF, etc. Unfortunately, each of them has a particular approach depending on the original requirements they were designed for (thesauri encoding, media item representation, standardizing digital library vocabularies, lexicon or (multi-)linguality representation, etc.), so that aligning all or part of them for a specific use is a difficult operation, specially when we consider the domain of document structures, where arbitrary representations lead to different realizations for the user, to lack of interoperability, and lock markup semantics into islands. A viable solution to get around this problem is to align existing vocabularies to a more general and comprehensive vocabulary focused on semiotic notions.</ns1:p><ns1:p pattern="Block" structure="Paragraph ">We adopt the<ns1:i pattern="Inline">linguistic act</ns1:i><ns1:a class="footnote" href="ftn10" pattern="Milestone"/>(<ns1:i pattern="Inline">LA</ns1:i>) ontology design pattern, based on the<ns1:i pattern="Inline">Linguistic Meta-Model</ns1:i>(<ns1:i pattern="Inline">LMM</ns1:i>)<ns1:a class="ref" href="GangemiLMM" pattern="Milestone"/>. It provides a semiotic-cognitive representation of linguistic knowledge. The general idea beyond it is to handle the representation of different knowledge sources developed according to different (and even implicit) semiotic theories, putting each of them in the context of the<ns1:i pattern="Inline">semiotic triangle</ns1:i><ns1:a class="ref" href="PeirceSemioticTriangle" pattern="Milestone"/>and some related semiotic notions, as shown in<ns1:a class="ref" href="FigureLinguisticAct" pattern="Milestone"/>.</ns1:p><ns1:div class="picture" id="FigureLinguisticAct" pattern="Record" structure="FigureBox "><ns1:p class="img.block" pattern="Block" structure="Paragraph "><ns1:img class="16.365cm-16.365cm" pattern="Milestone" src="10000000000001D9000001D9F786F875.png" structure="Figure "/></ns1:p><ns1:p class="caption" pattern="Block" structure="Paragraph ">A diagram summarizing the ontology pattern<ns1:i pattern="Inline">linguistic act</ns1:i>.</ns1:p></ns1:div><ns1:p pattern="Block" structure="Paragraph ">The pattern<ns1:i pattern="Inline">linguistic act</ns1:i>is defined through an OWL ontology that implements the basic ideas of semiotics:</ns1:p><ns1:ul pattern="Table" structure="List " type="bullet"><ns1:li pattern="Container"><ns1:p pattern="Block" structure="Paragraph "><ns1:i pattern="Inline">References</ns1:i>: any individual, set of individuals, or fact from the world we are describing. They can have interpretations (meanings) and can be denoted by information entities. For example:<ns1:i pattern="Inline">Fabio</ns1:i>,<ns1:i pattern="Inline">the set of Fabio's relatives</ns1:i>, or<ns1:i pattern="Inline">the fact that Fabio is a professor</ns1:i>;</ns1:p></ns1:li><ns1:li pattern="Container"><ns1:p pattern="Block" structure="Paragraph "><ns1:i pattern="Inline">Meanings</ns1:i>: any (meta-level) object that explains something, or is intended by something, such as linguistic definitions, topic descriptions, lexical entries, thesaurus concepts, logical concepts or relations, etc. They can be “interpretants” for information entities, and “conceptualizations” for individuals and facts. For example, concepts such as<ns1:i pattern="Inline">person</ns1:i>,<ns1:i pattern="Inline">paragraph</ns1:i>,<ns1:i pattern="Inline">having a role</ns1:i>;</ns1:p></ns1:li><ns1:li pattern="Container"><ns1:p pattern="Block" structure="Paragraph "><ns1:i pattern="Inline">Information entities</ns1:i>: any symbol that has a meaning, or denotes one or more references. They can be natural language terms, sentences or texts, symbols in formal languages, icons, or whatever can be used as a vehicle for communication – for example: the string “Fabio”, the markup elements<ns1:i pattern="Inline">p</ns1:i>,<ns1:i pattern="Inline">agent</ns1:i>,<ns1:i pattern="Inline">noun</ns1:i>and<ns1:i pattern="Inline">verb</ns1:i>. They have at least one meaning and can denote references. Moreover, each information entity can be an<ns1:i pattern="Inline">expression</ns1:i>(e.g., the string “Fabio”) realized in one or more<ns1:i pattern="Inline">manifestations</ns1:i>(e.g., the string “Fabio” contained in a particular XML file stored on somebody's hard drive) having the same interpretation.</ns1:p></ns1:li><ns1:li pattern="Container"><ns1:p pattern="Block" structure="Paragraph ">Linguistic acts: any communicative situation including information entities, agents, meanings, references, and a possible spatio-temporal context (i.e. when and/or where the act has been performed). For example, dialogs, taggings, writings.</ns1:p></ns1:li></ns1:ul><ns1:p pattern="Block" structure="Paragraph ">Considering these premises, EARMARK markup items are specific kinds of expressions expressing a particular meaning, usually assigned implicitly by the author of a schema or a markup, which are used to denote local objects (e.g., their content, according to the definition of a markup object) and/or social entities (e.g., persons, places, communication events, etc.).</ns1:p><ns1:p pattern="Block" structure="Paragraph ">For example, in the XML example introduced in<ns1:a class="ref" href="SectionEARMARK" pattern="Milestone"/>we have different semantic blocks: firstly, the element<ns1:i pattern="Inline">agent</ns1:i>expresses the meaning of “agent” (i.e., as the resource defined by DBPedia<ns1:a class="footnote" href="ftn11" pattern="Milestone"/>) and denotes a specific person (i.e., the person, using FOAF, is known as “Fabio Vitali”), while the element<ns1:i pattern="Inline">p</ns1:i>must be interpreted as a paragraph (i.e. a specific document structure according to the DOCO ontology<ns1:a class="footnote" href="ftn12" pattern="Milestone"/>) and denotes the string “Fabio says that overlhappens” (rather than the corresponding concept). This in a way differs from the XML syntactical structure in which the element<ns1:i pattern="Inline">p</ns1:i>contains the elements<ns1:i pattern="Inline">agent</ns1:i>,<ns1:i pattern="Inline">noun</ns1:i>and<ns1:i pattern="Inline">verb</ns1:i>– that themselves express/denote/contain the other meanings/references.</ns1:p><ns1:p pattern="Block" structure="Paragraph ">In LA-EARMARK, we can describe both the rigid syntactical structure, as described in<ns1:a class="ref" href="SectionEARMARK" pattern="Milestone"/>, as well as its semantical connotation:</ns1:p><ns1:p class="code" pattern="Block" structure="Paragraph ">@prefix ar: &lt;http://www.ontologydesignpatterns.org/cp/owl/agentrole.owl#&gt; . @prefix la: &lt;http://www.ontologydesignpatterns.org/cp/owl/semiotics.owl#&gt; . @prefix sit: &lt;http://www.ontologydesignpatterns.org/cp/owl/situation.owl#&gt; . @prefix doco: &lt;http://purl.org/spar/doco/&gt; . @prefix dbpr: &lt;http://dbpedia.org/resource/&gt; . @prefix foaf: &lt;http://xmlns.com/foaf/0.1/&gt; . ex:r0-28 a :PointerRange ; :refersTo ex:doc ; :begins "0"^^xsd:integer ; :ends "28"^^xsd:integer . ex:p la:expresses doco:Paragraph ; la:denotes ex:r0-28 . ex:agent la:expresses dbpr:Agent , doco:TextChunk ; la:denotes ex:fv , ex:r0-5 . ex:fv a foaf:Person ; foaf:givenName “Fabio” ; foaf:familyName “Vitali” . ex:markupAuthor a ar:Agent ; ar:hasRole [ a ar:Role ; rdfs:label "markup author" ] . [] a la:LinguisticAct ; rdfs:comment "marking a paragraph up" ; sit:isSettingFor ex:p , ex:r0-28 , doco:Paragraph , ex:markupAuthor . [] a la:LinguisticAct ; rdfs:comment "marking text up" ; sit:isSettingFor ex:agent , ex:r0-5 , doco:TextChunk , ex:markupAuthor . [] a la:LinguisticAct ; rdfs:comment "markup element as instance" ; sit:isSettingFor ex:agent , ex:fv , dbpr:Agent . ...</ns1:p></ns1:div><ns1:div class="section" id="SectionUseCases" pattern="HeadedContainer" structure="Section "><ns1:h1 pattern="Block" structure="SectionTitle ">Using LA-EARMARK in real-case scenarios</ns1:h1><ns1:p pattern="Block" structure="Paragraph ">The examples introduced in the previous sections explain how it is possible to describe markup hierarchies – and therefore their semantics – upon those markup items. In the next sub-sections we show the advantages of using LA-EARMARK in two different use cases, previously highlighted in<ns1:a class="ref" href="RenearTowardsSemantics" pattern="Milestone"/>: querying documents marked up with the same implicit semantics but marked up with different vocabularies that share the same implicit semantics and the semantic validation of markup items.</ns1:p><ns1:div class="section" pattern="HeadedContainer" structure="Section "><ns1:h1 pattern="Block" structure="SectionTitle ">Searches on heterogeneous digital libraries</ns1:h1><ns1:p pattern="Block" structure="Paragraph ">Digital libraries about journal research articles use to actually store their documents' content using specific XML formats, e.g. the common TEI, DocBook, or other less common vocabularies developed expressly for a specific collection. Clearly, the more digital libraries we consider, the more non-interoperable formats we will find, although they express, more or less, the same kinds of documents and, consequently, document semantics. In fact, paragraph, sections (implicitly or explicitly labelled as abstract, introduction, results, discussion, related works, conclusions, acknowledgements, bibliography, etc.), figures, tables, formulas are a little but significative part of the elements that we will find in the markup of journal papers, regardless of the actual vocabulary used.</ns1:p><ns1:p pattern="Block" structure="Paragraph ">In this scenario of heterogeneous formats expressing homogeneous content, looking throughout a number of digital libraries for particular document fragments, such as “All the tables that are part of the results sections of articles written by Silvio Peroni”, can be approached only by addressing each digital library with a query specific of the vocabulary used, and then merging the results. Obviously, the implicit (shared) semantics of the query must be implemented in each digital library in a (different) explicit way, for example by using tools for mapping the query into each specific markup structure. This means requiring a particular<ns1:i pattern="Inline">ad hoc</ns1:i>and non-interoperable mechanism for each format of each digital library.</ns1:p><ns1:p pattern="Block" structure="Paragraph ">Expressing semantics of elements in a journal article by considering a shared model may help for increasing interoperability, but it is not enough, because the different formats will still be a substantial problem. For example, being a<ns1:i pattern="Inline">section</ns1:i>presenting<ns1:i pattern="Inline">results</ns1:i>in a particular research article may be expressed differently depending on the format used:<ns1:span class="code" pattern="Inline">&lt;div class=“section.results”&gt;</ns1:span>,<ns1:span class="code" pattern="Inline">&lt;section id=“results”&gt;</ns1:span>,<ns1:span class="code" pattern="Inline">&lt;sec class=“results”&gt;</ns1:span>,<ns1:span class="code" pattern="Inline">&lt;results&gt;</ns1:span>, etc.</ns1:p><ns1:p pattern="Block" structure="Paragraph ">Expressing journal articles in LA-EARMARK – obtained, for instance, by translating the original XML documents via GRDDL – allows to specify the semantics of markup elements according to some formal model, without attention to the specific markup vocabulary<ns1:a class="footnote" href="ftn14" pattern="Milestone"/>:</ns1:p><ns1:p class="code" pattern="Block" structure="Paragraph ">@prefix deo: &lt;http://purl.org/spar/deo/&gt; ex:div a :Element ; :hasGeneralIdentifier “div” ; c:firstItem [ c:itemContent ex:classAttr ] ; la:expresses doco:Section , deo:Results . ex:results a :Element ; :hasGeneralIdentifier “results” ; la:expresses doco:Section , deo:Results .</ns1:p><ns1:p pattern="Block" structure="Paragraph ">As shown in the previous excerpt, both<ns1:i pattern="Inline">ex:div</ns1:i>and<ns1:i pattern="Inline">ex:results</ns1:i>elements express the same semantics even if their names differ: they are syntactically different (their content models differ), but semantically equivalent.</ns1:p><ns1:p pattern="Block" structure="Paragraph ">Enabling digital libraries to express each LA-EARMARK document as a named graph, with all the document metadata referring to it, allows to query more than one digital library at the same time by using a single SPARQL 1.1 query<ns1:a class="ref" href="GarlikSeaborneSPARQL11" pattern="Milestone"/>. For instance, a plausible SPARQL query for the above-mentioned request – “All the tables that are part of results sections of the article written by Silvio Peroni” – is:</ns1:p><ns1:p class="code" pattern="Block" structure="Paragraph ">SELECT ?table WHERE { GRAPH ?doc { ?table a :Element ; la:expresses doco:Table ; (^c:itemContent/^c:item)+ [ a :Element ; la:expresses doco:Section , deo:Results ] } . ?doc dc:creator “Silvio Peroni” }</ns1:p></ns1:div><ns1:div class="section" pattern="HeadedContainer" structure="Section "><ns1:h1 pattern="Block" structure="SectionTitle ">Validation of “Markup sensibility”</ns1:h1><ns1:p pattern="Block" structure="Paragraph ">Sometimes it is not possible to understand whether a particular markup element that is valid at the syntactical and structural level is also valid at the semantic level, i.e., the level that Bauman described as<ns1:i pattern="Inline">markup sensibility</ns1:i>: “Does a construct make sense, e.g., a proposition or an assertion?”<ns1:a class="ref" href="BaumanXMLRectitude" pattern="Milestone"/>. A clear example of this difficulty can be found with heavily interlinked documents that make systematic references to precise concepts in their content.</ns1:p><ns1:p pattern="Block" structure="Paragraph ">For instance, Akoma Ntoso<ns1:a class="ref" href="VitaliAkomaNtoso" pattern="Milestone"/>is an open legal XML standard for parliamentary, legislative and judiciary documents, promoted by the Kenya Unit of the United Nations Department for Economics and Social Affairs (UN/DESA) in 2004. Originally meant for African Countries, it is now promoted also in Latin America, Asia and various European countries. Akoma Ntoso describes structures for legal documents using a vocabulary of common structures based on XML, references to legal documents across countries using a common naming convention based on URIs, and a systematic set of legal metadata values using an ontologically sound approach compatible with OWL and GRDDL.</ns1:p><ns1:p pattern="Block" structure="Paragraph ">This markup language is defined by means of a very complex XML Schema document, that defines the vocabulary and the content models of markup items. Although that schema is enough to guarantee the validity of a document from a pure syntactical point of view, there are semantic connections that are useful to verify but cannot by simply using a schema language. Let us introduce an Akoma Ntoso excerpt to clarify the point:</ns1:p><ns1:p class="code" pattern="Block" structure="Paragraph ">&lt;akomaNtoso&gt; &lt;meta&gt; ... &lt;references source="#fv"&gt; &lt;TLCPerson id="fv" href="/ontology/it/person/FabioVitali"&gt; &lt;TLCPerson id="smith" href="/ontology/uk/person/JohnSmith"&gt; &lt;TLCRole id="mineconomy" href="/ontology/role/government/MinisterOfEconomy"&gt; ... &lt;/references&gt; ... &lt;/meta&gt; &lt;body&gt; ... &lt;speech id="sp1" by="#smith" as="#mineconomy"&gt; &lt;p&gt;Honorable Members of the Parliament, ...&lt;/p&gt; &lt;/speech&gt; ... &lt;/body&gt; &lt;/akomaNtoso&gt;</ns1:p><ns1:p pattern="Block" structure="Paragraph ">The elements<ns1:i pattern="Inline">TLCPerson</ns1:i>and<ns1:i pattern="Inline">TLCRole</ns1:i>, introduced within the metadata block (element<ns1:i pattern="Inline">meta</ns1:i>) of the document, are used for specifying the presence, in the document in which it is defined, of two particular ontological entities, respectively a person and a role, according to a specific underlying ontology. Wherever these elements are referred to by a markup element by means of its identifier (as expressed in the attribute<ns1:i pattern="Inline">id</ns1:i>), what really is referred to are the ontological individuals that are specified by the attribute<ns1:i pattern="Inline">href</ns1:i>. For instance, within the body of the document, the element<ns1:i pattern="Inline">speech</ns1:i>is used to mark up the transcription of a speech performed by the person<ns1:i pattern="Inline">John Smith</ns1:i>(attribute<ns1:i pattern="Inline">by</ns1:i>) who is temporarily playing the particular role of Minister of the Economy (attribute<ns1:i pattern="Inline">as</ns1:i>). Moreover, the attribution of all the metadata concerning the speech transcription is an editorial activity, rather than authorial, made specifically by an agent identified through the attribute<ns1:i pattern="Inline">source</ns1:i>of the element<ns1:i pattern="Inline">reference</ns1:i>. For self-containment, the attributes<ns1:i pattern="Inline">by</ns1:i>and<ns1:i pattern="Inline">as</ns1:i>do not refer directly to the ontological concepts associated to John Smith and the Minister of the Economy, but to an intermediate jumping station, i.e., the elements TLCPerson and TLCRole in the metadata block.</ns1:p><ns1:p pattern="Block" structure="Paragraph ">Although it is a fundamental requirement of the language, the syntactic validation through XML Schema of the document does not provide sufficient information to understand whether an Akoma Ntoso document is really correct and coherent, because it cannot prove the sensibleness of markup. In the preceding example, we also need to check:</ns1:p><ns1:ul pattern="Table" structure="List " type="bullet"><ns1:li pattern="Container"><ns1:p pattern="Block" structure="Paragraph ">the validity of the elements<ns1:i pattern="Inline">TLCPerson</ns1:i>and<ns1:i pattern="Inline">TLCRole</ns1:i>as reflection of the consistence of people and role individuals within an underlying ontology, particularly by checking whether each individual can really be a person (or a role) without provoking an inconsistency with other classes the individual may belong to;</ns1:p></ns1:li><ns1:li pattern="Container"><ns1:p pattern="Block" structure="Paragraph ">the validity of the element<ns1:i pattern="Inline">speech</ns1:i>as markup denoting a particular speech event that involves only and at least a person as speaker. Moreover, because it reflects a speech, it must contain some text.</ns1:p></ns1:li><ns1:li pattern="Container"><ns1:p pattern="Block" structure="Paragraph ">the fact that the person John Smith was, at the moment of the speech, either the Minister of Economy or acting as a authorized delegate through a track of explicit delegations starting from the current minister.</ns1:p></ns1:li></ns1:ul><ns1:p pattern="Block" structure="Paragraph ">The XML Schema language is not able to express these kinds of constraints. In fact, naive or inexpert metadata authors could very well generate documents that are syntactically and structurally valid, possibly even apparently correct from a semantic point of view, but fundamentally incoherent. For instance, a common misconception is to confuse persons and roles, as in the following (syntactically valid but ontologically incorrect) example,</ns1:p><ns1:p class="code" pattern="Block" structure="Paragraph ">&lt;speech id="sp1" by="#mineconomy"&gt; &lt;p&gt;Honorable Members of the Parliament, ...&lt;/p&gt; &lt;/speech&gt;</ns1:p><ns1:p pattern="Block" structure="Paragraph ">The LA-EARMARK translation of the above fragment, that also includes its semantical description, is the following<ns1:a class="footnote" href="ftn13" pattern="Milestone"/>:</ns1:p><ns1:p class="code" pattern="Block" structure="Paragraph ">@prefix akomantoso: &lt;/ontology/entity/&gt; . &lt;/ontology/uk/person/JohnSmith&gt; a akomantoso:Person . [] a la:LinguisticAct ; sit:isSettingFor &lt;smith&gt; , akomantoso:Person , &lt;/ontology/uk/person/JohnSmith&gt; . &lt;sp_1&gt; a :Element ; :hasGeneralIdentifier "speech" ; la:expresses akomantoso:Speech ; la:denotes _:aSpeechEvent , _:p . _:aSpeechEvent a akomantoso:SpeechEvent ; akomantoso:hasSpeaker &lt;/ontology/uk/person/JohnSmith&gt; . _:p a :Element ; :hasGeneralIdentifier "p" . [] a la:LinguisticAct ; sit:isSettingFor &lt;sp_1&gt; , _:aSpeechEvent , &lt;/ontology/uk/person/JohnSmith&gt; , akomantoso:Speech . [] a la:LinguisticAct ; sit:isSettingFor &lt;sp_1&gt; , _:p , akomantoso:Speech .</ns1:p><ns1:p pattern="Block" structure="Paragraph ">LA-EARMARK allows to check the sensibility of markup precisely, by defining semantic constraints as ontological axioms, taking into account both classes and properties defined in LA-EARMARK and in the underlying ontology behind Akoma Ntoso. Inasmuch as such semantic constraints can be defined as axioms adhering to or in contrast with axioms of the underlying ontologies, they can be directly applied to reasonings even in open world frameworks such as OWL.</ns1:p><ns1:p pattern="Block" structure="Paragraph ">For example, a plausible ontological constraint (written in Manchester Syntax) for all the markup elements<ns1:i pattern="Inline">speech</ns1:i>is:</ns1:p><ns1:p class="code" pattern="Block" structure="Paragraph ">(Element that hasGeneralIdentifier value “speech”) SubClassOf (sit:hasSetting only (la:LinguisticAct that sit:isSettingFor exactly 1 (Element and la:InformationEntity) and sit:isSettingFor exactly 1 (Range and la:Reference) and sit:isSettingFor value akomantoso:Speech) or (la:LinguisticAct that sit:isSettingFor exactly 1 (Element and la:InformationEntity) and sit:isSettingFor exactly 1 ((akomantoso:SpeechEvent and la:Reference) that akomantoso:hasSpeaker some akomantoso:Person) and sit:isSettingFor value akomantoso:Speech))</ns1:p><ns1:p pattern="Block" structure="Paragraph ">This specification would be able to capture ontological errors in the actual Akoma Ntoso document such as the one presented previously, where the author of the speech is specified as a role rather than a person.</ns1:p></ns1:div></ns1:div><ns1:div class="section" id="SectionFutureWorks" pattern="HeadedContainer" structure="Section "><ns1:h1 pattern="Block" structure="SectionTitle ">Future works</ns1:h1><ns1:p pattern="Block" structure="Paragraph ">We are now working on the development of a tool for assisting users in the definition of markup semantics of a given schema using LA-EARMARK features. Considering markup items of a schema as information entities involved in linguistic acts, the LA-EARMARK assistant (shown in the mockup in<ns1:a class="ref" href="FigureMockup" pattern="Milestone"/>) simplifies the creation of an ontology for the description of markup semantics, through a user-friendly interface that allows to take into account existing models, and to create new ontological entities by means of appropriate constructs. Using the defined ontology, local occurrences of each markup item described in the schema within a document can be automatically enhanced with its semantic definition.</ns1:p><ns1:div class="picture" id="FigureMockup" pattern="Record" structure="FigureBox "><ns1:p class="img.block" pattern="Block" structure="Paragraph "><ns1:img class="17cm-16.088cm" pattern="Milestone" src="100000000000027A00000258B01A5A48.png" structure="Figure "/></ns1:p><ns1:p class="caption" pattern="Block" structure="Paragraph ">A mockup of the LA-EARMARK assistant.</ns1:p></ns1:div><ns1:p pattern="Block" structure="Paragraph ">Having semantic definitions associated to each markup item, we plan to develop a plugin for the semantic validation of markup documents under an ontology defining markup semantics, and another plugin for visualizing parts of a document according to the particular semantics of markup elements contained therein.</ns1:p></ns1:div><ns1:div class="section" id="SectionConclusions" pattern="HeadedContainer" structure="Section "><ns1:h1 pattern="Block" structure="SectionTitle ">Conclusions</ns1:h1><ns1:p pattern="Block" structure="Paragraph ">Complementary to existing Semantic Web research work, which typically aims at studying uses and applications of<ns1:i pattern="Inline">semantic markup</ns1:i>(i.e., defining relations within or among resources), in this paper we have addressed the issue of<ns1:i pattern="Inline">markup semantics</ns1:i>: the formal definition of meanings of markup elements, besides the syntactical structure of a markup document. We have described a model for defining markup semantics called LA-EARMARK, based on the EARMARK ontology, and a markup language that enables the definition of complex documents using Semantic Web technologies and tools. The model reuses a design pattern for describing<ns1:i pattern="Inline">linguistic acts</ns1:i>, the core fragment of LMM – an OWL ontology that encodes a semiotic-cognitive representation of linguistic knowledge, with the scope of abridging informal and formal semantics. LA-EARMARK has been used in two different real-case scenarios, also indicated previously in other scholarly works as applications of markup semantics.</ns1:p></ns1:div><ns1:div class="bibliography" id="ref" pattern="HeadedContainer" structure="Section Bibliography "><ns1:h1 pattern="Block" structure="SectionTitle ">References</ns1:h1><ns1:ul pattern="Table" structure="List BibliographicReferenceList " type="bullet"><ns1:li id="GangemiLMM" pattern="Container"><ns1:p pattern="Block" structure="Paragraph ">Picca, D., Gliozzo, A., Gangemi, A. (2008). LMM: an OWL-DL MetaModel to Represent Heterogeneous Lexical Knowledge. In Proceedings of the 6th Language Resource and Evaluation Conference. Marrakech, Morocco.</ns1:p></ns1:li><ns1:li id="PeirceSemioticTriangle" pattern="Container"><ns1:p pattern="Block" structure="Paragraph ">Peirce, C. S. (1958). Collected Papers of Charles Sanders Peirce. MIT Press, Cambridge, Massachusetts.</ns1:p></ns1:li><ns1:li id="RenearXMLSemantics" pattern="Container"><ns1:p pattern="Block" structure="Paragraph ">Renear, A., Dubin, D., Sperberg-McQueen, C. M., Huitfeldt, C. (2003). XML Semantics and Digital Libraries. In the Proceedings of the 3rd ACM/IEEE-CS Joint Conference on Digital Libraries. Houston, Texas.</ns1:p></ns1:li><ns1:li id="RenearTowardsSemantics" pattern="Container"><ns1:p pattern="Block" structure="Paragraph ">Renear, A., Dubin, D., Sperberg-McQueen, C. M. (2002). Towards a Semantics for XML Markup. In the Proceedings of the 2002 ACM Symposium on Document Engineering. McLean, Virginia.</ns1:p></ns1:li><ns1:li id="Sperberg-McQueenSemanticsOfTEI" pattern="Container"><ns1:p pattern="Block" structure="Paragraph ">Sperberg-McQueen, C. M., Marcoux, Y., Huitfeldt, C. (2009). Two representations of the semantics of TEI Lite. In Proceedings of Digital Humanities 2010. London, UK.</ns1:p></ns1:li><ns1:li id="DubinObjectMapping" pattern="Container"><ns1:p pattern="Block" structure="Paragraph ">Dubin, D. (2003). Object mapping for markup semantics. In Proceedings of Extreme Markup 2003. Montréal, Canada.</ns1:p></ns1:li><ns1:li id="CoombsMarkupSystems" pattern="Container"><ns1:p pattern="Block" structure="Paragraph ">Coombs, J. H.,Renear A. H., DeRose, S. J. (1987). Markup Systems and the Future of Scholarly Text Processing. Communications of the ACM 30, pp. 933-947.</ns1:p></ns1:li><ns1:li id="EARMARK" pattern="Container"><ns1:p pattern="Block" structure="Paragraph ">Di Iorio, A., Peroni, S., Vitali, F. (2011). Using Semantic Web technologies for analysis and validation of structural markup. To be published in International Journal of Web Engineering and Technologies. Inderscience Publisher.</ns1:p></ns1:li><ns1:li id="EARMARKJASIST" pattern="Container"><ns1:p pattern="Block" structure="Paragraph ">Di Iorio, A., Peroni, S., Vitali, F. (2011). A Semantic Web Approach To Everyday Overlapping Markup. To be published in Journal of the American Society for Information Science and Technology. Wiley.</ns1:p></ns1:li><ns1:li id="Sperberg-McQueenMeaningAndInterpretation" pattern="Container"><ns1:p pattern="Block" structure="Paragraph ">C. M. Sperberg-McQueen, Claus Huitfeldt, and Allen Renear. (2000). Meaning and interpretation of markup. In Markup Languages: Theory &amp; Practice, 2 (3), MIT Press, pp. 215-234.</ns1:p></ns1:li><ns1:li id="MarcouxNaturalLanguage" pattern="Container"><ns1:p pattern="Block" structure="Paragraph ">Marcoux, Y. (2006). A natural-language approach to modeling: Why is some XML so difficult to write? In Proceedings of the Extreme Markup Languages 2006. Montreal, Canada.</ns1:p></ns1:li><ns1:li id="MarcouxIntertextualSemantics" pattern="Container"><ns1:p pattern="Block" structure="Paragraph ">Marcoux, Y., Rizkallah, E. (2009). Intertextual semantics: A semantics for information design. Journal of the American Society for Information Science and Technology, 60 (9), pp. 1895-1906.</ns1:p></ns1:li><ns1:li id="VitaliAkomaNtoso" pattern="Container"><ns1:p pattern="Block" structure="Paragraph ">Barabucci, G., Cervone, L., Palmirani, M., Peroni, S., Vitali, F. (2009). Multi-layer markup and ontological structures in Akoma Ntoso. In Proceeding of the International Workshop on AI approaches to the complexity of legal systems II (AICOL-II). Rotterdam, The Netherlands.</ns1:p></ns1:li><ns1:li id="BaumanXMLRectitude" pattern="Container"><ns1:p pattern="Block" structure="Paragraph ">Bauman, S. (2010). The 4 “Levels” of XML Rectitude. Presented as poster in Balisage: The Markup Conference 2010. Montréal, Canada. http://bauman.zapto.org/~syd/temp/XML_rectitude.pdf</ns1:p></ns1:li><ns1:li id="SemanticsOfMarkup" pattern="Container"><ns1:p pattern="Block" structure="Paragraph ">Simons, G. F., Lewis, W. D., Farrar, S. O., Langendoen, D. T., Fitzsimons, B., Gonzalez, H. (2004). The semantics of markup: mapping legacy markup schemas to a common semantics. In Proceedings of the Workshop on NLP and XML (NLPXML-2004). Barcelona, Spain.</ns1:p></ns1:li><ns1:li id="RDFa" pattern="Container"><ns1:p pattern="Block" structure="Paragraph ">Adida, B., Birbeck, M., McCarron, S., Pemberton, S. (2008). RDFa in XHTML: Syntax and processing. W3C Recommendation, 14 October 2008. World Wide Web Consortium.</ns1:p></ns1:li><ns1:li id="GRDDL" pattern="Container"><ns1:p pattern="Block" structure="Paragraph ">Connolly, D. (2007). Gleaning Resource Descriptions from Dialects of Languages (GRDDL). W3C Recommendation, 11 September 2007. World Wide Web Consortium.</ns1:p></ns1:li><ns1:li id="GarlikSeaborneSPARQL11" pattern="Container"><ns1:p pattern="Block" structure="Paragraph ">Garlik, S. H., Seaborne, A. (2010). SPARQL 1.1 Query Language. W3C Working Draft, 14 October 2010. World Wide Web Consortium.</ns1:p></ns1:li><ns1:li id="NuzzoleseEtAl" pattern="Container"><ns1:p pattern="Block" structure="Paragraph ">Nuzzolese, A., Gangemi, A., Presutti, V. (2010). Gathering Lexical Linked Data and Knowledge Patterns from FrameNet. In Proceedings of The Sixth International Conference on Knowledge Capture (K-CAP 2011). Banff, Canada.</ns1:p></ns1:li><ns1:li id="GarciaCelma" pattern="Container"><ns1:p pattern="Block" structure="Paragraph ">Garcia, R., Celma, O. (2005) Semantic Integration and Retrieval of Multimedia Metadata. In Proceedings of the 5th International Workshop on Knowledge Markup and Semantic Annotation (SemAnnot 2005). Galway, Ireland.</ns1:p></ns1:li><ns1:li id="VanDeursenEtAl" pattern="Container"><ns1:p pattern="Block" structure="Paragraph ">Van Deursen, D., Poppe, C., Martens, G., Mannens, E., Van de Walle, R. (2008). XML to RDF Conversion: a Generic Approach. In Proceedings of the 4th International Conference on Automated solutions for Cross Media Content and Multi-channel Distribution (AXMEDIS 08). Florence, Italy.</ns1:p></ns1:li></ns1:ul></ns1:div><ns1:div class="footnote" pattern="Table" structure="List "><ns1:div id="ftn4" pattern="Container" structure="Footnote "><ns1:p pattern="Block" structure="Paragraph ">http://en.wikipedia.org/wiki/Tag_%28metadata%29</ns1:p></ns1:div><ns1:div id="ftn5" pattern="Container" structure="Footnote "><ns1:p pattern="Block" structure="Paragraph ">http://www.fao.org/fi/figis/devcon/diXionary/index.html</ns1:p></ns1:div><ns1:div id="ftn6" pattern="Container" structure="Footnote "><ns1:p pattern="Block" structure="Paragraph ">http://www.egeneva.ch/w3c-RDF-ResourceDescriptionFramework/</ns1:p></ns1:div><ns1:div id="ftn7" pattern="Container" structure="Footnote "><ns1:p pattern="Block" structure="Paragraph ">http://earmark.sourceforge.net</ns1:p></ns1:div><ns1:div id="ftn8" pattern="Container" structure="Footnote "><ns1:p pattern="Block" structure="Paragraph ">http://www.essepuntato.it/2008/12/earmark</ns1:p></ns1:div><ns1:div id="ftn9" pattern="Container" structure="Footnote "><ns1:p pattern="Block" structure="Paragraph ">In the following descriptions the prefix<ns1:i pattern="Inline">c</ns1:i>to indicate entities taken from an imported ontology used for handling collections, available at http://swan.mindinformatics.org/spec/1.2/collections.html.</ns1:p></ns1:div><ns1:div id="ftn0" pattern="Container" structure="Footnote "><ns1:p pattern="Block" structure="Paragraph "><ns1:i pattern="Inline">General identifier</ns1:i>was the SGML term for the local name of the markup item, e.g., “p” for markup element “&lt;p&gt;...&lt;/p&gt;”.</ns1:p></ns1:div><ns1:div id="ftn10" pattern="Container" structure="Footnote "><ns1:p pattern="Block" structure="Paragraph ">http://ontologydesignpatterns.org/cp/owl/semiotics.owl</ns1:p></ns1:div><ns1:div id="ftn11" pattern="Container" structure="Footnote "><ns1:p pattern="Block" structure="Paragraph ">http://dbpedia.org/resource/Agent</ns1:p></ns1:div><ns1:div id="ftn12" pattern="Container" structure="Footnote "><ns1:p pattern="Block" structure="Paragraph ">http://purl.org/spar/doco</ns1:p></ns1:div><ns1:div id="ftn14" pattern="Container" structure="Footnote "><ns1:p pattern="Block" structure="Paragraph ">The prefix<ns1:i pattern="Inline">deo</ns1:i>refers to an ontology for the characterisation of the major rhetorical elements of a document (e.g., a research article), such as the introduction part, the evaluation section, the conclusions and so on.</ns1:p></ns1:div><ns1:div id="ftn13" pattern="Container" structure="Footnote "><ns1:p pattern="Block" structure="Paragraph ">The prefix<ns1:i pattern="Inline">akomantoso</ns1:i>is associated to the minimal<ns1:i pattern="Inline">glue</ns1:i>ontology within the XML document itself that connects markup structures to legal concepts according to the model explained in<ns1:a class="ref" href="VitaliAkomaNtoso" pattern="Milestone"/>.</ns1:p></ns1:div></ns1:div></ns1:body></ns1:iml>