<?xml version="1.0" encoding="UTF-8"?><ns1:article xmlns:ns1="http://docbook.org/ns/docbook" xmlns:ns3="http://www.w3.org/XML/1998/namespace" xml:id="Bal2010Lewi0417" pattern="HeadedContainer" version="5.0-subset Balisage-1.2"><ns1:title pattern="Block" structure="Title ">gXML, a New Approach to Cultivating XML Trees in Java</ns1:title><ns1:info pattern="Record" structure="FrontMatter "><ns1:confgroup pattern="Record"><ns1:conftitle pattern="Field">Balisage: The Markup Conference 2010</ns1:conftitle><ns1:confdates pattern="Field">August 3 - 6, 2010</ns1:confdates></ns1:confgroup><ns1:abstract pattern="Container"><ns1:para pattern="Block" structure="Paragraph ">A number of issues facing the use of XML tree models in Java are enumerated: multiplicity, interoperability, variability, and weight. The gXML API, following the<ns1:emphasis pattern="Inline">Handle/Body</ns1:emphasis>design pattern and conforming to the XQuery Data Model specification<ns1:xref component="Reference " linkend="XDM" pattern="Milestone"/>, is proposed as a solution to these problems, and as a platform for advancing the state of the art for XML in Java. gXML is not a new tree model, but a unified API and model following a rigorous, external specification, which can be used with any tree model for which a "bridge" has been developed. Applications and processors targeting the gXML API may then use any supported tree model, as appropriate for the task.</ns1:para></ns1:abstract><ns1:author pattern="Record"><ns1:personname pattern="Record"><ns1:firstname pattern="Field">Amelia</ns1:firstname><ns1:othername pattern="Field">A.</ns1:othername><ns1:surname pattern="Field">Lewis</ns1:surname></ns1:personname><ns1:personblurb pattern="Container"><ns1:para pattern="Block" structure="Paragraph ">Amelia Lewis is a senior architect with the TIBCO/Extensibility division of TIBCO Software Inc. Her primary focus, since 2000, has been XML technologies, inside and outside TIBCO. She has been active in a variety of XML-related specifications efforts and developer-oriented XML mailing lists; she has extensive experience with implementation of a variety of XML technologies, using most of the tree models mentioned in this paper.</ns1:para></ns1:personblurb><ns1:affiliation pattern="Record"><ns1:jobtitle pattern="Field">Senior Architect</ns1:jobtitle><ns1:orgname pattern="Block">TIBCO Software Inc.</ns1:orgname></ns1:affiliation><ns1:email pattern="Field">alewis@tibco.com</ns1:email></ns1:author><ns1:author pattern="Record"><ns1:personname pattern="Record"><ns1:firstname pattern="Field">Eric</ns1:firstname><ns1:othername pattern="Field">E.</ns1:othername><ns1:surname pattern="Field">Johnson</ns1:surname></ns1:personname><ns1:personblurb pattern="Container"><ns1:para pattern="Block" structure="Paragraph ">Eric Johnson is a principal architect at TIBCO Software Inc. Eric joined TIBCO in 2000, a part of TIBCO's acquisition of Extensibility, an XML tools company. While Eric now works in a variety of areas, including governance, build architecture, and various standards including SOAP/JMS, SCA, and OSGi, he has also maintained a strong interest in improving the core technologies that TIBCO uses, especially those related to XML.</ns1:para></ns1:personblurb><ns1:affiliation pattern="Record"><ns1:jobtitle pattern="Field">Principal Architect</ns1:jobtitle><ns1:orgname pattern="Block">TIBCO Software Inc.</ns1:orgname></ns1:affiliation><ns1:email pattern="Field">eric@tibco.com</ns1:email></ns1:author><ns1:legalnotice pattern="Container"><ns1:para pattern="Block" structure="Paragraph ">Copyright Ã&#130;Â© 2010 TIBCO Software Inc. All rights reserved.</ns1:para></ns1:legalnotice><ns1:keywordset pattern="Table" role="author" structure="List "><ns1:keyword pattern="Field">XQuery Data Model</ns1:keyword><ns1:keyword pattern="Field">Handle/Body design pattern</ns1:keyword><ns1:keyword pattern="Field">Document Object Model</ns1:keyword><ns1:keyword pattern="Field">DOM</ns1:keyword><ns1:keyword pattern="Field">JDOM</ns1:keyword><ns1:keyword pattern="Field">DOM4J</ns1:keyword><ns1:keyword pattern="Field">AxiOM</ns1:keyword><ns1:keyword pattern="Field">XOM</ns1:keyword><ns1:keyword pattern="Field">XPath</ns1:keyword><ns1:keyword pattern="Field">XML Infoset</ns1:keyword></ns1:keywordset></ns1:info><ns1:note xml:id="acknowledgements" pattern="Container"><ns1:title pattern="Block">Acknowledgements</ns1:title><ns1:para pattern="Block" structure="Paragraph ">This paper describes concepts and source code originally developed by David G. Holmes, formerly of TIBCO Software Inc., without whose innovation and energy neither the paper nor the material that it describes would be possible. David was the senior architect responsible for driving the development (over several iterations) of the gXML code base, and the original advocate of opening the source.</ns1:para></ns1:note><ns1:section xml:id="introduction" pattern="HeadedContainer" structure="Section "><ns1:title pattern="Block" structure="SectionTitle ">The Problem(s) with XML Tree APIs in Java</ns1:title><ns1:para pattern="Block" structure="Paragraph ">Java was one of the first major programming languages with support for XML. It was one of the targets for the Interface Definition Language modules that were developed as the basis of the Document Object Model<ns1:xref component="Reference " linkend="DOM" pattern="Milestone"/>. Early adoption helped to prove the capabilities of both XML and of Java, but as might be expected, early adoption also has its drawbacks. A number of developers using XML in Java have noted these problems. For instance, Dennis Sosnoski compared a number of tree models in a two-part investigation in 2001 and 2002 (see "XML and Java technologies: Document models, Part 1: Performance"<ns1:xref component="Reference " linkend="DMPerf" pattern="Milestone"/>and "XML and Java technologies: Java Document Model Usage"<ns1:xref component="Reference " linkend="DMUse" pattern="Milestone"/>). More recently, Elliotte Harold documented "What's Wrong with XML APIs"<ns1:xref component="Reference " linkend="WhatsWrong" pattern="Milestone"/>as part of the development of the XOM<ns1:xref component="Reference " linkend="XOM" pattern="Milestone"/>API. This analysis falls into that tradition, though it does not agree wholly with the previous analyses. We identify four classes of problem with existing tree model APIs.</ns1:para><ns1:para pattern="Block" structure="Paragraph ">The first problem is<ns1:emphasis pattern="Inline">multiplicity</ns1:emphasis>. For a variety of reasons, Java developers have not, on the whole, been enthusiastic partisans of the DOM. Alternatives were proposed early; Xalan<ns1:xref component="Reference " linkend="Xalan" pattern="Milestone"/>, one of the major early XSLT processors, defined its own internal XML tree model (the Data Table Model<ns1:xref component="Reference " linkend="XalanDTM" pattern="Milestone"/>) in preference to using the DOM. At present, there are at least five well-known tree models for XML in Java: DOM<ns1:xref component="Reference " linkend="DOM" pattern="Milestone"/>, JDOM<ns1:xref component="Reference " linkend="JDOM" pattern="Milestone"/>, DOM4J<ns1:xref component="Reference " linkend="DOM4J" pattern="Milestone"/>, XOM<ns1:xref component="Reference " linkend="XOM" pattern="Milestone"/>, and AxiOM<ns1:xref component="Reference " linkend="AxiOM" pattern="Milestone"/>, as well as an unknown number of proprietary APIs to the same purpose (the authors of this paper know of at least six such private APIs). Applications and processors written for one of these models are generally not usable with other models.</ns1:para><ns1:para pattern="Block" structure="Paragraph ">The second problem is<ns1:emphasis pattern="Inline">interoperability</ns1:emphasis>. The first tree model to appear on the scene has had a first mover advantage. Subsequent tree model designs have intended to address the shortcomings of the DOM, but not to interoperate with it (note that both DOM4J and AxiOM later added optional DOM interface implementations to address this problemÃ¢â&#130;¬â&#128;&#157;accepting the disadvantages of the DOM in order to achieve compatibility in this mode). Knowledge of the tricks and optimizations appropriate to one model do not transfer to other tree models. Though the successor models have all positioned themselves as better solutions than the DOM, they have not been adopted as widely. This is most likely due to the DOM's first mover advantage, and the consequent network effect: although other models may have technical advantages that make them more suitable than the DOM for a given application, in order to use those new models efficiently within the JVM, all parts of the application need to use the same tree model. Developers must solve a cruel equation in which the marginal benefits of switching from the DOM are typically low, whereas the marginal costs are always high. The alternatives seem to be to write multiple code paths to achieve the same purpose (with different tree models), or to wrap each node of each tree model in an application-specific abstraction. Some projects, such as Woden<ns1:xref component="Reference " linkend="Woden" pattern="Milestone"/>and Jaxen<ns1:xref component="Reference " linkend="Jaxen" pattern="Milestone"/>, have taken one or the other of these approaches in preference to adopting the DOM as the sole programming model.</ns1:para><ns1:para pattern="Block" structure="Paragraph ">The DOM, as the first XML tree model for Java, established the universe of discussion for design of tree models. Development of the DOM preceded the<ns1:emphasis pattern="Inline">Namespaces in XML</ns1:emphasis><ns1:xref component="Reference " linkend="XMLNS" pattern="Milestone"/>and<ns1:emphasis pattern="Inline">XML Infoset</ns1:emphasis><ns1:xref component="Reference " linkend="Infoset" pattern="Milestone"/>specifications. For backward compatibility, the DOM could never enforce these specifications, though it could enable them. Further development of the DOM may be characterized as too closely approaching the<ns1:emphasis pattern="Inline">Lava Flow</ns1:emphasis><ns1:xref component="Reference " linkend="LavaFlow" pattern="Milestone"/>anti-pattern. Indeed, the DOM exposes fifteen "basic" abstractions (node types), compared to eleven in the Infoset, and seven in the XDM. Successor APIs have generally targeted the Infoset, but with widely varying interpretations. This is the problem of<ns1:emphasis pattern="Inline">variability</ns1:emphasis>. Each model exposes different property sets. The boundaries between lexical, syntactic, and semantic are drawn at different points. One consequence of this variability is that it is difficult or awkward to add support for specifications "higher in the stack." For instance, XPath 1.0<ns1:xref component="Reference " linkend="XPath1" pattern="Milestone"/>and XSLT 1.0<ns1:xref component="Reference " linkend="XSLT1" pattern="Milestone"/>work perfectly adequately as external tools (one per tree model, or by generalizing the concept of "Node" to "Object"), and some models have built-in support (at least for XPath). XML Schema support (see<ns1:xref component="Reference " linkend="WXS1" pattern="Milestone"/>and<ns1:xref component="Reference " linkend="WXS2" pattern="Milestone"/>) is rarely foundÃ¢â&#130;¬â&#128;&#157;a DOM Level 3 module supports it, but in a fashion that is not noted for ease of use, and the module is not widely implemented. Similar situations exist for specifications such as XQuery 1.0, XPath 2.0, and XSLT 2.0. Even SOAP/XMLP is arguably under-supported. AxiOM, after all, is an entire XML tree model built largely so that the SOAP abstractions could be represented cleanly as extensions.</ns1:para><ns1:para pattern="Block" structure="Paragraph ">Finally, the problem of<ns1:emphasis pattern="Inline">weight</ns1:emphasis>plagues most of these tree models. The DOM itself is notoriously heavyweight, typically occupying<ns1:link xmlns:ns2="http://www.w3.org/1999/xlink" ns2:actuate="onRequest" ns2:href="http://www.cafeconleche.org/books/xmljava/chapters/ch09s05.html" ns2:show="new" ns2:type="simple" pattern="Inline">three to ten times the space</ns1:link>, in memory, that theÃ¢â&#130;¬â&#128;&#157;already verboseÃ¢â&#130;¬â&#128;&#157;XML occupies as a character stream, according to Harold's<ns1:emphasis pattern="Inline">Processing XML with Java</ns1:emphasis><ns1:xref component="Reference " linkend="XMLInJava" pattern="Milestone"/>. Sucessor models have done better in this area. Dennis Sosnoski's evaluation, "Document Models Part 1: Performance"<ns1:xref component="Reference " linkend="DMPerf" pattern="Milestone"/>, though dated, provides an excellent illustration of this problem. A large part of the problem lies in the unrestricted mutability of these models. All of the prominent XML tree models for Java must restrict programming to serial, synchronous access. A mutable tree model is effectively a mutable collection, so any changes made to it by a single writer may have disastrous effects upon multiple readers. Issues of weight cannot easily be addressed by storing the bulk of the document on disk, or by concurrent processing, because the document may be modified during processing.</ns1:para><ns1:para pattern="Block" structure="Paragraph ">There are alternatives: applications and processors with higher performance requirements are often written to abstractions that do not model XML as a tree, such as SAX, StAX, or XML data binding (in its various flavors). Sosnoski's article discusses some of these alternatives; Harold's presentation also notes both advantages and disadvantages. The chief drawback to these approaches is that they expose paradigms which are not as easily or intuitively understood as the tree model, which are more of a challenge for some developers. A tree model is preferred. A single model for navigation and interrogation seems best. To date, attempts to create this single model have proven suboptimal in most environments.</ns1:para></ns1:section><ns1:section xml:id="gxml-overview" pattern="HeadedContainer" structure="Section "><ns1:title pattern="Block" structure="SectionTitle ">gXML Design Considerations</ns1:title><ns1:para pattern="Block" structure="Paragraph ">gXML is a new API for analyzing, creating, and manipulating XML in Java. It embodies the XQuery Data Model, and is consequently a tree-oriented API, but it does not introduce a new tree model comparable to existing models. Instead, it is intended to run over existing tree models, and to permit the introduction of new, specialized models optimized for a particular purpose. Its design rests on four pillars: the<ns1:emphasis pattern="Inline">Handle/Body</ns1:emphasis>design pattern, Java generics, the XQuery Data Model, and immutability for XML processing as a paradigm. These four principles answer the four problems outlined above.</ns1:para><ns1:section xml:id="gxml-handle-body" pattern="HeadedContainer" structure="Section "><ns1:title pattern="Block" structure="SectionTitle ">The Handle/Body Pattern</ns1:title><ns1:para pattern="Block" structure="Paragraph ">gXML makes extensive use of the<ns1:emphasis pattern="Inline">Handle/Body</ns1:emphasis>pattern (called the<ns1:emphasis pattern="Inline">Bridge</ns1:emphasis>pattern in<ns1:emphasis pattern="Inline">Design Patterns</ns1:emphasis><ns1:xref component="Reference " linkend="GOF" pattern="Milestone"/>). This pattern provides a well-defined set of operations over an abstraction (the handle), which may then be adapted to specific implementations (the body). For gXML, the primary "handles" are the Model or Cursor, the Processing Context, the Node Factory in the mutable API, and the type (Meta) and typed-value (Atom) Bridges in the schema-aware API.</ns1:para><ns1:para pattern="Block" structure="Paragraph ">When presenting gXML to a new audience, one of the most common stumbling points is the distinction between<ns1:emphasis pattern="Inline">Handle/Body</ns1:emphasis>and<ns1:emphasis pattern="Inline">Wrapper</ns1:emphasis>(called<ns1:emphasis pattern="Inline">Facade</ns1:emphasis>in<ns1:emphasis pattern="Inline">Design Patterns</ns1:emphasis>). gXML<ns1:emphasis pattern="Inline">does not</ns1:emphasis>wrap every node in the tree. Applications and processors are presented with one new abstraction, represented by a single instance (a<ns1:emphasis pattern="Inline">Singleton</ns1:emphasis>for model, or a single instance per tree for cursor). gXML adds very little weight to the existing tree model, compared to the significant additional weight added by the necessity to wrap every node in a tree. Although there is a cost (in memory and performance) to using the handles rather than directly manipulating the bodies, the benefits (in flexibility and capability) are more nearly commensurate: in exchange for a memory/performance impact measured in low single-digit percentages (for most tree model APIs), an application or processor gains the ability to manipulate all supported tree model APIs (currently three; more are anticipated).</ns1:para><ns1:para pattern="Block" structure="Paragraph ">There are a number of attractive consequences of using this design pattern. First, since applications and processors need not write separate code paths for different tree models, these models can be injected very late, even at runtime. That suggests that they can be compared, based on the application's or processor's requirements, and the tree model best suited to the problem at hand preferred. It also suggests that application and processor developers might have a sounder foundation to suggest improvements to developers of the models. Second, by bringing peace to these warring models, by allowing developers to choose a model based on technical merits<ns1:emphasis pattern="Inline">without</ns1:emphasis>considering the importance of the network effect for the DOM, gXML also enables the creation of "niche" tree models for XML, models designed and optimized for particular use cases. In other words, by always using these handles for access, special-purpose bodies become more practical. These topics will be revisited in<ns1:xref component="Reference " linkend="advancing-the-state-of-the-art" pattern="Milestone" referenceTo="Section "/>, below.</ns1:para><ns1:para pattern="Block" structure="Paragraph ">gXML's use of the<ns1:emphasis pattern="Inline">Handle/Body</ns1:emphasis>pattern for XML tree models might be compared to the similar pattern used for database drivers in the Java Database Connection (JDBC) API. Each bridge may be viewed as equivalent to a vendor-specific driver.</ns1:para></ns1:section><ns1:section xml:id="gxml-in" pattern="HeadedContainer" structure="Section "><ns1:title pattern="Block" structure="SectionTitle ">The 'G' in 'XML'</ns1:title><ns1:para pattern="Block" structure="Paragraph ">gXML makes extensive use of Java generics. First, it defines two common parameters, N and A. N is the "node" handle; A is the "atom" or "atomic value" handle. Furthermore, gXML makes extensive use of Java's built-in generics; APIs that accept or return collections typically use<ns1:code pattern="Atom">Iterable</ns1:code>in their signatures (as opposed to counts, specialized objects with pseudo-iterators, single-use iterators, or arrays).</ns1:para><ns1:para pattern="Block" structure="Paragraph ">The use of generics is the primary answer, in gXML, to the problem of interoperability. By defining these parameters, particularly the &lt;N&gt;ode handle, each of the tree models can be viewed and manipulated through the lens of the XQuery Data Model. One notable consequence is that the enormous network effect created by the existence of parsers, processors, and applications that understand no model but the DOM, regardless of its fitness for their domain of operation, no longer matters to developers of gXML-based processors and applications. gXML includes a DOM bridge; it is thereby able to leverage that network effect. Every bridge added, adds to the network effectÃ¢â&#130;¬â&#128;&#157;though not, as a rule, for a single document: conversion from model to model remains expensive.</ns1:para></ns1:section><ns1:section xml:id="gxml-xdm" pattern="HeadedContainer" structure="Section "><ns1:title pattern="Block" structure="SectionTitle ">The XQuery Data Model</ns1:title><ns1:para pattern="Block" structure="Paragraph ">Perhaps the most important driver for the development of gXML was the desire to have a Java API that embodied the XQuery Data Model. The XDM is more rigorous than its predecessor, the XML Infoset specification (which was driven in part from a need to model existing APIs, including DOM, SAX, XPath, and Namespaces in XML). It is conceptually complete, and defined in a context that permits type definition, navigation operations, and more advanced functions. This rigorous, well-defined specification was adopted as the basis for the API, and represents gXML's answer to the problem of variability. Is a property or concept in the XDM specification? Then it should be in the gXML API. If it is not in the specification, then either it should not be exposed in the API, or it should be compatible with the well-specified API. For instance, the entire mutable API was added as an extension; XQuery does not define operations that modify trees.</ns1:para><ns1:para pattern="Block" structure="Paragraph ">Another important reason to adopt the XQuery Data Model is that it provides the first well-integrated access to XML Schema information (one might argue that XQuery and XSLT2 provide the "missing language" for the XML Schema type system). A great deal of XML processing has no need to concern itself with validation, typing, and particularly with the post-Schema validation infoset; those applications and processors that need it, however, need it very badly. gXML defines a common model for XML Schema, compatible with the XDM's definition and use of XML Schema types and typed values, as a standard extension.</ns1:para><ns1:para pattern="Block" structure="Paragraph ">gXML is not the only model to provide support for XML Schema, but the schema-aware extensions in gXML can be implemented for any tree model, and are exposed via APIs that are clearly related to (usually extensions of) the core gXML APIs. In other words, by addressing the problem of variability via adherence to and conformance with the XQuery Data Model Specification, gXML enables the development of a "next wave" of XML processing technologies, based on XPath 2.0, XSLT 2.0, and XQuery 1.0 (including the new generation of XQuery-conformant databases).</ns1:para></ns1:section><ns1:section xml:id="gxml-immutable" pattern="HeadedContainer" structure="Section "><ns1:title pattern="Block" structure="SectionTitle ">The Immutable Approach</ns1:title><ns1:para pattern="Block" structure="Paragraph ">In the experience of the developers of gXML, most of the nodes in any given XML instance document are never modified. These nodes need not be mutableÃ¢â&#130;¬â&#128;&#157;but because some nodes are modified in the common paradigm of XML processing, all nodes must be defined to be mutable. The core gXML API dispenses with mutability. Instead, it promotes a paradigm in which a received or generated XML document is an input, and the XML supplied to other processes (in the same VM, on the same machine, or somewhere else on the network) is a transformation of the input. This approach addresses the problem of weight. In combination with the enabling of custom, potentially domain-specific XML tree models accessed via a gXML bridge, the immutable paradigm (over an immutable tree model) can achieve optimizations not possible for a tree model in which the existence of mutability militates against caching, compaction, and deferred loading. It is not possible, at this point, to quantify the potential performance benefits rigorously because the pure-immutable model remains hypothetical (other priorities have taken precedence). Here we speculate.</ns1:para><ns1:para pattern="Block" structure="Paragraph ">Such a hypothetical immutable model would not need to guard against modification of a document in one thread while another thread reads it. It would provide guarantees that would permit processing of large documents to be parallelized; an immutable, late-loading model might be able to provide access to XML documents of a size infeasible for mutable models. A certain number of these optimizations are available even for bridges over mutable models; if the convention encourages immutability, then processors can define their operations only when the convention is adhered to, warning users that breaking the convention may lead to undefined (and incorrect) results.</ns1:para><ns1:para pattern="Block" structure="Paragraph ">Immutability enables performance enhancementsÃ¢â&#130;¬â&#128;&#157;for instance, models in memory which occupy a fraction of the size of the XML as a character stream rather than a multiple of its size; concurrent processing of XML documents; storage of the bulk of a document on disk with indexing and a very light footprint in memory. We've noticed unanticipated potential as well: if there is no requirement to modify the document in memory, then a gXML bridge may reasonably be defined over any structured hierarchical data format analagous to XML: JSON, CSV, a file system, a MIME multipart message. Perhaps more strikingly, immutable models can potentially cross the VM boundary, via JNI to other languages, into hardware accelerators, and so on.</ns1:para></ns1:section></ns1:section><ns1:section xml:id="gxml-apis" pattern="HeadedContainer" structure="Section "><ns1:title pattern="Block" structure="SectionTitle ">The gXML Core</ns1:title><ns1:para pattern="Block" structure="Paragraph ">The gXML API is designed for rapid understanding. The core API can be described as a collection of five interfaces. In practice, more interfaces are available, but understanding these five is necessary and sufficient to understand and use the gXML base API. These abstractions adhere to the design principle of immutability, and do not introduce any dependency upon XML Schema.</ns1:para><ns1:para pattern="Block" structure="Paragraph ">The core API is completed with two extensions. The mutable extension adds mutability by adding methods to the base interfaces, or by adding new interfaces. The schema-aware extension adds schema awareness, again by adding methods to base interfaces, or by adding new interfaces; the schema-aware extension also introduces the "atom" parameter.</ns1:para><ns1:section xml:id="api-base" pattern="HeadedContainer" structure="Section "><ns1:title pattern="Block" structure="SectionTitle ">Untyped, Immutable</ns1:title><ns1:para pattern="Block" structure="Paragraph ">The heart of the gXML API is an abstraction called<ns1:xref component="Reference " linkend="Model" pattern="Milestone"/>.<ns1:code pattern="Atom">Model</ns1:code>is stateless; each bridge implements it. The methods on<ns1:code pattern="Atom">Model</ns1:code>permit interrogation of XQuery Data Model properties (<ns1:code pattern="Atom">getNamespaceURI(N)</ns1:code>,<ns1:code pattern="Atom">getLocalName(N)</ns1:code>,<ns1:code pattern="Atom">getStringValue(N)</ns1:code>,<ns1:code pattern="Atom">getNodeKind(N)</ns1:code>, etc.), and provide XQuery/XPath navigation (child, descendant, ancestor, sibling, attribute, namespace axes). Since this abstraction is stateless, each method's first parameter is a context node, the node for which information is requested, or from which navigation begins. The XQuery Data Model defines seven node types:<ns1:code pattern="Atom">Document</ns1:code>,<ns1:code pattern="Atom">Element</ns1:code>,<ns1:code pattern="Atom">Text</ns1:code>,<ns1:code pattern="Atom">Attribute</ns1:code>,<ns1:code pattern="Atom">Namespace</ns1:code>,<ns1:code pattern="Atom">Comment</ns1:code>, and<ns1:code pattern="Atom">ProcessingInstruction</ns1:code>. Returns from each method vary by node type, in conformance with the Data Model specification, but the API does not distinguish node types (the argument or return value is &lt;N&gt;, not &lt;? extends N&gt;). The<ns1:xref component="Reference " linkend="gxml-code" pattern="Milestone" referenceTo="Section "/>documents this interface.</ns1:para><ns1:para pattern="Block" structure="Paragraph ">For convenience, a very similar API, with minimal (positional) state is also defined:<ns1:code pattern="Atom">Cursor</ns1:code>.<ns1:code pattern="Atom">Cursor</ns1:code>provides a common idiom, maintaining its positional state within the target tree, which is frequently encountered in processing XML. Where<ns1:code pattern="Atom">Model</ns1:code>'s navigation APIs typically return a node (<ns1:code pattern="Atom">N getFirstChildElement(N context)</ns1:code>),<ns1:code pattern="Atom">Cursor</ns1:code>'s corresponding APIs return true or false and change the<ns1:code pattern="Atom">Cursor</ns1:code>'s state (<ns1:code pattern="Atom">boolean moveToFirstChildElement()</ns1:code>). Where<ns1:code pattern="Atom">Model</ns1:code>'s property accessors require a context node (<ns1:code pattern="Atom">String getStringValue(N context)</ns1:code>),<ns1:code pattern="Atom">Cursor</ns1:code>'s use its current state (<ns1:code pattern="Atom">String getStringValue()</ns1:code>). The design intent is that anything that may be accomplished with a<ns1:code pattern="Atom">Model</ns1:code>may also be accomplished with a<ns1:code pattern="Atom">Cursor</ns1:code>. Note that<ns1:code pattern="Atom">Cursor</ns1:code>is not forward-only.</ns1:para><ns1:para pattern="Block" structure="Paragraph ">When processing XML, some applications can make use of gXML with nothing more than<ns1:code pattern="Atom">Model</ns1:code>or<ns1:code pattern="Atom">Cursor</ns1:code>. More advanced uses might need the third primary abstraction in the core gXML API, the<ns1:code pattern="Atom">ProcessingContext</ns1:code>. A processing context is precisely what it claims to be: a specialized (for the target tree model), stateful abstraction which provides uniform access to the collection of abstractions which together make up a bridge.<ns1:code pattern="Atom">Model</ns1:code>,<ns1:code pattern="Atom">Cursor</ns1:code>, and<ns1:code pattern="Atom">ProcessingContext</ns1:code>are all parameterized only by &lt;N&gt;ode. The<ns1:code pattern="Atom">TypedContext</ns1:code>extension introduces the &lt;A&gt;tom parameter.</ns1:para><ns1:para pattern="Block" structure="Paragraph "><ns1:code pattern="Atom">ProcessingContext</ns1:code>provides<ns1:code pattern="Atom">Model&lt;N&gt; getModel()</ns1:code>and<ns1:code pattern="Atom">Cursor&lt;N&gt; newCursor(N context)</ns1:code>methods, an accessor for the (singleton)<ns1:code pattern="Atom">Model</ns1:code>and a factory for the<ns1:code pattern="Atom">Cursor</ns1:code>. Several additional accessors, functions, and factory methods are available from the context: it is the source for the mutable and typed context extensions (<ns1:code pattern="Atom">getMutableContext()</ns1:code>and<ns1:code pattern="Atom">getTypedContext()</ns1:code>), and for<ns1:code pattern="Atom">DocumentHandler</ns1:code>and<ns1:code pattern="Atom">FragmentBuilder</ns1:code>; it can report whether candidate objects are compatible with the bridge's specialization of &lt;N&gt;ode; it includes a mechanism to permit feature-based extension. For greatest generality, applications should access a bridge via its processing context. An optional<ns1:code pattern="Atom">ProcessingContextFactory</ns1:code>interface is also included in the API, but experience suggests that provision of instances of the factory is an impediment to the target design pattern, dependency injection. That is, applications ought to instantiate the factory interface themselves, consistent with the injection mechanism or API which they use.</ns1:para><ns1:para pattern="Block" structure="Paragraph ">The processing context provides access to<ns1:code pattern="Atom">DocumentHandler</ns1:code>, which in turn provides methods to parse from and serialize to streams, readers and writers.<ns1:code pattern="Atom">ProcessingContext</ns1:code>is also a factory for<ns1:code pattern="Atom">FragmentBuilder</ns1:code>, which<ns1:emphasis pattern="Inline">is-a</ns1:emphasis><ns1:code pattern="Atom">ContentHandler</ns1:code>(for the XDM, not the SAX interface of the same name) and<ns1:emphasis pattern="Inline">is-a</ns1:emphasis><ns1:code pattern="Atom">NodeSource</ns1:code>.<ns1:code pattern="Atom">FragmentBuilder</ns1:code>is used to programmatically build trees or tree fragments in memory, parallel to parsing a document into memory via the document handler's various parse methods.<ns1:code pattern="Atom">Model</ns1:code>and<ns1:code pattern="Atom">Cursor</ns1:code>also accept a<ns1:code pattern="Atom">ContentHandler</ns1:code>argument to stream or write themselves. In short, these abstractions provide a range of input/output operations for XML using a particular bridge.</ns1:para><ns1:para pattern="Block" structure="Paragraph ">These five abstractions make up the core of the gXML API. There are other, supporting abstractions, some of which become more significant in particular contexts. An untyped, immutable bridge implementation (minimally) provides implementations for these five abstractions over a given tree model.</ns1:para></ns1:section><ns1:section xml:id="api-mutable" pattern="HeadedContainer" structure="Section "><ns1:title pattern="Block" structure="SectionTitle ">Mutability</ns1:title><ns1:para pattern="Block" structure="Paragraph ">gXML provides two standard extensions in the core<ns1:code pattern="Atom">ProcessingContext</ns1:code>to permit bridges to signal support for optional functionality. The first extension permits mutability. Immutability provides important benefits for XML processing, but all currently-available tree models are mutable, and nearly all processors and applications expect mutability. To ease migration,<ns1:code pattern="Atom">ProcessingContext</ns1:code>provides a method,<ns1:code pattern="Atom">getMutableContext()</ns1:code>which permits the bridge to signal that it supports mutability, by returning an implementation of the<ns1:code pattern="Atom">MutableContext</ns1:code>extension. A mutable context, in turn, provides access to<ns1:code pattern="Atom">MutableModel</ns1:code>and<ns1:code pattern="Atom">MutableCursor</ns1:code>, each of which extend the corresponding immutable interfaces (adding methods to add and remove nodes, and to change the content of a document or element node), and also provides access to a<ns1:code pattern="Atom">NodeFactory</ns1:code>implementation which permits the creation of nodes in memory, independent of any tree (within the limits of the underlying tree model).</ns1:para><ns1:para pattern="Block" structure="Paragraph "><ns1:emphasis pattern="Inline">Nota bene</ns1:emphasis>: the mutable interfaces, unlike other abstractions in gXML, are not attempts to implement a portion of the XQuery Data Model in Java. The XQuery Data Model (and, in fact, XQuery 1.0, XSLT 2.0, and XPath 2.0) do not provide specification of property mutators. Consequently, this portion of the API has been designed to be roughly compatible with the XDM, as an extension, and to be roughly compatible with the corresponding mutable APIs in dominant tree models. However, once XQuery produces its "update" mechanism, this portion of the API is unlikely to prove conformant.</ns1:para></ns1:section><ns1:section xml:id="api-sa" pattern="HeadedContainer" structure="Section "><ns1:title pattern="Block" structure="SectionTitle ">Schema Awareness</ns1:title><ns1:para pattern="Block" structure="Paragraph ">The<ns1:code pattern="Atom">TypedContext</ns1:code>extension parallels the<ns1:code pattern="Atom">MutableContext</ns1:code>extension. It provides the XDM-defined schema-aware properties and manipulations. Most notably, the typed context introduces an additional parameter, the &lt;A&gt;tom handle. The base and mutable interfaces deal only with string values for text node and attribute content (in XDM terms, actually<ns1:emphasis pattern="Inline">untyped atomic</ns1:emphasis>). The XQuery Data Model defines the concept of "atom", which corresponds to a typed value or list of typed values. Atoms are inherently sequences of atoms (a single atom is a one-element list); "sequence" is also introduced in the schema-aware API, but unlike atom, is not represented by an independent common parameter.</ns1:para><ns1:para pattern="Block" structure="Paragraph "><ns1:code pattern="Atom">TypedContext</ns1:code>is more complex than<ns1:code pattern="Atom">MutableContext</ns1:code>. As a mutable context provides access to mutable models and cursors, a typed context provides an accessor for a<ns1:code pattern="Atom">TypedModel</ns1:code>and is a factory for<ns1:code pattern="Atom">TypedCursor</ns1:code>, which are extensions of the base<ns1:code pattern="Atom">Model</ns1:code>and<ns1:code pattern="Atom">Cursor</ns1:code>, adding methods to access the type-name and typed-value properties. As the base processing context can identify &lt;N&gt;odes, so the typed context can identify &lt;A&gt;toms.<ns1:code pattern="Atom">TypedContext</ns1:code>enhances the base<ns1:code pattern="Atom">FragmentBuilder</ns1:code>as a type- and atom-aware<ns1:code pattern="Atom">SequenceBuilder</ns1:code>. To handle typed values,<ns1:code pattern="Atom">TypedContext</ns1:code>provides an accessor for the<ns1:code pattern="Atom">AtomBridge</ns1:code>, which in turn provides facilities to create, compile, cast, convert (to Java native types), and query atoms, in a fashion consistent with the XDM.</ns1:para><ns1:para pattern="Block" structure="Paragraph "><ns1:code pattern="Atom">TypedContext</ns1:code>also provides access to the<ns1:code pattern="Atom">MetaBridge</ns1:code>, which primarily serves to map the names of types to their corresponding implmentations in the (included) XML Schema model.<ns1:code pattern="Atom">TypedContext</ns1:code>makes use of this bridge itself, because it extends the core schema model interface,<ns1:code pattern="Atom">SmSchema</ns1:code>.<ns1:code pattern="Atom">SmSchema</ns1:code>permits definition and declaration of custom types, registry of types, and lookup of types. In other words, the typed context provides a cache of types (supplied via parsing of schemas or programmatically) which are being used in the processing of a collection of XML documents. This is actually the origin of the concept and term "processing context," though it now exists for the untyped API as well.</ns1:para></ns1:section></ns1:section><ns1:section xml:id="gxml-bridges" pattern="HeadedContainer" structure="Section "><ns1:title pattern="Block" structure="SectionTitle ">Building Bridges with gXML</ns1:title><ns1:para pattern="Block" structure="Paragraph ">For greatest utility, gXML ought to have bridges on every tree model for XML in Java. The authors have not been able to accomplish this themselves, but can demonstrate that creating additional bridges is a straightforward task.</ns1:para><ns1:para pattern="Block" structure="Paragraph ">The three bridges included in the gXML source tree provide examples of the finished product. The development process is easily described. Note, however, that most tree models present unique challenges when adapted to the XQuery Data Model; our experience suggests that most development time is consumed by handling these impedance mismatches.</ns1:para><ns1:section xml:id="gxml-base" pattern="HeadedContainer" structure="Section "><ns1:title pattern="Block" structure="SectionTitle ">Untyped, Immutable</ns1:title><ns1:para pattern="Block" structure="Paragraph ">What needs to be done to create a new base bridge (untyped, immutable) for an as-yet unsupported tree model? There are five steps:</ns1:para><ns1:orderedlist pattern="Table" structure="Table "><ns1:listitem pattern="Container"><ns1:para pattern="Block" structure="Paragraph ">Implement<ns1:code pattern="Atom">ProcessingContext</ns1:code>and<ns1:code pattern="Atom">Model</ns1:code>. Decide what the &lt;N&gt; (node) abstraction must be.</ns1:para><ns1:para pattern="Block" structure="Paragraph ">For instance: the DOM defines &lt;N&gt; as<ns1:code pattern="Atom">Node</ns1:code>. AxiOM defines it as<ns1:code pattern="Atom">Object</ns1:code>(AxiOM does not have a single base interface that marks all node types). The Cx bridge proof-of-concept uses<ns1:code pattern="Atom">XmlNode</ns1:code>.</ns1:para></ns1:listitem><ns1:listitem pattern="Container"><ns1:para pattern="Block" structure="Paragraph ">Use the<ns1:code pattern="Atom">bridgekit</ns1:code>module to get a simple, generic implementation of<ns1:code pattern="Atom">Cursor</ns1:code>(over the custom<ns1:code pattern="Atom">Model</ns1:code>).</ns1:para><ns1:para pattern="Block" structure="Paragraph ">The<ns1:code pattern="Atom">bridgekit</ns1:code>module is a collection of utilities intended to help bridge developers. It includes, for instance, an implementation of the XML Schema model (<ns1:code pattern="Atom">SmSchema</ns1:code>) and the<ns1:code pattern="Atom">XmlAtom</ns1:code>typed-value implementation, as well as the<ns1:code pattern="Atom">CursorOnModel</ns1:code>helper used here.</ns1:para></ns1:listitem><ns1:listitem pattern="Container"><ns1:para pattern="Block" structure="Paragraph ">Implement<ns1:code pattern="Atom">FragmentBuilder</ns1:code>.</ns1:para><ns1:para pattern="Block" structure="Paragraph ">The<ns1:code pattern="Atom">FragmentBuilder</ns1:code>interface has five methods for creating Text, Attribute, Namespace, Comment, and Processing Instruction node types, and an additional two each (start and end) for the container node types, Element and Document.</ns1:para></ns1:listitem><ns1:listitem pattern="Container"><ns1:para pattern="Block" structure="Paragraph ">Use the generic implementation of<ns1:code pattern="Atom">DocumentHandler</ns1:code>from the<ns1:code pattern="Atom">input-output</ns1:code>processor.</ns1:para><ns1:para pattern="Block" structure="Paragraph ">The generic<ns1:code pattern="Atom">DocumentHandler</ns1:code>in the<ns1:code pattern="Atom">input-output</ns1:code>module is not terribly mature or robust, but can do the job for an initial implementation.</ns1:para></ns1:listitem><ns1:listitem pattern="Container"><ns1:para pattern="Block" structure="Paragraph ">Use the<ns1:code pattern="Atom">bridgetest</ns1:code>module to verify equivalence with existing bridges.</ns1:para><ns1:para pattern="Block" structure="Paragraph ">The<ns1:code pattern="Atom">bridgetest</ns1:code>module is designed to make implementation easy; enabling each test requires only that the bridge implement the single abstract method, which returns the bridge's implementation of<ns1:code pattern="Atom">ProcessingContext</ns1:code>(from which all other abstractions can be reached). Adding a test implementation is thus mostly a mechanical task.</ns1:para></ns1:listitem></ns1:orderedlist><ns1:para pattern="Block" structure="Paragraph ">This is all that's required. For this minimum,<ns1:code pattern="Atom">getMutableContext()</ns1:code>and<ns1:code pattern="Atom">getTypedContext()</ns1:code>(on<ns1:code pattern="Atom">ProcessingContext</ns1:code>) should both return null, indicating no support.</ns1:para></ns1:section><ns1:section xml:id="gxml-mutable" pattern="HeadedContainer" structure="Section "><ns1:title pattern="Block" structure="SectionTitle ">Mutability</ns1:title><ns1:para pattern="Block" structure="Paragraph ">To add support for mutability:</ns1:para><ns1:orderedlist pattern="Table" structure="Table "><ns1:listitem pattern="Container"><ns1:para pattern="Block" structure="Paragraph ">Implement<ns1:code pattern="Atom">MutableContext</ns1:code>and return it from<ns1:code pattern="Atom">ProcessingContext</ns1:code>instead of null.</ns1:para><ns1:para pattern="Block" structure="Paragraph "><ns1:code pattern="Atom">MutableModel</ns1:code>provides access the<ns1:code pattern="Atom">NodeFactory</ns1:code>,<ns1:code pattern="Atom">MutableModel</ns1:code>, and<ns1:code pattern="Atom">MutableCursor</ns1:code>implementations.</ns1:para></ns1:listitem><ns1:listitem pattern="Container"><ns1:para pattern="Block" structure="Paragraph ">Implement<ns1:code pattern="Atom">MutableModel</ns1:code>as an extension of the base<ns1:code pattern="Atom">Model</ns1:code>from above.</ns1:para><ns1:para pattern="Block" structure="Paragraph "><ns1:code pattern="Atom">MutableModel</ns1:code>adds methods to set attributes and namespaces, to add, remove, and replace children.</ns1:para></ns1:listitem><ns1:listitem pattern="Container"><ns1:para pattern="Block" structure="Paragraph ">Use the<ns1:code pattern="Atom">bridgekit</ns1:code>module to base the bridge's<ns1:code pattern="Atom">MutableCursor</ns1:code>on its<ns1:code pattern="Atom">MutableModel</ns1:code>.</ns1:para><ns1:para pattern="Block" structure="Paragraph ">The<ns1:code pattern="Atom">bridgekit</ns1:code>implementations are reasonable starting points, though optimization is likely to require a custom implementation.</ns1:para></ns1:listitem><ns1:listitem pattern="Container"><ns1:para pattern="Block" structure="Paragraph ">Implement<ns1:code pattern="Atom">NodeFactory</ns1:code>.</ns1:para><ns1:para pattern="Block" structure="Paragraph "><ns1:code pattern="Atom">NodeFactory</ns1:code>contains methods to create each node type, where<ns1:code pattern="Atom">MutableModel</ns1:code>establishes the relationships between nodes.</ns1:para></ns1:listitem><ns1:listitem pattern="Container"><ns1:para pattern="Block" structure="Paragraph ">Add tests from the<ns1:code pattern="Atom">bridgetest</ns1:code>module.</ns1:para><ns1:para pattern="Block" structure="Paragraph ">In this case, there's only one, at present.</ns1:para></ns1:listitem></ns1:orderedlist><ns1:para pattern="Block" structure="Paragraph ">This is admittedly easier to describe than to accomplish. Approaches to mutability among tree models vary<ns1:emphasis pattern="Inline">much</ns1:emphasis>more widely than approaches to navigation and analysis.</ns1:para><ns1:para pattern="Block" structure="Paragraph ">On the other hand, gXML's approach to mutability is more restricted than most current tree APIs. The gXML mutable API does<ns1:emphasis pattern="Inline">not</ns1:emphasis>support changing the value of a text or attribute node, for instance. Leaf nodes remain immutable; container nodes (document and element) are mutable in content (contained nodes) only.</ns1:para></ns1:section><ns1:section xml:id="gxml-sa" pattern="HeadedContainer" structure="Section "><ns1:title pattern="Block" structure="SectionTitle ">Schema Awareness</ns1:title><ns1:para pattern="Block" structure="Paragraph ">To add support for schema-awareness:</ns1:para><ns1:orderedlist pattern="Table" structure="Table "><ns1:listitem pattern="Container"><ns1:para pattern="Block" structure="Paragraph ">Implement<ns1:code pattern="Atom">TypedContext</ns1:code>and return it from<ns1:code pattern="Atom">ProcessingContext</ns1:code>instead of null; note that<ns1:code pattern="Atom">TypedContext</ns1:code><ns1:emphasis pattern="Inline">is-a</ns1:emphasis><ns1:code pattern="Atom">SmSchema</ns1:code>. Decide what the &lt;A&gt; (atom) abstraction must be.</ns1:para><ns1:para pattern="Block" structure="Paragraph ">Current implementations all define &lt;A&gt; as<ns1:code pattern="Atom">XmlAtom</ns1:code>. This is not required.</ns1:para></ns1:listitem><ns1:listitem pattern="Container"><ns1:para pattern="Block" structure="Paragraph ">Implement<ns1:code pattern="Atom">TypedModel</ns1:code>as an extension of the base<ns1:code pattern="Atom">Model</ns1:code>from above.</ns1:para><ns1:para pattern="Block" structure="Paragraph ">The<ns1:code pattern="Atom">TypedModel</ns1:code>interface adds only five methods to<ns1:code pattern="Atom">Model</ns1:code>, all related to the introduction of type names and typed values. Actually ensuring that the type annotations and typed values are associated with the nodes in the tree is one of the most challenging tasks in implementation.</ns1:para></ns1:listitem><ns1:listitem pattern="Container"><ns1:para pattern="Block" structure="Paragraph ">Use the<ns1:code pattern="Atom">bridgekit</ns1:code>module to base the bridge's<ns1:code pattern="Atom">TypedCursor</ns1:code>on its<ns1:code pattern="Atom">TypedModel</ns1:code>.</ns1:para><ns1:para pattern="Block" structure="Paragraph "><ns1:code pattern="Atom">CursorOnTypedModel</ns1:code>extends<ns1:code pattern="Atom">CursorOnModel</ns1:code>as expected.</ns1:para></ns1:listitem><ns1:listitem pattern="Container"><ns1:para pattern="Block" structure="Paragraph ">Implement or reuse from the<ns1:code pattern="Atom">bridgekit</ns1:code>module an<ns1:code pattern="Atom">AtomBridge</ns1:code>(typed value support).</ns1:para><ns1:para pattern="Block" structure="Paragraph ">If the chosen &lt;A&gt;tom is<ns1:code pattern="Atom">XmlAtom</ns1:code>, the<ns1:code pattern="Atom">XmlAtomBridge</ns1:code>already exists.</ns1:para></ns1:listitem><ns1:listitem pattern="Container"><ns1:para pattern="Block" structure="Paragraph ">Implement or reuse from the<ns1:code pattern="Atom">bridgekit</ns1:code>module a<ns1:code pattern="Atom">MetaBridge</ns1:code>(type support).</ns1:para><ns1:para pattern="Block" structure="Paragraph ">Again, if the &lt;A&gt;tom is<ns1:code pattern="Atom">XmlAtom</ns1:code>, a<ns1:code pattern="Atom">MetaBridge</ns1:code>exists in the<ns1:code pattern="Atom">bridgekit</ns1:code>.</ns1:para></ns1:listitem><ns1:listitem pattern="Container"><ns1:para pattern="Block" structure="Paragraph ">Implement<ns1:code pattern="Atom">SequenceBuilder</ns1:code>as an extension of the<ns1:code pattern="Atom">FragmentBuilder</ns1:code>from above.</ns1:para><ns1:para pattern="Block" structure="Paragraph "><ns1:code pattern="Atom">SequenceBuilder</ns1:code>adds overrides for the<ns1:code pattern="Atom">attribute()</ns1:code>,<ns1:code pattern="Atom">startElement()</ns1:code>, and<ns1:code pattern="Atom">text()</ns1:code>methods (adding type names and typed values), plus methods to create an atom and to start and end a sequence.</ns1:para></ns1:listitem><ns1:listitem pattern="Container"><ns1:para pattern="Block" structure="Paragraph ">Add the typed tests from the<ns1:code pattern="Atom">bridgetest</ns1:code>module.</ns1:para><ns1:para pattern="Block" structure="Paragraph ">As with the standard tests, these are easy to implement, following the same pattern.</ns1:para></ns1:listitem></ns1:orderedlist><ns1:para pattern="Block" structure="Paragraph ">For schema awareness, the most straightforward approach is going to be reusing the generic implementations found in the<ns1:code pattern="Atom">bridgekit</ns1:code>module, but better results may be achieved by customizing the code. This is an area requiring further experience before establishing guidelines for best practices.</ns1:para></ns1:section><ns1:section xml:id="gxml-using" pattern="HeadedContainer" structure="Section "><ns1:title pattern="Block" structure="SectionTitle ">Bridge Traffic</ns1:title><ns1:para pattern="Block" structure="Paragraph ">Using bridges is a little less amenable to slideshow style lists, but the principles remain straightforward. When using gXML, it is important to understand "dependency inversion": bridges should be injected, if at all possible, rather than directly instantiated. It is possible to design an application or processor that can react to input by directly instantiating the needed bridge, but it's best to reduce the number of places that contain reference to the tree model packages to as few as possible. One class is ideal; it is then responsible for providing a processing context for a given bridge on demand.</ns1:para><ns1:para pattern="Block" structure="Paragraph ">Most applications will spend most of their time with the<ns1:code pattern="Atom">Model</ns1:code>or<ns1:code pattern="Atom">Cursor</ns1:code>) interfaces, which permit navigation and interrogation. Methods provide access to names, values, and other characteristics (XQuery Data Model properties) of the node, and permit navigation in a variety of ways to target nodes. An appendix shows the content of the<ns1:xref component="Reference " linkend="Model" pattern="Milestone"/>interface.<ns1:code pattern="Atom">FragmentBuilder</ns1:code>(for construction in memory) and<ns1:code pattern="Atom">DocumentHandler</ns1:code>(for parsing and serializing) are likely to be important. Existing applications or developers wedded to the concept of mutability are likely to make use of the APIs in the mutable model (or cursor) and the<ns1:code pattern="Atom">NodeFactory</ns1:code>. Applications or processors needing W3C XML Schema support (common inside the enterprise, for instance) are likely to make extensive use of<ns1:code pattern="Atom">TypedContext</ns1:code>, particularly as a schema cache and for access to typed models and cursors.</ns1:para><ns1:para pattern="Block" structure="Paragraph ">At present, gXML has bridges, in varying states of maturity, for the DOM (level 3 support currently required), for AxiOM (LLOM only; support for typed context rather weak), and for a reference bridge called Cx (a clean, if naive, reimplementation of the XQuery Data Model from scratch, and a gXML bridge over that implementation). The DOM was chosen because of its ubiquity; AxiOM because the web services area is a target for gXML proselytizers; Cx exists primarily to demonstrate that the shared idiosyncracies of DOM and AxiOM (there are a few) are not fundamental to gXML.</ns1:para></ns1:section></ns1:section><ns1:section xml:id="gxml-processing" pattern="HeadedContainer" structure="Section "><ns1:title pattern="Block" structure="SectionTitle ">Processing XML with gXML</ns1:title><ns1:para pattern="Block" structure="Paragraph ">gXML provides an extensive API for bridges, which not only provides the entry point for applications and processors, but also makes the development of new bridges easy to describe. In sharp contrast, no interface, no contract, is specified for XML processors designed for use with gXML. While some processors might reasonably be defined to have a method with the signature:<ns1:code pattern="Atom">N process(N, Model&lt;N&gt;)</ns1:code>, for others this is entirely inappropriate. Even for processors that might reasonably "process" a node, their function is more clearly expressed if they "transform" or "extract" or "enhance", or otherwise mark their "processing" by its specific name, not the more general one.</ns1:para><ns1:para pattern="Block" structure="Paragraph ">So, what is a gXML processor? As the gXML team uses the term, a processor is a code library that performs some specific, well-described function over XML. Most processors can be described with a single word or phrase: "serializer," "parser," "converter," "validator," "transformer," "signer," and so on. A processor is distinguished from an "application," which may create (generate), destroy (consume), modify, and otherwise manipulate XML in multiple steps. Where a processor contributes special functionality to the performance of a goal, the application oversees and orchestrates achievement of the goal from receipt to completion. To further distinguish, a bridge provides the abstraction over which the applications and processors operate, including the model, input/output, and a context that associates related tree-specific functions.</ns1:para><ns1:section xml:id="stateful-processing" pattern="HeadedContainer" structure="Section "><ns1:title pattern="Block" structure="SectionTitle ">Stateful</ns1:title><ns1:para pattern="Block" structure="Paragraph ">gXML processors may be divided, for purposes of discussion, into two classes: stateful and stateless. Here, "state" refers to the processor's need to maintain state in the form of any of the parameters specialized by a particular bridge implementation (&lt;N&gt; and &lt;A&gt;), disregarding maintenance of state unrelated to gXML parameters. A stateful processor is ideally written generically, but certain of its component classes will themselves be parameterized with one or both of the node and atom handles. Consequently, at instantiation, a given instance of a processor is tied,<ns1:emphasis pattern="Inline">ipso facto</ns1:emphasis>, to a particular bridge implementation. Like<ns1:code pattern="Atom">java.util.List&lt;QName&gt;</ns1:code>, a generic processor taking only &lt;N&gt; as a parameter would have to be specialized as<ns1:code pattern="Atom">GenericProcessor&lt;Node&gt;</ns1:code>for use with the DOM bridge; the same class would be separately instantiated for use with the Cx bridge as<ns1:code pattern="Atom">GenericProcessor&lt;XmlNode&gt;</ns1:code>. Stateful processors typically contain one or more member fields whose type is specified as a parameter (or which is a parameterized class, such as an instance of<ns1:code pattern="Atom">Cursor&lt;N&gt;</ns1:code>or<ns1:code pattern="Atom">Bookmark&lt;N&gt;</ns1:code>).</ns1:para><ns1:para pattern="Block" structure="Paragraph ">For example, an input-output module is included in the gXML source tree. This module includes a stateful processor implementing<ns1:code pattern="Atom">DocumentHandler&lt;N&gt;</ns1:code>. This<ns1:code pattern="Atom">DocumentHandler</ns1:code>contains a member field which is a<ns1:code pattern="Atom">FragmentBuilder&lt;N&gt;</ns1:code>supplied by the bridge's<ns1:code pattern="Atom">ProcessingContext</ns1:code>. This is a good example of the stateful style: at instantiation, each<ns1:code pattern="Atom">DefaultDocumentHandler&lt;N&gt;</ns1:code>is specialized for the bridge's definition of &lt;N&gt;, associating this handler instance with a particular bridge (in fact, associating it with a single instance of the bridge's implementation of<ns1:code pattern="Atom">ProcessingContext</ns1:code>). This processor's "process" methods are defined by the<ns1:code pattern="Atom">DocumentHandler</ns1:code>interface, found in the core API.</ns1:para></ns1:section><ns1:section xml:id="stateless-processing" pattern="HeadedContainer" structure="Section "><ns1:title pattern="Block" structure="SectionTitle ">Stateless</ns1:title><ns1:para pattern="Block" structure="Paragraph ">An alternate style of implementation is the stateless processor. If no class in the processor needs to retain state typed as or with a gXML parameter, then the processor may be used by declaring the necessary parameters on a method, and supplying the necessary disambiguation as arguments to the method. For instance, a stateless processor might expose the method:</ns1:para><ns1:programlisting xml:space="preserve" pattern="Block">&lt;N&gt; N nearestAncestor(Iterable&lt;N&gt; context, Model&lt;N&gt; model)</ns1:programlisting><ns1:para pattern="Block" structure="Paragraph ">The arguments to the method are both parameterized: the context provides a collection of nodes; the model provides the tool to interrogate each of the nodes in the supplied context (this hypothetical example finds the nearest common ancestor of all the nodes supplied in the list, or<ns1:code pattern="Atom">null</ns1:code>if no such common ancestor exists).</ns1:para><ns1:para pattern="Block" structure="Paragraph ">An extremely simple example of a stateless processor may be found in the<ns1:code pattern="Atom">convert</ns1:code>module, in the gXML source tree. It's so simple that it's debatable whether it's a processor, or simply an instantiation of an idiom.<ns1:code pattern="Atom">StaticConverter</ns1:code>has a single, static method, with the signature:</ns1:para><ns1:programlisting xml:space="preserve" pattern="Block">&lt;Nsrc, Ntrg&gt; Ntrg convert(Cursor&lt;Nsrc&gt; cursor, FragmentBuilder&lt;Ntrg&gt; builder)</ns1:programlisting><ns1:para pattern="Block" structure="Paragraph ">It does what it says on the tin: using the supplied<ns1:code pattern="Atom">Cursor</ns1:code>and<ns1:code pattern="Atom">FragmentBuilder</ns1:code>, from one or two different bridges, it converts from one tree model representation to another (strictly speaking, this is a transforming copy, rather than a conversion; also, if the<ns1:code pattern="Atom">Cursor</ns1:code>and<ns1:code pattern="Atom">FragmentBuilder</ns1:code>are supplied by the same bridge, this is simply a copy).</ns1:para><ns1:para pattern="Block" structure="Paragraph ">A more complex example may be found in the same module:<ns1:code pattern="Atom">Converter</ns1:code>mixes the stateful and stateless styles. It is instantiated with a (source) processing context; it is then able, on request, to convert to any supplied target processing contextÃ¢â&#130;¬â&#128;&#157;retaining type information, if possible (if both source and target bridges advertise themselves as schema-aware, it uses<ns1:code pattern="Atom">SequenceBuilder</ns1:code>and the<ns1:code pattern="Atom">TypedModel</ns1:code>'s atom-aware<ns1:code pattern="Atom">stream()</ns1:code>method in preference to the untyped<ns1:code pattern="Atom">FragmentBuilder</ns1:code>and<ns1:code pattern="Atom">Model</ns1:code>).</ns1:para></ns1:section><ns1:section xml:id="other-processing" pattern="HeadedContainer" structure="Section " xreflabel="Refactoring Processors"><ns1:title pattern="Block" structure="SectionTitle ">Developing and Refactoring</ns1:title><ns1:para pattern="Block" structure="Paragraph ">The gXML source tree contains, in addition to the processors mentioned above, an XPath 1.0 processor, a schema parser, and a schema validator. The XPath processor is stateless; the schema processors (unsurprisingly) stateful. Processors for XPath 2.0, XSLT 2.0, and XQuery 1.0 have also been explored, although this code is not included in the distribution.</ns1:para><ns1:para pattern="Block" structure="Paragraph ">During the development of the API, in early 2009, the Apache Woden project (1.0M8) was refactored as a proof of concept. This effort was based on an earlier revision of the API; the refactoring was extensive, taking advantage of the immutable paradigm. Woden was chosen as an example because it contained an example of multi-tree abstraction: wrapper classes permit Woden to parse and analyze WSDL supplied either as AxiOM or as DOM trees. The project required about a month, but the result seemed a dramatic validation of of gXML principles and design: the lines of code (LOC) count was reduced by about 15%, inconsistencies in the handling of DOM versus AxiOM were eliminated, and supported models grew from two to five (including DOM, AxiOM, the Cx reference model, a proprietary internal model, and an experimental model based on EXI). There is no guarantee of such an LOC count reduction, of course; results will depend upon the original source.</ns1:para><ns1:para pattern="Block" structure="Paragraph ">As part of the preparation for release as open source, a similar effort was undertaken to refactor the Apache XML Security project in early 2010. This was a more cautious effort, adopting as a guideline that no externally used API should change. Instead, the existing interfaces were enhanced with a gXML code path. In addition to preservation of backward compatibility in the API, this refactoring did not attempt a wholesale restatement of the security problem in immutable context, but relied extensively upon<ns1:code pattern="Atom">MutableContext</ns1:code>and the capabilities supported therein. This effort is ongoing, and does not appear to promise a reduction in code size, given its goals. It has provided the team with an excellent test case for the mutable APIs (and even demonstrated missing XDM-defined functionality in the core APIs) which have been used to improve both areas. Nonetheless, it appears to validate the concept of cautious, compatibility-maintaining refactoring; the refactored API appears able to pass the same tests that the original DOM-based API passed.</ns1:para><ns1:para pattern="Block" structure="Paragraph ">The experience from these (and other) proofs of concept, refactoring existing XML processors and developing new processors, leads to some tentative conclusions about the efforts involved and the possible development patterns. We note that because all current tree models incorporate mutability without questioning its utility, most processors approach problems of XML manipulation as a tree mutation.</ns1:para><ns1:section xml:id="ProcessorNew" pattern="HeadedContainer" structure="Section "><ns1:title pattern="Block" structure="SectionTitle ">New Development</ns1:title><ns1:para pattern="Block" structure="Paragraph ">The time required for development of a new processor varies depending upon the complexity of the processing. In our experience, adopting the immutable paradigm can actually simplify development, though it requires an effort to state the problem as a transformation rather than as a mutation. Processors developed for gXML take no more, and often less time to develop (and debug) than processors over a single tree model. When designed for immutability, the resulting processor often shows excellent performance characteristics, without requiring significant attention to this area.</ns1:para><ns1:para pattern="Block" structure="Paragraph ">Examples are included in the distribution, in the<ns1:code pattern="Atom">processor</ns1:code>module and its children:<ns1:code pattern="Atom">input-output</ns1:code>,<ns1:code pattern="Atom">convert</ns1:code>,<ns1:code pattern="Atom">w3c.xs</ns1:code>(schema parsing), and<ns1:code pattern="Atom">w3c.xs.validation</ns1:code>.</ns1:para></ns1:section><ns1:section xml:id="ProcessorOldMutable" pattern="HeadedContainer" structure="Section "><ns1:title pattern="Block" structure="SectionTitle ">Refactoring: Processing Mutable Trees</ns1:title><ns1:para pattern="Block" structure="Paragraph ">Existing processorsÃ¢â&#130;¬â&#128;&#157;such as the Apache XML Security exampleÃ¢â&#130;¬â&#128;&#157;that have already released are apt to wish to maintain existing customer bases. The approach to take, in this case, seems to be to produce an extended, parallel API: where the existing API takes a<ns1:code pattern="Atom">Node</ns1:code>, provide an override that accepts (for example)<ns1:code pattern="Atom">N, Model&lt;N&gt;</ns1:code>, or (if changing the state of the supplied argument is acceptable)<ns1:code pattern="Atom">Cursor&lt;N&gt;</ns1:code>. Then change the original DOM-based function so that it merely calls the new gXML-based method. This approach increases the size of the code base, but preserves the logic of the API, validation via the existing test suite, and compatibility with existing clients.</ns1:para><ns1:para pattern="Block" structure="Paragraph ">Firm estimates depend upon the size and complexity of the code base, but experience seems to demonstrate that once the principles are understood, much of the refactoring proceeds in a nearly mechanical fashion. The primary advantage to this form of refactoring is the addition of support for all defined gXML bridges (or all bridges that support mutability); this in turn may permit customers to choose models better suited for a particular problem domain. In the XML Security case, the refactoring produces the ability to use the processor with AxiOM (in the current state of the art; potentially with other tree models as those are developed as well).</ns1:para></ns1:section><ns1:section xml:id="ProcessorOldImmutable" pattern="HeadedContainer" structure="Section "><ns1:title pattern="Block" structure="SectionTitle ">Refactoring: Processing Immutable Trees</ns1:title><ns1:para pattern="Block" structure="Paragraph ">Refactoring an XML processor for immutable operation is more challenging. The general principle is that instead of considering the problem as one of modifying a tree, the problem is stated as a transforming copy. The XML document is an input; other inputs guide the processing; the output is a new XML document (the original is then typically discarded, or sometimes archived). Our experience addressed Apache Woden, in part because the project was then recently graduated from incubation (that is, it had just made a public 1.0 release), so preservation of API compatibility was deemed less critical; widespread adoption had not yet occurred. Another example is the<ns1:code pattern="Atom">xpath.impl</ns1:code>processor, based on the<ns1:code pattern="Atom">xpath</ns1:code>API module; these modules were both created by refactoring a portion of James Clark's and Bill Lindsey's<ns1:code pattern="Atom">XT</ns1:code><ns1:xref component="Reference " linkend="XT" pattern="Milestone"/>. XPath has no need for mutability, obviously; stating the XPath processing problem in immutable context is trivial.</ns1:para><ns1:para pattern="Block" structure="Paragraph ">This approach typically changes the logic of processing as well as changing the public API; developers may find that the code that "enhances" (mutates) a tree with information must be localized. That is, instead of receiving, analyzing, modifying, analyzing further, etc., the process is receiving, analyzing, generating/transforming, analyzing further. Creation of new documents is potentially expensive; this is apt to lead developers to minimize occurrences of the event. Awareness of this issue, in our experience, led to code that was more straightforward, easier to understand, and better encapsulated. Note also that a refactoring of a publicly released API might proceed first by preserving API compatibility, and later providing an alternate, transformative code path that parallels the modification path.</ns1:para></ns1:section></ns1:section></ns1:section><ns1:section xml:id="advancing-the-state-of-the-art" pattern="HeadedContainer" structure="Section " xreflabel="Advancing the State of the Art"><ns1:title pattern="Block" structure="SectionTitle ">Advancing the State of the Art</ns1:title><ns1:para pattern="Block" structure="Paragraph ">The gXML team believes that this API presents an exciting opportunity to change the paradigms for XML processing in Java, and to enable a host of additional opportunities for advancing the state of the art. We have discussed the API, bridges, and processors in some detail, above. Now, let's examine the further opportunities that gXML enables.</ns1:para><ns1:para pattern="Block" structure="Paragraph ">Because gXML encourages the practice of dependency inversion, of injecting a particular tree model (bridge) at runtime, it effectively bypassesÃ¢â&#130;¬â&#128;&#157;even leverages, by inclusion of a bridge for the DOM in the distributionÃ¢â&#130;¬â&#128;&#157;the DOM network effect that has presented Java developers of XML processors and applications with a Hobson's choice: choose a tree model which is technically superior or less awkward to program against but lose interoperability with the vast majority of existing processors and applications, or choose the DOM with its peculiarities and quirks and limitations but gain interoperability with the wider XML ecosystem. Developers of alternative Java XML tree models will (we hope) welcome this, and contribute bridges. Moreover, by permitting this late binding of the tree model, gXML enables use-case specific comparisons of models to each other. This capability for comparison, without losing interoperability, may lead to wider adoption of one or more of the successor models, in one application domain or across domains. Further, given the ability to compare two models in such a way, application and processor developers can provide clear test cases demonstrating issues, which developers of the tree model may find more compelling, more deserving of attention, than is currently the case when any comparison must first develop a custom framework/harness.</ns1:para><ns1:para pattern="Block" structure="Paragraph ">By enabling injection of the model, gXML also potentially permits the development of domain-specific tree models, optimized for particular use cases. Such "niche" models are actively discouraged in the current state of the art: they lead in the direction of private code, difficult to learn and difficult to maintain. AxiOM provides an example of a domain-specific model that has survived the process of marginalization; one might argue that it has done so in part through its strong association with the high-profile project Apache Axis 2. Other domains such as strongly typed XML, large XML processing, and XML in constrained memory environments come to mind as potential targets. Customization and optimization are possible both for the underlying tree model, and for the bridge implementation. There is no restriction against implementing multiple bridges for a single underlying tree modelÃ¢â&#130;¬â&#128;&#157;since the pattern is injection, two significantly different bridge implementations over the same underlying tree model may be used by a single application. Here again, there are significant opportunities for domain optimization, in this case by optimizing the bridge implementation rather than changing the underlying tree model.</ns1:para><ns1:para pattern="Block" structure="Paragraph ">gXML's championing of the immutable paradigm for XML processing carries powerful potentials for performance enhancements. We cannot, at this point, quantify these benefits (they may even be chimerical), but we have seen immutability adopted in other areas specifically in order to improve performance. Immutability provides guarantees that enable concurrent processing, an increasingly common requirement for applications and processors that must scale to handle large volumes of traffic. With a custom tree model (even an immutable implementation of the DOM, potentially), the notorious impact of XML on memory can potentially be reduced. For applications and processors that already address multiple tree models, significant reductions in code size may accompany improved performance and consistency. Our experience suggests that restating problems as transformation rather than mutation tends to lead to cleaner, better-encapsulated, and typically more performant code.</ns1:para><ns1:para pattern="Block" structure="Paragraph ">One particular area in which gXML holds enormous promise is in the processing of "large XML". This is, in a way, the same problem as processing XML with "constrained memory;" whether one identifies the XML as too-large, or memory as too-small, the problem is the same. How can XML be processed if it is too large to fit at once into memory? The obvious answer is a custom tree model, but this answer immediately presents the developer with the DOM "Hobson's choice" outlined above. gXML removes that issue; a processor or application programmed against the gXML API can inject a simple, mature tree model for most processing, or a custom, stored-to-disk, low-memory tree model when the size of the target document exceeds a specified threshold.</ns1:para><ns1:para pattern="Block" structure="Paragraph ">Developers of technologies that compete with XML as descriptions of structured, hierarchical data may have no interest in presenting their formats as XML (may even resent the suggestion), but there are advantages to doing so: the XML programming environment is a large one, populated with numerous processors and applications. A bridge over other such data formatsÃ¢â&#130;¬â&#128;&#157;JSON, for a high-profile exampleÃ¢â&#130;¬â&#128;&#157;could provide that format with the capabilities of the entire suite of XML tools (with the reservation that there is apt to be an impedance mismatch of some degree, that the bridge will attempt to minimize). This is most interesting when gXML is used with the immutable paradigm; modifying these alternative structured hierarchical data formats as well as analyzing them is a more difficult problem and likely to have a higher degree of impedance mismatch.</ns1:para><ns1:para pattern="Block" structure="Paragraph ">Again particularly with respect to immutable processing, gXML offers an opportunity to pass XML across the virtual machine/Java Native Interface boundary. The XQuery Data Model defines the operations and properties that are possible with (g)XML; there is no impediment to producing a specification-compliant API in other languages, whether they are hosted in the VM (Scala, Jython) or outside it (C++, Perl, Lua). This in turn suggests possibilities for enabling most-efficient processing, for enabling scripting in domain-specific languages, and so on.</ns1:para><ns1:para pattern="Block" structure="Paragraph ">Perhaps most significantly, from the point of view of the gXML development team: in recent years a number of new specifications have appeared that offer exciting opportunities for advancing the state of the art of XML processing. In Java, adoption of these technologiesÃ¢â&#130;¬â&#128;&#157;XQuery, XSLT2, XML databasesÃ¢â&#130;¬â&#128;&#157;has been slowed by the lack of support in dominant models, and the limited extensibility possible. Even XML Schema has seen relatively little adoption/development outside the enterprise; gXML includes a schema model to address that issue. More importantly, the XQuery Data Model seems to offer a well-thought foundation for the next ten years of development in XML-related technologies. gXML proposes to embody that model for Java, while providing compatibility with the existing tree models, enabling a unification of processing while promoting differentiation, specialization, and customization of models.</ns1:para></ns1:section><ns1:section xml:id="conclusion" pattern="HeadedContainer" structure="Section "><ns1:title pattern="Block" structure="SectionTitle ">gXML Solution(s)</ns1:title><ns1:para pattern="Block" structure="Paragraph ">We submit that gXML addresses the problems that its design set out to address, and that have plagued a large population of developers. It resolves the problem of multiple, competing tree models in Java, leverages the network effect of the dominant Java tree model for XML (and in fact shares that network effect with any other tree model over which a gXML bridge is available), and permits comparison of and late (even runtime) selection of a model best suited to the task. In the process, it begins to resolve the problems of interoperability. It is based on a well-defined, rigorous specification (the XQuery Data Model), which appears to be the best foundation for the next generation of XML technologies. It introduces and promotes the immutable paradigm for XML processing, and permits or encourages the development of models able to fulfill the promise of that paradigm.</ns1:para><ns1:para pattern="Block" structure="Paragraph ">gXML represents about five man-years of development, in its current state. Its corporate sponsor has contributed it to open source because its value can be directly correlated with its adoption. More bridges: more value (to the contributing corporation and to everyone using gXML). More processors: more value. For more code, though, we need help. Get involved! Try the code. Our experience has been that it has immediate benefits, even for isolated applications and processors. See a bug? Contribute a patch! Intrigued by the promise gXML offers? Become a committer!</ns1:para><ns1:para pattern="Block" structure="Paragraph ">Based on the previous ten years, introduction of so significant a shift in APIs and paradigms in the Java world will need to last at least ten years. The APIs developed ten years ago, viewed in hindsight, show what seem to be obvious lacunae or missed focus. Are there such gaps and blind spots in gXML? Take a look; if we're missing something, tell us now, and help us to address it.</ns1:para><ns1:para pattern="Block" structure="Paragraph ">Interested in the opportunities, but not in refining the core APIs? Want to provide an XQuery Data Model over a different, currently unsupported tree model (even over a non-XML structured data model)? Write a bridge. Our experience suggests that investment for a new bridge is about one programmer-month, for complete, but unoptimized functionality. Refinements depend upon the underlying tree model; those that are closer in concept to the XQuery Data Model tend to be easier to improve, while those further away (particularly if they don't conform to XML Infoset) provide more challenges. If developers involved in JDOM, DOM4J, or XOM are reading this, we hope to have intrigued you enough that you'll contribute (or provide independently) a bridge implementation for those models. What about a bridge for JSON? CSV? Could the new, XQuery-conformant crop of XML databases expose programming interfaces as bridges or as processors?</ns1:para><ns1:para pattern="Block" structure="Paragraph ">Interested in a particular application of XML? Can it be conceived as an XML processor? Development investment for a gXML processor varies pretty widely, depending upon the complexity of the processing to be done. For instance, the schema validation module included in the gXML source represents perhaps six months of work; the conversion processor (because it really does nothing more than embody an idiom already supported in the gXML core APIs) required no more than a week. XQuery or XSLT 2.0 processors would represent significant time investments. The field is vast, though, so it is impossible to characterize (either in time or complexity) everything in it.</ns1:para><ns1:para pattern="Block" structure="Paragraph ">Are we missing an obvious opportunity? Tell us about it. Or ... do it, and show us up. Our primary hope, in releasing the code and this paper, is to generate some excitement about the possibilities we believe to be inherent in the gXML refactoring of XML in Java. Get excited; this could change the game.</ns1:para></ns1:section><ns1:appendix xml:id="gxml-code" pattern="HeadedContainer" structure="Section "><ns1:title pattern="Block" structure="SectionTitle ">gXML: Source</ns1:title><ns1:para pattern="Block" structure="Paragraph ">As previously noted, the core of the gXML paradigm is an abstraction called<ns1:code pattern="Atom">Model</ns1:code>. Because this is an example of the<ns1:emphasis pattern="Inline">Handle/Body</ns1:emphasis>design pattern (and is stateless), only one instance of<ns1:code pattern="Atom">Model</ns1:code>is needed for navigation and investigation for any and all instances of the XML tree model for which the particular<ns1:code pattern="Atom">Model</ns1:code>is specialized. Consequently, it seems worthwhile to show the content of the<ns1:code pattern="Atom">Model</ns1:code>abstraction. Comments have been removed.</ns1:para><ns1:para pattern="Block" structure="Paragraph "><ns1:code pattern="Atom">Model</ns1:code>is composed from three interfaces, reflecting three different forms of information that might be obtained from an XQuery Data Model:<ns1:code pattern="Atom">NodeInformer</ns1:code>reports information about the content/state of a particular node in context;<ns1:code pattern="Atom">NodeNavigator</ns1:code>permits one to obtain a different node given a particular starting node;<ns1:code pattern="Atom">AxisNavigator</ns1:code>supplies iteration over the standard XPath/XQuery axes, starting from a particular origin node.</ns1:para><ns1:programlisting xml:id="Model" xml:space="preserve" pattern="Block" xreflabel="Model">public interface Model&lt;N&gt; extends Comparator&lt;N&gt;, NodeInformer&lt;N&gt;, NodeNavigator&lt;N&gt;, AxisNavigator&lt;N&gt; { void stream(N node, boolean copyNamespaces, ContentHandler handler) throws GxmlException; } public interface NodeInformer&lt;N&gt; { Iterable&lt;QName&gt; getAttributeNames(N node, boolean orderCanonical); String getAttributeStringValue(N parent, String namespaceURI, String localName); URI getBaseURI(N node); URI getDocumentURI(N node); String getLocalName(N node); Iterable&lt;NamespaceBinding&gt; getNamespaceBindings(N node); String getNamespaceForPrefix(N node, String prefix); Iterable&lt;String&gt; getNamespaceNames(N node, boolean orderCanonical); String getNamespaceURI(N node); Object getNodeId(N node); NodeKind getNodeKind(N node); String getPrefix(N node); String getStringValue(N node); boolean hasAttributes(N node); boolean hasChildren(N node); boolean hasNamespaces(N node); boolean hasNextSibling(N node); boolean hasParent(N node); boolean hasPreviousSibling(N node); boolean isAttribute(N node); boolean isElement(N node); boolean isId(N node); boolean isIdRefs(N node); boolean isNamespace(N node); boolean isText(N node); boolean matches(N node, NodeKind nodeKind, String namespaceURI, String localName); boolean matches(N node, String namespaceURI, String localName); } public interface NodeNavigator&lt;N&gt; { N getAttribute(N node, String namespaceURI, String localName); N getElementById(N context, String id); N getFirstChild(N origin); N getFirstChildElement(N node); N getFirstChildElementByName(N node, String namespaceURI, String localName); N getLastChild(N node); N getNextSibling(N node); N getNextSiblingElement(N node); N getNextSiblingElementByName(N node, String namespaceURI, String localName); N getParent(N origin); N getPreviousSibling(N node); N getRoot(N node); } public interface AxisNavigator&lt;N&gt; { Iterable&lt;N&gt; getAncestorAxis(N node); Iterable&lt;N&gt; getAncestorOrSelfAxis(N node); Iterable&lt;N&gt; getAttributeAxis(N node, boolean inherit); Iterable&lt;N&gt; getChildAxis(N node); Iterable&lt;N&gt; getChildElements(N node); Iterable&lt;N&gt; getChildElementsByName(N node, String namespaceURI, String localName); Iterable&lt;N&gt; getDescendantAxis(N node); Iterable&lt;N&gt; getDescendantOrSelfAxis(N node); Iterable&lt;N&gt; getFollowingAxis(N node); Iterable&lt;N&gt; getFollowingSiblingAxis(N node); Iterable&lt;N&gt; getNamespaceAxis(N node, boolean inherit); Iterable&lt;N&gt; getPrecedingAxis(N node); Iterable&lt;N&gt; getPrecedingSiblingAxis(N node); }</ns1:programlisting></ns1:appendix><ns1:bibliography pattern="HeadedContainer" structure="Section "><ns1:title pattern="Block" structure="SectionTitle ">References</ns1:title><ns1:bibliomixed xml:id="AxiOM" pattern="Block"><ns1:emphasis pattern="Inline">Axiom 1.2.8 API</ns1:emphasis><ns1:link xmlns:ns2="http://www.w3.org/1999/xlink" ns2:actuate="onRequest" ns2:href="http://ws.apache.org/commons/axiom/apidocs/index.html" ns2:show="new" ns2:type="simple" pattern="Inline">http://ws.apache.org/commons/axiom/apidocs/index.html</ns1:link></ns1:bibliomixed><ns1:bibliomixed xml:id="LavaFlow" pattern="Block">Brown W., R. Malveau, H. McCormick, T. Mowbray, and S. W. Thomas.<ns1:emphasis pattern="Inline">Lava Flow anti-pattern</ns1:emphasis>(Dec. 1999)<ns1:link xmlns:ns2="http://www.w3.org/1999/xlink" ns2:actuate="onRequest" ns2:href="http://www.antipatterns.com/lavaflow.htm" ns2:show="new" ns2:type="simple" pattern="Inline">http://www.antipatterns.com/lavaflow.htm</ns1:link></ns1:bibliomixed><ns1:bibliomixed xml:id="DOM" pattern="Block"><ns1:emphasis pattern="Inline">Document Object Model Technical Reports</ns1:emphasis><ns1:link xmlns:ns2="http://www.w3.org/1999/xlink" ns2:actuate="onRequest" ns2:href="http://www.w3.org/DOM/DOMTR" ns2:show="new" ns2:type="simple" pattern="Inline">http://www.w3.org/DOM/DOMTR</ns1:link></ns1:bibliomixed><ns1:bibliomixed xml:id="DOM4J" pattern="Block"><ns1:emphasis pattern="Inline">DOM4J Introduction</ns1:emphasis><ns1:link xmlns:ns2="http://www.w3.org/1999/xlink" ns2:actuate="onRequest" ns2:href="http://dom4j.sourceforge.net/" ns2:show="new" ns2:type="simple" pattern="Inline">http://dom4j.sourceforge.net/</ns1:link></ns1:bibliomixed><ns1:bibliomixed xml:id="XML" pattern="Block"><ns1:emphasis pattern="Inline">Extensible Markup Language (XML) 1.0 (Fifth Edition)</ns1:emphasis><ns1:link xmlns:ns2="http://www.w3.org/1999/xlink" ns2:actuate="onRequest" ns2:href="http://www.w3.org/TR/xml/" ns2:show="new" ns2:type="simple" pattern="Inline">http://www.w3.org/TR/xml/</ns1:link></ns1:bibliomixed><ns1:bibliomixed xml:id="GOF" pattern="Block">Gamma, E., R. Helm, R. Johnson, and J. Vlissides.<ns1:emphasis pattern="Inline">Design Patterns: Elements of Reusable Object-Oriented Software</ns1:emphasis>Addison-Wesley, 1995.</ns1:bibliomixed><ns1:bibliomixed xml:id="XMLInJava" pattern="Block">Harold, E.<ns1:emphasis pattern="Inline">Processing XML with Java</ns1:emphasis><ns1:link xmlns:ns2="http://www.w3.org/1999/xlink" ns2:actuate="onRequest" ns2:href="http://www.cafeconleche.org/books/xmljava/" ns2:show="new" ns2:type="simple" pattern="Inline">http://www.cafeconleche.org/books/xmljava/</ns1:link></ns1:bibliomixed><ns1:bibliomixed xml:id="WhatsWrong" pattern="Block">Harold, E. "What's Wrong with XML APIs (and how to fix them)"<ns1:link xmlns:ns2="http://www.w3.org/1999/xlink" ns2:actuate="onRequest" ns2:href="http://www.xom.nu/whatswrong/whatswrong.html" ns2:show="new" ns2:type="simple" pattern="Inline">http://www.xom.nu/whatswrong/whatswrong.html</ns1:link></ns1:bibliomixed><ns1:bibliomixed xml:id="Jaxen" pattern="Block"><ns1:emphasis pattern="Inline">Jaxen</ns1:emphasis><ns1:link xmlns:ns2="http://www.w3.org/1999/xlink" ns2:actuate="onRequest" ns2:href="http://jaxen.org/" ns2:show="new" ns2:type="simple" pattern="Inline">http://jaxen.org/</ns1:link></ns1:bibliomixed><ns1:bibliomixed xml:id="JDOM" pattern="Block"><ns1:emphasis pattern="Inline">JDOM v1.1.1 API Specification</ns1:emphasis><ns1:link xmlns:ns2="http://www.w3.org/1999/xlink" ns2:actuate="onRequest" ns2:href="http://www.jdom.org/docs/apidocs/" ns2:show="new" ns2:type="simple" pattern="Inline">http://www.jdom.org/docs/apidocs/</ns1:link></ns1:bibliomixed><ns1:bibliomixed xml:id="XMLNS" pattern="Block"><ns1:emphasis pattern="Inline">Namespaces in XML 1.0 (Second Edition)</ns1:emphasis><ns1:link xmlns:ns2="http://www.w3.org/1999/xlink" ns2:actuate="onRequest" ns2:href="http://www.w3.org/TR/xml-names" ns2:show="new" ns2:type="simple" pattern="Inline">http://www.w3.org/TR/xml-names</ns1:link></ns1:bibliomixed><ns1:bibliomixed xml:id="DMPerf" pattern="Block">Sosnoski, D. "XML and Java technologies: Document models, Part 1: Performance"<ns1:link xmlns:ns2="http://www.w3.org/1999/xlink" ns2:actuate="onRequest" ns2:href="http://www.ibm.com/developerworks/xml/library/x-injava/index.html" ns2:show="new" ns2:type="simple" pattern="Inline">http://www.ibm.com/developerworks/xml/library/x-injava/index.html</ns1:link></ns1:bibliomixed><ns1:bibliomixed xml:id="DMUse" pattern="Block">Sosnoski, D. "XML and Java technologies: Java document model usage"<ns1:link xmlns:ns2="http://www.w3.org/1999/xlink" ns2:actuate="onRequest" ns2:href="http://www.ibm.com/developerworks/xml/library/x-injava2/" ns2:show="new" ns2:type="simple" pattern="Inline">http://www.ibm.com/developerworks/xml/library/x-injava2/</ns1:link></ns1:bibliomixed><ns1:bibliomixed xml:id="Woden" pattern="Block"><ns1:emphasis pattern="Inline">Welcome to Woden</ns1:emphasis><ns1:link xmlns:ns2="http://www.w3.org/1999/xlink" ns2:actuate="onRequest" ns2:href="http://ws.apache.org/woden/" ns2:show="new" ns2:type="simple" pattern="Inline">http://ws.apache.org/woden/</ns1:link></ns1:bibliomixed><ns1:bibliomixed xml:id="Xalan" pattern="Block"><ns1:emphasis pattern="Inline">Xalan-Java</ns1:emphasis><ns1:link xmlns:ns2="http://www.w3.org/1999/xlink" ns2:actuate="onRequest" ns2:href="http://xml.apache.org/xalan-j/index.html" ns2:show="new" ns2:type="simple" pattern="Inline">http://xml.apache.org/xalan-j/index.html</ns1:link></ns1:bibliomixed><ns1:bibliomixed xml:id="XalanDTM" pattern="Block"><ns1:emphasis pattern="Inline">XalanDTM</ns1:emphasis><ns1:link xmlns:ns2="http://www.w3.org/1999/xlink" ns2:actuate="onRequest" ns2:href="http://xml.apache.org/xalan-j/dtm.html" ns2:show="new" ns2:type="simple" pattern="Inline">http://xml.apache.org/xalan-j/dtm.html</ns1:link></ns1:bibliomixed><ns1:bibliomixed xml:id="Infoset" pattern="Block"><ns1:emphasis pattern="Inline">XML Information Set (Second Edition)</ns1:emphasis><ns1:link xmlns:ns2="http://www.w3.org/1999/xlink" ns2:actuate="onRequest" ns2:href="http://www.w3.org/TR/xml-infoset" ns2:show="new" ns2:type="simple" pattern="Inline">http://www.w3.org/TR/xml-infoset</ns1:link></ns1:bibliomixed><ns1:bibliomixed xml:id="XPath1" pattern="Block"><ns1:emphasis pattern="Inline">XML Path Language (XPath), Version 1.0</ns1:emphasis><ns1:link xmlns:ns2="http://www.w3.org/1999/xlink" ns2:actuate="onRequest" ns2:href="http://www.w3.org/TR/xpath/" ns2:show="new" ns2:type="simple" pattern="Inline">http://www.w3.org/TR/xpath/</ns1:link></ns1:bibliomixed><ns1:bibliomixed xml:id="WXS1" pattern="Block"><ns1:emphasis pattern="Inline">XML Schema Part 1: Structures Second Edition</ns1:emphasis><ns1:link xmlns:ns2="http://www.w3.org/1999/xlink" ns2:actuate="onRequest" ns2:href="http://www.w3.org/TR/xmlschema-1/" ns2:show="new" ns2:type="simple" pattern="Inline">http://www.w3.org/TR/xmlschema-1/</ns1:link></ns1:bibliomixed><ns1:bibliomixed xml:id="WXS2" pattern="Block"><ns1:emphasis pattern="Inline">XML Schema Part 2: Datatypes Second Edition</ns1:emphasis><ns1:link xmlns:ns2="http://www.w3.org/1999/xlink" ns2:actuate="onRequest" ns2:href="http://www.w3.org/TR/xmlschema-2/" ns2:show="new" ns2:type="simple" pattern="Inline">http://www.w3.org/TR/xmlschema-2/</ns1:link></ns1:bibliomixed><ns1:bibliomixed xml:id="XOM" pattern="Block"><ns1:emphasis pattern="Inline">XOM 1.2.5</ns1:emphasis><ns1:link xmlns:ns2="http://www.w3.org/1999/xlink" ns2:actuate="onRequest" ns2:href="http://www.xom.nu/apidocs/" ns2:show="new" ns2:type="simple" pattern="Inline">http://www.xom.nu/apidocs/</ns1:link></ns1:bibliomixed><ns1:bibliomixed xml:id="XDM" pattern="Block"><ns1:emphasis pattern="Inline">XQuery 1.0 and XPath 2.0 Data Model (XDM)</ns1:emphasis><ns1:link xmlns:ns2="http://www.w3.org/1999/xlink" ns2:actuate="onRequest" ns2:href="http://www.w3.org/TR/xpath-datamodel/" ns2:show="new" ns2:type="simple" pattern="Inline">http://www.w3.org/TR/xpath-datamodel/</ns1:link></ns1:bibliomixed><ns1:bibliomixed xml:id="XSLT1" pattern="Block"><ns1:emphasis pattern="Inline">XSL Transformations (XSLT), Version 1.0</ns1:emphasis><ns1:link xmlns:ns2="http://www.w3.org/1999/xlink" ns2:actuate="onRequest" ns2:href="http://www.w3.org/TR/xslt" ns2:show="new" ns2:type="simple" pattern="Inline">http://www.w3.org/TR/xslt</ns1:link></ns1:bibliomixed><ns1:bibliomixed xml:id="XT" pattern="Block"><ns1:emphasis pattern="Inline">XT</ns1:emphasis><ns1:link xmlns:ns2="http://www.w3.org/1999/xlink" ns2:actuate="onRequest" ns2:href="http://www.blnz.com/xt/index.html" ns2:show="new" ns2:type="simple" pattern="Inline">http://www.blnz.com/xt/index.html</ns1:link></ns1:bibliomixed></ns1:bibliography></ns1:article>