<?xml version="1.0" encoding="UTF-8"?><ns1:iml xmlns:ns1="http://www.cs.unibo.it/2006/iml" pattern="Record"><ns1:head pattern="Container" structure="FrontMatter "><ns1:title pattern="Field" structure="Title ">Managing semantics in XML vocabularies: an experience in the legal and legislative domain</ns1:title><ns1:meta content="1" name="author.1.number" pattern="Meta"/><ns1:meta content="Gioele Barabucci" name="author.1.name" pattern="Meta"/><ns1:meta content="Department of Computer Science@University of Bologna@Bologna@Italy" name="author.1.affiliation" pattern="Meta"/><ns1:meta content="barabucc@cs.unibo.it" name="author.1.email" pattern="Meta"/><ns1:meta content="Gioele Barabucci holds a degree in Computer Science at the Univeristy of Bologna. The main research interests in his current Ph.D. Carerr include Web technologies, content formatting and XML schema languages." name="author.1.blurb" pattern="Meta"/><ns1:meta content="2" name="author.2.number" pattern="Meta"/><ns1:meta content="Luca Cervone" name="author.2.name" pattern="Meta"/><ns1:meta content="CIRSFID@University of Bologna@Bologna@Italy" name="author.2.affiliation" pattern="Meta"/><ns1:meta content="luca.cervone@unibo.it" name="author.2.email" pattern="Meta"/><ns1:meta content="Luca Cervone is a Master student in Computer Science and he hold a grant with CIRSFID." name="author.2.blurb" pattern="Meta"/><ns1:meta content="3" name="author.3.number" pattern="Meta"/><ns1:meta content="Angelo Di Iorio" name="author.3.name" pattern="Meta"/><ns1:meta content="Department of Computer Science@University of Bologna@Bologna@Italy" name="author.3.affiliation" pattern="Meta"/><ns1:meta content="diiorio@cs.unibo.it" name="author.3.email" pattern="Meta"/><ns1:meta content="Angelo Di Iorio holds a Ph.D. in Computer Science, from the University of Bologna. His thesis is positioned over markup languages and document engineering areas, being focused on design patterns for digital documents and automatic processes of analysis and segmentation. During his PhD he has also worked on collaborative authoring, document versioning, content formatting, and semantic web technologies. His research interests have recently extended towards layout languages and algorithms. He is a member of the W3C XSL-FO working group, and author of several conference and journal papers on markup languages, digital publishing and Web technologies." name="author.3.blurb" pattern="Meta"/><ns1:meta content="4" name="author.4.number" pattern="Meta"/><ns1:meta content="Monica Palmirani" name="author.4.name" pattern="Meta"/><ns1:meta content="CIRSFID@University of Bologna@Bologna@Italy" name="author.4.affiliation" pattern="Meta"/><ns1:meta content="monica.palmirani@unibo.it" name="author.4.email" pattern="Meta"/><ns1:meta content="Monica Palmirani is associate professor in Law and Computer Science Department (CIRSFID) at the University of Bologna, where she teaches Cyberlaw." name="author.4.blurb" pattern="Meta"/><ns1:meta content="5" name="author.5.number" pattern="Meta"/><ns1:meta content="Silvio Peroni" name="author.5.name" pattern="Meta"/><ns1:meta content="Department of Computer Science@University of Bologna@Bologna@Italy" name="author.5.affiliation" pattern="Meta"/><ns1:meta content="speroni@cs.unibo.it" name="author.5.email" pattern="Meta"/><ns1:meta content="Silvio Peroni holds a degree in Computer Science at the University of Bologna. The main research interests in his current Ph.D. career include Semantic Web technologies, markup languages for complex documents, design patterns for digital documents and automatic processes of analysis and segmentation. He has published 9 scientific papers about these subjects." name="author.5.blurb" pattern="Meta"/><ns1:meta content="6" name="author.6.number" pattern="Meta"/><ns1:meta content="Fabio Vitali" name="author.6.name" pattern="Meta"/><ns1:meta content="Department of Computer Science@University of Bologna@Bologna@Italy" name="author.6.affiliation" pattern="Meta"/><ns1:meta content="fabio@cs.unibo.it" name="author.6.email" pattern="Meta"/><ns1:meta content="Fabio Vitali is associate professor in Computer Science at the University of Bologna, where he teaches Web Technologies and Human-Computer Interaction. His interests lie in models and languages for document management and hypertext support, and has published more than 60 papers in national and international venues. He is member of the W3C Working Group on XML Schema, and member of the scientific committee of several conferences and journals in Web engineering and technologies. He is author of important standards in the legislative XML Domain, and work on issues related to digital publishing, Web technologies and Semantic Web technologies." name="author.6.blurb" pattern="Meta"/><ns1:meta content="XML vocabulary" name="keyword" pattern="Meta"/><ns1:meta content="Parliamentary documents" name="keyword" pattern="Meta"/><ns1:meta content="Legal reasoning" name="keyword" pattern="Meta"/><ns1:meta content="GRDDL" name="keyword" pattern="Meta"/><ns1:meta content="Legal and legislative resource" name="keyword" pattern="Meta"/></ns1:head><ns1:body pattern="Container" structure="BodyMatter "><ns1:div class="abstract" id="abs" pattern="HeadedContainer" structure="Section "><ns1:h1 pattern="Block" structure="SectionTitle ">Abstract</ns1:h1><ns1:p pattern="Block" structure="Paragraph ">Akoma Ntoso is an XML vocabulary for legal and legislative documents sponsored by the United Nations, initially for African Countries and subsequently for use in other world countries. The XML documents that represent legal and legislative resources in Akoma Ntoso contain a large quantity of elements and sections with concrete semantic information about the correct description and identification of the resource itself and the legal knowledge it contains. Such information is organized in many distinct conceptual layers, allowing for the contribution of different semantic information according to competencies and role in the workflow of the contributor.</ns1:p><ns1:p pattern="Block" structure="Paragraph ">This paper shows how the Akoma Ntoso standard expresses the independent conceptual layers of semantic information, and provides ontological structures on top of them. We also discuss how current Semantic Web technologies could be used on these layers to reason on the underlying legal texts.</ns1:p><ns1:p pattern="Block" structure="Paragraph ">As one of the main funding principles of Akoma Ntoso is the long-term preservation of legal documents and of their intended meaning, this paper also shows and justifies some design decisions that have been made in order allow future toolmakers to access the enclosed legal information without having to rely on current technology that may be long forgotten in the future decades.</ns1:p></ns1:div><ns1:div class="section" pattern="HeadedContainer" structure="Section "><ns1:h1 pattern="Block" structure="SectionTitle ">Introduction</ns1:h1><ns1:p pattern="Block" structure="Paragraph ">Akoma Ntoso is an XML vocabulary for legal and legislative documents whose primary objective is to provide semantic information on top of a received legal text. There are three key aspects of legal documents on which Akoma Ntoso focuses: identification of structures, references to other legal documents and storage of non-authoritative annotations. Structures are identified and marked up according to an XML vocabulary based on common patterns found in legal documents. References to legal documents across countries are made using a common naming convention based on URIs. Third-party annotations and interpretations (broadly called<ns1:i pattern="Inline">metadata</ns1:i>) are stored using and ontologically sound approach compatible with Topic Maps<ns1:a class="ref" href="TopicMaps" pattern="Milestone"/>, OWL<ns1:a class="ref" href="OWL" pattern="Milestone"/>and GRDDL<ns1:a class="ref" href="GRDDL" pattern="Milestone"/>.</ns1:p><ns1:p pattern="Block" structure="Paragraph ">The XML documents created according to the Akoma Ntoso specifications use a layered structure where each layer addresses a single problem: the<ns1:i pattern="Inline">text</ns1:i>layer provides a faithful representation of the original content of the legal text, the<ns1:i pattern="Inline">structure</ns1:i>layer provides a hierarchical organization of the parts present in the text layers, the<ns1:i pattern="Inline">metadata</ns1:i>layer associate information from the underlying layers with ontological information. Whenever this semantic information is the result of a subjective interpretation, Akoma Ntoso allows multiple and independent opinions to be stored in a formal way within the document, and used alternatively, cumulatively or compared to each other.</ns1:p><ns1:p pattern="Block" structure="Paragraph ">The layered structure of Akoma Ntoso is an attempt at balancing extensibility, needed to accommodate the specific needs of individual countries, with clarity and self-explanatoriness, both needed for the preservation of legal digital resources over time (even long spans of time, measured in decades or centuries). Both these aspect have been evaluated taking into account the fact that long preservation of Akoma Ntoso documents must be possible even without access to the extensive original documentation.</ns1:p><ns1:p pattern="Block" structure="Paragraph ">The same layered structure creates a strict separation between the content that has been approved by the body empowered by law to endorse it (data) and what has been added by other parties (metadata). This separation significantly helps the development of tools able to preserve and guarantee the authenticity of the processed legal document, favouring trust towards e-government initiatives. In fact, Akoma Ntoso XML documents can be managed in any step of the legislative or judiciary life cycle (for instance, in the publishing phase) without any modification to the received text.</ns1:p><ns1:p pattern="Block" structure="Paragraph ">While Akoma Ntoso imposes an (extensible) XML vocabulary, it does not prescribe the use of a particular ontology. Actually Akoma Ntoso defines a minimal and loose ontology based on few<ns1:i pattern="Inline">Top Level Classes</ns1:i>(TLCs) e.g., Person, Role, Concept, etc. These classes are only generic groupings of instances: no particular property is defined for any of them. Inside an Akoma Ntoso document, a section of the metadata links pieces of text with the appropriate TLC instances, another section of the metadata combines these instances to create complex relations.</ns1:p><ns1:p pattern="Block" structure="Paragraph ">To perform elaborated computations on a document or on a collection of documents, more precise ontologies have to be used and linked with the provided metadata. For example, we may be interested in using the FRBR (Functional Requirements for Bibliographic Records) ontology to associate some of the document metadata describing legislative documents to FRBR concepts like Work or Expression of a Work. Another example is the representation of individual persons: instances of the TLC Person class may be associated to instances of the Person class of the FOAF (Friend of a Friend) ontology or to instances of the Creator class of the Dublin Core ontology. Akoma Ntoso allows the use of these and of future ontologies.</ns1:p><ns1:p pattern="Block" structure="Paragraph ">Even if one relies only on the bare knowledge provided by the Akoma Ntoso minimal ontology and by its document markup, there are many interesting queries that can be carried out using only the original document. Some of these queries can be expressed through XPath expressions<ns1:a class="ref" href="XPath" pattern="Milestone"/>, even though it is syntactically and semantically better to query documents metadata (extracted and stored in RDF statements) through SPARQL<ns1:a class="ref" href="SPARQL" pattern="Milestone"/>. Another way to use the same semantic information (accompanied or not accompanied by an external ontology) it to use it as a knowledge base on top of which systems based on LKIF (Legal Knowledge Interchange Format)<ns1:a class="ref" href="LKIF" pattern="Milestone"/>or RuleML<ns1:a class="ref" href="RuleML" pattern="Milestone"/>can operate.</ns1:p><ns1:p pattern="Block" structure="Paragraph ">This paper is organized as follows.<ns1:a class="ref" href="SectionANArchitecture" pattern="Milestone"/>illustrates the layered architecture of the Akoma Ntoso vocabulary.<ns1:a class="ref" href="SectionDataLayers" pattern="Milestone"/>describes the lower layers of the Akoma Ntoso document architecture where the legal text is described and the hooks used by upper layers are added.<ns1:a class="ref" href="SectionMetadataLayer" pattern="Milestone"/>shows how authoritative and non-authoritative legal knowledge (metadata) can be codified in an Akoma Ntoso document. Finally,<ns1:a class="ref" href="SectionSemanticTechnologies" pattern="Milestone"/>illustrates how current semantic tools can use the generic Akoma Ntoso ontology system to reason over legal documents.</ns1:p><ns1:p pattern="Block" structure="Paragraph ">Note: throughout this paper we will use the terms<ns1:i pattern="Inline">legal text</ns1:i>and<ns1:i pattern="Inline">legal resource</ns1:i>for legal texts as endorsed by an official authority; we will use the term<ns1:i pattern="Inline">legal document</ns1:i>for their computer representation; we will use the terms<ns1:i pattern="Inline">legal content</ns1:i>or<ns1:i pattern="Inline">normative content</ns1:i>for pointing out the normative meaning of the text.</ns1:p></ns1:div><ns1:div class="section" id="SectionANArchitecture" pattern="HeadedContainer" structure="Section "><ns1:h1 pattern="Block" structure="SectionTitle ">The Akoma Ntoso document architecture</ns1:h1><ns1:p pattern="Block" structure="Paragraph ">The role of Akoma Ntoso is to mark up legal and legislative texts so that the legal knowledge and the legal structure of the text can be understood by current and future computer applications. This means that legal texts form the basis on which Akoma Ntoso documents exist. Akoma Ntoso documents add information on top of the actual text. The added information can itself be seen as composed of different stratified layers (text, structure, metadata, etc.)<ns1:a class="ref" href="FillTheGap" pattern="Milestone"/>. Akoma Ntoso clearly separates the legal text from these different levels of information but still allows higher layers to reference the underlying layers, thus building knowledge on top of other knowledge, with the content of the legal text acting as the base knowledge.</ns1:p><ns1:p pattern="Block" structure="Paragraph ">As with any technology that deals with legal resources, Akoma Ntoso has been designed to work on the original text without changing to it. Words and punctuation marks, but also other typographical symbols, are left untouched by the mark up process that transforms a plain-text legal document into an Akoma Ntoso-compliant XML document.</ns1:p><ns1:p pattern="Block" structure="Paragraph ">Additionally, Akoma Ntoso maintains a strict separation between data and metadata and provides an unambiguous definition of them as well as an operational distinction in authoriality: as such, data is any information that has been created or at least approved by the relevant legal author (for example the whole of the text of an act), while metadata is any information that was not present in the original version of the document as it was approved by the relevant legal author but was added editorially in a later moment of the production process (e.g., the issue number of the official gazette or, even, the page numbers in the printed version of the same act).</ns1:p><ns1:p pattern="Block" structure="Paragraph ">The distinction between data and metadata is not only a theoretical distinction, since the actual layers of markup in Akoma Ntoso,<ns1:i pattern="Inline">text</ns1:i>,<ns1:i pattern="Inline">structure</ns1:i>and<ns1:i pattern="Inline">metadata</ns1:i>, are based on it.</ns1:p><ns1:p pattern="Block" structure="Paragraph ">Textual markup identifies, within the content of the legal documents, fragments that have a precise legal or referential meaning, e.g., concepts such as “this piece of text is a date”, “this piece of text is a legal reference” or “this piece of text contains the name of a party of the trial”. Structural markup identifies and organize the parts of the content that divide it into containers, and especially hierarchical containers: “this piece of text is an article” or “this piece of text is the title of an act”, “this piece of text is the background section of a judgement”, etc. Metadata markup adds knowledge generated by an interpretation of the legal text performed by an human or mechanical agent: “the phrase the pre-existing Acts refers to Act 32 of 1989 and Act 2 of 1990”, or “the person cited in the minutes as Mr. Gidisu is really Mr. Joe Kwashie Gisidu, the only member of the current Ghanaian parliament with that name and elected to a seat in it since 2000”.</ns1:p><ns1:p pattern="Block" structure="Paragraph ">The analysis of the textual and structural information is quite straightforward and its results are rarely disputed. On the contrary, the analysis of more advanced concepts found in the legal text requires some experience and it is easy for different sources to disagree on the generated interpretation. For this reason Akoma Ntoso documents have exactly one textual and one structural layer in each documents while interpretation of the advanced concepts is stored as metadata, and Akoma Ntoso allows multiple metadata layers in the same document, each providing an interpretation by a different source.</ns1:p><ns1:p pattern="Block" structure="Paragraph ">Finally, each interpretation added by a specific actor can be linked to ontologies of legal concepts (e.g. date of enter into force as modelled by the LKIF-core ontology or the concept of the High Court of South Africa as modelled in an ontology about the judiciary system in Africa) by associating ABox assertions, described in the XML document and extractable in a more proper data model using GRDDL<ns1:a class="ref" href="GRDDL" pattern="Milestone"/>, to the general TBox properties, axioms and relationships defined into the core or domain ontology.</ns1:p></ns1:div><ns1:div class="section" id="SectionDataLayers" pattern="HeadedContainer" structure="Section "><ns1:h1 pattern="Block" structure="SectionTitle ">The authorial layers</ns1:h1><ns1:p pattern="Block" structure="Paragraph ">Any Akoma Ntoso document is based on a legal resource that has been endorsed by an authority empowered by law: an act approved by a parliament, a decree issued by a ministry, a judgement entered by a court. Fidelity to the approved text is, thus, of primary importance; the data layers of Akoma Ntoso have been designed so that it is possible to markup a received legal text while preserving all the information contained in it and changing its content in no way.</ns1:p><ns1:p pattern="Block" structure="Paragraph ">The documents that Akoma Ntoso deals with are legal resources whose significance is given by the fact that they have the power to influence citizens' life. Legal texts must, thus, be handled with extreme care and all the measures should be taken to make sure that the technological tools employed to manipulate the texts do not change or interfere with their intended meaning.</ns1:p><ns1:p pattern="Block" structure="Paragraph ">In Akoma Ntoso, legal documents are created by enclosing parts of the legal text in XML tags (mixed content model). No pieces of the legal text are discarded, even those that could be generated by an application (e.g. the article numbers in an act). The resulting documents are thus augmented versions of the authentic text; the approved text can be retrieved by simply removing all the XML tags.</ns1:p><ns1:p pattern="Block" structure="Paragraph ">The Akoma Ntoso markup process strives to preserve the legal validity of the text as endorsed by the official authority, without adding any additional content to the text. Obviously, the mere act of marking up a sentence involves an act of interpretation or annotation and thus cannot be considered perfectly neutral. However, the kind of markup done at the Akoma Ntoso data layers is almost objective, to the point that some automatic parsers have been developed<ns1:a class="ref" href="Norma" pattern="Milestone"/>, and is rarely subject to disputes. For this reason Akoma Ntoso documents are designed to contain only one interpretation of the text and structure layers.</ns1:p><ns1:p pattern="Block" structure="Paragraph ">In addition to the importance of associating content fragments to their structural roles, the markup in the text and structure layers also provide anchors that the upper layers can use to give meaning to pieces of text. For instance, to describe that a certain paragraph states a textual modification to a certain act, the relevant text would be marked up with a<ns1:span class="code" pattern="Inline">mod</ns1:span>element and given an identifier via its<ns1:span class="code" pattern="Inline">id</ns1:span>attribute. At the same time, in the metadata section, there will be one (or more)<ns1:span class="code" pattern="Inline">textualMod</ns1:span>elements referring to the URI of the<ns1:span class="code" pattern="Inline">mod</ns1:span>element that will link that piece of text to its semantic description. The following sections contains examples of how<ns1:span class="code" pattern="Inline">textualMod</ns1:span>and other legal analysis are connected to the authorial layer.</ns1:p></ns1:div><ns1:div class="section" id="SectionMetadataLayer" pattern="HeadedContainer" structure="Section "><ns1:h1 pattern="Block" structure="SectionTitle ">The editorial layer</ns1:h1><ns1:p pattern="Block" structure="Paragraph ">The Akoma Ntoso metadata layer is a collection of pieces of legal knowledge that can be added onto a legal text by an editorial team as its personal interpretation of the written text, for example the analysis of the reasoning being performed by the judge while writing a judgement or the explicit consequences of the text of an amendment over an act. These pieces of legal knowledge are often subjective may vary across experts. Instead of forcing a single interpretation, Akoma Ntoso allows multiple, and even contrasting, interpretations to be put in the same document. These interpretations of the underlying text form the foundation upon which semantic technologies can make inferences (as discussed in<ns1:a class="ref" href="SectionSemanticTechnologies" pattern="Milestone"/>).</ns1:p><ns1:p pattern="Block" structure="Paragraph ">The metadata layer allows agents to provide different kinds of information. The following are examples of the information that can be added with Akoma Ntoso.</ns1:p><ns1:p pattern="Block" structure="Paragraph "><ns1:b pattern="Inline">Reference disambiguation.</ns1:b>The<ns1:span class="code" pattern="Inline">references</ns1:span>section links pieces of text to ontological entities. The usefulness of this information is twofold. First, conflicts between ambiguous phrases are resolved: for instance, in a sentence of a speech the text “Speaker” may be related to the role called “Speaker” (for example in the sentence “the Speaker must be at least of age 30”) while in another sentence the same text “Speaker” may refer to a specific person that is in charge as speaker at the very time the debate was held. In such a scenario, the<ns1:span class="code" pattern="Inline">references</ns1:span>section will contain these two elements (the<ns1:span class="code" pattern="Inline">href</ns1:span>attributes point to a URI defined by the Akoma Ntoso naming convention that will be explained in the next section):</ns1:p><ns1:p class="code" pattern="Block" structure="Paragraph ">&lt;TLCRole id="speaker" showAs="Speaker" href="/ontology/Role/gha/speaker"/&gt; &lt;TLCPerson id="speaker_20090218" showAs="Speaker" href="/ontology/Person/gha/parliament/JohnSmith.1948"/&gt;</ns1:p><ns1:p pattern="Block" structure="Paragraph ">Inside the document, occurrences of the word “Speaker” with the former meaning will be linked to<ns1:span class="code" pattern="Inline">#speaker</ns1:span>, occurrences of the word “Speaker” with the latter meaning will be linked to<ns1:span class="code" pattern="Inline"># speaker_20090218</ns1:span>.</ns1:p><ns1:p pattern="Block" structure="Paragraph ">In addition to disambiguation, references are used also to consolidate different spellings found in the text to a single entity; in a court judgement, phrases like “Ms. Poliey”, “Judge Poliey” and “Her Honour” can all be linked to the same person identified by the TLC Person instance<ns1:span class="code" pattern="Inline">/ontology/Person/Poliey.1954</ns1:span>.</ns1:p><ns1:p pattern="Block" structure="Paragraph "><ns1:b pattern="Inline">Legal analysis.</ns1:b>The<ns1:span class="code" pattern="Inline">analysis</ns1:span>section provides information about many legal aspects that can be inferred by a legal expert when interpreting the text. An example is the interpretation of the effects of an amendment in an amendment act. The following example states that, when the act will enter into force, part of the text of the document identified by<ns1:span class="code" pattern="Inline">/ke/act/1997-08-22/3/main</ns1:span>will be changed: inside the section<ns1:span class="code" pattern="Inline">#sec34-sub2-itma</ns1:span>of<ns1:span class="code" pattern="Inline">/ke/act/1997-08-22/3/main</ns1:span>, the text that matches the content of<ns1:span class="code" pattern="Inline">#mod10-qtd1</ns1:span>(relative to the current document) will be substituted with the content of<ns1:span class="code" pattern="Inline">#mod10-qtd2</ns1:span>(again, relative to the current document).</ns1:p><ns1:p class="code" pattern="Block" structure="Paragraph ">&lt;textualMod type="substitution" id="am5"&gt; &lt;source href="#sec4-sub1-itma"/&gt; &lt;destination href="/ke/act/1997-08-22/3/main#sec34-sub2-itma"/&gt; &lt;old href="#mod10-qtd1"/&gt; &lt;new href="#mod10-qtd2"/&gt; &lt;/textualMod&gt;</ns1:p><ns1:p pattern="Block" structure="Paragraph ">Another example is the identification of the role played by citations of precedents in the judgement argumentation of a judge (e.g., the application of a rule of law of a precedent, the override of a previous ruling, etc.). In the following excerpt it is pointed out that the sentence<ns1:span class="code" pattern="Inline">#ref01</ns1:span>(a reference to the judgement identified by the URI<ns1:span class="code" pattern="Inline">/gb/judgement/1829/QB273/eng@/main.xml</ns1:span>) is used to supports the court's decision to deny the request of statutory damages.</ns1:p><ns1:p class="code" pattern="Block" structure="Paragraph ">&lt;judicial&gt; &lt;result type="deny"/&gt; &lt;supports id="jdc01"&gt; &lt;source href="#ref01"/&gt; &lt;destination href="/gb/judgement/1829/QB273/eng@/main.xml"/&gt; &lt;/supports&gt; &lt;/judicial&gt;</ns1:p><ns1:p pattern="Block" structure="Paragraph "><ns1:b pattern="Inline">Work identification.</ns1:b>The identification section classifies the document using a conceptual model drawn from FRBR (Functional Requirements for Bibliographic Records)<ns1:a class="ref" href="FRBR" pattern="Milestone"/>. This classification is used to inform the semantic tools that the document is the XML rendering (a<ns1:i pattern="Inline">manifestation</ns1:i>in the FRBR model) of a certain version (an<ns1:i pattern="Inline">expression</ns1:i>in FRBR) of a document (a<ns1:i pattern="Inline">work</ns1:i>), so that we can formally distinguish between different aspects of the idea of document. A detailed account of FRBR in Akoma Ntoso can be found in<ns1:a class="ref" href="AkomaFRBR" pattern="Milestone"/>.</ns1:p><ns1:p pattern="Block" structure="Paragraph ">In addition to these kinds of metadata, there are other types of metadata currently defined (e.g.,<ns1:i pattern="Inline">lifecycle</ns1:i>and<ns1:i pattern="Inline">workflow</ns1:i>elements for tracking the events affecting the document) and other are being added as Akoma Ntoso extends to its reach to more and more types of analysis of the legal text.</ns1:p><ns1:p pattern="Block" structure="Paragraph ">All the information gathered in the metadata layer is derived from the legal text (using the data layers) though subjective reasoning. Many different interpretation can arise over the same legal text from different legal experts. Take, for instance, the following sentence: “the subsection 3 of the section 42 states a modification of the section 44 of the same act”. Two different actors may disagree on the interpretation of that sentence: one sees it as an<ns1:i pattern="Inline">authentic interpretation</ns1:i>, another as a<ns1:i pattern="Inline">derogation</ns1:i>. From a the legal point of view, the two types of modification produce different effects: the authentic interpretation is applied<ns1:i pattern="Inline">ex-tunc</ns1:i>(since the beginning), while the derogation is an exception under some condition. Akoma Ntoso allows both interpretations to coexists in the same document, even if they are in contrast.</ns1:p></ns1:div><ns1:div class="section" id="SectionSemanticTechnologies" pattern="HeadedContainer" structure="Section "><ns1:h1 pattern="Block" structure="SectionTitle ">Semantic technologies and reasoning on Akoma Ntoso documents</ns1:h1><ns1:p pattern="Block" structure="Paragraph ">Currently, there are interesting developments in the area of legal knowledge representation and manipulation. Akoma Ntoso documents, with their rich metadata layer, can serve as the basis upon which various tools can work on. For example representations expressed at the metadata layer can be used to generate a legal ontology to be used by legal rule modelling technologies like RuleML<ns1:a class="ref" href="RuleML" pattern="Milestone"/>or the more specialized LKIF<ns1:a class="ref" href="LKIF" pattern="Milestone"/>.</ns1:p><ns1:p pattern="Block" structure="Paragraph ">Akoma Ntoso documents are not tied to a particular semantic technology or to particular ontology. The current format is very loose and permits the conversion of information into more specific data models (like RDF<ns1:a class="ref" href="RDF" pattern="Milestone"/>, OWL<ns1:a class="ref" href="OWL" pattern="Milestone"/>or Topic Maps<ns1:a class="ref" href="TopicMaps" pattern="Milestone"/>). This strategy warrants that semantic technologies of the future decades will be able to convert Akoma Ntoso documents into their own format without going through what, by then, may be seen as ancient formats or data models.</ns1:p><ns1:p pattern="Block" structure="Paragraph ">Even if Akoma Ntoso does not impose which ontology to use to represent legal and legislative concepts, it relies on the FRBR<ns1:a class="ref" href="FRBR" pattern="Milestone"/>concepts of Work, Manifestation, Expression and Item to describe the relation of a certain document to other documents – for example to distinguish references to the generic Wildlife Act (Work) from references to the Wildlife Act valid in 2008 (Manifestation) and to references to a document that contains the said Wildlife Act valid in 2008 (Expression).</ns1:p><ns1:div class="section" id="ottupla" pattern="HeadedContainer" structure="Section "><ns1:h1 pattern="Block" structure="SectionTitle ">Representation of facts in Akoma Ntoso</ns1:h1><ns1:p pattern="Block" structure="Paragraph ">Akoma Ntoso documents can be seen as containers of statements written in some legal human language. The formalization of these statements must take into account many subtle distinctions in order to carry all the meaning that the legal systems pose on these statements.</ns1:p><ns1:p pattern="Block" structure="Paragraph ">All statements in an Akoma Ntoso documents follow this schema:</ns1:p><ns1:p class="quote" pattern="Block" structure="Paragraph ">the<ns1:b pattern="Inline">author of a manifestation</ns1:b>(XML rendering) asserts on the<ns1:b pattern="Inline">manifestation date</ns1:b>that<ns1:b pattern="Inline">the author of the corresponding expression</ns1:b>(version with a specific content) asserts on the<ns1:b pattern="Inline">expression date</ns1:b>in a particular<ns1:b pattern="Inline">context</ns1:b>that<ns1:b pattern="Inline">subject</ns1:b>does<ns1:b pattern="Inline">predicate</ns1:b>on<ns1:b pattern="Inline">object</ns1:b>.</ns1:p><ns1:p pattern="Block" structure="Paragraph ">We can formalize this schema with an octuple:</ns1:p><ns1:p class="quote" pattern="Block" structure="Paragraph ">(manifestation_author, manifestation_time, expression_author, expression_time, context, subject, predicate, object)</ns1:p><ns1:p pattern="Block" structure="Paragraph ">Consider for instance the example already illustrated in the previous sections:</ns1:p><ns1:p class="code" pattern="Block" structure="Paragraph ">&lt;analysis source="#cirsfid"&gt; &lt;textualMod type="substitution" id="am5"&gt; &lt;source href="#sec4-sub1-itma"/&gt; &lt;destination href="/ke/act/1997-08-22/3/main#sec34-sub2-itma"/&gt; &lt;old href="#mod10-qtd1"/&gt; &lt;new href="#mod10-qtd2"/&gt; &lt;/textualMod&gt; &lt;/analysis&gt; &lt;identification source="#cirsfid"&gt; &lt;FRBRExpression&gt; &lt;FRBRthis value="/ke/act/2003-12-10/8/eng@"/&gt; &lt;FRBRdate date="2003-12-10" name="Generation"/&gt; &lt;FRBRauthor href="#parliament" as="#author"/&gt; &lt;/FRBRExpression&gt; &lt;FRBRManifestation&gt; &lt;FRBRthis value="/ke/act/2003-12-10/8/eng.akn"/&gt; &lt;FRBRdate date="2007-07-27" name="Generation"/&gt; &lt;FRBRauthor href="#cirsfid" as="#editor"/&gt; &lt;/FRBRManifestation&gt; &lt;/identification&gt;</ns1:p><ns1:p pattern="Block" structure="Paragraph ">One of the assertions contained in the above extract is that</ns1:p><ns1:p class="quote" pattern="Block" structure="Paragraph "><ns1:i pattern="Inline">#cirsfid</ns1:i>(editor of the manifestation) asserts on 27th July, 2007 (date of the manifestation) that the #parliament (author of the expression) asserts on 10th December, 2003 (date of the expression) that in the context of the fragment with id<ns1:i pattern="Inline">#art4-cla1-itma</ns1:i>the text modification<ns1:i pattern="Inline">am5</ns1:i>has been performed which is of type substitution</ns1:p><ns1:p pattern="Block" structure="Paragraph ">or, using an octuple</ns1:p><ns1:p class="quote" pattern="Block" structure="Paragraph ">(#cirsfid, “2007-07-27”, #parliament, “2003-12-10”, #art4-cla1-itma, #am5, isOfType, “substitution”)</ns1:p><ns1:p pattern="Block" structure="Paragraph ">It must be pointed out that not all the parts of these assertions lay at the same FRBR level: some are inherently properties of the FRBR manifestation (the date when<ns1:span class="code" pattern="Inline">#cirsfid</ns1:span>did add its own metadata to the Akoma Ntoso file containing the act) while other are properties of the connected FRBR expression (the date when<ns1:span class="code" pattern="Inline">#parliament</ns1:span>did approve the act). For this reason, every Akoma Ntoso document explicitly states what are the FRBR manifestation and expression that it is modelling inside the<ns1:span class="code" pattern="Inline">FRBRthis</ns1:span>element. The<ns1:span class="code" pattern="Inline">value</ns1:span>attribute of<ns1:span class="code" pattern="Inline">FRBRthis</ns1:span>specifies the URI of the document on which all the assertions are made.</ns1:p></ns1:div><ns1:div class="section" id="SectionSemanticallyAnonymous" pattern="HeadedContainer" structure="Section "><ns1:h1 pattern="Block" structure="SectionTitle ">Everything is semantically generic</ns1:h1><ns1:p pattern="Block" structure="Paragraph ">Akoma Ntoso defines an ontological structure for metadata that is grounded on what we call the<ns1:i pattern="Inline">Top Level Classes</ns1:i>(<ns1:i pattern="Inline">TLC</ns1:i>). They do not define a real ontology: on purpose, none of the TLCs has a precise meaning nor a well-defined set of properties. The only constraint imposed on them is that all the instances of a certain TLC must follow the Akoma Ntoso naming guideline in the definition of their URI<ns1:a class="ref" href="NamingConvention" pattern="Milestone"/>. This choice is driven by a precise design intent: the ontology used to manage the concepts expressed in Akoma Ntoso documents is not hard coded in the document, but can be decided at will by individual users and applications, according to their particular needs.</ns1:p><ns1:p pattern="Block" structure="Paragraph ">Furthermore, TLCs, even if represented by a clear label and a specific URI, have neither formal (logically defined) nor informal (written in natural language) semantics. Akoma Ntoso does not define the classes of a particular ontology but only the URIs and labels that should be used for the classes defined in all ontologies.</ns1:p><ns1:p pattern="Block" structure="Paragraph ">This assumption is needed to allow a great degree of flexibility in what can be expressed in the metadata layer of Akoma Ntoso documents, in order to adapt any legal document to any ontological representation of concepts. It is the duty of a third party, possibly the document editor, possibly its users, to associate a clear and formal semantics to each class using a specific formalism (e.g. OWL). This semantic genericness, coupled with XML elements whose names resemble familiar concepts, is an important feature that allows Akoma Ntoso to maintain documents understandable and consumable independently from the passing of time: future toolmakers (“The 'future toolmaker' is 10 years old now.”<ns1:a class="ref" href="PotentialUsers" pattern="Milestone"/>) will have clues about the intended meaning of a marker even in the unfortunate case the formal ontology is no longer available.</ns1:p><ns1:p pattern="Block" structure="Paragraph ">Akoma Ntoso makes ten different and disjoint TLCs available to document creators in order to identify individual entities present in the document: Person, Organization, Concept, Object, Event, Place, Process, Role, Term, Reference (all identified by the URIs<ns1:span class="code" pattern="Inline">/ontology/[</ns1:span><ns1:span class="code" pattern="Inline">TLC</ns1:span><ns1:span class="code" pattern="Inline">]</ns1:span>).</ns1:p><ns1:p pattern="Block" structure="Paragraph ">Using these TLCs and the canonical FRBR classes Work, Expression, Manifestation and Item, it is possible to make quite complex assertions on Akoma Ntoso documents. Akoma Ntoso does not aim at describing neither objective facts nor personal opinions about such classes according to the author of the document: rather it allows to express an interpretation that is due, in a precise moment, to a particular actor working on the statements that can be found in the published legal text (e.g., the interpretation of<ns1:span class="code" pattern="Inline">#cirsfid</ns1:span>of the correct interpretation of the nature of the textual modification<ns1:span class="code" pattern="Inline">am5</ns1:span>).</ns1:p><ns1:p pattern="Block" structure="Paragraph ">By defining a mechanism for describing items (actors, legal documents, properties, concepts, etc.) that are involved in the assertions (both making assertions and being the subject of an assertion), and by relating them to some TLC, we are able to assert facts about an Akoma Ntoso document, implicitly producing a data model for its semantic data.</ns1:p></ns1:div><ns1:div class="section" id="SectionURINaming" pattern="HeadedContainer" structure="Section "><ns1:h1 pattern="Block" structure="SectionTitle ">Ontology URI naming conversion</ns1:h1><ns1:p pattern="Block" structure="Paragraph ">All the items in an Akoma Ntoso document can belong to a particular TLC simply by specifying an URI that follows a naming convention<ns1:a class="ref" href="NamingConvention" pattern="Milestone"/>. The following example shows a list of URIs pointing to the same entity.</ns1:p><ns1:p class="code" pattern="Block" structure="Paragraph ">/ontology/Person/lewanika.1961 /ontology/Person/judges/lewanika.1961 /ontology/Person/za/judges/lewanika.1961</ns1:p><ns1:p pattern="Block" structure="Paragraph ">Even if a human can interpret them in some ways depending on the particular interpretation used, from an ontological point of view all these three URIs say the same thing: they identify an instance of the top level class Person and they identify exactly the same instance in any ontology (regardless of the ontology).</ns1:p><ns1:p pattern="Block" structure="Paragraph ">The Akoma Ntoso naming convention contains few precise rules:</ns1:p><ns1:ul pattern="Table" structure="List " type="bullet"><ns1:li pattern="Container"><ns1:p pattern="Block" structure="Paragraph ">the first two fragments of the URI (<ns1:span class="code" pattern="Inline">/ontology/Person</ns1:span>) specify the TLC the instance belongs to;</ns1:p></ns1:li><ns1:li pattern="Container"><ns1:p pattern="Block" structure="Paragraph ">the last fragment of the URI (<ns1:span class="code" pattern="Inline">lewanika.1961</ns1:span>in the above example) is the identifier of the instance we are referring to (a South African judge called Lewanika and born in 1961);</ns1:p></ns1:li><ns1:li pattern="Container"><ns1:p pattern="Block" structure="Paragraph ">the middle URI fragments (<ns1:span class="code" pattern="Inline">za/judges/</ns1:span>), when they are present, provide evocative information for the human reader and for the systems that cannot use any more detailed ontology for the document. They suggest, in fact, a clear interpretation from a human perspective, e.g., that Lewanika is a South African person holding the role of judge. Since Akoma Ntoso does not force any given set of properties for the top level classes, the responsibility to choose which, and whether, additional fragments should be added lies with the author of the manifestation.</ns1:p></ns1:li></ns1:ul><ns1:p pattern="Block" structure="Paragraph ">Taking into account the implicit semantics given to each URI by the Akoma Ntoso naming convention, it is possible to query an Akoma Ntoso-compliant legal XML document using XPath<ns1:a class="ref" href="XPath" pattern="Milestone"/>, without relying on external ontologies. The following excerpt shows some references to various resource.</ns1:p><ns1:p class="code" pattern="Block" structure="Paragraph ">&lt;akomaNtoso xmlns="http://www.akomantoso.org/1.0"&gt; &lt;references source="#cirsfid"&gt; &lt;TLCOrganization id="parliament" showAs="Parliament of Kenya" href="/ontology/Organization/ke/parliament" /&gt; &lt;TLCOrganization id="cirsfid" showAs="CIRSFID" href="/ontology/Organization/cirsfid" /&gt; &lt;TLCPerson id="fv" showAs="Fabio Vitali" href="/ontology/Person/fv" /&gt; &lt;TLCRole id="author" showAs="Author" href="/ontology/Roles/author" /&gt; &lt;TLCRole id="jurist" showAs="Jurist" href="/ontology/Roles/jurist" /&gt; &lt;TLCRole id="editor" showAs="Editor" href="/ontology/Roles/editor" /&gt; &lt;/references&gt; [...]</ns1:p><ns1:p pattern="Block" structure="Paragraph ">Through XPath, it is possible to perform queries based on the semantic data that is present in the document. For example, the following queries could be performed on the data shown in the above excerpt:</ns1:p><ns1:ul pattern="Table" structure="List " type="bullet"><ns1:li pattern="Container"><ns1:p pattern="Block" structure="Paragraph ">what roles have been involved in the generation of the legal document:<ns1:span class="code" pattern="Inline">//references/element()[matches(@href,'/Roles/')]</ns1:span>;</ns1:p></ns1:li><ns1:li pattern="Container"><ns1:p pattern="Block" structure="Paragraph ">which Kenyan organizations are referred to in the legal document:<ns1:span class="code" pattern="Inline">//references/element()[matches(@href,'/Organization/.*/ke/')]</ns1:span>.</ns1:p></ns1:li></ns1:ul><ns1:p pattern="Block" structure="Paragraph ">The naming convention used by Akoma Ntoso, together with the presence of additional middle URI fragments, allows the semantic data available in the document to be queried, even in sophisticated ways, without requiring access to any ontology. When the underlying ontology is available, the additional information provided by the middle URI fragments can be discarded and more complex queries, based on deductive elements such as those gathered through the use of reasoners, can be performed. The optional middle URI fragments fulfil, thus, two different tasks: on the one hand they provide clues to the human readers who do not have access to the underlying ontologies, on the other hand they allow semantic data about the referenced entities to be carried also in the document itself and not only in external knowledge bases.</ns1:p></ns1:div><ns1:div class="section" id="SectionGRDDL" pattern="HeadedContainer" structure="Section "><ns1:h1 pattern="Block" structure="SectionTitle ">Transformation into a proper semantic data model format</ns1:h1><ns1:p pattern="Block" structure="Paragraph ">In order to be able to carry out more complex queries on the facts expressed in Akoma Ntoso documents, it is necessary to bind the abstract Akoma Ntoso classes and instances to external ontological models. This also require to translate the same facts to a more concrete representations that the current semantic tools can work with (e.g., RDF and Topic Maps). This happens without specifying a particular format, but allowing users to choose their favourite formats and tools, a choice that the users will take on the base of current languages, their knowledge and other technical constraints.</ns1:p><ns1:p pattern="Block" structure="Paragraph ">An example of a concrete data model format that today fits the current technology scenario is RDF<ns1:a class="ref" href="RDF" pattern="Milestone"/>. Although the following example, covering the extraction of metadata from Akoma Ntoso documents, is completely based on RDF, it is also possible to use different end-format for expressing these semantic data, such as Topic Maps<ns1:a class="ref" href="TopicMaps" pattern="Milestone"/>. In any case, if we wanted to convert an XML document into a set of RDF/Topic Maps assertions, we could use a GRDDL transformation. GRDDL (Gleaning Resource Descriptions from Dialects of Languages)<ns1:a class="ref" href="GRDDL" pattern="Milestone"/>is a W3C Recommendation that standardize the extraction of semantic data from XML documents using one or more XSLT stylesheets<ns1:a class="ref" href="XSLT" pattern="Milestone"/>, obtaining, in the particular example presented, an RDF document. Note that this particular mechanism it is also suggested in the current CEN Metalex proposal<ns1:a class="ref" href="CENMetalex" pattern="Milestone"/>of which Akoma Ntoso is a compliant instance:</ns1:p><ns1:p class="quote" pattern="Block" structure="Paragraph ">If metadata is not available as RDFa, it must be systematically translatable from the custom format to RDF. The translation from a proprietary metadata format to RDF must be publicly available following the Gleaning Resource Descriptions from Dialects of Languages (GRDDL) specification.</ns1:p><ns1:p pattern="Block" structure="Paragraph ">It is easy to convert an Akoma Ntoso document in one of the semantic formats currently available. For example, if we consider the FRBR class implicitly defined within the Akoma Ntoso schema, we could generate assertions that link FRBR instances gleaned from a document to the OWL-specified FRBR ontology, simply through GRDDL. Given the following fragment:</ns1:p><ns1:p class="code" pattern="Block" structure="Paragraph ">&lt;identification source="#cirsfid"&gt; &lt;FRBRExpression&gt; &lt;FRBRthis value="/ke/act/2003-12-10/8/eng@"/&gt; &lt;FRBRdate date="2003-12-10" name="Generation"/&gt; &lt;FRBRauthor href="#parliament" as="#author"/&gt; &lt;/FRBRExpression&gt; &lt;FRBRManifestation&gt; &lt;FRBRthis value="/ke/act/2003-12-10/8/eng.akn"/&gt; &lt;FRBRdate date="2007-07-27" name="Generation" /&gt; &lt;FRBRauthor href="#cirsfid" as="#editor" /&gt; &lt;/FRBRManifestation&gt; &lt;/identification&gt; &lt;references source="#cirsfid"&gt; &lt;TLCOrganization id="parliament" showAs="Parliament of Kenya" href="/ontology/Organization/ke/parliament"/&gt; &lt;TLCRole id="author" showAs="Author" href="/ontology/Role/author"/&gt; &lt;/references&gt;</ns1:p><ns1:p pattern="Block" structure="Paragraph ">we can use GRDDL to obtain assertions such as the following:</ns1:p><ns1:p class="code" pattern="Block" structure="Paragraph ">@prefix ke: &lt;http://www.akomantoso.org/ke&gt; . @prefix an: &lt;http://www.akomantoso.org/ontology/&gt; . ke:/act/2003-12-10/8/eng@ a an:FRBRExpression ; an:hasDate "2003-12-10" ; an:hasAuthor an:Organization/ke/parliament . an:Organization/ke/parliament an:hasRole an:Role/author .</ns1:p><ns1:p pattern="Block" structure="Paragraph ">These are just plain RDF statements unrelated to any logical structure. To address particular demands (such as reasoning, data sharing and so on) we need to associate those instances, classes and properties to well-defined ontologies. Though an additional XSLT stylesheet in the GRDDL process we can add new ontological data about FRBR:</ns1:p><ns1:p class="code" pattern="Block" structure="Paragraph ">@prefix frbr: &lt;http://purl.org/vocab/frbr/core#&gt; . @prefix dc: &lt;http://purl.org/dc/elements/1.1/&gt; . @prefix owl: &lt;http://www.w3.org/2002/07/owl#&gt; . an:FRBRExpression owl:sameAs frbr:Expression . ke:/act/2003-12-10/8/eng@ frbr:realizer an:person/Organization/ke/parliament . an:hasDate owl:sameAs dc:date .</ns1:p><ns1:p pattern="Block" structure="Paragraph "/><ns1:div class="picture" id="OWLFigure" pattern="Record" structure="FigureBox "><ns1:p class="img.block" pattern="Block" structure="Paragraph "><ns1:img class="13.891cm-10.418cm" pattern="Milestone" src="1000000000000320000002588826C9A1.png" structure="Figure "/></ns1:p><ns1:p class="caption" pattern="Block" structure="Paragraph ">A possible Akoma Ntoso data extraction into a OWL pattern-based format of the octuple introduced in<ns1:a class="ref" href="SectionGRDDL" pattern="Milestone"/>.</ns1:p></ns1:div><ns1:p pattern="Block" structure="Paragraph ">Unfortunately, even if we can define semantics in order to infer automatically new data, OWL does not have a native or standard way to model reified statements. To represent in OWL the Akoma Ntoso octuple statement illustrated previously, we have to resort to peculiar approaches. The NeOn project<ns1:a class="ref" href="NeOn" pattern="Milestone"/>has developed many elegant and logically-sound techniques to overcome the limitations of OWL; they have been collected under the name of Ontology Design Pattern<ns1:a class="ref" href="Pattern" pattern="Milestone"/>. The Ontology Design Patterns are a set of guidelines that help the design process of ontologies; each pattern codifies one or more best practices of the ontology-design realm. The following examples will use and briefly introduce some of those patterns; a proper description of each used pattern is out of the scope of our paper.</ns1:p><ns1:p pattern="Block" structure="Paragraph ">The most straightforward way to handle complex assertions, such as the octuples used by Akoma Ntoso, in OWL is to use the<ns1:i pattern="Inline">n-ary participation</ns1:i>pattern. The n-ary participation pattern is used to describe events happening in a certain moment and that involve one or more entities. This pattern can also be used to simulate RDF reifications in OWL.<ns1:a class="ref" href="OWLFigure" pattern="Milestone"/>shows a graphical representation of the previously shown octuple expressed in OWL using the n-ary participation pattern.</ns1:p></ns1:div><ns1:div class="section" pattern="HeadedContainer" structure="Section "><ns1:h1 pattern="Block" structure="SectionTitle ">Querying Akoma Ntoso documents</ns1:h1><ns1:p pattern="Block" structure="Paragraph ">Having an RDF/OWL or a Topic Maps representation of Akoma Ntoso data could be very useful in querying metadata of a legislative document using different and much more proper tools than XPath to query data models, such as SPARQL<ns1:a class="ref" href="SPARQL" pattern="Milestone"/>and TMQL<ns1:a class="ref" href="TMQL" pattern="Milestone"/>according to the format we use to express Akoma Ntoso metadata. Let us take into consideration the following excerpt from an Akoma Ntoso document:</ns1:p><ns1:p class="code" pattern="Block" structure="Paragraph ">&lt;identification source="#cirsfid"&gt; &lt;FRBRWork&gt; &lt;FRBRthis value="/ke/act/2003-12-10/8"/&gt; &lt;FRBRauthor href="#parliament" as="#author"/&gt; &lt;/FRBRWork&gt; &lt;FRBRExpression&gt; &lt;FRBRthis value="/ke/act/2003-12-10/8/eng@"/&gt; &lt;FRBRauthor href="#parliament" as="#author"/&gt; &lt;/FRBRExpression&gt; &lt;FRBRManifestation&gt; &lt;FRBRauthor href="#cirsfid" as="#editor"/&gt; &lt;FRBRauthor href="#fv" as="#editor"/&gt; &lt;/FRBRManifestation&gt; &lt;/identification&gt; &lt;references source="#cirsfid"&gt; &lt;TLCOrganization id="cirsfid" href="/ontology/Organization/cirsfid"/&gt; &lt;TLCPerson id="fv" href="/ontology/Person/fv" /&gt; &lt;/references&gt;</ns1:p><ns1:p pattern="Block" structure="Paragraph ">Suppose we want to query it looking for whether the document is a candidate to be an authoritative Expression of a given Work (i.e., the author of the Expression is the same of the Work).</ns1:p><ns1:p pattern="Block" structure="Paragraph ">We can describe this request in a query comparing two different XPath expressions:</ns1:p><ns1:p class="code" pattern="Block" structure="Paragraph ">//FRBRExpression/FRBRauthor/@href = //FRBRWork/FRBRauthor/@href</ns1:p><ns1:p pattern="Block" structure="Paragraph ">Obviously, querying the Akoma Ntoso metadata through XPath is possible, but it can be also intricate: XPath was developed to browse easily XML hierarchies, that are trees, not to query much more complicate data structures (i.e., a graph) such as the one implicitly defined through Akoma Ntoso metadata. The previous XPath expressions give the correct answers for the respective queries but the way in which a user query the document is not so natural.</ns1:p><ns1:p pattern="Block" structure="Paragraph ">Converting the Akoma Ntoso metadata into a data model format, such as RDF or Topic Maps, can help to build queries in a much easier way, using specific languages (e.g., SPARQL or TMQL) expressly developed to handle these scenarios. Let us take into consideration an OWL ontology<ns1:a class="footnote" href="ftn7" pattern="Milestone"/>describing the FRBR data shown in the previous excerpt. Then, we can query the ontology using a SPARQL representation of the previous XPath expressions:</ns1:p><ns1:p class="code" pattern="Block" structure="Paragraph ">ASK { ?e frbr:realizer ?a . ?w frbr:creator ?a . ?e akomantoso:frbrthis "/ke/act/2003-12-10/8/eng@" . ?e frbr:realizes ?w . }</ns1:p><ns1:p pattern="Block" structure="Paragraph ">The conversion from an Akoma Ntoso document into an OWL document can be done in an automatic way using GRDDL<ns1:a class="ref" href="GRDDL" pattern="Milestone"/>. Moreover, this transformation is completely free of constraints: we can use whatever ontologies we prefer to represent those data according to some particular model-representation needs.</ns1:p><ns1:p pattern="Block" structure="Paragraph ">In order to demonstrate the feasibility of the GRDDL approach, we developed an XSLT that extracts metadata from an Akoma Ntoso document according to three different ontologies – the FRBR OWL ontology, the n-ary participation pattern ontology, and an ontology for handling other data concerning textual modifications.</ns1:p><ns1:p pattern="Block" structure="Paragraph ">Let us give an example: the XSLT template to transform the FRBR manifestation of an Akoma Ntoso document into RDF statements:</ns1:p><ns1:p class="code" pattern="Block" structure="Paragraph ">&lt;xsl:template match="an:FRBRManifestation"&gt; &lt;frbr:Manifestation rdf:about="{//an:FRBRManifestation/an:FRBRthis/@value}"&gt; &lt;xsl:for-each select="an:FRBRauthor"&gt; &lt;frbr:producer rdf:resource="{$uri} {//an:references/element() [@id = substring-after(@href,'#')]/@href}" /&gt; &lt;/xsl:for-each&gt; &lt;dc:date&gt;&lt;xsl:value-of select="an:FRBRdate/@date" /&gt;&lt;/dc:date&gt; &lt;/frbr:Manifestation&gt; &lt;/xsl:template&gt;</ns1:p><ns1:p pattern="Block" structure="Paragraph ">Using this template, we are able to map any element and attribute involved in the description of an FRBR manifestation of any Akoma Ntoso document onto proper classes and individuals, in particular:</ns1:p><ns1:ul pattern="Table" structure="List " type="bullet"><ns1:li pattern="Container"><ns1:p pattern="Block" structure="Paragraph ">Akoma Ntoso<ns1:i pattern="Inline">FRBRManifestation</ns1:i>elements are represented by the class<ns1:i pattern="Inline">Manifestation</ns1:i>of the FRBR ontology;</ns1:p></ns1:li><ns1:li pattern="Container"><ns1:p pattern="Block" structure="Paragraph ">all the URIs contained in the attribute<ns1:i pattern="Inline">value</ns1:i>of the element<ns1:i pattern="Inline">FRBRthis</ns1:i>of any<ns1:i pattern="Inline">FRBRManifestation</ns1:i>become proper individuals belonging to the class<ns1:i pattern="Inline">Manifestation</ns1:i>;</ns1:p></ns1:li><ns1:li pattern="Container"><ns1:p pattern="Block" structure="Paragraph ">each<ns1:i pattern="Inline">FRBRauthor</ns1:i>contained in a particular<ns1:i pattern="Inline">FRBRManifestation</ns1:i>is mapped adding an RDF statement having as subject the particular ontological individual of that manifestation, as object the resource identified by the URI specified as value of the attribute<ns1:i pattern="Inline">id</ns1:i>of a TLC, obtained by dereferencing the attribute<ns1:i pattern="Inline">href</ns1:i>of the element<ns1:i pattern="Inline">FRBRauthor</ns1:i>, and, as predicate, the object property<ns1:i pattern="Inline">producer</ns1:i>of the FRBR ontology;</ns1:p></ns1:li><ns1:li pattern="Container"><ns1:p pattern="Block" structure="Paragraph ">the value of the attribute<ns1:i pattern="Inline">date</ns1:i>of the element<ns1:i pattern="Inline">FRBRdate</ns1:i>contained in<ns1:i pattern="Inline">FRBRManifestation</ns1:i>becomes the object literal of the RDF statement obtained using, as subject, the ontological individual refers to the manifestation we are processing, and, as predicate, the Dublin Core<ns1:a class="ref" href="DublinCore" pattern="Milestone"/>property<ns1:i pattern="Inline">date</ns1:i>.</ns1:p></ns1:li></ns1:ul><ns1:p pattern="Block" structure="Paragraph ">Applying this template on an Akoma Ntoso document, we obtain the following RDF statements:</ns1:p><ns1:p class="code" pattern="Block" structure="Paragraph ">@prefix m: &lt;http://www.akomantoso.org/&gt; . m:ke/act/2003-12-10/8/eng.akn a frbr:Manifestation ; dc:date "2007-07-27" ; frbr:producer m:ontology/Person/fv , m:ontology/Organization/cirsfid .</ns1:p><ns1:p pattern="Block" structure="Paragraph ">Similarly, we wrote a template based on the n-ary participation pattern and our textual modifications model that, for instance, allows us to export the relative Akoma Ntoso metadata of the excerpt shown in<ns1:a class="ref" href="ottupla" pattern="Milestone"/>in the following statements:</ns1:p><ns1:p class="code" pattern="Block" structure="Paragraph ">m:manifestation_time a ti:TimeInterval ; ti:hasIntervalDate "2007-07-27" . m:ontology/Organization/ke/parliament a part:Object . m:author_tuple_5 a nary:NaryParticipation ; nary:participationIncludes m:ontology/Organization/ke/parliament , m:author_tuple_5_tmod , m:expression_time . m:author_tuple_5_tmod a m:substitution ; part:hasParticipant m:ke/act/2003-12-10/8/eng.akn#am5 . m:marker_tuple_5 a nary:NaryParticipation ; nary:participationIncludes m:manifestation_time , m:author_tuple_5 , m:ontology/Person/fv , m:ontology/Organization/cirsfid . m:substitution a owl:Class ; rdfs:subClassOf part:Event . m:ontology/Person/fv a part:Object . m:ke/act/2003-12-10/8/eng.akn#am5 a tm:TextualModification ; tm:hasDestination m:ke/act/1997-08-22/3/eng/main#art34-cla2-itma ; tm:hasNewText "statement of assets and liabilities" ; tm:hasOldText "balance sheet" ; tm:hasSource m:ke/act/1997-08-22/3/eng/main#art34-cla2-itma , m:ke/act/2003-12-10/8/eng.akn#art4-cla1-itma . m:expression_time a ti:TimeInterval ; ti:hasIntervalDate "2003-12-10" . m:ontology/Organization/cirsfid a part:Object .</ns1:p><ns1:p pattern="Block" structure="Paragraph ">These pieces of code show that the creation of a GRDDL process to extract metadata from an Akoma Ntoso document is quite feasible and moreover is also very flexible and adaptable according to particular needs. Apart from being able to query data through SPARQL or TMQL, modelling Akoma Ntoso metadata by OWL or Topic Maps it is possible to use reasoners to infer new assertions on the basis of all the extracted data from Akoma Ntoso documents available.</ns1:p></ns1:div></ns1:div><ns1:div class="section" pattern="HeadedContainer" structure="Section "><ns1:h1 pattern="Block" structure="SectionTitle ">Conclusions</ns1:h1><ns1:p pattern="Block" structure="Paragraph ">Akoma Ntoso has been designed as a format for legal documents that must be read and understood for decades and at the same time be useful to computer applications, including semantic reasoners. In order to balance clearness, fidelity to the authentic legal text, interoperability and usability with semantic tools, Akoma Ntoso made some clear design choices. In this paper we showed how these choices fit the stated goals: using XML as the underlying mark-up format and having clearly separated layers allow documents to be preserved for long periods of time and without modifications to the endorsed texts. Additionally, multiple agents can provide their own interpretation of certain legal aspects of the given legal text. Moreover, computer reasoners can extract semantic information from Akoma Ntoso documents and reason over them both with or without user-supplied ontologies.</ns1:p><ns1:p pattern="Block" structure="Paragraph ">The approach used by Akoma Ntoso allows the development of systems that use more sophisticated formal logic modelling framework, like non-monotonic or non-deductive logics in order to apply sophisticated legal reasoning theories, more suitable for the complex legal domain, filling the gap between all the semantic web layers while preserving interdependency and expressiveness.</ns1:p></ns1:div><ns1:div class="noindex" id="Ack" pattern="HeadedContainer" structure="Section "><ns1:h1 pattern="Block" structure="SectionTitle ">Acknowledgments</ns1:h1><ns1:p pattern="Block" structure="Paragraph ">The authors would like to thank Flavio Zeni (Kenya Unit of UN/DESA) and all of his team, for supporting the Akoma Ntoso project and for permitting this research project. We would also like to thank Alexander Boer and Enrico Francesconi for their precious contributions on the definition of the URI syntax.</ns1:p></ns1:div><ns1:div class="bibliography" id="ref" pattern="HeadedContainer" structure="Section Bibliography "><ns1:h1 pattern="Block" structure="SectionTitle ">References</ns1:h1><ns1:ul pattern="Table" structure="List BibliographicReferenceList " type="bullet"><ns1:li id="NamingConvention" pattern="Container"><ns1:p pattern="Block" structure="Paragraph ">United Nations. (2009). Akoma Ntoso: Naming Conventions. http://www.akomantoso.org/release-notes/akoma-ntoso-1.0-schema/naming-conventions-1.</ns1:p></ns1:li><ns1:li id="PotentialUsers" pattern="Container"><ns1:p pattern="Block" structure="Paragraph ">United Nations. (2009). Akoma Ntoso: Potential users, http://www.akomantoso.org/akoma-ntoso-in-detail/users.</ns1:p></ns1:li><ns1:li id="CENMetalex" pattern="Container"><ns1:p pattern="Block" structure="Paragraph ">Boer, A., Vitali, F., Palmirani, M., Retai, B. (2009). CEN Metalex workshop agreement. http://www.metalex.eu/WA/proposal.</ns1:p></ns1:li><ns1:li id="XPath" pattern="Container"><ns1:p pattern="Block" structure="Paragraph ">Berglund, A., Boag, S., Chamberlin, D., Fernández, M. F., Kay, M., Robie, J., Siméon, J. (2007). XML Path Language (XPath) 2.0. W3C Recommendation. World Wide Web Consortium. http://www.w3.org/TR/xpath20/.</ns1:p></ns1:li><ns1:li id="RDF" pattern="Container"><ns1:p pattern="Block" structure="Paragraph ">Manola, F., Miller, E. (2004). RDF Primer. W3C Recommendation. World Wide Web Consortium. http://www.w3.org/TR/rdf-primer/.</ns1:p></ns1:li><ns1:li id="GRDDL" pattern="Container"><ns1:p pattern="Block" structure="Paragraph ">Connolly, D. (2007). Gleaning Resource Descriptions from Dialects of Languages (GRDDL). W3C Recommendation. World Wide Web Consortium. http://www.w3.org/TR/grddl/</ns1:p></ns1:li><ns1:li id="RuleML" pattern="Container"><ns1:p pattern="Block" structure="Paragraph ">Hirtle, D., Boley, H., Grosof, B., Kifer, M., Sintek, M., Tabet, S., Wagner, G. (2006). Schema Specification of RuleML 0.91. http://ruleml.org/0.91/.</ns1:p></ns1:li><ns1:li id="LKIF" pattern="Container"><ns1:p pattern="Block" structure="Paragraph ">Gordon, T.F. (2008. Constructing Legal Arguments with Rules in the Legal Knowledge Interchange Format (LKIF). In Computable Models of the Law: Languages, Dialogues, Games, Ontologies, pp. 162-184.</ns1:p></ns1:li><ns1:li id="FRBR" pattern="Container"><ns1:p pattern="Block" structure="Paragraph ">IFLA Study Group on the Functional Requirements for Bibliographic Records. (1998). Functional requirements for bibliographic records: final report. K. G. Saur.</ns1:p></ns1:li><ns1:li id="XSLT" pattern="Container"><ns1:p pattern="Block" structure="Paragraph ">Kay, M (2007). XSL Transformations (XSLT) Version 2.0. W3C Recommendation. World Wide Web Consortium. http://www.w3.org/TR/xslt20.</ns1:p></ns1:li><ns1:li id="AkomaFRBR" pattern="Container"><ns1:p pattern="Block" structure="Paragraph ">de Oliveira Lima, A., Palmirani, M., Vitali, F. (2008). Moving in the Time: An Ontology for Identifying Legal Resources. In Computable Models of the Law, Languages, Dialogues, Games, Ontologies pp. 71-85.</ns1:p></ns1:li><ns1:li id="Norma" pattern="Container"><ns1:p pattern="Block" structure="Paragraph ">Palmirani, M., Benigni, F. (2007). Norma-System: A Legal Information System for Managing Time. In V Legislative XML Workshop, pp. 205-224.</ns1:p></ns1:li><ns1:li id="FillTheGap" pattern="Container"><ns1:p pattern="Block" structure="Paragraph ">Palmirani, M., Contissa, G., Rubino, R. (2009). Fill the gap in the legal knowledge modelling. In the Proceeding of RuleML 2009, pp. 305-314.</ns1:p></ns1:li><ns1:li id="Pattern" pattern="Container"><ns1:p pattern="Block" structure="Paragraph ">Presutti, V., Gangemi, A. (2008). Content ontology design patterns as practical building blocks for web ontologies. In the Proceedings of 27th International Conference on Conceptual Modeling (ER2008). Barcelona, Spain.</ns1:p></ns1:li><ns1:li id="NeOn" pattern="Container"><ns1:p pattern="Block" structure="Paragraph ">Presutti, V., Gangemi, A., David, S., Aguado de Cea, G., Suárez-Figueroa, M. C., Montiel-Ponsoda, E., Poveda, M. (2008). A Library of Ontology Design Patterns. NeOn project deliverable D2.5.1.</ns1:p></ns1:li><ns1:li id="OWL" pattern="Container"><ns1:p pattern="Block" structure="Paragraph ">W3C OWL Working Group (2009). OWL 2 Web Ontology Language Document Overview. W3C Recommendation. World Wide Web Consortium. http://www.w3.org/TR/owl2-overview/.</ns1:p></ns1:li><ns1:li id="SPARQL" pattern="Container"><ns1:p pattern="Block" structure="Paragraph ">Beckett D., Broekstra J. (2008). SPARQL Query Language for RDF. W3C Recommendation. World Wide Web Consortium. http://www.w3.org/TR/rdf-sparql-query/.</ns1:p></ns1:li><ns1:li id="TopicMaps" pattern="Container"><ns1:p pattern="Block" structure="Paragraph ">SC34/WG3. (2003). Topic Maps. ISO 13250. International Organization for Standardization. Geneva, Switzerland.</ns1:p></ns1:li><ns1:li id="TMQL" pattern="Container"><ns1:p pattern="Block" structure="Paragraph ">SC34/WG3. (2008). Topic Maps Query Language (TMQL). ISO 18048. International Organization for Standardization. Geneva, Switzerland.</ns1:p></ns1:li><ns1:li id="DublinCore" pattern="Container"><ns1:p pattern="Block" structure="Paragraph ">Nilsson, M., Powell, A., Johnston, P., Naeve, A. (2007). Expressing Dublin Core metadata using the Resource Description Framework (RDF). http://dublincore.org//documents/2007/06/04/dc-rdf.</ns1:p></ns1:li></ns1:ul></ns1:div><ns1:div class="footnote" pattern="Table" structure="List "><ns1:div id="ftn7" pattern="Container" structure="Footnote "><ns1:p pattern="Block" structure="Paragraph "><ns1:a href="http://purl.org/vocab/frbr/core" pattern="Inline">http://purl.org/vocab/frbr/core</ns1:a>.</ns1:p></ns1:div></ns1:div></ns1:body></ns1:iml>