<?xml version="1.0" encoding="UTF-8"?><ns1:article xmlns:ns1="http://docbook.org/ns/docbook" xmlns:ns3="http://www.w3.org/XML/1998/namespace" xml:id="HR-23632987-8973" pattern="HeadedContainer" version="5.0-subset Balisage-1.2"><ns1:title pattern="Block">A Hybrid Parallel Processing for XML Parsing and Schema Validation</ns1:title><ns1:info pattern="Record"><ns1:confgroup pattern="Record"><ns1:conftitle pattern="Field">Balisage: The Markup Conference 2008</ns1:conftitle><ns1:confdates pattern="Field">August 12 - 15, 2008</ns1:confdates></ns1:confgroup><ns1:abstract pattern="Container"><ns1:para pattern="Block">XML is playing crucial roles in web services, databases, and document representing and processing. However, the processing of XML document has been regarded as the main performance bottleneck especially for the processing of very large XML data. On the other hand, multi-core processing gains increasingly popularity both on the desktop computers and server computing machines. To take full advantage of multi-cores, we present a novel hybrid parallel XML processing model, which combines data-parallel and pipeline processing. It first partitions the XML by chunks to perform data parallel processing for both XML parsing and schema validation, then organize and execute them as a two stage pipeline to exploit more parallelism. The hybrid parallel XML processing model has shown great overall performance advantage on multi-core platform as indicated by the experiment performance results.</ns1:para></ns1:abstract><ns1:author pattern="Record"><ns1:personname pattern="Record"><ns1:firstname pattern="Field">Yu</ns1:firstname><ns1:surname pattern="Field">Wu</ns1:surname></ns1:personname><ns1:personblurb pattern="Container"><ns1:para pattern="Block"/></ns1:personblurb><ns1:affiliation pattern="Record"><ns1:orgname pattern="Block">Intel Corporation</ns1:orgname></ns1:affiliation><ns1:email pattern="Field">yu.y.wu@intel.com</ns1:email></ns1:author><ns1:author pattern="Record"><ns1:personname pattern="Record"><ns1:firstname pattern="Field">Qi</ns1:firstname><ns1:surname pattern="Field">Zhang</ns1:surname></ns1:personname><ns1:personblurb pattern="Container"><ns1:para pattern="Block"/></ns1:personblurb><ns1:affiliation pattern="Record"><ns1:orgname pattern="Block">Intel Corporation</ns1:orgname></ns1:affiliation><ns1:email pattern="Field">qi.zhang@intel.com</ns1:email></ns1:author><ns1:author pattern="Record"><ns1:personname pattern="Record"><ns1:firstname pattern="Field">Zhiqiang</ns1:firstname><ns1:surname pattern="Field">Yu</ns1:surname></ns1:personname><ns1:personblurb pattern="Container"><ns1:para pattern="Block"/></ns1:personblurb><ns1:affiliation pattern="Record"><ns1:orgname pattern="Block">Intel Corporation</ns1:orgname></ns1:affiliation><ns1:email pattern="Field">zhiqiang.yu@intel.com</ns1:email></ns1:author><ns1:author pattern="Record"><ns1:personname pattern="Record"><ns1:firstname pattern="Field">Jianhui</ns1:firstname><ns1:surname pattern="Field">Li</ns1:surname></ns1:personname><ns1:personblurb pattern="Container"><ns1:para pattern="Block"/></ns1:personblurb><ns1:affiliation pattern="Record"><ns1:orgname pattern="Block">Intel Corporation</ns1:orgname></ns1:affiliation><ns1:email pattern="Field">jian.hui.li@intel.com</ns1:email></ns1:author><ns1:legalnotice pattern="Container"><ns1:para pattern="Block">Copyright Ã&#130;Â© 2008 Intel Corporation. Used by permission.</ns1:para></ns1:legalnotice></ns1:info><ns1:section pattern="HeadedContainer"><ns1:title pattern="Block">Introduction</ns1:title><ns1:section pattern="HeadedContainer"><ns1:title pattern="Block">The challenge of XML Parsing and Schema Validation</ns1:title><ns1:para pattern="Block">Extensible Markup Language (XML) has been playing crucial roles in web services, databases and document processing fields. However, it has been commonly perceived that the verbosity of XML incurs heavy processing overhead. Several academic and industry efforts have been made to accelerate the XML processing, trying to mitigate the performance pain point. [6-10]</ns1:para><ns1:para pattern="Block">XML parsing and schema validation are two major XML processing loads in most XML based applications. XML parsing provides the infoset and XML Schema validation determines type information for every node of the document. Beside use on the application perimeter to validate input XML messages [1][2], the schema-aware processing gains are significance inside application, using XML processing languages like XPath2.0/XSLT2.0, accessing XML database, or mapping to Java objects.</ns1:para><ns1:para pattern="Block">The schema validation adds extra significant overhead into XML parsing [5]. For example, the eBay Web services specification has a few thousand elements and hundreds of complex type definitions. Communicating with eBay via the SOAP protocol requires processing of large XML documents [2]. Benchmark analysis [3][4] shows that most implementations of Web services do not scale well as the size of XML document increases.</ns1:para></ns1:section><ns1:section pattern="HeadedContainer"><ns1:title pattern="Block">Parallel XML Processing and Multi-cores</ns1:title><ns1:para pattern="Block">On the hardware front, a recent trend in computer architecture is the rapid adoption of chip multiprocessors (CMPs), commonly referred as multi-core processors. Intel, as an example, has shipped several of multi-core processors from 2 cores to 8 cores and is even leading the trend from multi-core to many-core with their future-oriented 80-core chip research project[12]. It's no doubt that tomorrow's computers will have more cores rather than exponentially faster clock speeds. As more and more web services based applications are deploying on multi-core processors, the heavy XML processing in web services will need to take full advantage of multi-core processing.</ns1:para><ns1:para pattern="Block">In this paper, we present a hybrid parallel processing model for XML parsing and schema validation, which combines data-parallel and pipeline parallelization model to achieve high performance and good scalability. The parsing and schema validation are two major pipeline stages in this model and are both based on a novel chunk-based speculative parallel XML processing algorithm. The parallel algorithm first partitions the XML document by chunks and then apply data-parallel model to process each chunk in parallel.</ns1:para><ns1:para pattern="Block">Several efforts have been made in this field to parallelize XML parsing. Wei Lu first presented a pre-scanning based parallel parsing model, which consisted of an initial pre-scanning phase to determine the structure of the XML document, followed by a full, parallel parser [6]. The results of pre-scanning phase are used to help partition the XML document for data parallel processing. The research continued with an attempt to parallelize the pre-scanning stage to exploit more parallelism [8]. Michael R.Head also explored new techniques for parallelizing parsers for very large XML documents [7]. They did not focus on developing parallel XML parsing algorithm, but exposing the parallelism by dividing XML parsing process into several phases, such as XML data loading, XML parsing and result generation, and then scheduling working threads to execute each parsing phase in a pipeline model. The paper discussed a bunch of performance issues such as load imbalance and communication and synchronization overhead. Parabix uses parallel bitstream technology [10], in its XML parsing by exploiting the SSE vector instructions in the Intel architecture [9].</ns1:para><ns1:para pattern="Block">Compared to other approaches, our approach tries to avoid the pre-scanning overhead [6], as we discovered the pre-scanning overhead is considerable especially after we improved the parsing performance [9]. Our the algorithm is chunk-based and each parallel sub-task is to process a chunk, it helps processing a large document without loading it into the memory. The vectorization approach [10] can be used in the each parallel sub-task and therefore complementary to our approach. Moreover, our paper is the first one describing the parallel schema validation and the hybrid parallel model. The performance evaluation results show the performance benefits by this model and parallel XML parsing and schema validation.</ns1:para><ns1:para pattern="Block">The rest of the paper is organized as follows. Section 2 introduces hybrid parallel XML processing model. Sections 3 and 4 focus on parallel XML parsing and parallel schema validation algorithms. The last section gives the performance evaluation results and makes a performance comparison with an existed parallel XML parser model.</ns1:para></ns1:section></ns1:section><ns1:section pattern="HeadedContainer"><ns1:title pattern="Block">Hybrid Parallel XML Processing Model</ns1:title><ns1:para pattern="Block">The hybrid parallel XML processing model showing in figure 1 combines pipeline and data-parallel model to expose more parallelism and achieve better scalability.</ns1:para><ns1:section pattern="HeadedContainer"><ns1:title pattern="Block">Pipeline Execution in XML Processing</ns1:title><ns1:para pattern="Block">XML processing can be executed as pipeline. Figure 1 shows two pipeline stages, parsing and validation. The two stages can execute as a pipeline based on chunks, which means, the parsing stages inputs the XML document by chunks and outputs parsed chunks while validation stage inputs the parsed chunk from previous stage and do validation against each parsed chunk if it's necessary. After that, it either associates PSVI information with each node in the chunk or produce a simple Boolean to indicate whether the document is valid.</ns1:para><ns1:para pattern="Block">However, the common challenge for a pipeline model is how to maintain load balance among pipeline stages. As the speed of producing the parsed chunk can be different than the consumption speed of the validator and the difference may vary for different chunks. The parsed chunk pool acts as a cushion to absorb these differences. The more detailed discussion about how to assure load balance in pipeline model is out of the scope of this paper.</ns1:para></ns1:section><ns1:section pattern="HeadedContainer"><ns1:title pattern="Block">Apply Data-parallel Model</ns1:title><ns1:para pattern="Block">Both the parsing and validation stages can apply chunk based data-parallel model respectively to exploit more parallelism.</ns1:para><ns1:para pattern="Block">As shown in figure 1, parsing stage contains a number of XML parsers. At first, the input XML document is partitioned into chunks and put into a chunk pool. All of XML parsers can start speculative parsing once an input chunk in the chunk pool is available even though not receiving the whole input XML document. Any parser may perform chunk partition when the chunk number in the pool is less than a given threshold. After finishing parsing a chunk, the information for the chunk is not complete, the parallel parser must carry out post processing for the chunk after all preceding chunks are parsed. After that, the parsed chunks hold the complete infoset information for the corresponding input chunk and can be put into parsed chunk pool to be processed by next stage.</ns1:para><ns1:para pattern="Block">Similarly, the validation stage contains multiple parallel validators, each of which can perform partial validation once a parsed chunk is available. The parallel validator reads the parsed chunk from the pool directly. After validating one chunk, the post processing should be executed for all of preceding chunks to produce final validation result.</ns1:para><ns1:figure floatstyle="1" xml:id="hybrid" pattern="Container" xreflabel="hybrid"><ns1:mediaobject pattern="Container"><ns1:imageobject pattern="Container"><ns1:imagedata fileref="../../../vol1/graphics/Wu01/Wu01-001.jpg" format="jpg" pattern="Meta" width="90%"/></ns1:imageobject><ns1:caption pattern="Container"><ns1:para pattern="Block">Hybrid parallel XML processing model</ns1:para></ns1:caption></ns1:mediaobject></ns1:figure></ns1:section></ns1:section><ns1:section pattern="HeadedContainer"><ns1:title pattern="Block">Parallel XML Parsing</ns1:title><ns1:para pattern="Block">Parallel XML parsing scans an XML document in parallel as well as checking the well-formedness and generates the parsing result. The XML document is divided into chunks so that each parser works on a chunk independently and generates its own partial result that is merged in document order during the post processing step to produce the final result.</ns1:para><ns1:para pattern="Block">The key to the parallel XML parsing algorithm is how to parse a chunk as a part of an XML document without seeing the whole document. A chunk may start in the middle of some string whose context and grammatical role is unknown. For example, a chunk may start as a part of element name or attribute or text value. Without this information, the parser does not know how to parse a chunk.</ns1:para><ns1:para pattern="Block">We present speculative XML parsing to address this issue. Speculative parsing can produce partial result for each chunk and delegate uncompleted work to post processing.</ns1:para><ns1:para pattern="Block">To support the speculative processing, we use a simple DOM-like XML tree(S-TREE) as our internal representation and the final parsing result. The node in S-TREE only has parent and first children link and all of sibling nodes are organized as document order, which is very memory efficient. S-TREE can be partially generated in the initial parsing step with the rest of the information completed in the later post processing step. We use the term of partial S-TREE to refer a partially generated S-TREE by speculative parsing for one chunk and all of partial S-TREEs can be linked together to be a completed one after post processing.</ns1:para><ns1:para pattern="Block">Figure 2 provides a detailed look at the parser. The speculative parsing based algorithm brings additional overhead: the chunk partition and the post processing. However, the overhead is much smaller than the pre-scanning overhead [6] and it can be amortized as the task can be done in parallel with speculative parsing. As shown in the figure, typically the chunk partition and the post processing are carried out only once although each parallel parser may perform the function. Comparably, the pre-scanning based algorithm [6] requires a pre-scanning over the whole document to get the skeleton of an XML document before parallel parsing can start.</ns1:para><ns1:figure floatstyle="1" xml:id="PXP" pattern="Container" xreflabel="pxp"><ns1:mediaobject pattern="Container"><ns1:imageobject pattern="Container"><ns1:imagedata fileref="../../../vol1/graphics/Wu01/Wu01-002.jpg" format="jpg" pattern="Meta" width="90%"/></ns1:imageobject><ns1:caption pattern="Container"><ns1:para pattern="Block">Parallel XML Parsing Algorithm</ns1:para></ns1:caption></ns1:mediaobject></ns1:figure><ns1:section pattern="HeadedContainer"><ns1:title pattern="Block">Chunk Partition</ns1:title><ns1:para pattern="Block">Chunk partition divides the whole or part of XML document into several of approximately equal-sized chunks and puts them into the chunk pool. The chunk size can be decided at run time to assure 1) each chunk should be big enough to minimize the number of chucks and reduce the post processing workload. 2) each parsing thread has one chunk to be processed at least, that is, the number of chunks should be larger than the number of working threads.</ns1:para><ns1:para pattern="Block">An issue for chunk partition is that a chunk may start in the middle of some string as we have discussed before. To make use of speculative parsing, we force each chunk must start with left angle bracket "&lt;" by forward searching in XML during partition. By this way, each chunk can be regarded as a new XML document though it may not be well-formed.</ns1:para></ns1:section><ns1:section pattern="HeadedContainer"><ns1:title pattern="Block">Speculative Parsing</ns1:title><ns1:para pattern="Block">This step parses each chunk and generates partial S-TREE.</ns1:para><ns1:para pattern="Block">Because each chunk always begins with left angle bracket "&lt;", our parser works the same way as a single threaded or traditional parser does. However, a traditional parser may throw an exception if a chunk is not well-formed. For example, figure 3-a is a possible chunk partition for a sample XML document, we can find the chunk 3 is not well-formed for it starts with an end element.</ns1:para><ns1:para pattern="Block">Speculative parsing deals with this issue by catching and classifying all of ill-formed exceptions. We have identified that there are three types of ill-formed exceptions. Each exception implies there is an unresolved element. All of unresolved elements can be further processed in post processing step.</ns1:para><ns1:para pattern="Block">1) Unresolved Start Element; which means the start element has no corresponding end element in current chunk. The unresolved start elements include "catalog", "book", and "title" in the first chunk of figure 3-a.</ns1:para><ns1:para pattern="Block">2) Unresolved End Element; which means the end element appeared when there is no matched start element in current chunk. Like the element "title" in the second chunk of figure 3-a.</ns1:para><ns1:para pattern="Block">3) Unresolved Prefix; which means the prefix has no associated namespace definition in current chunk. Like the prefix "bw" in the second chunk of figure 3-a.</ns1:para><ns1:figure floatstyle="1" xml:id="Xsample" pattern="Container" xreflabel="sample"><ns1:mediaobject pattern="Container"><ns1:imageobject pattern="Container"><ns1:imagedata fileref="../../../vol1/graphics/Wu01/Wu01-003.jpg" format="jpg" pattern="Meta" width="90%"/></ns1:imageobject><ns1:caption pattern="Container"><ns1:para pattern="Block">Figure3-a A sample XML includes three chunks</ns1:para></ns1:caption></ns1:mediaobject><ns1:mediaobject pattern="Container"><ns1:imageobject pattern="Container"><ns1:imagedata fileref="../../../vol1/graphics/Wu01/Wu01-004.jpg" format="jpg" pattern="Meta" width="90%"/></ns1:imageobject><ns1:caption pattern="Container"><ns1:para pattern="Block">Figure3-b Speculative Parsing Result of sample XML</ns1:para></ns1:caption></ns1:mediaobject></ns1:figure><ns1:para pattern="Block">The unresolved start and end elements of a chunk are added to UnresolvedEE queue and UnresolvedSE queue respectively. For each unresolved start element, it also records the context information like namespace definition. In addition, the Qname of the start element and end element are recorded to help the well-formedness check in the post processing. The unresolved prefixes are recorded and later on resolved in the post processing step. Figure 3-b gives the speculative parsing result for each chunk of figure 3-a, which contains generated partial S-TREEs and unresolved elements.</ns1:para><ns1:para pattern="Block">Speculative parsing of a chunk may produce a number of partial S-TREEs. A new S-TREE is produced whenever the element has no parent in the current chunk. For example, the chunk 2 generates two partial S-TREEs as shown in figure 3-b. For each S-TREE, a relative depth is recorded to indicate his distance between the current tree and the tree with lowest level.</ns1:para></ns1:section><ns1:section pattern="HeadedContainer"><ns1:title pattern="Block">Post-Processing</ns1:title><ns1:para pattern="Block">The post processing propagates the context information and performs residual processing including checking well-formedness across chunks, resolving unresolved prefix and linking partial S-TREEs. As post processing has to be sequentially executed in one parallel parser, the algorithm is designed to be highly efficient.</ns1:para><ns1:section pattern="HeadedContainer"><ns1:title pattern="Block">Context information</ns1:title><ns1:para pattern="Block">The post processing propagates context information from the first chunk to the succeeding chunks. The context information is used in the residual processing to complete the parsing of a partial processed chunk. The context information has to include QName, namespace definition and node reference of each unresolved start element in the UnresolvedSE queue to support well-formedness checking, unresolved prefix resolving and partial S-TREEs linking. The context information has to be prepared beforehand at the partial processing as long as the UnresolvedSE queues are formed.</ns1:para></ns1:section><ns1:section pattern="HeadedContainer"><ns1:title pattern="Block">Well-formedness Checking</ns1:title><ns1:para pattern="Block">Parallel XML parsing uses two steps to check the well-formedness against an XML document. First, speculative parsing checks the well-formedness inside a chunk and post processing checks unresolved start and end element with a simple and efficient algorithm illustrated in figure 4. In this algorithm, N indicates the number of parsed chunks.</ns1:para><ns1:figure floatstyle="1" xml:id="wellform" pattern="Container" xreflabel="wellform"><ns1:mediaobject pattern="Container"><ns1:imageobject pattern="Container"><ns1:imagedata fileref="../../../vol1/graphics/Wu01/Wu01-005.jpg" format="jpg" pattern="Meta" width="90%"/></ns1:imageobject><ns1:caption pattern="Container"><ns1:para pattern="Block">Well-formedness checking algorithm</ns1:para></ns1:caption></ns1:mediaobject></ns1:figure><ns1:para pattern="Block">This algorithm maintains the global context stack and matches its unresolved start element with the unresolved end elements in the UnresolvedEE queue for each chunk consecutively. After the last chunk has been processed, the global context stack and the UnresolvedEE queue of the chunk should be empty, which indicates all of start elements have matched all of end elements. Then the whole XML document is well-formed; otherwise it throws ill-formed exception.</ns1:para></ns1:section><ns1:section pattern="HeadedContainer"><ns1:title pattern="Block">Resolving Unresolved Prefix</ns1:title><ns1:para pattern="Block">In a well-formed XML document, any prefix must bind to a determined namespace. Speculative parsing can't bind an unresolved prefix to any namespace because its namespace may be defined in a preceding chunk.</ns1:para><ns1:para pattern="Block">To resolve unresolved prefixes, the post processing treats the namespace as context information and propagates the namespace information when maintaining the global context stack. It looks up all the ancestors of the element from its direct parent to the root element of XML document in global context stack to find the first matched namespace definition. If successful, all elements with the prefix associate the matched namespace; otherwise it throws unrecognized prefix exception.</ns1:para><ns1:para pattern="Block">However, there is an exception for resolving default namespace. If there is no matched default namespace definition for a default prefix, it should not report any error. Because XML specification has specified a pre-defined default namespace, it's not necessary to define a new default namespace in an XML document.</ns1:para></ns1:section><ns1:section pattern="HeadedContainer"><ns1:title pattern="Block">Linking Partial S-TREEs</ns1:title><ns1:para pattern="Block">This step links partial S-TREEs together to be a complete S-TREE representing the original XML document. The key to this step is finding the correct parent for the root node of each partial S-TREE. So element's depth is introduced to indicate the relevant depth for the element in its own chunk, which is equal to number of unresolved end element appearing before the element in current chunk. The figure 5 shows how a partial S-TREE is linked to the trunk tree. In this algorithm, N stands for the total number of chunks.</ns1:para><ns1:figure floatstyle="1" xml:id="DOMmerge" pattern="Container" xreflabel="dommerge"><ns1:mediaobject pattern="Container"><ns1:imageobject pattern="Container"><ns1:imagedata fileref="../../../vol1/graphics/Wu01/Wu01-006.jpg" format="jpg" pattern="Meta" width="90%"/></ns1:imageobject><ns1:caption pattern="Container"><ns1:para pattern="Block">Partial S-TREE Linking algorithm</ns1:para></ns1:caption></ns1:mediaobject></ns1:figure><ns1:para pattern="Block">After this step, a chunk of XML data can be represented by a number of partial S-TREEs whose information is complete enough that it can be processed by another application, for example, parallel schema validator can start validation based on partial S-TREEs to expose more data-parallel opportunity.</ns1:para></ns1:section></ns1:section></ns1:section><ns1:section pattern="HeadedContainer"><ns1:title pattern="Block">Parallel Schema Validation</ns1:title><ns1:para pattern="Block">Like parallel XML parsing, the basic idea of parallel schema validation is dividing the whole validation task into a set of subtasks, where each subtask validates a chunk of the document. Schema validation can work on partial S-TREE directly rather than the raw XML data. The validation stage has two phases, partial validation and residual validation, corresponding to speculative parsing and post processing in section 3. The figure 6 provides a more detailed look at the parallel validation.</ns1:para><ns1:figure floatstyle="1" xml:id="PSV" pattern="Container" xreflabel="psv"><ns1:mediaobject pattern="Container"><ns1:imageobject pattern="Container"><ns1:imagedata fileref="../../../vol1/graphics/Wu01/Wu01-007.jpg" format="jpg" pattern="Meta" width="90%"/></ns1:imageobject><ns1:caption pattern="Container"><ns1:para pattern="Block">Parallel Schema Validating</ns1:para></ns1:caption></ns1:mediaobject></ns1:figure><ns1:section pattern="HeadedContainer"><ns1:title pattern="Block">Partial Validation</ns1:title><ns1:para pattern="Block">Partial validation starts with schema validation on the partial S-TREEs, which can be regarded as a subtask of the whole validation process starting from one of generated partial S-TREE so that partial validation can be executed in parallel based on having multiple partial S-TREEs. Usually, a finite state machine is used to describe the validation process. To validate a partial S-TREE, we must determine the schema type for the root element of a partial tree to initialize start of the start of the finite state machine.</ns1:para><ns1:para pattern="Block">According to schema definition, we can look up all of ancestors for a specific element to determine its schema type. As described in last section, each partial S-TREE must be linked into the preceding parsed chunks before being validated. So the ancestor link for the root element of a partial S-TREE is available. As long as the schema type of the root element is determined, the whole partial S-TREE can be validated. After finishing validating all of partial S-TREEs in a chunk it generates schema context information for all of unresolved start elements in current chunk, and summaries the type information in validation summary, which can be used in residual processing. The algorithm detail is shown in figure 7.</ns1:para><ns1:figure floatstyle="1" xml:id="Partialval" pattern="Container" xreflabel="pval"><ns1:mediaobject pattern="Container"><ns1:imageobject pattern="Container"><ns1:imagedata fileref="../../../vol1/graphics/Wu01/Wu01-008.jpg" format="jpg" pattern="Meta" width="90%"/></ns1:imageobject><ns1:caption pattern="Container"><ns1:para pattern="Block">Partial Validation Algorithm</ns1:para></ns1:caption></ns1:mediaobject></ns1:figure></ns1:section><ns1:section pattern="HeadedContainer"><ns1:title pattern="Block">Residual Validation</ns1:title><ns1:para pattern="Block">Residual validation merges the partial validation result in document order. In fact, it just resumes to validate the unresolved start elements in a chunk which has been suspended due to its child nodes are not available in that chunk. The only difference of residual validation from traditional validation process is that it will use the information kept in validation summary to do the validation work other than retrieving from original XML document. Figure 8 describes the algorithm.</ns1:para><ns1:figure floatstyle="1" xml:id="Reval" pattern="Container" xreflabel="reval"><ns1:mediaobject pattern="Container"><ns1:imageobject pattern="Container"><ns1:imagedata fileref="../../../vol1/graphics/Wu01/Wu01-009.jpg" format="jpg" pattern="Meta" width="90%"/></ns1:imageobject><ns1:caption pattern="Container"><ns1:para pattern="Block">Residual Validation Algorithm</ns1:para></ns1:caption></ns1:mediaobject></ns1:figure></ns1:section></ns1:section><ns1:section pattern="HeadedContainer"><ns1:title pattern="Block">Performance Evaluation</ns1:title><ns1:para pattern="Block">This section gives the performance evaluation result. In our experiment, we use the high performance XML parser in the IntelÃ&#130;Â® XML Software Suite as the baseline, which offers 80M/sec throughput single-thread performance on the 2.66G Xeon test machine [9]. We first analyzed the performance breakdown for our hybrid parallel processing model for XML parsing and schema validation. Then we measured performance of our standalone parallel parser, which only parsing and try to analyze its speedup and overhead for documents with different size. Then we make a comparison between speculative parsing based XML parser and the pre-scanning based approach, using our prototype parallel parsers with the two approaches. At last, we show the performance improvement on schema validating parser which integrates parallel parsing and schema validation.</ns1:para><ns1:para pattern="Block">These performance measurements were taken on a Dual Intel Xeon 5300 processor machine (2.66GHz, Quad Core, Shared 8M L2 cache) with 4G RAM. The underlying operating system for these tests was Redhat Linux EL4 (kernel 2.6.9). The test cases are taken from Intel's XML Parsing Benchmark [11], whose cases are all from real customer and varied in XML size, number of elements and element nesting depth. For example, the size of test cases is in ranging from 5K to 20M and the element nesting depth is from zero to six.</ns1:para><ns1:para pattern="Block">To minimize external system effects on our results, we had exclusive access to the machine during testing. Every test ran ten times, to get the average time the first time was discard, so as to measure performance with the XML document data already cached rather than being read from disk.</ns1:para><ns1:section pattern="HeadedContainer"><ns1:title pattern="Block">Performance Breakdown</ns1:title><ns1:para pattern="Block">Our parallel XML processing model performs the pipeline stages as described, and thus we can measure the time of each stage. The sequential stages include chunk partition, post processing in XML parsing and residual validation in schema validation. The speculative parsing and partial validation can be done in parallel. Figure 9 shows the average time consuming percentage of each stage from two threads to eight threads.</ns1:para><ns1:para pattern="Block">First, we find the percentage of effort related to chunk partition is nearly zero. The main reason is that speculative parsing algorithm can start parsing any part of XML as long as it starts with left angle bracket "&lt;", which simplifies the chunk partition algorithm.</ns1:para><ns1:para pattern="Block">As thread number increases up to eight, we observe the percentage for another two sequential stages, post processing and residual validation grows from 10% to 35%. If excluding the overhead caused by lock contention, the time consumed by the two stages is in direct ratio to chunk number and average element depth of an XML document. For example, the worst situation is that the first chunk only has start element while the second one only contains end element, which hints the XML document has very high depth. We also measure the performance breakdown for such worst XML case. The result shows the percentage taking by post processing and residual validation is less than 50% in 8 threads, which is acceptable because such worst XML case is rare exception.</ns1:para><ns1:figure floatstyle="1" xml:id="Pbreak" pattern="Container" xreflabel="Pbreak"><ns1:mediaobject pattern="Container"><ns1:imageobject pattern="Container"><ns1:imagedata fileref="../../../vol1/graphics/Wu01/Wu01-010.jpg" format="jpg" pattern="Meta" width="90%"/></ns1:imageobject><ns1:caption pattern="Container"><ns1:para pattern="Block">Performance Breakdowns</ns1:para></ns1:caption></ns1:mediaobject></ns1:figure></ns1:section><ns1:section pattern="HeadedContainer"><ns1:title pattern="Block">Standalone Parallel Parser Performance</ns1:title><ns1:para pattern="Block">Standalone parallel parser only parses the XML document in parallel and generate DOM-like tree. We use the term speedup to measure how well the parallel algorithm scales and evaluate the efficiency of parallel algorithms. Speedup is calculated by dividing sequential time by the parallel execution time. We use the XML parser in IntelÃ&#130;Â® XML Software Suite as the baseline to get the sequential execution time. The parallel time is the time our parallel XML parser spends on build the same DOM-like tree. Figure 10 shows how the parallel algorithm scales with the number of threads when parsing the XML document with different document size.</ns1:para><ns1:figure floatstyle="1" xml:id="purePerf" pattern="Container" xreflabel="pureperf"><ns1:mediaobject pattern="Container"><ns1:imageobject pattern="Container"><ns1:imagedata fileref="../../../vol1/graphics/Wu01/Wu01-011.jpg" format="jpg" pattern="Meta" width="90%"/></ns1:imageobject><ns1:caption pattern="Container"><ns1:para pattern="Block">Speedup of standalone parallel parser on XML document with different size</ns1:para></ns1:caption></ns1:mediaobject></ns1:figure><ns1:para pattern="Block">From the figure 10, we can see that the bigger the XML document size, the higher speedup of parallel parser can achieve. Because bigger XML document can be split into more subtasks to be parsed in parallel and can maximize the utilization of multi-processors. This algorithm has very good speedup for large XML documents. It is even nearly three times faster than sequential parsing with four threads. The speedup for large documents is also nearly 4.5 with eight threads. But the overhead of thread communication and lock contention is becoming significant when the total sequential parsing time is very short for small XML documents. That's the reason why there is no performance gain for small XML documents less than 64K. But parallel parser can filter these cases at run time by setting a threshold of minimum XML document size. It still makes sense because parallel parser is designed for speeding up the parsing of large XML documents.</ns1:para><ns1:para pattern="Block">Besides, we made a performance comparison analysis against an alternative parallel parser prototype presented in paper [6]. Before we use the speculative execution based approach, we have developed a prototype using the pre-scanning approach. Figure 11 gives the performance comparison result for the two parallel XML parsing algorithms on large XML document. The result shows the performance of our speculative parsing based parser has significantly higher speed-up. Also, the pre-scanning based parsing approach doesn't scale very well when we use 8 threads on 8-core machine.</ns1:para><ns1:figure floatstyle="1" xml:id="comPerf" pattern="Container" xreflabel="comperf"><ns1:mediaobject pattern="Container"><ns1:imageobject pattern="Container"><ns1:imagedata fileref="../../../vol1/graphics/Wu01/Wu01-012.jpg" format="jpg" pattern="Meta" width="90%"/></ns1:imageobject><ns1:caption pattern="Container"><ns1:para pattern="Block">Performance Comparison for two Algorithms</ns1:para></ns1:caption></ns1:mediaobject></ns1:figure><ns1:para pattern="Block">Speculative parsing based parser avoids the pre-scanning process and reduces the sequential execution time as much as possible. An initial evaluation result shows that the average overhead of pre-scanning is hundreds times slower than the overhead introduced by the sequential execution time of our parallel algorithm, which explains the reason that speculative execution based parallel parser performs better than the pre-scanning based parallel parser.</ns1:para></ns1:section><ns1:section pattern="HeadedContainer"><ns1:title pattern="Block">Parallel validated parser performance</ns1:title><ns1:para pattern="Block">A validating parser performs validation during parsing. Our parallel validating parser is an integration of parallel parsing and parallel schema validation with a pipeline model. Schema validating parser has two usual usage models. The first, named parallel validator only validates the XML document and gives the validation result against a given schema. The other also outputs a DOM-like tree with type information at the same time, named parallel validating DOM parser.</ns1:para><ns1:para pattern="Block">Figure 12 gives the speedup for pure parallel parsing, standalone parallel validation and parallel validated DOM parser respectively on large XML documents, using XML schema validator in IntelÃ&#130;Â® XML Software Suite as our baseline. The speedup of parallel validating DOM parser reaches above 5 on the 8-core test machine. The speedup of parallel validator is slightly slower as the baseline uses a faster mode which avoids generating the intermediate DOM-like tree. The better speedup of parallel validator than that of standalone parallel parser demonstrate the former exposes more parallelism by integrating parallel XML parsing and schema validation while has lower overhead of parallel validation by using the information summary in the residual processing</ns1:para><ns1:figure floatstyle="1" xml:id="threePerf" pattern="Container" xreflabel="threeperf"><ns1:mediaobject pattern="Container"><ns1:imageobject pattern="Container"><ns1:imagedata fileref="../../../vol1/graphics/Wu01/Wu01-013.jpg" format="jpg" pattern="Meta" width="90%"/></ns1:imageobject><ns1:caption pattern="Container"><ns1:para pattern="Block">Speedup of Three Parallel Parsers</ns1:para></ns1:caption></ns1:mediaobject></ns1:figure></ns1:section></ns1:section><ns1:section pattern="HeadedContainer"><ns1:title pattern="Block">Conclusion</ns1:title><ns1:para pattern="Block">In this parser, we describe a new parallel XML parsing algorithm with great performance and that scales well for up to eight cores by means of speculative based parsing. Then we develop a novel parallel schema validation algorithm which can validate partial DOM-like trees generated by parallel XML parsers. Based on the two parallel algorithms, a hybrid parallel processing model is presented. This model organizes XML parsing and schema validation as a two stages execution pipeline and then apply data-parallel for each stage to expose more parallelism. Our results have shown this hybrid parallel XML processing model is effective and very efficient.</ns1:para></ns1:section><ns1:section pattern="HeadedContainer"><ns1:title pattern="Block">LEGAL INFORMATION</ns1:title><ns1:para pattern="Block">This paper is for informational purposes only. THIS DOCUMENT IS PROVIDED "AS IS" WITH NO WARRANTIES WHATSOEVER, INCLUDING ANY WARRANTY OF MERCHANTABILITY, NONINFRINGEMENT, FITNESS FOR ANY PARTICULAR PURPOSE, OR ANY WARRANTY OTHERWISE ARISING OUT OF ANY PROPOSAL, SPECIFICATION OR SAMPLE. Intel disclaims all liability, including liability for infringement of any proprietary rights, relating to use of information in this specification. No license, express or implied, by estoppel or otherwise, to any intellectual property rights is granted herein.</ns1:para><ns1:para pattern="Block">Intel, the Intel logo, Intel leap ahead, Intel leap ahead logo, Intel Core, are trademarks of Intel Corporation in the United States and other countries.</ns1:para><ns1:para pattern="Block">*Other names and brands may be claimed as the property of others.</ns1:para></ns1:section><ns1:bibliography pattern="HeadedContainer"><ns1:title pattern="Block">Bibliography</ns1:title><ns1:bibliomixed xml:id="A1" pattern="Block" xreflabel="Singh2003">G. Singh, S. Bharathi, A. Chervenak, E. Deelman, C. Kesselman, M.Manohar, S. Patil, and L. Pearlman. "A Metadata Catalog Service for Data Intensive Applications" In SC'03: Proceedings of the 2003 ACM/IEEE conference on Supercomputing, page 33</ns1:bibliomixed><ns1:bibliomixed xml:id="A2" pattern="Block" xreflabel="eBay">eBay. eBay Developers Program<ns1:link xmlns:ns2="http://www.w3.org/1999/xlink" ns2:actuate="onRequest" ns2:show="new" ns2:type="simple" pattern="Inline">http://developer.ebay.com/developercenter/soap</ns1:link></ns1:bibliomixed><ns1:bibliomixed xml:id="A3" pattern="Block" xreflabel="Head2005">M. R. Head, M. Govindaraju, A. Slominski, P. Liu, N. Abu-Ghazaleh, R. van Engelen, K. Chiu, and M. J. Lewis. "A Benchmark Suite for SOAP-based Communication in Grid Web Services." In SC'05: Proceedings of the 2005 ACM/IEEE conference on Supercomputing, page 19, Washington, DC, USA, 2005. IEEE Computer Society. doi:<ns1:biblioid class="doi" pattern="Atom">10.1109/SC.2005.2</ns1:biblioid></ns1:bibliomixed><ns1:bibliomixed xml:id="A4" pattern="Block" xreflabel="Head2006">M. R. Head, M. Govindaraju, R. van Engelen, and W. Zhang. "Benchmarking XML Processors for Applications in Grid Web Services". In SC'06: Proceedings of the 2006 ACM/IEEE conference on Supercomputing, page 121, New York, NY, USA, 2006. ACM Press. doi:<ns1:biblioid class="doi" pattern="Atom">10.1145/1188455.1188581</ns1:biblioid></ns1:bibliomixed><ns1:bibliomixed xml:id="A5" pattern="Block" xreflabel="Nicola2003">Nicola, M. and John, J., "XML Parsing: a Threat to Database Performance" International Conference on Information and Knowledge Management, 2003, pp. 175-178. doi:<ns1:biblioid class="doi" pattern="Atom">10.1145/956863.956898</ns1:biblioid></ns1:bibliomixed><ns1:bibliomixed xml:id="A6" pattern="Block" xreflabel="WeiLu2006">W. Lu, K. Chiu, and Y. Pan "A parallel approach to XML parsing". In The 7th IEEE/ACM International Conference on Grid Computing, Barcelona, September 2006. doi:<ns1:biblioid class="doi" pattern="Atom">10.1109/ICGRID.2006.311019</ns1:biblioid></ns1:bibliomixed><ns1:bibliomixed xml:id="A7" pattern="Block" xreflabel="Michael">Michael R. Head and Madhusudhan Govindaraju. "Approaching a Parallelized XML Parser Optimizedfor Multi-Core Processor"</ns1:bibliomixed><ns1:bibliomixed xml:id="A8" pattern="Block" xreflabel="Yinfei">Yinfei Pan, Ying Zhang, Kenneth Chiu, Wei Lu, "Parallel XML Parsing Using Meta-DFA", Proceedings of the Third IEEE International Conference on e-Science and Grid Computing</ns1:bibliomixed><ns1:bibliomixed xml:id="A9" pattern="Block" xreflabel="Intel">Intel Ã&#130;Â® XML Software Suite<ns1:link xmlns:ns2="http://www.w3.org/1999/xlink" ns2:actuate="onRequest" ns2:show="new" ns2:type="simple" pattern="Inline">http://www.intel.com/cd/software/products/asmo-na/eng/366637.htm</ns1:link></ns1:bibliomixed><ns1:bibliomixed xml:id="A10" pattern="Block" xreflabel="parabix">parabix,<ns1:link xmlns:ns2="http://www.w3.org/1999/xlink" ns2:actuate="onRequest" ns2:show="new" ns2:type="simple" pattern="Inline">http://parabix.costar.sfu.ca</ns1:link></ns1:bibliomixed><ns1:bibliomixed xml:id="A11" pattern="Block" xreflabel="Intel">Intel Ã&#130;Â® XML Software Suite Performance Paper<ns1:link xmlns:ns2="http://www.w3.org/1999/xlink" ns2:actuate="onRequest" ns2:show="new" ns2:type="simple" pattern="Inline">http://softwarecommunity.intel.com/isn/downloads/softwareproducts/pdfs/XSSPerformancePaper.pdf</ns1:link></ns1:bibliomixed><ns1:bibliomixed xml:id="A12" pattern="Block" xreflabel="Intel">Intel Multi-core Architecture Briefing.<ns1:link xmlns:ns2="http://www.w3.org/1999/xlink" ns2:actuate="onRequest" ns2:show="new" ns2:type="simple" pattern="Inline">http://www.intel.com/pressroom/archive/releases/20080317fact.html</ns1:link></ns1:bibliomixed></ns1:bibliography></ns1:article>