<?xml version="1.0" encoding="UTF-8"?><ns1:article xmlns:ns1="http://docbook.org/ns/docbook" xmlns:ns3="http://www.w3.org/XML/1998/namespace" xml:id="Bal2008poul0610" pattern="HeadedContainer" version="5.0-subset Balisage-1.2"><ns1:title pattern="Block">Properties of schema mashups: dynamicity, semantic, mixins, hyperschemas</ns1:title><ns1:info pattern="Record"><ns1:confgroup pattern="Record"><ns1:conftitle pattern="Field">Balisage: The Markup Conference 2008</ns1:conftitle><ns1:confdates pattern="Field">August 12 - 15, 2008</ns1:confdates></ns1:confgroup><ns1:abstract pattern="Container"><ns1:para pattern="Block">W3C XML Schemas specifications were published in 2001, but a large community still uses DTDs. Perhaps they didn't adopt new schema technologies because they are still awaiting some missing features ? What kind of feature would be useful to DTD users and schema practitioners ?</ns1:para><ns1:para pattern="Block">Let's transpose the buzzword "mashups" to schema technologies: mashups of several schema languages and mashups of schema languages with non-schema languages. From this bazaar, we'll discuss some of the emerging features that could make what would be the next generation of schema languages: dynamicity, semantic, mixins, and hyperschemas.</ns1:para></ns1:abstract><ns1:author pattern="Record"><ns1:personname pattern="Record"><ns1:firstname pattern="Field">Philippe</ns1:firstname><ns1:surname pattern="Field">Poulard</ns1:surname></ns1:personname><ns1:personblurb pattern="Container"><ns1:para pattern="Block">Philippe Poulard is a software engineer at INRIA (french national institute for research in computer science and control) where he is involved in Web-oriented problematics. He has been specialized in XML technologies and e-documentation for 10 years. During this period, he has developed XML and SGML-based solutions and prototypes on behalf of the French Army and INRIA. More recently he has designed and implemented a set of XML technologies named "Active Tags" (http://ns.inria.org/active-tags/). He also teaches XML and Java at Nice/Sophia-Antipolis university and Aix/Marseille university. He has an engineer degree (M.Sc) from the Conservatoire National des Arts et Metiers.</ns1:para></ns1:personblurb><ns1:affiliation pattern="Record"><ns1:orgname pattern="Block">INRIA</ns1:orgname></ns1:affiliation><ns1:email pattern="Field">philippe.poulard@sophia.inria.fr</ns1:email></ns1:author><ns1:legalnotice pattern="Container"><ns1:para pattern="Block">Copyright Ã&#130;Â© 2008 Philippe Poulard. Used by permission.</ns1:para></ns1:legalnotice><ns1:keywordset pattern="Table" role="author"><ns1:keyword pattern="Field">Schemas</ns1:keyword><ns1:keyword pattern="Field">Active Tags</ns1:keyword><ns1:keyword pattern="Field">Active Schema Language</ns1:keyword><ns1:keyword pattern="Field">Active Catalog</ns1:keyword><ns1:keyword pattern="Field">W3C XML Schema</ns1:keyword><ns1:keyword pattern="Field">Relx NG</ns1:keyword><ns1:keyword pattern="Field">Schematron</ns1:keyword><ns1:keyword pattern="Field">DTD</ns1:keyword><ns1:keyword pattern="Field">Hyperschema</ns1:keyword><ns1:keyword pattern="Field">data types</ns1:keyword></ns1:keywordset></ns1:info><ns1:section pattern="HeadedContainer"><ns1:title pattern="Block">Introduction</ns1:title><ns1:para pattern="Block">The<ns1:xref linkend="WXS-11" pattern="Milestone"/>specification is in a "last call working draft" status. One of the most significant change is perhaps the support of co-occurrence constraints that was missing in 1.0 and expected by the community. For the other missing stuffs -who knows what they are- we have to wait for W3C XML Schema 1.2 and so on. In this paper, we'll have a prospective approach: we examine some features that the author has already implemented as a demonstration, and imagine others that lead us to consider new usages of schema technologies.</ns1:para><ns1:para pattern="Block">For this purpose, we introduce an experimental but innovative schema technology: the Active Schema Language, or<ns1:xref linkend="ASL" pattern="Milestone"/>. The strength of ASL comes from its runtime environment: the<ns1:xref linkend="ActiveTags" pattern="Milestone"/>engine that was presented last year at Extreme Markup Languages in Montreal (<ns1:xref linkend="Poulard" pattern="Milestone"/>). Active Tags can host several runnable tag libraries and a schema language like ASL is just another library like other tag libraries, but built on top of this framework that offers to ASL lots of valuable services that make it much more simple, powerful and expressive than the serie of W3C XML Schema 1.x as well as other schema technologies.</ns1:para><ns1:para pattern="Block">Firstly, we will expose the foundations of the system. In the next chapters, we will explore 4 simple use cases:</ns1:para><ns1:itemizedlist pattern="Table"><ns1:listitem pattern="Container"><ns1:para pattern="Block">Since an Active Tags engine can make cohabit several tag libraries, even declarative languages like schema languages, we'll see hereafter how to design a schema that can build dynamically its content models (named active content model) by interweaving imperative instructions with declarative ones, in order to solve issues that other schema technologies can't address.</ns1:para></ns1:listitem><ns1:listitem pattern="Container"><ns1:para pattern="Block">Next, we'll focus on XML data types and the lack of support of semantic data types in schema languages. A simple example will show how ASL can define simply such a data type, and the advantage got for applications that have to deal with XML datas.</ns1:para></ns1:listitem><ns1:listitem pattern="Container"><ns1:para pattern="Block">We'll go on with the concept of mixins (borrowed to other kind of languages) adapted to schema languages. Here, we'll mix several schema technologies for extending an attribute definition of a DTD with a data type (other than CDATA, of course).</ns1:para></ns1:listitem><ns1:listitem pattern="Container"><ns1:para pattern="Block">Finally, we'll discuss about the validation of software components represented with declarative XML languages. Although schemas languages can validate the static representation of an assembly of components, they are not designed to validate pieces of components assembled at runtime. An hyperschema would act at this higher level.</ns1:para></ns1:listitem></ns1:itemizedlist><ns1:para pattern="Block">We will conclude that designing XML languages in a framework such as Active Tags is extremely valuable. Even (or especially) for declarative languages such as ASL.</ns1:para></ns1:section><ns1:section pattern="HeadedContainer"><ns1:title pattern="Block">Foundations of the system</ns1:title><ns1:para pattern="Block">In this section, we present an overview of the system and its basic functioning.</ns1:para><ns1:para pattern="Block">Basically, an<ns1:xref linkend="XSLT" pattern="Milestone"/>processor or a schema validator are doing the same things: first, since they are languages that rely on XML, instances are parsed, then unmarshalled to instances of some classes and assembled, and finally processed according to the intended semantic of the tags encountered. This is where the differences occurs. Processing those steps in a pipeline mode or generating some code in a target language are only implementation details. We can simply consider XSLT,<ns1:xref linkend="WXS" pattern="Milestone"/>,<ns1:xref linkend="RelaxNG" pattern="Milestone"/>,<ns1:xref linkend="SCXML" pattern="Milestone"/>,<ns1:xref linkend="XMLCatalogs" pattern="Milestone"/>and other markup languages designed for processing purpose as tag libraries, but none of them rely on a common system. Yet, some systems are based on tag libraries such as<ns1:xref linkend="JSP" pattern="Milestone"/>/<ns1:xref linkend="JSTL" pattern="Milestone"/>and<ns1:xref linkend="Jelly" pattern="Milestone"/>but the former is runnable exclusively within a Web server and both are very far from XML problematics: for example, instead of using XPath they rely on the<ns1:xref linkend="UEL" pattern="Milestone"/>and are tightly coupled to Java.</ns1:para><ns1:para pattern="Block">Active Tags is a system that considers that XML languages designed for processing purpose like those mentionned are tag libraries runnable in an XML-based environment. Active Tags offers to runnable XML languages a set of basic services such as handling XML datas and non-XML datas with<ns1:xref linkend="XPath" pattern="Milestone"/>, using templates, defining macros, and mapping tags to their implementations. This allows a programmer to focus on its implementation without worrying about the plumbing details.</ns1:para><ns1:para pattern="Block">In the same way that XSLT scripts are called "<ns1:emphasis pattern="Inline">stylesheets</ns1:emphasis>", Active Tags ones are called "<ns1:emphasis pattern="Inline">active sheets</ns1:emphasis>". Like XSLT, it is XPath centric, and<ns1:emphasis pattern="Inline">active sheets</ns1:emphasis>will contain both instructions (the so-called<ns1:emphasis pattern="Inline">active tags</ns1:emphasis>) and XML litterals. The main difference is that instead of having a single instruction set, an<ns1:emphasis pattern="Inline">active sheet</ns1:emphasis>may contain severals, each bound to a namespace URI. One of the core module of the system is the XML Control Language, or<ns1:xref linkend="XCL" pattern="Milestone"/>, that supplies a set of tags that covers many common features:</ns1:para><ns1:itemizedlist pattern="Table"><ns1:listitem pattern="Container"><ns1:para pattern="Block">Usual control structure actions, such as alternative (<ns1:code pattern="Atom">&lt;xcl:if&gt;</ns1:code><ns1:code pattern="Atom">&lt;xcl:then&gt;</ns1:code><ns1:code pattern="Atom">&lt;xcl:else&gt;</ns1:code>) or iterative actions (<ns1:code pattern="Atom">&lt;xcl:for-each&gt;</ns1:code>).</ns1:para></ns1:listitem><ns1:listitem pattern="Container"><ns1:para pattern="Block">XML oriented actions, such as XML parsing (<ns1:code pattern="Atom">&lt;xcl:parse&gt;</ns1:code>) and XSLT transforming (<ns1:code pattern="Atom">&lt;xcl:parse-stylesheet&gt;</ns1:code>and<ns1:code pattern="Atom">&lt;xcl:transform&gt;</ns1:code>); these actions deal with entity and URI resolving, passing parameters (<ns1:code pattern="Atom">&lt;xcl:param&gt;</ns1:code>), error handling and many other options used to tune XML processes.</ns1:para></ns1:listitem><ns1:listitem pattern="Container"><ns1:para pattern="Block">XML document creation (<ns1:code pattern="Atom">&lt;xcl:document&gt;</ns1:code>,<ns1:code pattern="Atom">&lt;xcl:element&gt;</ns1:code>,<ns1:code pattern="Atom">&lt;xcl:attribute&gt;</ns1:code>etc) and high level Active Update implementation, that allow to perform update operations on XML objects and X-operable objects<ns1:footnote pattern="Popup"><ns1:para pattern="Block">X-operable objects are objects that are exposing their inherent properties as XML properties (name, attributes, children, parent...) and can be processed with XML-related operations and traversed with XPath. For example, one can apply<ns1:code pattern="Atom">//*</ns1:code>on a directory of a file system to get all the files and directories under the tree.</ns1:para></ns1:footnote>(<ns1:code pattern="Atom">&lt;xcl:delete&gt;</ns1:code>,<ns1:code pattern="Atom">&lt;xcl:append&gt;</ns1:code>,<ns1:code pattern="Atom">&lt;xcl:update&gt;</ns1:code>etc).</ns1:para></ns1:listitem></ns1:itemizedlist><ns1:para pattern="Block">The reader is sent back to<ns1:xref linkend="RefleX" pattern="Milestone"/>, a Java implementation of Active Tags, where numbers examples are available and runnable. RefleX supplies a command line interface and a servlet, and offer means to query relational databases with SQL, XML databases with<ns1:xref linkend="XQuery" pattern="Milestone"/>, or LDAP repositories. Moreover, he will find in RefleX all the standard modules that go along with Active Tags (I/O, System, Web, etc) and specific modules for designing XML-based test suites (<ns1:xref linkend="XUnit" pattern="Milestone"/>) and test suites for Web applications (<ns1:xref linkend="WUnit" pattern="Milestone"/>).</ns1:para><ns1:para pattern="Block">In this first example, XCL is used in a sequence of three operations for parsing a file and transforming it with XSLT:</ns1:para><ns1:programlisting xml:space="preserve" pattern="Block">&lt;xcl:active-sheet xmlns:xcl="http://ns.inria.org/active-tags/xcl"&gt; &lt;xcl:parse name="input" source="file:///path/to/document.xml"/&gt; &lt;xcl:parse-stylesheet name="xslt" source="file:///path/to/stylesheet.xsl"/&gt; &lt;!--XPath expressions appear in curly braces--&gt; &lt;xcl:transform output="file:///path/to/result.html" source="{ $input }" stylesheet="{ $xslt }"/&gt; &lt;/xcl:active-sheet&gt;</ns1:programlisting><ns1:para pattern="Block"><ns1:emphasis pattern="Inline">Active sheets</ns1:emphasis>can use a single module (like above) or several ones, can be procedural (like above once again) or declarative or both like we'll see in the next section.</ns1:para><ns1:para pattern="Block">Other core modules include means to bind an implementation to an active tag (i.e. which is not an XML litteral):</ns1:para><ns1:programlisting xml:space="preserve" pattern="Block">&lt;!--bind a Java class to an active tag of the XCL module--&gt; &lt;exp:element name="xcl:transform" source="res:org.inria.ns.reflex.processor.xcl.TransformAction"/&gt; &lt;!--the "res" URI scheme refers to resources found in the classpath; this is specific to the RefleX implementation in Java--&gt;</ns1:programlisting><ns1:para pattern="Block">...and means to lookup for resources such as the actual modules:</ns1:para><ns1:programlisting xml:space="preserve" pattern="Block">&lt;!--declare 2 entries related to XCL in the main catalog--&gt; &lt;cat:group xml:base="res:///org/inria/ns/reflex/processor/"&gt; &lt;!--where to find the XCL module--&gt; &lt;cat:resource name="http://ns.inria.org/active-tags/xcl" uri="xcl/module.exp" selector="exp:module"/&gt; &lt;!--where to find the XCL schema--&gt; &lt;cat:resource name="http://ns.inria.org/active-tags/xcl" uri="xcl/schema.asl" selector="asl:schema"/&gt; &lt;/cat:group&gt;</ns1:programlisting><ns1:para pattern="Block">When an<ns1:emphasis pattern="Inline">active sheet</ns1:emphasis>is launched, the engine will look in the main catalog (and custom catalogs if any) if there is a module for each XML tag it encounters, and load the implementation provided by the relevant module, otherwise the actual tag stands for a litteral.</ns1:para><ns1:para pattern="Block">The so-called<ns1:xref linkend="ActiveCatalog" pattern="Milestone"/>used in Active Tags like shown above is a compatible extension to OASIS XML Catalog: the former is designed to retrieve resources whereas the latter just to map an URI to another URI. When the engine launches a "module request", the reference specified by the entry in the catalog, tagged with the appropriate role (<ns1:code pattern="Atom">selector="exp:module"</ns1:code>), will be unmarshalled to the relevant component (the module expected).</ns1:para><ns1:para pattern="Block">Other core modules and custom modules can be declared and registered to the engine as well. So far, nothing about schemas were mentionned; in the same way, there is a module definition for ASL that bind ASL elements to their implementation, and an entry in the main catalog so that ASL is ready to use by the engine. Therefore, we are able to design schema instances with ASL, and write<ns1:emphasis pattern="Inline">active sheets</ns1:emphasis>for validating XML instances with our schema. We'll see hereafter how to combine XCL and ASL to express dynamic content models in a schema.</ns1:para></ns1:section><ns1:section pattern="HeadedContainer"><ns1:title pattern="Block">Dynamicity, or building active content models</ns1:title><ns1:para pattern="Block">Schema processors are building an abstract tree from a schema instance. With a traditional grammar-based schema (DTD, W3C XML Schema, Relax NG), as the schema instance is hard-coded, the abstract tree is static, making the expressiveness of the schema limited to what is allowed by the grammar. The flaw with grammars in XML is that they only allow to constraint content models in a declarative manner, which is in essence very concise and expressive, but when the limits of the declarative syntax are reached, there is no way out; it is still possible to add a new tag to express the missing declarative tag, but the limit still exists a single step further, at the cost of upgrading the language.</ns1:para><ns1:para pattern="Block">ASL has been designed in order to be much more expressive without adding tags again and again. The immediate benefit is to avoid to compromise a user's XML structure just because some constraints can't be expressed by grammar-based schemata, which happens often with traditional schema languages. ASL contains similar constructs than others schema languages: an element declaration is still made of sequences (<ns1:code pattern="Atom">&lt;asl:sequence&gt;</ns1:code>) or choices (<ns1:code pattern="Atom">&lt;asl:choice&gt;</ns1:code>) of element references (<ns1:code pattern="Atom">&lt;asl:element ref-name="..."&gt;</ns1:code>), texts (<ns1:code pattern="Atom">&lt;asl:text value="..."&gt;</ns1:code>) or attributes (<ns1:code pattern="Atom">&lt;asl:attribute&gt;</ns1:code>), but they can be mixed with imperative constructs. As the content models are computed at runtime while validating, the result abstract tree becomes dynamic, increasing dramatically the expressiveness of the schema: the content models can adapt themselves to the incoming data to validate in an extreme flexible way. Additionally, ASL allows to compute dynamically thanks to XPath expressions occurrence constraints, that are at best hard-coded in existing schema languages.</ns1:para><ns1:para pattern="Block">The following document is an instance of a purchase-order:</ns1:para><ns1:programlisting xml:space="preserve" pattern="Block">&lt;purchase-order xmlns="http://www.example.com/purchase-order" ship-date="2008-08-14"&gt; &lt;items total="188.93"&gt; &lt;item partNum="872-AA"&gt; &lt;productName&gt;Lawnmower&lt;/productName&gt; &lt;quantity&gt;1&lt;/quantity&gt; &lt;USPrice&gt;148.95&lt;/USPrice&gt; &lt;/item&gt; &lt;item partNum="926-AA"&gt; &lt;productName&gt;Baby Monitor&lt;/productName&gt; &lt;quantity&gt;1&lt;/quantity&gt; &lt;USPrice&gt;39.98&lt;/USPrice&gt; &lt;/item&gt; &lt;free-item partNum="261-ZZ"&gt; &lt;productName&gt;Kamasutra for dummies&lt;/productName&gt; &lt;quantity&gt;1&lt;/quantity&gt; &lt;/free-item&gt; &lt;/items&gt; &lt;/purchase-order&gt;</ns1:programlisting><ns1:para pattern="Block">It is constrained by structual rules and business rules, in the circumstances a<ns1:code pattern="Atom">&lt;free-item&gt;</ns1:code>element is allowed only if the total amount exceeds 500$ (which makes the above document invalid). Due to the lack of expressiveness of existing schema languages, the best we can do is to relax some constraints and ignore the business rule. The content model of the<ns1:code pattern="Atom">&lt;items&gt;</ns1:code>element would be expressed like this in a DTD:</ns1:para><ns1:programlisting xml:space="preserve" pattern="Block">&lt;!ELEMENT items (item+,free-item?)&gt;</ns1:programlisting><ns1:para pattern="Block">Unfortunately, an instance like the previous one violates our business rule although it is valid regarding the DTD. Other schema languages can't do much more better, except<ns1:xref linkend="Schematron" pattern="Milestone"/>that we will talk about hereinafter.</ns1:para><ns1:para pattern="Block">ASL allows to write the business rule exactly as it has been expressed, by injecting imperative instructions from the XML Control Language within the content model definition:</ns1:para><ns1:programlisting xml:space="preserve" pattern="Block">&lt;asl:active-schema xmlns:xcl="http://ns.inria.org/active-tags/xcl" xmlns:asl="http://ns.inria.org/active-schema" xmlns:xs="http://www.w3.org/2001/XMLSchema" xmlns:po="http://www.example.com/purchase-order" target="po" &gt; &lt;!--the root element of a purchase order--&gt; &lt;asl:element name="po:purchase-order" root="always"&gt; &lt;asl:attribute name="ship-date" type="xs:date"/&gt; &lt;asl:sequence&gt; &lt;asl:element ref-elem="po:items"/&gt; &lt;/asl:sequence&gt; &lt;/asl:element&gt; &lt;!--a dynamic content model--&gt; &lt;asl:element name="po:items" root="never"&gt; &lt;asl:attribute name="total" type="xs:decimal"/&gt; &lt;!--a variable sequence--&gt; &lt;asl:sequence&gt; &lt;asl:element ref-elem="po:item" min-occurs="1" max-occurs="unbounded"/&gt; &lt;!--the test that introduces variability asl:element() refers to the current element, actually a &lt;po:items&gt;--&gt; &lt;xcl:if test="{ asl:element()/@total &amp;gt; 500 }"&gt; &lt;xcl:then&gt; &lt;asl:element ref-elem="po:free-item" min-occurs="0" max-occurs="1"/&gt; &lt;/xcl:then&gt; &lt;/xcl:if&gt; &lt;/asl:sequence&gt; &lt;/asl:element&gt; &lt;asl:element name="po:item" root="never"&gt; &lt;!--content model here--&gt; &lt;/asl:element&gt; &lt;asl:element name="po:free-item" root="never"&gt; &lt;!--content model here--&gt; &lt;/asl:element&gt; &lt;!--other element definitions here--&gt; &lt;/asl:active-schema&gt;</ns1:programlisting><ns1:para pattern="Block">This schema demonstrates that an imperative operation is used to build the content model during the validation. The content model of the<ns1:code pattern="Atom">&lt;items&gt;</ns1:code>element will vary according to the total amount found in the incoming document. Each of the "realizations" or "instanciations" of the element definition and illustrated by the picture below leads to a different abstract tree of the grammar. But all are expressed in a single self-adaptative schema. A program that would generate a schema wouldn't have the same expressiveness: a content model designed on the fly won't necessary produce the same result each time it is traversed. In fact, the system works like if it was a program that locally build fragments of content models while it is traversed during the validation. The injection of imperative instructions doesn't change the nature of ASL which is declarative.</ns1:para><ns1:mediaobject pattern="Container"><ns1:imageobject pattern="Container"><ns1:imagedata fileref="../../../vol1/graphics/Poulard01/Poulard01-001.jpg" format="jpg" pattern="Meta" width="100%"/></ns1:imageobject></ns1:mediaobject><ns1:para pattern="Block">Schematron (as well as assertions in W3C XML Schema 1.1) is a technology that offers similar services; however, there is a fundamental difference: Schematron act outside content models whereas ASL defines them. Schematron will report constraints violations after grammar-based validation. A tool such as an editor will propose to the user to insert a<ns1:code pattern="Atom">&lt;free-item&gt;</ns1:code>whereas Schematron will reject it after the insertion ! ASL will introduce it in the content model only when the conditions are fulfilled, and the editor won't propose it to the user if it doesn't have to.</ns1:para><ns1:para pattern="Block">The reader is encouraged to experiment himself dynamic content models by referring to the RefleX web site: for example how an algorithmic rule can act on a content model and other various use cases that are available in RefleX.</ns1:para></ns1:section><ns1:section pattern="HeadedContainer"><ns1:title pattern="Block">Semantic, or enhancing the meaning of data types</ns1:title><ns1:para pattern="Block"><ns1:xref linkend="DTLL" pattern="Milestone"/>, a language for the creation of data type libraries, provides a rather good support for data types. But neither DTLL nor W3C XML Schema nor XML technologies in general offer means to design semantic data types. The semantic of a data type is related to its level of abstractions:<ns1:xref linkend="Murata" pattern="Milestone"/>defines the following 4 models with different levels of abstractions (we add a 5th at the bottom):</ns1:para><ns1:itemizedlist pattern="Table"><ns1:listitem pattern="Container"><ns1:para pattern="Block">Model 4: semantic view: 68Ã&#130;Â° Fahrenheit</ns1:para></ns1:listitem><ns1:listitem pattern="Container"><ns1:para pattern="Block">Model 3: data type view:<ns1:code pattern="Atom">#xs:decimal temp=68</ns1:code></ns1:para></ns1:listitem><ns1:listitem pattern="Container"><ns1:para pattern="Block">Model 2: XML view:</ns1:para><ns1:mediaobject pattern="Container"><ns1:imageobject pattern="Container"><ns1:imagedata fileref="../../../vol1/graphics/Poulard01/Poulard01-002.jpg" format="jpg" pattern="Meta" width="80%"/></ns1:imageobject></ns1:mediaobject></ns1:listitem><ns1:listitem pattern="Container"><ns1:para pattern="Block">Model 1: string view:<ns1:code pattern="Atom">&lt;?xml version="1.0"?&gt;&lt;weather-report temp="68" unit="Ã&#130;Â°F"&gt;</ns1:code></ns1:para></ns1:listitem><ns1:listitem pattern="Container"><ns1:para pattern="Block">Model 0: byte view:<ns1:code pattern="Atom">3C 3F 78 6D 6C 20 76 65 72 73 69 6F 6E 3D 22 31 2E 30 22 3F 3E 3C 77 65 61 74 68 65 72 2D 72 65 70 6F 72 74 20 74 65 6D 70 3D 22 36 38 22 20 75 6E 69 74 3D 22 B0 46 22 3E</ns1:code></ns1:para></ns1:listitem></ns1:itemizedlist><ns1:para pattern="Block">The Model 4 is of course the closest to the concerns of a human being. It is available for systems like Active Tags that can express reliationships between datas.</ns1:para><ns1:para pattern="Block">Unfortunately, XML technologies stop at Model 3, got thanks to a schema; what's happenned if we have to sort the following weather report by temperature ?</ns1:para><ns1:programlisting xml:space="preserve" pattern="Block">&lt;weather-report&gt; &lt;city name="Paris" temp="19" unit="Ã&#130;Â°C"/&gt; &lt;city name="Rome" temp="22" unit="Ã&#130;Â°C"/&gt; &lt;city name="Berlin" temp="32" unit="Ã&#130;Â°F"/&gt;&lt;!-- 32Ã&#130;Â°F = 0Ã&#130;Â°C --&gt; &lt;city name="Madrid" temp="23" unit="Ã&#130;Â°C"/&gt; &lt;city name="London" temp="68" unit="Ã&#130;Â°F"/&gt;&lt;!-- 68Ã&#130;Â°F = 20Ã&#130;Â°C --&gt; &lt;/weather-report&gt;</ns1:programlisting><ns1:para pattern="Block">In Java, a simple class with a compator interface would convert the temperature units properly. With XML technologies you won't be able to get the right result; an inadmissible fact face to other technologies that are able to address this issue. Actually, although there are classes of applications where XML is unmarshalled to objects of another language that takes the relay to address this issue, other classes of applications that relies on the XML data model (<ns1:xref linkend="XDM" pattern="Milestone"/>) such as XSLT and XQuery can't go without such data types<ns1:footnote pattern="Popup"><ns1:para pattern="Block">It might be possible to create the target XML result with XQuery, but not to operate the input XDM properly as expected if it doesn't support such data types. Such a query would be like a procedure aside from the typed data, whereas ASL can define a type where the datas and the behaviour are bundled together, like in OO designs.</ns1:para></ns1:footnote>. The environment where typed datas are exposed in surface has to play a fundamental role: if OO languages are able to process them, native XML languages (XSLT, XQuery, Active Tags) should support them as well.</ns1:para><ns1:para pattern="Block">The Active Schema Language supplies means to define data types. As expected after validation, an<ns1:emphasis pattern="Inline">active sheet</ns1:emphasis>will be able to process the actual typed datas. With the help of XCL, we are able to augment the amount of informations of an XML document the way we like:</ns1:para><ns1:programlisting xml:space="preserve" pattern="Block">&lt;asl:active-schema xmlns:xcl="http://ns.inria.org/active-tags/xcl" xmlns:asl="http://ns.inria.org/active-schema" xmlns:xs="http://www.w3.org/2001/XMLSchema-datatypes" target="" &gt; &lt;!--the root element of a weather report--&gt; &lt;asl:element name="weather-report" root="always"&gt; &lt;asl:sequence&gt; &lt;asl:element ref-elem="city" min-occurs="1" max-occurs="unbounded"/&gt; &lt;/asl:sequence&gt; &lt;/asl:element&gt; &lt;!--a &lt;city&gt; contains only attributes--&gt; &lt;asl:element name="city"&gt; &lt;asl:attribute name="name" ref-type="xs:string"/&gt; &lt;!--the @temp attribute refers to our custom type--&gt; &lt;asl:attribute name="temp" ref-type="temperature"/&gt; &lt;asl:attribute name="unit"&gt; &lt;asl:text value="Ã&#130;Â°C"/&gt; &lt;asl:text value="Ã&#130;Â°F"/&gt; &lt;/asl:attribute&gt; &lt;/asl:element&gt; &lt;!--#temperature is our custom type it will build a typed data based on a #xs:decimal--&gt; &lt;asl:type name="temperature" base="xs:decimal" init="{.}"&gt; &lt;!--asl:element() refers to the current element, actually a &lt;city&gt;--&gt; &lt;xcl:if test="{ asl:element()/@unit='Ã&#130;Â°F' }"&gt; &lt;xcl:then&gt; &lt;!--if @unit="Ã&#130;Â°F", the value of the typed data is updated $asl:data is the structure bound to the attribute that handles the current typed data "." is the current data, an #xs:decimal--&gt; &lt;xcl:update referent="{ $asl:data }" operand="{ (value(.) - 32) * 5 div 9 }"/&gt; &lt;/xcl:then&gt; &lt;/xcl:if&gt; &lt;/asl:type&gt; &lt;/asl:active-schema&gt;</ns1:programlisting><ns1:para pattern="Block">The Active Schema Language (ASL) can defines content models and data types like other schema technologies, and also unlike them ! In the above instance, the typed data that will be bound to the attribute will vary according to the temperature unit used in the XML input document. The following<ns1:emphasis pattern="Inline">active sheet</ns1:emphasis>will sort our weather report correctly:</ns1:para><ns1:programlisting xml:space="preserve" pattern="Block">&lt;xcl:active-sheet xmlns:xcl="http://ns.inria.org/active-tags/xcl" xmlns:asl="http://ns.inria.org/active-schema"&gt; &lt;xcl:parse name="wr" source="weather-report.xml"/&gt; &lt;asl:parse-schema name="wr-schema" source="weather-report.asl"/&gt; &lt;!--the "augment" attribute indicates to bind typed datas to XML items in the XDM--&gt; &lt;asl:validate schema="{ $wr-schema }" node="{ $wr }" augment="yes" deep="yes"/&gt; &lt;xcl:echo value="List of cities, sorted in temperature order:"/&gt; &lt;xcl:for-each name="city" select="{ xcl:sort( $wr/*/city, @temp ) }"&gt; &lt;xcl:echo value="{ $city/@temp }{ $city/@unit } { $city/@name }"/&gt; &lt;/xcl:for-each&gt; &lt;/xcl:active-sheet&gt;</ns1:programlisting><ns1:para pattern="Block">In the result, we notice that the attribute value remains the same, whereas the bound typed data was involved in the sort operation:</ns1:para><ns1:programlisting xml:space="preserve" pattern="Block">List of cities, sorted in temperature order: 32Ã&#130;Â°F Berlin 19Ã&#130;Â°C Paris 68Ã&#130;Â°F London 22Ã&#130;Â°C Rome 23Ã&#130;Â°C Madrid</ns1:programlisting><ns1:para pattern="Block">Notice that as explained in the foundations of the system, the engine could also be launched with a custom catalog that refer to our schema; the<ns1:code pattern="Atom">&lt;asl:parse-schema&gt;</ns1:code>instruction would then be discarded, and the<ns1:code pattern="Atom">&lt;asl:validate&gt;</ns1:code>instruction wouldn't refer to it.</ns1:para><ns1:para pattern="Block">To go further, we could also imagine another semantic data type that would handle a temperature followed immediately with its scale:</ns1:para><ns1:programlisting xml:space="preserve" pattern="Block">&lt;city name="London" temp="68Ã&#130;Â°F"/&gt;</ns1:programlisting><ns1:para pattern="Block">...and why not allow a mix of the 2 formats in the same document ? ASL support as well this type and types expressed in terms of a choice between several other candidate types.</ns1:para><ns1:para pattern="Block">Those variants are also available at the RefleX web site. The reader is invited to consult the Active Schema Language specification for further informations about semantic data types and polymorphic data types.</ns1:para></ns1:section><ns1:section pattern="HeadedContainer"><ns1:title pattern="Block">Mixins, or collecting schema flavors</ns1:title><ns1:para pattern="Block">Schema mixins can be understand as the ability to mix several schemas. Several solutions, tools, and techniques are already available:</ns1:para><ns1:itemizedlist pattern="Table"><ns1:listitem pattern="Container"><ns1:para pattern="Block"><ns1:xref linkend="NVDL" pattern="Milestone"/>(Namespace-based Validation Dispatching Language) consist on separating the input document to validate according to the namespaces encountered and validating each chunk with the appropriate schema. Although several different schema technologies can be involved, for example Relax NG + W3C XML Schema, each will act on a single namespace URI separately.</ns1:para></ns1:listitem><ns1:listitem pattern="Container"><ns1:para pattern="Block">W3C XML Schema has a mechanism for importing and including other pieces of schema. But those external parts must be themselves W3C XML Schema.</ns1:para></ns1:listitem><ns1:listitem pattern="Container"><ns1:para pattern="Block">Schematron can be embedded inside a W3C XML Schema, but they are not helping each other. Each does its job independently of the other.</ns1:para></ns1:listitem><ns1:listitem pattern="Container"><ns1:para pattern="Block"><ns1:xref linkend="MSV" pattern="Milestone"/>is a Java tool that makes various schema languages converging to a common representation. This allows the same engine to work with DTD, W3C XML Schema, and Relax NG.</ns1:para></ns1:listitem><ns1:listitem pattern="Container"><ns1:para pattern="Block"><ns1:xref linkend="DSDLp9" pattern="Milestone"/>is a draft that brings data types and namespace URIs to DTD. But it is an extension to the DTD language.</ns1:para></ns1:listitem><ns1:listitem pattern="Container"><ns1:para pattern="Block">Relax NG and ASL (as shown in the previous sections) can use W3C XML Schema datatypes.</ns1:para></ns1:listitem></ns1:itemizedlist><ns1:para pattern="Block">In all that cases, schemas mixins are partially supported. We can't in the same namespace design two parts of a schema with two different schema technologies. What does it serves for ? Well, some people are addicted to DTDs that after all are part of the XML specifications, and DTD content models are in some cases powerful enough. So why moving to W3C XML Schema ? Perhaps to gain a little in expressivity, or to take the benefits of data types. However, even for this last reason, DTD are still used, the more often simply because they are already written. So, we expect from schema mixins a deeper entanglement of several schema technologies.</ns1:para><ns1:para pattern="Block">Let's take back our previous example: a compatible schema could be also expressed with a DTD:</ns1:para><ns1:programlisting xml:space="preserve" pattern="Block">&lt;!--FILE: weather-report-legacy.dtd--&gt; &lt;!ELEMENT weather-report (city)+&gt; &lt;!ELEMENT city EMPTY&gt; &lt;!ATTLIST city name CDATA #REQUIRED temp CDATA #REQUIRED unit CDATA #REQUIRED&gt;</ns1:programlisting><ns1:para pattern="Block">The constraints that has been relaxed in this DTD are:</ns1:para><ns1:itemizedlist pattern="Table"><ns1:listitem pattern="Container"><ns1:para pattern="Block">the temperature is not numeric</ns1:para></ns1:listitem><ns1:listitem pattern="Container"><ns1:para pattern="Block">the unit can't be expressed with an enumeration of values because Ã&#130;Â°C and Ã&#130;Â°F are not valid XML tokens</ns1:para></ns1:listitem><ns1:listitem pattern="Container"><ns1:para pattern="Block">the relationship between Ã&#130;Â°C and Ã&#130;Â°F can't be expressed</ns1:para></ns1:listitem></ns1:itemizedlist><ns1:para pattern="Block">As seen previously, we can design apart with ASL the expected types:</ns1:para><ns1:programlisting xml:space="preserve" pattern="Block">&lt;!--FILE: weather-report-datatypes.asl--&gt; &lt;asl:active-schema xmlns:xcl="http://ns.inria.org/active-tags/xcl" xmlns:asl="http://ns.inria.org/active-schema" xmlns:xs="http://www.w3.org/2001/XMLSchema-datatypes" target="" &gt; &lt;!--#temp-units is the type for temperature units--&gt; &lt;asl:type name="temp-units"&gt; &lt;asl:choice&gt; &lt;asl:text value="Ã&#130;Â°C"/&gt; &lt;asl:text value="Ã&#130;Â°F"/&gt; &lt;/asl:choice&gt; &lt;/asl:element&gt; &lt;!--#temperature is the type introduced in the previous section--&gt; &lt;asl:type name="temperature" base="xs:decimal" init="{.}"&gt; &lt;!--asl:element() refers to the current element, actually a &lt;city&gt;--&gt; &lt;xcl:if test="{ asl:element()/@unit='Ã&#130;Â°F' }"&gt; &lt;xcl:then&gt; &lt;!--if @unit="Ã&#130;Â°F", the value of the typed data is updated $asl:data is the structure bound to the attribute that handles the current typed data "." is the current data, an #xs:decimal--&gt; &lt;xcl:update referent="{ $asl:data }" operand="{ (value(.) - 32) * 5 div 9 }"/&gt; &lt;/xcl:then&gt; &lt;/xcl:if&gt; &lt;/asl:type&gt; &lt;/asl:active-schema&gt;</ns1:programlisting><ns1:para pattern="Block">The last piece of the puzzle is to "patch" the DTD with ASL. For this purpose, a third schema specifies how to override the definitions of the DTD:</ns1:para><ns1:programlisting xml:space="preserve" pattern="Block">&lt;!--FILE: weather-report-master.asl--&gt; &lt;asl:active-schema xmlns:xcl="http://ns.inria.org/active-tags/xcl" xmlns:asl="http://ns.inria.org/active-schema" xmlns:xs="http://www.w3.org/2001/XMLSchema-datatypes" target="" &gt; &lt;!--redefine only what needed--&gt; &lt;asl:element name="city"&gt; &lt;asl:attribute name="temp" ref-type="temperature"/&gt; &lt;asl:attribute name="unit" ref-type="temp-units"/&gt; &lt;!--other definitions are preserved--&gt; &lt;asl:apply-definition/&gt; &lt;/asl:element&gt; &lt;/asl:active-schema&gt;</ns1:programlisting><ns1:para pattern="Block">Of course, the two ASL schemas could be merged in a single schema, but having two shemas allow a rather good independence between the definitions of the custom types and their usages (the patch operation).</ns1:para><ns1:para pattern="Block">As explained previously, an Active Catalog is used to declare the relevant schemas:</ns1:para><ns1:programlisting xml:space="preserve" pattern="Block">&lt;cat:catalog xmlns:cat="http://ns.inria.org/active-catalog" xmlns:asl="http://ns.inria.org/active-schema"&gt; &lt;!--if our XML structure had a namespace URI, the name attribute below would contain it litteraly--&gt; &lt;cat:resource name="" uri="weather-report-master.asl" selector="asl:schema"/&gt; &lt;cat:resource name="" uri="weather-report-datatypes.asl" selector="asl:schema"/&gt; &lt;!--asl:schema is the selector for all kind of schemas: DTD, ASL, W3C XML Schema, Relax NG, others --&gt; &lt;cat:resource name="" uri="weather-report-legacy.dtd" selector="asl:schema"/&gt; &lt;/cat:catalog&gt;</ns1:programlisting><ns1:para pattern="Block">We have already seen that an<ns1:emphasis pattern="Inline">active sheet</ns1:emphasis>that performs a validation don't need to refer to a parsed schema: the engine will lookup in its catalogs for the relevant resources. With RefleX, the command line interface and the servlet allow to run an<ns1:emphasis pattern="Inline">active sheets</ns1:emphasis>with a given set of catalogs. Notice that the order where the resources appear is important: the definitions in the master schema mask those in the legacy DTD. This is a strategy proper to schema lookup, and other kind of resources (modules) have their own lookup strategy. Details are available in the Active Catalog specification.</ns1:para><ns1:para pattern="Block">Other features are available: for example, before applying or after applying the definitions of the DTD, some content models might be prepend or append to the content model of the DTD if needed. But a more complex refactorisation of the content model expressed in the DTD wouldn't be possible without overwriting it entirely.</ns1:para><ns1:para pattern="Block">Unlike the previous examples, mixins are in progress in ASL and are not covered by the implementation.</ns1:para><ns1:para pattern="Block">Basically, they work like imports and includes in W3C XML Schema but it demonstrates clearly that a system based on schema cooperation allow to deal with legacy schemas. Moreover, this is a not intrusive technique unlike ISO/DSDL part 9 mentioned earlier that require to rewrite DTD interpreters. Additionally, with the help of catalogs, we have a schema machinery that prefer to rely on dedicated components rather than trying to do everything itself.</ns1:para></ns1:section><ns1:section pattern="HeadedContainer"><ns1:title pattern="Block">Hyperschemas, or validating high-level XML components</ns1:title><ns1:para pattern="Block">In the same way that there is a Relax NG schema for Relax NG, a W3C XML Schema schema for W3C XML Schema, let's try to write the ASL schema of ASL.</ns1:para><ns1:para pattern="Block">An element definition is composed of attribute definitions or references, choices, sequences, etc. Let's start to write it:</ns1:para><ns1:programlisting xml:space="preserve" pattern="Block">&lt;asl:active-schema xmlns:asl="http://ns.inria.org/active-schema" xmlns:xs="http://www.w3.org/2001/XMLSchema-datatypes" target="asl" &gt; &lt;asl:element name="asl:element"&gt; &lt;asl:attribute name="name" ref-type="xs:string"/&gt; &lt;asl:choice min-occurs="0" max-occurs="unbounded"&gt; &lt;asl:element ref-elem="asl:attribute"/&gt; &lt;asl:element ref-elem="asl:choice"/&gt; &lt;asl:element ref-elem="asl:sequence"/&gt; &lt;!--other stuff here--&gt; &lt;/asl:choice&gt; &lt;/asl:element&gt; &lt;/asl:active-schema&gt;</ns1:programlisting><ns1:para pattern="Block">However, we have seen that ASL doesn't work alone: we can inject foreign instructions that the engine will use to build the content model. We could then append in the<ns1:code pattern="Atom">&lt;asl:choice&gt;</ns1:code>a reference to the XCL namespace, which can be written like this:</ns1:para><ns1:programlisting xml:space="preserve" pattern="Block">&lt;!--any element in the XCL namespace--&gt; &lt;asl:element ref-ns="xcl" xmlns:xcl="http://ns.inria.org/active-tags/xcl"/&gt;</ns1:programlisting><ns1:para pattern="Block">...but it is not enough. In fact, since we don't know how the user will define its content model, almost anything should be allowed: we can't make assumptions about which tag will help him and which one won't. The content model would become:</ns1:para><ns1:programlisting xml:space="preserve" pattern="Block">&lt;asl:element name="asl:element"&gt; &lt;asl:attribute name="name" ref-type="xs:string"/&gt; &lt;asl:choice min-occurs="0" max-occurs="unbounded"&gt; &lt;asl:element ref-ns="#any"/&gt; &lt;/asl:choice&gt; &lt;/asl:element&gt;</ns1:programlisting><ns1:para pattern="Block">...which means basically: well, everything is accepted. Not so useful. This is the downside of the system: since almost everything is dynamic, we can't predict which tag will come. Yet some are acceptable, others aren't.</ns1:para><ns1:para pattern="Block">On the opposite, we do know after running the content model (not this one but those with the if-then-else statement shown in the chapter about dynamicity) that the realization of the schema must conform to the schema that we started to write above (not those with ref-ns="#any", but the one before). Unfortunately, it is designed to validate XML (its static representation), not to validate the underlying software components (its dynamic representation): element definitions, sequences, choices are software components whose relationships are expressed with XML tags. We know how to express constraints on XML tags, but we don't know how to express constraints on such pluggable components because although they are exposed as XML tags they are no longer XML tags at runtime.</ns1:para><ns1:para pattern="Block">ASL doesn't face this kind of validation. We could imagine schemas that would act on a higher dimension of validation -hyperschemas- and schemas that would act on both level, multidimensional schemas. This is a funny thought that was encountered while designing Active Tags, and that of course can be generalized for components that are not related to schemas: in many cases, the author had to express components contents in terms of parts that are static and validable with a schema, and parts that are dynamic and validable with an hyperschema.</ns1:para><ns1:para pattern="Block">So far, no acceptable solution was found.</ns1:para></ns1:section><ns1:section pattern="HeadedContainer"><ns1:title pattern="Block">Conclusion and perspectives</ns1:title><ns1:para pattern="Block">Hyperschemas don't have obviously a practical field of application out of the scope of Active Tags. However, they pose the right questions to similar systems that would need more flexibility and dynamicity in software components assembly.</ns1:para><ns1:para pattern="Block">On the opposite, the other use cases exposed (dynamic content models, semantic typed data, and mixins) are more pragmatic since they address elegantly and efficiently common issues in schema technologies.</ns1:para><ns1:para pattern="Block">We have seen that active content models enhance the expressiveness of schemas, that if a data has some meaning for you, it should have some meaning too for the applications that process it, and that mixins allow DTD-nostalgic people to leverage their usage.</ns1:para><ns1:para pattern="Block">Through those few manifestations of "schemas mashups", we have to admit that there are better solutions than running schemas alone. Actually, ASL is not so different from other schema technologies (DTD, W3C XML Schema, Relax NG, Schematron) but immensely more powerful. By extension, ASL should opens the perspective for declarative languages in general: Active Tags combine a bunch of XML technologies that would help significantly the designers of runnable markup languages.</ns1:para></ns1:section><ns1:bibliography pattern="HeadedContainer"><ns1:title pattern="Block">Bibliography</ns1:title><ns1:bibliomixed xml:id="ActiveCatalog" pattern="Block" xreflabel="Active Catalog">Poulard, P.<ns1:emphasis pattern="Inline">Active Catalog</ns1:emphasis>.<ns1:link xmlns:ns2="http://www.w3.org/1999/xlink" ns2:actuate="onRequest" ns2:show="new" ns2:type="simple" pattern="Inline">http://ns.inria.fr/active-tags/active-catalog/active-catalog.html</ns1:link>.</ns1:bibliomixed><ns1:bibliomixed xml:id="ActiveTags" pattern="Block" xreflabel="Active Tags">Poulard, P.<ns1:emphasis pattern="Inline">Active Tags technologies</ns1:emphasis>.<ns1:link xmlns:ns2="http://www.w3.org/1999/xlink" ns2:actuate="onRequest" ns2:show="new" ns2:type="simple" pattern="Inline">http://ns.inria.org/active-tags/</ns1:link>.</ns1:bibliomixed><ns1:bibliomixed xml:id="ASL" pattern="Block" xreflabel="ASL">Poulard, P.<ns1:emphasis pattern="Inline">The Active Schema Language</ns1:emphasis>.<ns1:link xmlns:ns2="http://www.w3.org/1999/xlink" ns2:actuate="onRequest" ns2:show="new" ns2:type="simple" pattern="Inline">http://ns.inria.fr/active-tags/active-schema/active-schema.html</ns1:link>.</ns1:bibliomixed><ns1:bibliomixed xml:id="DSDLp9" pattern="Block" xreflabel="ISO/DSDL part 9"><ns1:emphasis pattern="Inline">DSDL (Document Schema Definition Languages) Ã¢â&#130;¬â&#128;&#157; Part 9: Namespace- and datatype-aware DTDs</ns1:emphasis>, ISO/IEC CD 19757-9.<ns1:link xmlns:ns2="http://www.w3.org/1999/xlink" ns2:actuate="onRequest" ns2:show="new" ns2:type="simple" pattern="Inline">http://dsdl.org/dsdl-9-rev061103.pdf</ns1:link>.</ns1:bibliomixed><ns1:bibliomixed xml:id="DTLL" pattern="Block" xreflabel="DTLL">Tennison J. (2006).<ns1:emphasis pattern="Inline">Datatypes for XML: the Datatyping Library Language (DTLL)</ns1:emphasis>. In Proceedings of Extreme Markup Languages, MontrÃ&#131;Â©al, Canada.<ns1:link xmlns:ns2="http://www.w3.org/1999/xlink" ns2:actuate="onRequest" ns2:show="new" ns2:type="simple" pattern="Inline">http://www.idealliance.org/papers/extreme/proceedings/html/2006/Tennison01/EML2006Tennison01.html</ns1:link>.</ns1:bibliomixed><ns1:bibliomixed xml:id="Jelly" pattern="Block" xreflabel="Jelly"><ns1:emphasis pattern="Inline">Jelly: Executable XML</ns1:emphasis>.<ns1:link xmlns:ns2="http://www.w3.org/1999/xlink" ns2:actuate="onRequest" ns2:show="new" ns2:type="simple" pattern="Inline">http://jakarta.apache.org/commons/jelly/</ns1:link>.</ns1:bibliomixed><ns1:bibliomixed xml:id="JSP" pattern="Block" xreflabel="JSP"><ns1:emphasis pattern="Inline">JSP: JavaServer Pages Technology</ns1:emphasis>.<ns1:link xmlns:ns2="http://www.w3.org/1999/xlink" ns2:actuate="onRequest" ns2:show="new" ns2:type="simple" pattern="Inline">http://java.sun.com/products/jsp/</ns1:link>.</ns1:bibliomixed><ns1:bibliomixed xml:id="JSTL" pattern="Block" xreflabel="JSTL"><ns1:emphasis pattern="Inline">JSTL: JavaServer Pages Standard Tag Library</ns1:emphasis>.<ns1:link xmlns:ns2="http://www.w3.org/1999/xlink" ns2:actuate="onRequest" ns2:show="new" ns2:type="simple" pattern="Inline">http://java.sun.com/products/jsp/jstl/</ns1:link>.</ns1:bibliomixed><ns1:bibliomixed xml:id="Murata" pattern="Block" xreflabel="Murata">Murata, M. (2002).<ns1:emphasis pattern="Inline">Principles of Schema Languages</ns1:emphasis>. In H. Maruyama (Ed.),<ns1:emphasis pattern="Inline">XML and Java (2nd ed.)</ns1:emphasis>(pp. 592-601). Boston, MA: Pearson Education.</ns1:bibliomixed><ns1:bibliomixed xml:id="MSV" pattern="Block" xreflabel="MSV">Kawaguchi, K.<ns1:emphasis pattern="Inline">Sun Multi-Schema Validator</ns1:emphasis>.<ns1:link xmlns:ns2="http://www.w3.org/1999/xlink" ns2:actuate="onRequest" ns2:show="new" ns2:type="simple" pattern="Inline">https://msv.dev.java.net/</ns1:link>.</ns1:bibliomixed><ns1:bibliomixed xml:id="NVDL" pattern="Block" xreflabel="NVDL"><ns1:emphasis pattern="Inline">NVDL: Namespace-based Validation Dispatching Language</ns1:emphasis>, ISO/IEC 19757-4 NVDL.<ns1:link xmlns:ns2="http://www.w3.org/1999/xlink" ns2:actuate="onRequest" ns2:show="new" ns2:type="simple" pattern="Inline">http://www.nvdl.org/</ns1:link>.</ns1:bibliomixed><ns1:bibliomixed xml:id="XMLCatalogs" pattern="Block" xreflabel="OASIS XML Catalogs">Walsh, N. (2005).<ns1:emphasis pattern="Inline">XML Catalogs</ns1:emphasis>, OASIS Standard V1.1.<ns1:link xmlns:ns2="http://www.w3.org/1999/xlink" ns2:actuate="onRequest" ns2:show="new" ns2:type="simple" pattern="Inline">http://www.oasis-open.org/committees/download.php/14809/xml-catalogs.html</ns1:link>.</ns1:bibliomixed><ns1:bibliomixed xml:id="Poulard" pattern="Block" xreflabel="Poulard">Poulard, P. (2007).<ns1:emphasis pattern="Inline">Active Tags: Mastering XML with XML</ns1:emphasis>. In Proceedings of Extreme Markup Languages, MontrÃ&#131;Â©al, Canada.<ns1:link xmlns:ns2="http://www.w3.org/1999/xlink" ns2:actuate="onRequest" ns2:show="new" ns2:type="simple" pattern="Inline">http://www.idealliance.org/papers/extreme/proceedings/html/2007/Poulard01/EML2007Poulard01.html</ns1:link>.</ns1:bibliomixed><ns1:bibliomixed xml:id="RefleX" pattern="Block" xreflabel="RefleX">Poulard, P.<ns1:emphasis pattern="Inline">RefleX: An Active Tags engine in Java</ns1:emphasis>.<ns1:link xmlns:ns2="http://www.w3.org/1999/xlink" ns2:actuate="onRequest" ns2:show="new" ns2:type="simple" pattern="Inline">http://reflex.gforge.inria.fr/</ns1:link>.</ns1:bibliomixed><ns1:bibliomixed xml:id="RelaxNG" pattern="Block" xreflabel="Relax NG"><ns1:emphasis pattern="Inline">Relax NG: Regular-grammar-based validation</ns1:emphasis>, ISO/IEC FDIS 19757-2.<ns1:link xmlns:ns2="http://www.w3.org/1999/xlink" ns2:actuate="onRequest" ns2:show="new" ns2:type="simple" pattern="Inline">http://www.y12.doe.gov/sgml/sc34/document/0362_files/relaxng-is.pdf</ns1:link>.</ns1:bibliomixed><ns1:bibliomixed xml:id="SCXML" pattern="Block" xreflabel="SCXML"><ns1:emphasis pattern="Inline">SCXML: State Machine Notation for Control Abstraction</ns1:emphasis>, W3C Working Draft.<ns1:link xmlns:ns2="http://www.w3.org/1999/xlink" ns2:actuate="onRequest" ns2:show="new" ns2:type="simple" pattern="Inline">http://www.w3.org/TR/scxml/</ns1:link>.</ns1:bibliomixed><ns1:bibliomixed xml:id="Schematron" pattern="Block" xreflabel="Schematron">Jelliffe, R.<ns1:emphasis pattern="Inline">Schematron: A language for making assertions about patterns found in XML documents</ns1:emphasis>.<ns1:link xmlns:ns2="http://www.w3.org/1999/xlink" ns2:actuate="onRequest" ns2:show="new" ns2:type="simple" pattern="Inline">http://www.schematron.com/spec.html</ns1:link>.</ns1:bibliomixed><ns1:bibliomixed xml:id="UEL" pattern="Block" xreflabel="UEL"><ns1:emphasis pattern="Inline">UEL: Unified Expression Language</ns1:emphasis>.<ns1:link xmlns:ns2="http://www.w3.org/1999/xlink" ns2:actuate="onRequest" ns2:show="new" ns2:type="simple" pattern="Inline">http://java.sun.com/products/jsp/reference/techart/unifiedEL.html</ns1:link>.</ns1:bibliomixed><ns1:bibliomixed xml:id="WUnit" pattern="Block" xreflabel="WUnit">Poulard, P.<ns1:emphasis pattern="Inline">WUnit: Unit tests for Web applications</ns1:emphasis>.<ns1:link xmlns:ns2="http://www.w3.org/1999/xlink" ns2:actuate="onRequest" ns2:show="new" ns2:type="simple" pattern="Inline">http://reflex.gforge.inria.fr/wunit.html</ns1:link>.</ns1:bibliomixed><ns1:bibliomixed xml:id="WXS" pattern="Block" xreflabel="W3C XML Schema"><ns1:emphasis pattern="Inline">XML Schema Part 1: Structures Second Edition</ns1:emphasis>, W3C Recommendation.<ns1:link xmlns:ns2="http://www.w3.org/1999/xlink" ns2:actuate="onRequest" ns2:show="new" ns2:type="simple" pattern="Inline">http://www.w3.org/TR/xmlschema-1/</ns1:link>.</ns1:bibliomixed><ns1:bibliomixed xml:id="WXS-D" pattern="Block" xreflabel="W3C XML Schema: Datatypes"><ns1:emphasis pattern="Inline">XML Schema Part 2: Datatypes (2nd ed.)</ns1:emphasis>, W3C Recommendation.<ns1:link xmlns:ns2="http://www.w3.org/1999/xlink" ns2:actuate="onRequest" ns2:show="new" ns2:type="simple" pattern="Inline">http://www.w3.org/TR/xmlschema-2/</ns1:link>.</ns1:bibliomixed><ns1:bibliomixed xml:id="WXS-11" pattern="Block" xreflabel="W3C XML Schema 1.1"><ns1:emphasis pattern="Inline">W3C XML Schema Definition Language (XSD) 1.1 Part 1: Structures</ns1:emphasis>, W3C Working Draft.<ns1:link xmlns:ns2="http://www.w3.org/1999/xlink" ns2:actuate="onRequest" ns2:show="new" ns2:type="simple" pattern="Inline">http://www.w3.org/TR/xmlschema11-1/</ns1:link>.</ns1:bibliomixed><ns1:bibliomixed xml:id="XCL" pattern="Block" xreflabel="XCL">Poulard, P.<ns1:emphasis pattern="Inline">The XML Control Language</ns1:emphasis>.<ns1:link xmlns:ns2="http://www.w3.org/1999/xlink" ns2:actuate="onRequest" ns2:show="new" ns2:type="simple" pattern="Inline">http://ns.inria.org/active-tags/xcl/xcl.html</ns1:link>.</ns1:bibliomixed><ns1:bibliomixed xml:id="XDM" pattern="Block" xreflabel="XDM"><ns1:emphasis pattern="Inline">XQuery/XPath Data Model (XDM) 1.0</ns1:emphasis>, W3C Recommendation.<ns1:link xmlns:ns2="http://www.w3.org/1999/xlink" ns2:actuate="onRequest" ns2:show="new" ns2:type="simple" pattern="Inline">http://www.w3.org/TR/xpath-datamodel/</ns1:link>.</ns1:bibliomixed><ns1:bibliomixed xml:id="XPath" pattern="Block" xreflabel="XPath"><ns1:emphasis pattern="Inline">XML Path Language</ns1:emphasis>, W3C Recommendation.<ns1:link xmlns:ns2="http://www.w3.org/1999/xlink" ns2:actuate="onRequest" ns2:show="new" ns2:type="simple" pattern="Inline">http://www.w3.org/TR/xpath</ns1:link>.</ns1:bibliomixed><ns1:bibliomixed xml:id="XProc" pattern="Block" xreflabel="XProc"><ns1:emphasis pattern="Inline">XProc: An XML Pipeline Language</ns1:emphasis>, W3C Working Draft.<ns1:link xmlns:ns2="http://www.w3.org/1999/xlink" ns2:actuate="onRequest" ns2:show="new" ns2:type="simple" pattern="Inline">http://www.w3.org/TR/2006/WD-xproc-20061117/</ns1:link>.</ns1:bibliomixed><ns1:bibliomixed xml:id="XQuery" pattern="Block" xreflabel="XQuery"><ns1:emphasis pattern="Inline">XQuery 1.0: An XML Query Language</ns1:emphasis>, W3C Recommendation.<ns1:link xmlns:ns2="http://www.w3.org/1999/xlink" ns2:actuate="onRequest" ns2:show="new" ns2:type="simple" pattern="Inline">http://www.w3.org/TR/xquery/</ns1:link>.</ns1:bibliomixed><ns1:bibliomixed xml:id="XSLT" pattern="Block" xreflabel="XSLT">Clark, J. (1999).<ns1:emphasis pattern="Inline">XSL Transformations (XSLT) 1.0</ns1:emphasis>, W3C Recommendation.<ns1:link xmlns:ns2="http://www.w3.org/1999/xlink" ns2:actuate="onRequest" ns2:show="new" ns2:type="simple" pattern="Inline">http://www.w3.org/TR/xslt</ns1:link>.</ns1:bibliomixed><ns1:bibliomixed xml:id="XUnit" pattern="Block" xreflabel="XUnit">Poulard, P.<ns1:emphasis pattern="Inline">XUnit: XML-based unit tests</ns1:emphasis>.<ns1:link xmlns:ns2="http://www.w3.org/1999/xlink" ns2:actuate="onRequest" ns2:show="new" ns2:type="simple" pattern="Inline">http://reflex.gforge.inria.fr/xunit.html</ns1:link>.</ns1:bibliomixed></ns1:bibliography></ns1:article>