<?xml version="1.0" encoding="UTF-8"?><ns1:iml xmlns:ns1="http://www.cs.unibo.it/2006/iml" pattern="Record"><ns1:head pattern="Container" structure="FrontMatter "><ns1:title pattern="Field" structure="Title ">Making ontology documentation with LODE</ns1:title><ns1:meta content="1" name="author.1.number" pattern="Meta"/><ns1:meta content="Silvio Peroni" name="author.1.name" pattern="Meta"/><ns1:meta content="Department of Computer Science@University of Bologna (Italy)" name="author.1.affiliation" pattern="Meta"/><ns1:meta content="essepuntato@cs.unibo.it" name="author.1.email" pattern="Meta"/><ns1:meta content="2" name="author.2.number" pattern="Meta"/><ns1:meta content="David Shotton" name="author.2.name" pattern="Meta"/><ns1:meta content="Department of Zoology@University of Oxford (UK)" name="author.2.affiliation" pattern="Meta"/><ns1:meta content="david.shotton@zoo.ox.ac.uk" name="author.2.email" pattern="Meta"/><ns1:meta content="3" name="author.3.number" pattern="Meta"/><ns1:meta content="Fabio Vitali" name="author.3.name" pattern="Meta"/><ns1:meta content="Department of Computer Science@University of Bologna (Italy)" name="author.3.affiliation" pattern="Meta"/><ns1:meta content="fabio@cs.unibo.it" name="author.3.email" pattern="Meta"/><ns1:meta content="ontology documentation" name="keyword" pattern="Meta"/><ns1:meta content="Web tool" name="keyword" pattern="Meta"/><ns1:meta content="OWL ontologies" name="keyword" pattern="Meta"/></ns1:head><ns1:body pattern="Container" structure="BodyMatter "><ns1:div class="abstract" id="SectionAbstract" pattern="HeadedContainer" structure="Section "><ns1:h1 pattern="Block" structure="SectionTitle ">Abstract</ns1:h1><ns1:p pattern="Block" structure="Paragraph ">In this demo paper we provide a brief overview of the main features of<ns1:b pattern="Inline">LODE</ns1:b>, the<ns1:i pattern="Inline">Live OWL Documentation Environment</ns1:i>. LODE is an online service that generates a human-readable description of any OWL ontology, taking into account both the ontological axioms and the annotations, and ordering these with the appearance and functionality of a W3C Recommendations web page, namely as an HTML page with embedded links for ease of browsing and navigation.</ns1:p></ns1:div><ns1:div class="section" pattern="HeadedContainer" structure="Section "><ns1:h1 pattern="Block" structure="SectionTitle ">Introduction</ns1:h1><ns1:p pattern="Block" structure="Paragraph ">Understanding the aim and extent of an ontology is one of the most important task of the Semantic Web. To this end, users usually start by consulting its human-readable documentation. A large number of ontologies, especially those used in the Linked Data world, have good comprehensive Web pages describing their theoretical backgrounds and the features of their developed entities. However, problems arise when we look at under-developed models, since natural language documentation is usually only published once an ontology has become stable. This approach is justifiable: writing proper documentation costs effort, and re-writing it every time the developing ontology is modified is not practical. For this reason, tools for the automatic online generation of HTML documentation from ontologies – e.g. Parrot<ns1:a class="ref" component="Reference " href="TejoAlonsoParrot" pattern="Milestone" referenceTo="BibliographicReference "/>, the Ontology Browser<ns1:a class="footnote" component="Reference " href="ftn4" pattern="Milestone" referenceTo="Footnote "/>, Neologism<ns1:a class="ref" component="Reference " href="BascaNeologism" pattern="Milestone" referenceTo="BibliographicReference "/>– are critically important. Not only do they ease the task of creating effective ontology documentation, but they also enable this to be done earlier in the creation life-cycle.</ns1:p><ns1:p pattern="Block" structure="Paragraph ">In this paper we introduce the main features of<ns1:i pattern="Inline">LODE</ns1:i>, the<ns1:i pattern="Inline">Live OWL Documentation Environment</ns1:i><ns1:a class="footnote" component="Reference " href="ftn5" pattern="Milestone" referenceTo="Footnote "/><ns1:a class="ref" component="Reference " href="PeroniLode" pattern="Milestone" referenceTo="BibliographicReference "/>, a tool we developed to address the issue of the automatic production of ontology documentation. LODE is an online service that takes any OWL ontology or, more generally, an RDF vocabulary, and generates a human-readable HTML page designed for browsing and navigation by means of embedded links.</ns1:p><ns1:p pattern="Block" structure="Paragraph ">The rest of the paper is structured as follows. In<ns1:a class="ref" component="Reference " href="SectionLODE" pattern="Milestone" referenceTo="Section "/>we present LODE, highlighting its main characteristics and features, and in<ns1:a class="ref" component="Reference " href="SectionConclusions" pattern="Milestone" referenceTo="Section "/>, we conclude the paper by sketching out the future developments of our work.</ns1:p></ns1:div><ns1:div class="section" id="SectionLODE" pattern="HeadedContainer" structure="Section "><ns1:h1 pattern="Block" structure="SectionTitle ">The Live Documentation Environment</ns1:h1><ns1:p pattern="Block" structure="Paragraph ">LODE, the<ns1:i pattern="Inline">Live OWL Documentation Environment</ns1:i><ns1:a class="ref" component="Reference " href="PeroniLode" pattern="Milestone" referenceTo="BibliographicReference "/>, is an XSLT-powered on-line service that automatically generates a human-readable description of an OWL ontology (or, more generally, an RDF vocabulary), taking into account both ontological axioms and annotations, and presents these with the appearance and functionality of a W3C Recommendations document.</ns1:p><ns1:p pattern="Block" structure="Paragraph ">LODE automatically extracts classes, object properties, data properties, named individuals, annotation properties, meta-modelling (punning), general axioms, SWRL rules and namespace declarations from any OWL or OWL 2 ontology, and renders them as ordered lists, together with their textual and graphic definitions, in a single human-readable HTML page designed for easy browsing and navigation by means of embedded links. LODE can be invoked with a number of optional parameters so as to limit or extend the final documentation produced. For instance, it is possible to take into account all the entities in the ontology closure and/or the inferred axioms. The following pseudo-URL describes how to call LODE:</ns1:p><ns1:p class="quote" pattern="Block" structure="Paragraph ">http://www.essepuntato.it/lode/<ns1:b pattern="Inline">optional-parameters</ns1:b>/<ns1:b pattern="Inline">ontology-url</ns1:b></ns1:p><ns1:p pattern="Block" structure="Paragraph "><ns1:a class="ref" component="Reference " href="FigureParameters" pattern="Milestone" referenceTo="FigureBox "/>illustrates the alternative ways to build the URL to call LODE and the related modules used<ns1:a class="footnote" component="Reference " href="ftn6" pattern="Milestone" referenceTo="Footnote "/>. The main features of LODE are introduced in the following paragraphs.</ns1:p><ns1:div class="picture" id="FigureParameters" pattern="Record" structure="FigureBox "><ns1:p class="img.block" pattern="Block" structure="Paragraph "><ns1:img class="15.757cm-4.803cm" pattern="Milestone" src="100000000000031A000000F2C42A5D28.png" structure="Figure "/></ns1:p><ns1:p class="caption" pattern="Block" structure="Paragraph ">All the possible ways, according to specific needs, for making a request to LODE.</ns1:p></ns1:div><ns1:p pattern="Block" structure="Paragraph "><ns1:b pattern="Inline">Single page of documentation.</ns1:b>The entire documentation is displayed in a single HTML page that starts with the title of the document (<ns1:i pattern="Inline">dc:title</ns1:i>or<ns1:i pattern="Inline">rdfs:label</ns1:i>) and then lists the metadata of the ontology, such as its IRI, authors (<ns1:i pattern="Inline">dc:creator</ns1:i>annotations), date of publication (<ns1:i pattern="Inline">dc:date</ns1:i>), and imported ontologies (<ns1:i pattern="Inline">owl:imports</ns1:i>axioms). A brief abstract (<ns1:i pattern="Inline">rdfs:comment</ns1:i>) and an automatically-built Table of Content follow. When<ns1:i pattern="Inline">dc:description</ns1:i>assertions are specified for the ontology, the section “Introduction” is created as the first item after the Table of Content. Then, LODE renders all the classes, object, data and annotation properties, named individuals, general axioms and SWRL rules, and concludes the document with a list of the namespaces defined in the ontology.</ns1:p><ns1:p pattern="Block" structure="Paragraph "><ns1:b pattern="Inline">Displays information about imported ontology.</ns1:b>All the annotations and axioms defined in the imported ontology are fully rendered in the documentation when one of the parameters “imported” or “closure” is specified.</ns1:p><ns1:p pattern="Block" structure="Paragraph "><ns1:b pattern="Inline">Displays of axioms inferred by a reasoner.</ns1:b>All the axioms inferable by Pellet<ns1:a class="ref" component="Reference " href="SirinPellet" pattern="Milestone" referenceTo="BibliographicReference "/>are fully rendered in the documentation when the parameter “reasoner” is specified. However, this option has not yet been fully tested.</ns1:p><ns1:p pattern="Block" structure="Paragraph "><ns1:b pattern="Inline">Axioms descriptions fully displayed.</ns1:b>All the axioms and restrictions are rendered within each entity definition through the Manchester Syntax<ns1:a class="ref" component="Reference " href="HorridgeManchesterSyntax" pattern="Milestone" referenceTo="BibliographicReference "/>, as shown in<ns1:a class="ref" component="Reference " href="FigureExamples" pattern="Milestone" referenceTo="FigureBox "/>a<ns1:a class="footnote" component="Reference " href="ftn7" pattern="Milestone" referenceTo="Footnote "/>.</ns1:p><ns1:p pattern="Block" structure="Paragraph "><ns1:b pattern="Inline">Cool URIs to call the service.</ns1:b>Any LODE URL built as shown in<ns1:a class="ref" component="Reference " href="FigureParameters" pattern="Milestone" referenceTo="FigureBox "/>is compliant with Tim Berners-Lee's “Cool URI” definition<ns1:a class="footnote" component="Reference " href="ftn8" pattern="Milestone" referenceTo="Footnote "/>. This enables LODE to be used in conjunction with content-negotiation mechanisms, so as to produce HTML representations of ontologies and their entities automatically when accessing ontologies from a web browser.</ns1:p><ns1:p pattern="Block" structure="Paragraph "><ns1:b pattern="Inline">Images can be included in the documentation.</ns1:b>The annotation property<ns1:i pattern="Inline">dc:description</ns1:i>can be used to refer to graphic files in addition to specifying simple text. In this case, LODE is able to render these graphic files as part of the documentation itself, as shown in<ns1:a class="ref" component="Reference " href="FigureExamples" pattern="Milestone" referenceTo="FigureBox "/>a.</ns1:p><ns1:p pattern="Block" structure="Paragraph "><ns1:b pattern="Inline">Permits choice of language in which to display the documentation.</ns1:b>The text of the documentation can be rendered in a specific language when the parameter “lang” is specified. The selected language will be used as preferred language instead of English (the default) to render the documentation, as shown in<ns1:a class="ref" component="Reference " href="FigureExamples" pattern="Milestone" referenceTo="FigureBox "/>b. Of course, this presupposes that appropriate language annotations are present in the ontology.</ns1:p><ns1:div class="picture" id="FigureExamples" pattern="Record" structure="FigureBox "><ns1:p class="img.block" pattern="Block" structure="Paragraph "><ns1:img class="15.856cm-11.49cm" pattern="Milestone" src="100000000000031F0000024343C4969F.png" structure="Figure "/></ns1:p><ns1:p class="caption" pattern="Block" structure="Paragraph ">Screenshots of the documentation produced by LODE. (a) The way the class “argument” is rendered by LODE: its IRI, a brief abstract (<ns1:i pattern="Inline">rdfs:comment</ns1:i>assertion), its axioms and a graphic representation (<ns1:i pattern="Inline">dc:description</ns1:i>assertion pointing to a PNG file) of the class itself. (b) The Argument Model Ontology rendered in English (parameter “lang=en”) and Italian (parameter “lang=it”).</ns1:p></ns1:div></ns1:div><ns1:div class="section" id="SectionConclusions" pattern="HeadedContainer" structure="Section "><ns1:h1 pattern="Block" structure="SectionTitle ">Conclusions</ns1:h1><ns1:p pattern="Block" structure="Paragraph ">In this demo paper we briefly overview the main features of<ns1:b pattern="Inline">LODE</ns1:b>, the<ns1:i pattern="Inline">Live OWL Documentation Environment</ns1:i>, our tool that automatically produces HTML documentation of OWL ontologies. We recently performed two different user evaluations so as to assess the usability of LODE when users use it to deal with ontology understanding and navigation tasks. Preliminary results, presented in<ns1:a class="ref" component="Reference " href="PeroniLode" pattern="Milestone" referenceTo="BibliographicReference "/>, show that LODE is perceived as a usable tool that favourably compares with similar applications such as Parrot<ns1:a class="ref" component="Reference " href="TejoAlonsoParrot" pattern="Milestone" referenceTo="BibliographicReference "/>and the OWLDoc-based Ontology Browser<ns1:span class="sup" pattern="Inline">3</ns1:span>. In the future, we plan to widen the evaluation of the outcomes of the aforementioned user testing sessions, and to extend LODE features to include suggestions highlighted by users, such as adding a tree-browsing capability and a facetted free-text search box, thus significantly enhancing its usability for single ontologies in the one area in which LODE is presently lacking, search functions.</ns1:p></ns1:div><ns1:div class="bibliography" id="SectionReferences" pattern="HeadedContainer" structure="Section Bibliography "><ns1:h1 pattern="Block" structure="SectionTitle ">References</ns1:h1><ns1:ul pattern="Table" structure="List BibliographicReferenceList " type="bullet"><ns1:li component="BibliographicReference " id="BascaNeologism" pattern="Container"><ns1:p pattern="Block" structure="Paragraph ">Basca, C., Corlosquet, S., Cyganiak, R., Fernández, S., Schandl, T. (2008). Neologism: Easy Vocabulary Publishing. In Proceedings of the 4th Workshop on Scripting for the Semantic Web. http://ceur-ws.org/Vol-368/paper10.pdf (last visited July 30, 2012).</ns1:p></ns1:li><ns1:li component="BibliographicReference " id="TejoAlonsoParrot" pattern="Container"><ns1:p pattern="Block" structure="Paragraph ">Tejo-Alonso, C., Berrueta, D., Polo, L., Fernandez, S. (2011). Metadata for Web Ontologies and Rules: Current Practices and Perspectives. In Proceedings of the 5th International Conference on Metadata and Semantic Research (MTSR 2011). DOI: 10.1007/978-3-642-24731-6_6.</ns1:p></ns1:li><ns1:li component="BibliographicReference " id="PeroniLode" pattern="Container"><ns1:p pattern="Block" structure="Paragraph ">Peroni, S., Shotton, D., Vitali, F. (2012). The Live OWL Documentation Environment: a tool for the automatic generation of ontology documentation. To appear in Proceedings of the 18th International Conference on Knowledge Engineering and Knowledge Management (EKAW 2012). http://palindrom.es/phd/wp-content/uploads/2012/05/lode-ekaw2012.pdf (last visited July 30, 2012).</ns1:p></ns1:li><ns1:li component="BibliographicReference " id="SirinPellet" pattern="Container"><ns1:p pattern="Block" structure="Paragraph ">Sirin, E., Parsia, B., Grau, B.C., Kalyanpur, A., Katz, Y. (2007). Pellet: A practical OWL-DL reasoner. In Journal of Web Semantics, 5 (2): 51-53. DOI: 10.1016/j.websem.2007.03.004.</ns1:p></ns1:li><ns1:li component="BibliographicReference " id="HorridgeManchesterSyntax" pattern="Container"><ns1:p pattern="Block" structure="Paragraph ">Horridge, M., Patel-Schneider, P. (2009). OWL 2 Web Ontology Language: Manchester Syntax. W3C Working Group Note, 27 October 2009. World Wide Web Consortium. http://www.w3.org/TR/owl2-manchester-syntax/ (last visited July 30, 2012).</ns1:p></ns1:li></ns1:ul></ns1:div><ns1:div class="footnote" pattern="Table" structure="List "><ns1:div id="ftn4" pattern="Container" structure="Footnote "><ns1:p pattern="Block" structure="Paragraph ">OWLDoc-based Ontology Browser:<ns1:a href="http://owl.cs.manchester.ac.uk/browser/" pattern="Inline">http://owl.cs.manchester.ac.uk/browser/</ns1:a>.</ns1:p></ns1:div><ns1:div id="ftn5" pattern="Container" structure="Footnote "><ns1:p pattern="Block" structure="Paragraph ">LODE, the Live OWL Documentation Environment:<ns1:a href="http://www.essepuntato.it/lode" pattern="Inline">http://www.essepuntato.it/lode</ns1:a>.</ns1:p></ns1:div><ns1:div id="ftn6" pattern="Container" structure="Footnote "><ns1:p pattern="Block" structure="Paragraph ">Note that routine use of the optional parameter “owlapi” is strongly recommended.</ns1:p></ns1:div><ns1:div id="ftn7" pattern="Container" structure="Footnote "><ns1:p pattern="Block" structure="Paragraph ">The screenshots shown in Figure 2 of this paper refers to the documentation produced by LODE for the Argument Model Ontology (<ns1:a href="http://www.essepuntato.it/2011/02/argumentmodel" pattern="Inline">http://www.essepuntato.it/2011/02/argumentmodel</ns1:a>).</ns1:p></ns1:div><ns1:div id="ftn8" pattern="Container" structure="Footnote "><ns1:p pattern="Block" structure="Paragraph ">Cool URIs don't change:<ns1:a href="http://www.w3.org/Provider/Style/URI" pattern="Inline">http://www.w3.org/Provider/Style/URI</ns1:a>.</ns1:p></ns1:div></ns1:div></ns1:body></ns1:iml>