<?xml version="1.0" encoding="UTF-8"?><ns1:iml xmlns:ns1="http://www.cs.unibo.it/2006/iml" pattern="Record"><ns1:head pattern="Container" structure="FrontMatter "><ns1:title pattern="Field" structure="Title ">Towards the automatic identification of the nature of citations</ns1:title><ns1:meta content="1" name="author.1.number" pattern="Meta"/><ns1:meta content="Angelo Di Iorio" name="author.1.name" pattern="Meta"/><ns1:meta content="Department of Computer Science and Engineering@University of Bologna (Italy)" name="author.1.affiliation" pattern="Meta"/><ns1:meta content="diiorio@cs.unibo.it" name="author.1.email" pattern="Meta"/><ns1:meta content="2" name="author.2.number" pattern="Meta"/><ns1:meta content="Andrea Giovanni Nuzzolese" name="author.2.name" pattern="Meta"/><ns1:meta content="Department of Computer Science and Engineering@University of Bologna (Italy)" name="author.2.affiliation" pattern="Meta"/><ns1:meta content="nuzzoles@cs.unibo.it" name="author.2.email" pattern="Meta"/><ns1:meta content="3" name="author.3.number" pattern="Meta"/><ns1:meta content="Silvio Peroni" name="author.3.name" pattern="Meta"/><ns1:meta content="Department of Computer Science and Engineering@University of Bologna (Italy)" name="author.3.affiliation" pattern="Meta"/><ns1:meta content="essepuntato@cs.unibo.it" name="author.3.email" pattern="Meta"/></ns1:head><ns1:body pattern="Container" structure="BodyMatter "><ns1:div class="abstract" id="SectionAbstract" pattern="HeadedContainer" structure="Section "><ns1:h1 pattern="Block" structure="SectionTitle ">Abstract</ns1:h1><ns1:p pattern="Block" structure="Paragraph ">The reasons that an author cites other publications are varied: on the one hand an author can cite previous works to gain assistance of some sort in the form of background information, ideas, methods, or to review, critique or refute previous works. The problem is that the best possible way to retrieve the nature of citations is very time consuming: one should read article by article to assign a particular characterisation to each citation. In this paper we propose an algorithm, called<ns1:i pattern="Inline">CiTalO</ns1:i>, to infer automatically the factual and/or rhetoric nature of citations by means of Semantic Web technologies and NLP techniques. We also present some preliminary experiments and discuss some strengths and limitations of this approach.</ns1:p></ns1:div><ns1:div class="section" pattern="HeadedContainer" structure="Section "><ns1:h1 pattern="Block" structure="SectionTitle ">Introduction</ns1:h1><ns1:p pattern="Block" structure="Paragraph ">The academic community lives on bibliographic citations. First of all, these references are<ns1:i pattern="Inline">tools for linking</ns1:i>research. Whenever a researcher writes a paper she/he uses bibliographic references as pointers to related works, to sources of experimental data, to background information, to standards and methods linked to the solution being discussed, and so on. Similarly, citations are<ns1:i pattern="Inline">tools for disseminating</ns1:i>research. Not only on academic conferences and journals. Just think about publishing platforms on the Web – blogs, wikis, social networks – and, more recently, semantic publishing ones<ns1:a class="ref" href="ShottonComingRevolution" pattern="Milestone"/>– that enhance these platforms for expressing semantic and machine-readable information. From a different perspective, citations are<ns1:i pattern="Inline">tools for exploring</ns1:i>research. The network of citations is a source of rich information for scholars and can be used to create new and interesting ways of browsing their data. A great amount of research is also being carried on to build sophisticated visualizers of networks of citations and powerful interfaces allowing users to filter, search and aggregate data – e.g.<ns1:i pattern="Inline">Citation-Sensitive In-Browser Summariser</ns1:i><ns1:a class="ref" href="WanCSIBS" pattern="Milestone"/>. Last but not least, citations are<ns1:i pattern="Inline">tools for evaluating</ns1:i>research. Quantitative metrics, for instance, are commonly used for measuring the importance of a journal (e.g. the<ns1:i pattern="Inline">impact factor</ns1:i>) or the scientific productivity of an author (e.g. the<ns1:i pattern="Inline">h-index</ns1:i>).</ns1:p><ns1:p pattern="Block" structure="Paragraph ">This paper moves off a basic assumption: all these activities can be radically improved by exploiting the actual nature of citations. Let us consider citations as means for evaluating research: could a paper that is cited many times with negative reviews be given a high score? Could a paper containing several citations to works of the same research group be given the same score of a paper with heterogeneous citations? How can a paper cited as plagiarism be ranked? Several similar questions could be raised here. In the same way, much more sophisticated and helpful exploration tools can be built on top of correctly characterized references.</ns1:p><ns1:p pattern="Block" structure="Paragraph ">There are in fact ontologies for describing the nature of citations in scientific research articles and other scholarly works. In the Semantic Web community, the most prominent one is<ns1:i pattern="Inline">CiTO</ns1:i>(<ns1:i pattern="Inline">Citation Typing Ontology</ns1:i>)<ns1:a class="footnote" href="ftn4" pattern="Milestone"/><ns1:a class="ref" href="PeroniCiTOFaBiO" pattern="Milestone"/>. CiTO uses Semantic Web technologies, being written in OWL, and is connected to other works in the area of semantic publishing. It is then a very good basis for implementing sophisticated services and for integrating citational data with linked data silos.</ns1:p><ns1:p pattern="Block" structure="Paragraph ">The goal of this paper is to present a novel approach to automatically annotate citations with properties defined in CiTO. We present a algorithm and its implementation, called<ns1:i pattern="Inline">CiTalO</ns1:i>(from merging the words<ns1:b pattern="Inline"><ns1:i pattern="Inline">CiTO</ns1:i></ns1:b>and<ns1:b pattern="Inline"><ns1:i pattern="Inline">al</ns1:i></ns1:b><ns1:i pattern="Inline">gorithm</ns1:i>), that takes as input a collection of XML-encoded documents and infers the factual and/or rhetoric nature of citations by exploiting Semantic Web technologies and NLP techniques. The tool is available online at<ns1:span class="code" pattern="Inline">http://wit.istc.cnr.it:8080/tools/citalo</ns1:span>.</ns1:p><ns1:p pattern="Block" structure="Paragraph ">We also present some preliminary tests on a small collection of documents, that confirmed some strengths and weaknesses of such approach. The research direction looks very promising and the CiTalO infrastructure is flexible and extensible. We plan to extend the current set of patterns and matching rules for a wide practical application of the method.</ns1:p><ns1:p pattern="Block" structure="Paragraph ">The paper is then structured as follows. In<ns1:a class="ref" href="SectionRelatedWorks" pattern="Milestone"/>we introduce previous works on classification of citations and some studies about the nature of citations. In<ns1:a class="ref" href="SectionCitalo" pattern="Milestone"/>we describe our algorithm introducing its structure and presenting the technologies (NLP tools, sentiment analysis procedures, OWL ontologies) we used to develop it. In<ns1:a class="ref" href="SectionTest" pattern="Milestone"/>we present the outcomes of the algorithm run upon some scientific documents and we discuss those results in<ns1:a class="ref" href="SectionDiscussion" pattern="Milestone"/>. Finally, in<ns1:a class="ref" href="SectionConclusions" pattern="Milestone"/>, we conclude the paper sketching out some future works.</ns1:p></ns1:div><ns1:div class="section" id="SectionRelatedWorks" pattern="HeadedContainer" structure="Section "><ns1:h1 pattern="Block" structure="SectionTitle ">Related works</ns1:h1><ns1:p pattern="Block" structure="Paragraph ">In the past, the study of the citations in scientific literature has attracted several research groups from different research fields. In this section we introduce some of the most relevant and recent works on this topic.</ns1:p><ns1:p pattern="Block" structure="Paragraph ">One of the most significant architecture developed recently to process language of scientific texts is<ns1:i pattern="Inline">SciBorg</ns1:i><ns1:a class="footnote" href="ftn5" pattern="Milestone"/>. As described in their introductory paper<ns1:a class="ref" href="CopestakeScientificText" pattern="Milestone"/>, Copestake<ns1:i pattern="Inline">et al.</ns1:i>present an infrastructure for the analysis of scientific articles based on NLP techniques that allows one to automatically extract semantic characterisations of scientific texts. In particular, they developed a module for discourse and citation analysis based on the approach proposed by Teufel<ns1:i pattern="Inline">et al.</ns1:i><ns1:a class="ref" href="TeufelArgumentationZone" pattern="Milestone"/>called<ns1:i pattern="Inline">Argumentative Zoning</ns1:i>(<ns1:i pattern="Inline">AZ</ns1:i>). AZ provides a procedural mechanism to annotate sentences of an article according to one out of seven classes of a given annotation scheme (i.e.<ns1:i pattern="Inline">background</ns1:i>,<ns1:i pattern="Inline">own</ns1:i>,<ns1:i pattern="Inline">aim</ns1:i>,<ns1:i pattern="Inline">textual</ns1:i>,<ns1:i pattern="Inline">contrast</ns1:i>,<ns1:i pattern="Inline">basis</ns1:i>and<ns1:i pattern="Inline">other</ns1:i>), thus interpreting the intended authors' motivation behind scientific content and citations.</ns1:p><ns1:p pattern="Block" structure="Paragraph ">In two different articles<ns1:a class="ref" href="TeufelAutomaticClassification" pattern="Milestone"/><ns1:a class="ref" href="TeufelAnnotationScheme" pattern="Milestone"/>, Teufel<ns1:i pattern="Inline">et al.</ns1:i>study the<ns1:i pattern="Inline">function</ns1:i>of citations – that they define as “author's reason for citing a given paper” – and provide a categorisation of possible citation functions organised in twelve classes, in turn clustered in<ns1:i pattern="Inline">Negative</ns1:i>,<ns1:i pattern="Inline">Neutral</ns1:i>and<ns1:i pattern="Inline">Positive</ns1:i>rhetorical functions. In addition, they performed some tests involving hundreds of article in computational linguistics (stored as XML files), several human annotators and a machine learning approach for the automatic annotation of citation functions. The results were quite promising; however the agreement between human annotators (i.e. K = 0.72) is still higher than the one between the human annotators and the machine learning approach (i.e. K = 0.57).</ns1:p><ns1:p pattern="Block" structure="Paragraph ">In another recent work<ns1:a class="ref" href="JorgNatureCitations" pattern="Milestone"/>, Jorg analysed the ACL Anthology Networks<ns1:a class="footnote" href="ftn6" pattern="Milestone"/>and found one hundred fifty<ns1:i pattern="Inline">cue verbs</ns1:i>, i.e. verbs usually used to carry important information about the nature of citations:<ns1:i pattern="Inline">based on</ns1:i>,<ns1:i pattern="Inline">outperform</ns1:i>,<ns1:i pattern="Inline">focus on</ns1:i>,<ns1:i pattern="Inline">extend</ns1:i>, etc. She maps cue verbs to classes of citation functions according to the classification provided by Moravcsik<ns1:i pattern="Inline">et al.</ns1:i>in<ns1:a class="ref" href="MoravcsikFunctionCitation" pattern="Milestone"/>and makes the bases to the development of a formal citation ontology. This works actually represent one of the sources of inspiration of<ns1:i pattern="Inline">CiTO</ns1:i>(the<ns1:i pattern="Inline">Citation Typing Ontology</ns1:i>) developed by Peroni<ns1:i pattern="Inline">et al.</ns1:i><ns1:a class="ref" href="PeroniCiTOFaBiO" pattern="Milestone"/>, which is an ontology that permits the motivations of an author when referring to another document to be captured and described by using Semantic Web technologies such as RDF and OWL.</ns1:p><ns1:p pattern="Block" structure="Paragraph ">Closely related to the annotation of citation functions, in<ns1:a class="ref" href="AtharSentimentAnalysis" pattern="Milestone"/>Athar proposes a sentiment-analysis approach to citations, so as to identify whether a particular act of citing was done with positive (e.g. praising a previous work on a certain topic) or negative intentions (e.g. criticising the results obtained through a particular method). Starting from the results obtained through work, Athar<ns1:i pattern="Inline">et al.</ns1:i>expands the above study in<ns1:a class="ref" href="AtharContextEnhanced" pattern="Milestone"/>, where they show how the correct sentiment (in particular, a negative sentiment) of a particular citation usually does not emerge from the citation sentence – i.e. the sentence that contains the actual pointer to the bibliographic reference of the cited paper. Rather, it actually becomes evident in the last part of the<ns1:i pattern="Inline">context window</ns1:i><ns1:a class="footnote" href="ftn7" pattern="Milestone"/><ns1:a class="ref" href="QazvinianNonExplicitCitingSentences" pattern="Milestone"/>in consideration.</ns1:p><ns1:p pattern="Block" structure="Paragraph ">In another work<ns1:a class="ref" href="HouCountingCitation" pattern="Milestone"/>, Hou<ns1:i pattern="Inline">et al.</ns1:i>use an alternative approach to understand the importance (seen as a form of positive connotation/sentiment) of citations: the citation counting in text. Paraphrasing the authors, the idea is that the more a paper is cited within a text, the more its scientific contribution is significative.</ns1:p></ns1:div><ns1:div class="section" id="SectionCitalo" pattern="HeadedContainer" structure="Section "><ns1:h1 pattern="Block" structure="SectionTitle ">Our approach</ns1:h1><ns1:p pattern="Block" structure="Paragraph ">In this section, we introduce CiTalO, a tool that infers the rhetoric nature of citations by combining techniques of ontology learning from natural language, sentiment-analysis, word-sense disambiguation, and ontology mapping. These techniques are applied in a pipeline whose input is the textual context containing the citation and the output is a one or more properties of the CiTO ontology<ns1:a class="ref" href="PeroniCiTOFaBiO" pattern="Milestone"/>. CiTO, the Citation Typing Ontology, is a well-known ontology for the characterization of citations, both factually and rhetorically. It defines properties to describe the citational semantics emerging from the text.</ns1:p><ns1:p pattern="Block" structure="Paragraph ">The overall CiTalO schema is shown in<ns1:a class="ref" href="pipeline" pattern="Milestone"/>. It was inspired by<ns1:a class="ref" href="GangemiTipalo" pattern="Milestone"/>, in which a similar pipeline was used with good results for automatically typing DBpedia resources by analysing corresponding Wikipedia abstracts. Five steps compose the architecture, that are briefly discussed below. From an implementation point of view, each step is implemented as a pluggable OSGi component<ns1:a class="ref" href="OSGi2003" pattern="Milestone"/>over a Pipeline Manager that coordinates the process.</ns1:p><ns1:div class="picture" id="pipeline" pattern="Record" structure="FigureBox "><ns1:p class="img.block" pattern="Block" structure="Paragraph "><ns1:img class="17cm-5.528cm" pattern="Milestone" src="10000201000002E5000000F1B13D22A3.png" structure="Figure "/></ns1:p><ns1:p class="caption" pattern="Block" structure="Paragraph ">Pipeline used by CiTalO. The input is the textual context in which the citation appears and the output is a set of properties of the CiTO ontology.</ns1:p></ns1:div><ns1:p pattern="Block" structure="Paragraph ">In order to detail the components of CiTalO we will discuss how the algorithm works on the following sample sentence: “It extends the research outlined in earlier work X.”, where “X” is the cited work.</ns1:p><ns1:p pattern="Block" structure="Paragraph "><ns1:b pattern="Inline">Sentiment-analysis for gathering the polarity of the citational rhetoric.</ns1:b>The aim of the sentiment-analysis in our context is to capture the sentiment polarity emerging from the text in which the citation is included. The importance of this step derives from the classification of CiTO properties expressing citational semantics according to three different polarities, i.e., positive, neuter and negative. This means that being able to recognize the polarity behind the citation it would restrict the set of possible target properties from the CiTO ontology to match. We are currently using AlchemyAPI<ns1:a class="footnote" href="ftn8" pattern="Milestone"/>, a suite of sentiment-analysis and NLP tools that exposes its services through HTTP REST interfaces. The output returned by this component with respect to our example is a positive polarity.</ns1:p><ns1:p pattern="Block" structure="Paragraph "><ns1:b pattern="Inline">Ontology extraction from the textual context of the citation.</ns1:b>The first mandatory step of CiTalO consists of deriving a logical representation of the sentence containing the citation. The ontology extraction is performed by using FRED<ns1:a class="ref" href="PresuttiFRED" pattern="Milestone"/>, a tool for ontology learning based on discourse representation theory, frames and ontology design patterns. Such an approach follows the one proposed by<ns1:a class="ref" href="GangemiTipalo" pattern="Milestone"/>, that exploited FRED for automatically typing DBpedia entities. The transformation of the sentence into a logical form allows us to recognize lexical-syntactic patterns in order to detect possible types of rhetorical denotation of the citation. The output of FRED on our example is shown in<ns1:a class="ref" href="fred" pattern="Milestone"/>.</ns1:p><ns1:div class="picture" id="fred" pattern="Record" structure="FigureBox "><ns1:p class="img.block" pattern="Block" structure="Paragraph "><ns1:img class="17cm-7.684cm" pattern="Milestone" src="10000201000003AA000001A8086E27BA.png" structure="Figure "/></ns1:p><ns1:p class="caption" pattern="Block" structure="Paragraph ">FRED result for “It extends the research outlined in earlier work X”.</ns1:p></ns1:div><ns1:p pattern="Block" structure="Paragraph ">FRED recognizes two events, i.e.,<ns1:i pattern="Inline">Outline</ns1:i>and<ns1:i pattern="Inline">Extend</ns1:i>,<ns1:i pattern="Inline"/>and the cited work<ns1:i pattern="Inline">X</ns1:i>is typed as<ns1:i pattern="Inline">EarlierWork</ns1:i>that is subclass of<ns1:i pattern="Inline">Work</ns1:i>.</ns1:p><ns1:p pattern="Block" structure="Paragraph "><ns1:b pattern="Inline">Citation type extraction through pattern matching.</ns1:b>The second step consists of extracting candidate types for the citation, by looking for patterns in the FRED result. In order to collect these types we have designed ten lexical-syntactic patterns and we have implemented them as SPARQL queries. The pattern matcher tries to apply all the patterns, which are namely:</ns1:p><ns1:p class="code" pattern="Block" structure="Paragraph ">SELECT ?type WHERE {?subj ?prop fred:X ; a ?type} SELECT ?type WHERE {?subj ?prop fred:X ; a ?typeTmp . ?typeTmp rdfs:subClassOf+ ?type} SELECT ?type WHERE {?subj a dul:Event , ?type . FILTER(?type != dul:Event)} SELECT ?type WHERE {?subj a dul:Event , ?typeTmp . ?typeTmp rdfs:subClassOf+ ?type.FILTER(?type != dul:Event)} SELECT ?type WHERE {?subj a dul:Event ; boxer:theme ?theme . ?theme a ?type} SELECT ?type WHERE {?subj a dul:Event ; boxer:theme ?theme . ?theme a ?typeTmp . ?typeTmp rdfs:subClassOf+ ?type} SELECT ?type WHERE {?subj a dul:Event ; boxer:patient ?patient . ?patient a ?type} SELECT ?type WHERE {?subj a dul:Event ; boxer:patient ?pat . ?pat a ?typeTmp . ?typeTmp rdfs:subClassOf+ ?type} SELECT ?type WHERE {?subj a dul:Event ; boxer:patient ?pat . ?pat ?prop ?any . ?any a ?type} SELECT ?type WHERE {?subj a dul:Event ; boxer:patient ?pat . ?pat ?prop ?any . ?any a ?typeTmp . ?typeTmp rdfs:subClassOf+ ?type}</ns1:p><ns1:p pattern="Block" structure="Paragraph ">Applying these patterns to the example the following candidate types are found:<ns1:i pattern="Inline">Outline, Extend, EarlierWork, Work, and Research</ns1:i>. The current set of patterns is quite simple and incomplete. We are investigating new patterns and we are continuously updating the catalogue.</ns1:p><ns1:p pattern="Block" structure="Paragraph "><ns1:b pattern="Inline">Word-sense disambiguation.</ns1:b>In order to gather the sense of candidate types we need a word-sense disambiguator. For this purpose we used IMS [Zhong2010], a tool based on linear support vector machines. The disambiguation is performed with respect to OntoWordNet<ns1:a class="ref" href="GamgemiOWN" pattern="Milestone"/>(the OWL version of WordNet) and produces a list of synsets for each candidate type.</ns1:p><ns1:p pattern="Block" structure="Paragraph ">The following disambiguations are returned on our example: (i)<ns1:i pattern="Inline">Extend</ns1:i>is disambiguated as<ns1:span class="code" pattern="Inline">own:synset-prolong-verb-1</ns1:span>, (ii)<ns1:i pattern="Inline">Outline</ns1:i>as<ns1:span class="code" pattern="Inline">own:synset-delineate-verb-3</ns1:span>, (iii)<ns1:i pattern="Inline">Research</ns1:i>as<ns1:span class="code" pattern="Inline">own:synset-research-noun-1</ns1:span>, (iv)<ns1:i pattern="Inline">EarlierWork</ns1:i>and<ns1:i pattern="Inline">Work</ns1:i>as<ns1:i pattern="Inline"/><ns1:span class="code" pattern="Inline">own:synset-work-noun-1</ns1:span>.</ns1:p><ns1:p pattern="Block" structure="Paragraph ">The output of this step can also be extended by adding<ns1:i pattern="Inline">proximal synsets,</ns1:i>i.e. synsets that are not directly returned by IMS but whose meaning is close to those found while disambiguating. To do so, we use the RDF graph of proximality introduced in<ns1:a class="ref" href="GangemiTipalo" pattern="Milestone"/>.</ns1:p><ns1:p pattern="Block" structure="Paragraph "><ns1:b pattern="Inline">Alignment to CiTO.</ns1:b>The final step consists of actually assigning CiTO types to citations. We use two ontologies for this purpose:<ns1:i pattern="Inline">CiTO2Wordnet</ns1:i>and<ns1:i pattern="Inline">CiTOFunctions</ns1:i>. CiTO2Wordnet<ns1:a class="footnote" href="ftn12" pattern="Milestone"/>maps all the CiTO properties defining citations with the appropriate Wordnet synsets (as expressed in OntoWordNet). This ontology was built in three steps:</ns1:p><ns1:ul pattern="Table" structure="List " type="bullet"><ns1:li pattern="Container"><ns1:p pattern="Block" structure="Paragraph "><ns1:i pattern="Inline">identification step.</ns1:i>We identified all the Wordnet synsets related to each of the thirty-eight sub-properties of<ns1:i pattern="Inline">cito:cites</ns1:i>according to the verbs and nouns used in property labels (i.e.<ns1:i pattern="Inline">rdfs:label</ns1:i>) and comments (i.e.<ns1:i pattern="Inline">rdfs:comment</ns1:i>) – for instance, the synsets<ns1:i pattern="Inline">{credit#1, accredit#3, credit#3, credit#4}</ns1:i>refers to the property<ns1:i pattern="Inline">cito:credits</ns1:i>;</ns1:p></ns1:li><ns1:li pattern="Container"><ns1:p pattern="Block" structure="Paragraph "><ns1:i pattern="Inline">filtering step.</ns1:i>For each CiTO property, we filtered out all those synsets of which the<ns1:i pattern="Inline">gloss</ns1:i><ns1:a class="footnote" href="ftn13" pattern="Milestone"/>is not aligned with the natural language description of the property in consideration – for instance, the synset<ns1:i pattern="Inline">credit#3</ns1:i>was filtered out since the gloss “accounting: enter as credit” means something radically different to the CiTO property description “the citing entity acknowledges contributions made by the cited entity”;</ns1:p></ns1:li><ns1:li pattern="Container"><ns1:p pattern="Block" structure="Paragraph "><ns1:i pattern="Inline">formalisation step.</ns1:i>finally, we linked each CiTO property to the related synsets through the property<ns1:i pattern="Inline">skos:closeMatch</ns1:i><ns1:i pattern="Inline">.</ns1:i>An example in Turtle is:<ns1:span class="code" pattern="Inline">cito:credits skos:closeMatch synset:credit-verb-1, synset:accredit-verb-3, synset:credit-verb-4</ns1:span>.</ns1:p></ns1:li></ns1:ul><ns1:p pattern="Block" structure="Paragraph ">The CiTOFunctions ontology<ns1:a class="footnote" href="ftn15" pattern="Milestone"/>, classifies each CiTO property according to its factual and positive/neutral/negative rhetorical functions, using the classification proposed by Peroni<ns1:i pattern="Inline">et al.</ns1:i><ns1:a class="ref" href="PeroniCiTOFaBiO" pattern="Milestone"/>.</ns1:p><ns1:p pattern="Block" structure="Paragraph ">The final alignment to CiTO is performed through a SPARQL CONSTRUCT query that uses the output of the previous steps, the polarity gathered from the sentiment-analysis phase, OntoWordNet and the two ontologies just described. In the case of empty alignments, the CiTO property<ns1:i pattern="Inline">citesForInformation</ns1:i>is returned as base case. In the example, the property<ns1:i pattern="Inline">cito:extends</ns1:i>is assigned to the citation.</ns1:p></ns1:div><ns1:div class="section" id="SectionTest" pattern="HeadedContainer" structure="Section "><ns1:h1 pattern="Block" structure="SectionTitle ">Test and evaluation</ns1:h1><ns1:p pattern="Block" structure="Paragraph ">In this section we describe our experiments, while the next one focuses on issues, limitations and future development of such approach.</ns1:p><ns1:p pattern="Block" structure="Paragraph ">The test bed includes some scientific papers encoded in XML DocBook, containing citations of different types. The papers are all written in English and chosen among those published in the proceedings of the Balisage Conference Series. In particular, we automatically extracted citation sentences, through an XSLT document, from all the papers published in the seventh volume of Balisage Proceedings, which are freely available online<ns1:a class="footnote" href="ftn16" pattern="Milestone"/>. For our test, we took into account only those papers for which the XSLT transform retrieved at least one citation (i.e. 18 papers written by different authors). The total number of citations retrieved was 377, for a mean of 20.94 citations per paper.</ns1:p><ns1:p pattern="Block" structure="Paragraph ">The test consisted of comparing the results of CiTalO with a human classification of the citations. We first filtered all the citation sentences (i.e. the sentences in which citations are explicitly used) from the selected articles, and then we annotated them manually using the CiTO properties. Since the annotation of citation functions is actually an hard problem to address – it requires an interpretation of author intentions – we mark only the citations that are accompanied by verbs (extends, discusses, etc.) and/or other grammatical structures (uses method in, uses data from, etc.) carrying explicitly a particular citation function. We considered that rule as a strict guideline as also suggested in<ns1:a class="ref" href="TeufelAutomaticClassification" pattern="Milestone"/>.</ns1:p><ns1:p pattern="Block" structure="Paragraph ">We marked 106 citations of out the 377 originally retrieved, obtaining at least one representative citation for each of the 18 paper used (with a mean of 5.89 citations per paper). We used 21 CiTO properties out of 38 to annotate all these citations, as shown in<ns1:a class="ref" href="TableCitationFuctionsHumans" pattern="Milestone"/>.</ns1:p><ns1:div class="table" id="TableCitationFuctionsHumans" pattern="Record" structure="TableBox "><ns1:table pattern="Table" structure="Table " width="17cm"><ns1:tr pattern="Table"><ns1:th pattern="Container" width="18.935294117647057%"><ns1:p pattern="Block" structure="Paragraph "># Citations</ns1:p></ns1:th><ns1:th pattern="Container" width="81.06470588235295%"><ns1:p pattern="Block" structure="Paragraph ">CITO property</ns1:p></ns1:th></ns1:tr><ns1:tr pattern="Table"><ns1:td pattern="Container" width="18.935294117647057%"><ns1:p pattern="Block" structure="Paragraph ">53</ns1:p></ns1:td><ns1:td pattern="Container" width="81.06470588235295%"><ns1:p pattern="Block" structure="Paragraph ">citesForInformation</ns1:p></ns1:td></ns1:tr><ns1:tr pattern="Table"><ns1:td pattern="Container" width="18.935294117647057%"><ns1:p pattern="Block" structure="Paragraph ">15</ns1:p></ns1:td><ns1:td pattern="Container" width="81.06470588235295%"><ns1:p pattern="Block" structure="Paragraph ">usesMethodIn</ns1:p></ns1:td></ns1:tr><ns1:tr pattern="Table"><ns1:td pattern="Container" width="18.935294117647057%"><ns1:p pattern="Block" structure="Paragraph ">12</ns1:p></ns1:td><ns1:td pattern="Container" width="81.06470588235295%"><ns1:p pattern="Block" structure="Paragraph ">usesConclusionsFrom</ns1:p></ns1:td></ns1:tr><ns1:tr pattern="Table"><ns1:td pattern="Container" width="18.935294117647057%"><ns1:p pattern="Block" structure="Paragraph ">11</ns1:p></ns1:td><ns1:td pattern="Container" width="81.06470588235295%"><ns1:p pattern="Block" structure="Paragraph ">obtainsBackgroundFrom</ns1:p></ns1:td></ns1:tr><ns1:tr pattern="Table"><ns1:td pattern="Container" width="18.935294117647057%"><ns1:p pattern="Block" structure="Paragraph ">8</ns1:p></ns1:td><ns1:td pattern="Container" width="81.06470588235295%"><ns1:p pattern="Block" structure="Paragraph ">discusses</ns1:p></ns1:td></ns1:tr><ns1:tr pattern="Table"><ns1:td pattern="Container" width="18.935294117647057%"><ns1:p pattern="Block" structure="Paragraph ">4</ns1:p></ns1:td><ns1:td pattern="Container" width="81.06470588235295%"><ns1:p pattern="Block" structure="Paragraph ">citesAsRelated, extends, includesQuotationFrom, citesAsDataSource, obtainsSupportFrom</ns1:p></ns1:td></ns1:tr><ns1:tr pattern="Table"><ns1:td pattern="Container" width="18.935294117647057%"><ns1:p pattern="Block" structure="Paragraph ">&lt; 4</ns1:p></ns1:td><ns1:td pattern="Container" width="81.06470588235295%"><ns1:p pattern="Block" structure="Paragraph ">credits, critiques, useConclusionsFrom, citesAsAuthority, usesDataFrom, supports, updates, includesExcerptFrom, includeQuotationForm, citesAsRecommendedReading, corrects</ns1:p></ns1:td></ns1:tr></ns1:table><ns1:p class="caption" pattern="Block" structure="Paragraph ">The way we marked the citations within the 18 Balisage papers.</ns1:p></ns1:div><ns1:p pattern="Block" structure="Paragraph ">Interesting similarities can be found between such a classification and the results of<ns1:a class="ref" href="TeufelAnnotationScheme" pattern="Milestone"/>. In this paper, the neutral category<ns1:i pattern="Inline">Neut</ns1:i>was used for the majority of annotations by humans; similarly the most neutral CiTO property,<ns1:i pattern="Inline">citesForInformation</ns1:i>, was the most prevalent function in our dataset too. The second most used property was<ns1:i pattern="Inline">usedMethodIn</ns1:i>in both analyses.</ns1:p><ns1:p pattern="Block" structure="Paragraph ">We run CiTalO on these data (i.e. 106 citations in total) and compared results with our previous analysis<ns1:a class="footnote" href="ftn18" pattern="Milestone"/>. We also tested eight different configurations of CiTalO, corresponding to all possible combinations of three options:</ns1:p><ns1:ul pattern="Table" structure="List " type="bullet"><ns1:li pattern="Container"><ns1:p pattern="Block" structure="Paragraph ">activating or deactivating the sentiment-analysis module;ing or not the proximal synsets<ns1:a class="footnote" href="ftn19" pattern="Milestone"/>to the word-disambiguation output;</ns1:p></ns1:li><ns1:li pattern="Container"><ns1:p pattern="Block" structure="Paragraph ">using the CiTO2Wordnet ontology as described in<ns1:a class="ref" href="SectionCitalo" pattern="Milestone"/>, or an extended version that also includes all the discarded synsets during the filtering step.</ns1:p></ns1:li></ns1:ul><ns1:p pattern="Block" structure="Paragraph ">The results in terms of<ns1:i pattern="Inline">true positives</ns1:i>(<ns1:i pattern="Inline">TP</ns1:i>),<ns1:i pattern="Inline">false positives</ns1:i>(<ns1:i pattern="Inline">FP</ns1:i>) and<ns1:i pattern="Inline">false negatives</ns1:i>(FN) obtained comparing CiTalO outcomes with our annotations are shown in<ns1:a class="ref" href="TableResults" pattern="Milestone"/>.</ns1:p><ns1:div class="table" id="TableResults" pattern="Record" structure="TableBox "><ns1:table pattern="Table" structure="Table " width="17cm"><ns1:tr pattern="Table"><ns1:th pattern="Container" width="62.54337980118817%"><ns1:p pattern="Block" structure="Paragraph ">Configuration</ns1:p></ns1:th><ns1:th pattern="Container" width="12.628668901829304%"><ns1:p pattern="Block" structure="Paragraph ">TP</ns1:p></ns1:th><ns1:th pattern="Container" width="12.616904887947769%"><ns1:p pattern="Block" structure="Paragraph ">FP</ns1:p></ns1:th><ns1:th pattern="Container" width="12.211046409034765%"><ns1:p pattern="Block" structure="Paragraph ">FN</ns1:p></ns1:th></ns1:tr><ns1:tr pattern="Table"><ns1:td pattern="Container" width="62.54337980118817%"><ns1:p pattern="Block" structure="Paragraph ">Filtered (with or without Sentiment)</ns1:p></ns1:td><ns1:td pattern="Container" width="12.628668901829304%"><ns1:p pattern="Block" structure="Paragraph ">47</ns1:p></ns1:td><ns1:td pattern="Container" width="12.616904887947769%"><ns1:p pattern="Block" structure="Paragraph ">88</ns1:p></ns1:td><ns1:td pattern="Container" width="12.211046409034765%"><ns1:p pattern="Block" structure="Paragraph ">59</ns1:p></ns1:td></ns1:tr><ns1:tr pattern="Table"><ns1:td pattern="Container" width="62.54337980118817%"><ns1:p pattern="Block" structure="Paragraph ">Filtered + Proximity</ns1:p></ns1:td><ns1:td pattern="Container" width="12.628668901829304%"><ns1:p pattern="Block" structure="Paragraph ">40</ns1:p></ns1:td><ns1:td pattern="Container" width="12.616904887947769%"><ns1:p pattern="Block" structure="Paragraph ">137</ns1:p></ns1:td><ns1:td pattern="Container" width="12.211046409034765%"><ns1:p pattern="Block" structure="Paragraph ">66</ns1:p></ns1:td></ns1:tr><ns1:tr pattern="Table"><ns1:td pattern="Container" width="62.54337980118817%"><ns1:p pattern="Block" structure="Paragraph ">Filtered + Proximity + Sentiment</ns1:p></ns1:td><ns1:td pattern="Container" width="12.628668901829304%"><ns1:p pattern="Block" structure="Paragraph ">41</ns1:p></ns1:td><ns1:td pattern="Container" width="12.616904887947769%"><ns1:p pattern="Block" structure="Paragraph ">136</ns1:p></ns1:td><ns1:td pattern="Container" width="12.211046409034765%"><ns1:p pattern="Block" structure="Paragraph ">65</ns1:p></ns1:td></ns1:tr><ns1:tr pattern="Table"><ns1:td pattern="Container" width="62.54337980118817%"><ns1:p pattern="Block" structure="Paragraph ">All (with or without Sentiment)</ns1:p></ns1:td><ns1:td pattern="Container" width="12.628668901829304%"><ns1:p pattern="Block" structure="Paragraph ">52</ns1:p></ns1:td><ns1:td pattern="Container" width="12.616904887947769%"><ns1:p pattern="Block" structure="Paragraph ">114</ns1:p></ns1:td><ns1:td pattern="Container" width="12.211046409034765%"><ns1:p pattern="Block" structure="Paragraph ">54</ns1:p></ns1:td></ns1:tr><ns1:tr pattern="Table"><ns1:td pattern="Container" width="62.54337980118817%"><ns1:p pattern="Block" structure="Paragraph ">All + Proximity (with or without Sentiment)</ns1:p></ns1:td><ns1:td pattern="Container" width="12.628668901829304%"><ns1:p pattern="Block" structure="Paragraph ">45</ns1:p></ns1:td><ns1:td pattern="Container" width="12.616904887947769%"><ns1:p pattern="Block" structure="Paragraph ">174</ns1:p></ns1:td><ns1:td pattern="Container" width="12.211046409034765%"><ns1:p pattern="Block" structure="Paragraph ">64</ns1:p></ns1:td></ns1:tr></ns1:table><ns1:p class="caption" pattern="Block" structure="Paragraph ">The number of true positives, false positives and false negatives returned by running CiTalO with the eight different configurations.</ns1:p></ns1:div><ns1:p pattern="Block" structure="Paragraph ">We calculated the precision – i.e.<ns1:span class="code" pattern="Inline">TP / (TP + FP)</ns1:span>– and the recall – i.e.<ns1:span class="code" pattern="Inline">TP / (TP + FN)</ns1:span>– obtained by using each configuration. As shown in<ns1:a class="ref" href="FigurePrecisionRecall" pattern="Milestone"/>,<ns1:i pattern="Inline">Filtered</ns1:i>and<ns1:i pattern="Inline">Filtered+Sentiment</ns1:i>had the best precision (i.e. 0.348) and the second recall (i.e. 0.443), while<ns1:i pattern="Inline">All</ns1:i>and<ns1:i pattern="Inline">All+Sentiment</ns1:i>had the second precision (i.e. 0.313) and the best recall (i.e. 0.491).</ns1:p><ns1:div class="picture" id="FigurePrecisionRecall" pattern="Record" structure="FigureBox "><ns1:p class="img.block" pattern="Block" structure="Paragraph "><ns1:img class="14.728cm-5.001cm" pattern="Milestone" src="10000000000002EC000000FED9998582.png" structure="Figure "/></ns1:p><ns1:p class="caption" pattern="Block" structure="Paragraph ">The precision and recall of CiTalO according to the different configurations used in our test.</ns1:p></ns1:div><ns1:p pattern="Block" structure="Paragraph ">There is no configuration that emerges as the absolutely best one from these data. They rather suggest an hybrid approach that also takes into account some of the discarded synsets. One criterion could be to use those that are similar (i.e. proximal) to those used in CiTO2Wordnet. Of course, we need more test to justify this intuition. It is evident, on the other hand, that the worst configurations were those that took into account all the proximal synsets. It looks that the more synsets CiTalO uses, the less the citation functions retrieved conform to humans' annotations.</ns1:p><ns1:p pattern="Block" structure="Paragraph ">In general, the values of precision and recall of our experiments are quite low. On the other hand, our preliminary tests aimed at defining a baseline for future developments of our approach, more than a definitive evaluation of CiTalO effectiveness.</ns1:p></ns1:div><ns1:div class="section" id="SectionDiscussion" pattern="HeadedContainer" structure="Section "><ns1:h1 pattern="Block" structure="SectionTitle ">Limitations and future research directions</ns1:h1><ns1:p pattern="Block" structure="Paragraph ">In this section we discuss some limitations and possible improvements of CiTalO outlined by the experiments and that we plan to address in future releases of the tool.</ns1:p><ns1:p pattern="Block" structure="Paragraph "><ns1:b pattern="Inline">Coverage of CiTO properties.</ns1:b>The manual annotation process highlighted that CiTO properties do not cover all the citation scenarios addressed in the experiment. For instance, let us consider the following sentence from<ns1:a class="ref" href="SperbergMcQueenMarkup" pattern="Milestone"/>: “<ns1:i pattern="Inline">We speculate that some Goddag-based structure analogous tothe multi-coloured trees of [Jagadish et al. 2004] may be a useful solution</ns1:i>”.</ns1:p><ns1:p pattern="Block" structure="Paragraph ">The verb<ns1:i pattern="Inline">speculate</ns1:i>used above is very specific and refers to synsets that are not included in the mapping defined in the CiTO2Wordnet ontology. This kind of citation is not explicitly mentioned in CiTO neither. The same happens for citations – usually they are introduced by modal verbs – that suggest a work as<ns1:i pattern="Inline">potential solution</ns1:i>for an issue related to the paper in consideration, for instance (again from<ns1:a class="ref" href="SperbergMcQueenMarkup" pattern="Milestone"/>): “<ns1:i pattern="Inline">Mechanisms like Trojan Horse markup ([DeRose 2004], [Bauman 2005]) can be used to serialize discontinuous elements</ns1:i>”.</ns1:p><ns1:p pattern="Block" structure="Paragraph ">What is needed here is an accurate analysis of citations in papers so as to suggest some extensions to CiTO itself. Towards this direction, a good starting point is to use Jorg's previous work on cue verbs<ns1:a class="ref" href="JorgNatureCitations" pattern="Milestone"/>, where she listed one hundred-fifty verbs that are typically used in citations within scientific (mainly linguistics) articles.</ns1:p><ns1:p pattern="Block" structure="Paragraph "><ns1:b pattern="Inline">Noise of proximity synsets.</ns1:b>The diagram in<ns1:a class="ref" href="FigurePrecisionRecall" pattern="Milestone"/>clearly shows that using proximity synsets decreased both precision and recall. One would expect, on the other hand, that a larger set of synsets produced better results.</ns1:p><ns1:p pattern="Block" structure="Paragraph ">This depends on the number of<ns1:i pattern="Inline">citesAsInformation</ns1:i>retrieved by CiTalO (remind that<ns1:i pattern="Inline">citesAsInformation</ns1:i>is assigned when no further CiTO property is identified). Let us consider the case of<ns1:i pattern="Inline">Filtered</ns1:i>:<ns1:i pattern="Inline">citesForInformation</ns1:i>was assigned correctly 42 times out of 47 occurrences<ns1:a class="footnote" href="ftn20" pattern="Milestone"/>, while using<ns1:i pattern="Inline">Filtered+Proximity</ns1:i>the same property was detected only 31 times and other more specific CiTO properties were assigned instead. The problem is that those assignments are not correct, as they derive from proximal synsets that are actually too far from the ones being processed in CiTO2Wordnet. These synsets should not be considered or, at least, should be given less importance than others that are closer to the ones in CiTO2Wordnet. For future releases of CiTalO, in fact, we plan to use proximal synsets distance in order to reduce such a noise.</ns1:p><ns1:p pattern="Block" structure="Paragraph "><ns1:b pattern="Inline">Matching synsets and compound-word properties.</ns1:b>The current CiTalO alignment between synsets and CiTO properties does not work properly with properties described by compound words, such as<ns1:i pattern="Inline">cito:useMethodIn</ns1:i>. In fact, CiTalO returns a match whether one of the synsets of the compound words matches with a CiTO property. For instance, let us consider the following sentence (from<ns1:a class="ref" href="SperbergMcQueenMarkup" pattern="Milestone"/>): “<ns1:i pattern="Inline">Later versions of the TEI Guidelines [ACH/ACL/ALLC 1994] define more powerful methods of encoding discontinuity</ns1:i>”.</ns1:p><ns1:p pattern="Block" structure="Paragraph ">CiTalO returns the property<ns1:i pattern="Inline">cito:usesMethodIn</ns1:i>since one of the related synsets of that property, i.e.<ns1:i pattern="Inline">synset:method-noun-1</ns1:i>, was actually found. This output is not correct, since that property should be returned only if there exists evidence that the current work<ns1:i pattern="Inline">uses</ns1:i>(a term that is actually missed from that sentence) a particular<ns1:i pattern="Inline">method</ns1:i>from another article, while here it seems not to be the case. Future version of CiTalO must take into account these scenarios too.</ns1:p><ns1:p pattern="Block" structure="Paragraph "><ns1:b pattern="Inline">Identification of the context window of citations.</ns1:b>In our experiments, we always used the citation sentence as input of CiTalO. However, as previously noticed by Athar<ns1:i pattern="Inline">et al.</ns1:i>in<ns1:a class="ref" href="AtharContextEnhanced" pattern="Milestone"/>, the actual intended sentiment and motivation of a citation is not always present in the citation sentence. It may be explicit in some other sentences close to the citation sentence and can refer implicitly to the cited work (through authors' names, project's name, pronouns, etc.). The identification of the right citational<ns1:i pattern="Inline">context window</ns1:i><ns1:a class="ref" href="QazvinianNonExplicitCitingSentences" pattern="Milestone"/>is a complex issue that should be addressed to improve the effectiveness of CiTalO.</ns1:p><ns1:p pattern="Block" structure="Paragraph "><ns1:b pattern="Inline">Identification of implicit citations.</ns1:b>The identification of<ns1:i pattern="Inline">implicit citations</ns1:i><ns1:a class="ref" href="AtharImplicitCitations" pattern="Milestone"/>is another issue related to the one being discussed. Let us consider some sentences of a paragraph from<ns1:a class="ref" href="SperbergMcQueenMarkup" pattern="Milestone"/>: “<ns1:i pattern="Inline">XCONCUR and similar mechanisms [Hilbert/Schonefeld/Witt 2005] already incorporate the containment/dominance distinction to a certain degree. […] And like non-concurrent XML, XCONCUR has no conception of discontinuous elements</ns1:i>”.</ns1:p><ns1:p pattern="Block" structure="Paragraph ">While in the first sentence, it seems that the authors want to praise with a positive connotation the work done by others (i.e. XCONCUR), in the latter sentence they criticise them. The “XCONCUR” in the latter sentence actually represents an implicit citation of the reference contained in the former sentence and, in this case, delimits also the context window of the citation itself. Detecting such scenarios is a further refinement that can improve CiTalO results.</ns1:p><ns1:p pattern="Block" structure="Paragraph "><ns1:b pattern="Inline">Using rhetoric structures.</ns1:b>According to<ns1:a class="ref" href="TeufelAutomaticClassification" pattern="Milestone"/>, recognising implicit citations and context windows “is often not informative enough for the searcher to infer the relation” of citations. Further information can be given by also identifying the rhetorical function of the entire paragraph or section in which the citation appears. For instance, all the references in the “related works” section are usually used to indicate related article (i.e.<ns1:i pattern="Inline">cito:citesAsRelated</ns1:i>) to the topic under consideration, while citations in the introduction presents background information (i.e.<ns1:i pattern="Inline">cito:obtainsBackgroundFrom</ns1:i>) of the field in which the work described in the article is placed. We are thinking to apply existing techniques of automatic recognition of document structures, e.g. that proposed by Di Iorio<ns1:i pattern="Inline">et al.</ns1:i><ns1:a class="ref" href="DiIorioPattern" pattern="Milestone"/>, to retrieve the rhetoric function of sections in scientific articles and integrate such analysis with CiTalO.</ns1:p></ns1:div><ns1:div class="section" id="SectionConclusions" pattern="HeadedContainer" structure="Section "><ns1:h1 pattern="Block" structure="SectionTitle ">Conclusions</ns1:h1><ns1:p pattern="Block" structure="Paragraph ">The implementation of CiTalO is still at an early stage, as well current experiments are admittedly not enough to fully validate this approach. On the other hand, the overall approach is very open to incremental refinements. The goal of this work, in fact, was to build such a modular architecture, to perform some exploratory experiments and to identify issues and possible developments of our approach.</ns1:p><ns1:p pattern="Block" structure="Paragraph ">We are currently working to include a mechanism for the automatic identification of<ns1:i pattern="Inline">context windows</ns1:i>of citations given an input article and to improve<ns1:i pattern="Inline">patterns' matching</ns1:i>phases in CiTalO. In addition, we plan to perform exhaustive tests with a larger set of documents and users.</ns1:p></ns1:div><ns1:div class="bibliography" id="SectionReferences" pattern="HeadedContainer" structure="Section Bibliography "><ns1:h1 pattern="Block" structure="SectionTitle ">References</ns1:h1><ns1:ul pattern="Table" structure="List BibliographicReferenceList " type="bullet"><ns1:li id="PeroniCiTOFaBiO" pattern="Container"><ns1:p pattern="Block" structure="Paragraph ">Peroni, S., Shotton, D. (2012). FaBiO and CiTO: ontologies for describing bibliographic resources and citations. In Journal of Web Semantics: Science, Services and Agents on the World Wide Web, 17 (December 2012): 33-43. DOI: 10.1016/j.websem.2012.08.001</ns1:p></ns1:li><ns1:li id="PresuttiFRED" pattern="Container"><ns1:p pattern="Block" structure="Paragraph ">Presutti, V., Draicchio, F., Gangemi, A. (2012). Knowledge extraction based on discourse representation theory and linguistic frames. In Proceedings of the 18th International Conference on Knowledge Engineering and Knowledge Management: 114-129. DOI: 10.1007/978-3-642-33876-2_12</ns1:p></ns1:li><ns1:li id="HouCountingCitation" pattern="Container"><ns1:p pattern="Block" structure="Paragraph ">Hou, W., Li, M., Niu, D. (2011). Counting citations in texts rather than reference lists to improve the accuracy of assessing scientific contribution. In BioEssays, 33 (10): 724-727. DOI: 10.1002/bies.201100067</ns1:p></ns1:li><ns1:li id="CopestakeScientificText" pattern="Container"><ns1:p pattern="Block" structure="Paragraph ">Copestake, A., Corbett, P., Murray-Rust, P., Rupp, C. J., Siddharthan, A., Teufel, S., Waldron, B. (2006). An architecture for language processing for scientific text. In Proceedings of the UK e-Science All Hands Meeting 2006.</ns1:p></ns1:li><ns1:li id="AtharContextEnhanced" pattern="Container"><ns1:p pattern="Block" structure="Paragraph ">Athar, A., Teufel, S. (2012). Context-Enhanced Citation Sentiment Detection. In Proceedings of Human Language Technologies: Conference of the North American Chapter of the Association of Computational Linguistics 2012: 597-601.</ns1:p></ns1:li><ns1:li id="AtharSentimentAnalysis" pattern="Container"><ns1:p pattern="Block" structure="Paragraph ">Athar, A. (2011). Sentiment Analysis of Citations using Sentence Structure-Based Features. In Proceedings of the 49th Annual Meeting of the Association for Computational Linguistics: Human Language Technologies: 81-87.</ns1:p></ns1:li><ns1:li id="TeufelAutomaticClassification" pattern="Container"><ns1:p pattern="Block" structure="Paragraph ">Teufel, S., Siddharthan, A., Tidhar, D. (2006). Automatic classification of citation function. In Proceedings of the 2006 Conference on Empirical Methods in Natural Language Processing: 103-110.</ns1:p></ns1:li><ns1:li id="TeufelAnnotationScheme" pattern="Container"><ns1:p pattern="Block" structure="Paragraph ">Teufel, S., Siddharthan, A., Tidhar, D. (2009). An annotation scheme for citation function. In Proceedings of the 7th SIGdial Workshop on Discourse and Dialogue: 80-87.</ns1:p></ns1:li><ns1:li id="JorgNatureCitations" pattern="Container"><ns1:p pattern="Block" structure="Paragraph ">Jorg, B. (2008). Towards the Nature of Citations. In Poster Proceedings of the 5th International Conference on Formal Ontology in Information Systems.</ns1:p></ns1:li><ns1:li id="TeufelArgumentationZone" pattern="Container"><ns1:p pattern="Block" structure="Paragraph ">Teufel, S., Carletta, J., Moens, M. (1999). An annotation scheme for discourse-level argumentation in research articles. In Proceedings of the 9th Conference of the European Chapter of the Association for Computational Linguistics: 110-117.</ns1:p></ns1:li><ns1:li id="MoravcsikFunctionCitation" pattern="Container"><ns1:p pattern="Block" structure="Paragraph ">Moravcsik, M. J., Murugesan, P. (1975). Some Results on the Function and Quality of Citations. In Social Studies of Science, 5 (1): 86-92.</ns1:p></ns1:li><ns1:li id="QazvinianNonExplicitCitingSentences" pattern="Container"><ns1:p pattern="Block" structure="Paragraph ">Qazvinian, V., Radev, D. R. (2010). Identifying non-explicit citing sentences for citation-based summarization. In Proceedings of the 48th Annual Meeting of the Association for Computational Linguistics: 555-564.</ns1:p></ns1:li><ns1:li id="AtharImplicitCitations" pattern="Container"><ns1:p pattern="Block" structure="Paragraph ">Athar, A., Teufel, S. (2012). Detection of implicit citations for sentiment detection. In Proceedings of the 50th Annual Meeting of the Association for Computational Linguistics: 18-26.</ns1:p></ns1:li><ns1:li id="WanCSIBS" pattern="Container"><ns1:p pattern="Block" structure="Paragraph ">Wan, S., Paris, C., Dale, R. (2010). Supporting browsing-specific information needs: Introducing the Citation-Sensitive In-Browser Summariser. In Journal of Web Semantics, 8 (2-3): 196-202. DOI: 10.1016/j.websem.2010.03.002</ns1:p></ns1:li><ns1:li id="ShottonComingRevolution" pattern="Container"><ns1:p pattern="Block" structure="Paragraph ">Shotton, D. (2009). Semantic publishing: the coming revolution in scientific journal publishing. In Learned Publishing, 22 (2): 85-94. DOI: 10. 1087/2009202</ns1:p></ns1:li><ns1:li id="SperbergMcQueenMarkup" pattern="Container"><ns1:p pattern="Block" structure="Paragraph ">Sperberg-McQueen, C. M., Huitfeldt, C. (2008). Markup Discontinued: Discontinuity in TexMecs, Goddag structures, and rabbit/duck grammars. In Proceedings of Balisage: The Markup Conference 2008. DOI:10.4242/BalisageVol1.Sperberg-McQueen01</ns1:p></ns1:li><ns1:li id="GangemiTipalo" pattern="Container"><ns1:p pattern="Block" structure="Paragraph ">Gangemi, A., Nuzzolese, A.G., Presutti, V., Draicchio, F., Musetti, A., Ciancarini, P. (2012). Automatic Typing of DBpedia Entities. In Proceedings of the 11th International Semantic Web Conference: 65-81. DOI:</ns1:p></ns1:li><ns1:li id="OSGi2003" pattern="Container"><ns1:p pattern="Block" structure="Paragraph ">OSGi Alliance (2003). OSGi service platform, release 3. IOS Press, Inc.</ns1:p></ns1:li><ns1:li id="GamgemiOWN" pattern="Container"><ns1:p pattern="Block" structure="Paragraph ">Gangemi, A., Navigli, R., Velardi, P. (2003). The OntoWordNet Project: Extension and Axiomatization of Conceptual Relations in WordNet. In Proceedings of CoopIS/DOA/ODBASE 2003: 820–838. DOI:</ns1:p></ns1:li><ns1:li id="DiIorioPattern" pattern="Container"><ns1:p pattern="Block" structure="Paragraph ">Di Iorio, A., Peroni, S., Poggi, F., Vitali, F. (2012). A first approach to the automatic recognition of structural patterns in XML documents. In Proceedings of the 2012 ACM symposium on Document Engineering: 85-94. DOI: 10.1145/2361354.2361374</ns1:p></ns1:li></ns1:ul><ns1:p pattern="Block" structure="Paragraph "/></ns1:div><ns1:div class="footnote" pattern="Table" structure="List "><ns1:div id="ftn4" pattern="Container" structure="Footnote "><ns1:p pattern="Block" structure="Paragraph ">CiTO:<ns1:a href="http://purl.org/spar/cito" pattern="Inline">http://purl.org/spar/cito</ns1:a>.</ns1:p></ns1:div><ns1:div id="ftn5" pattern="Container" structure="Footnote "><ns1:p pattern="Block" structure="Paragraph ">SciBorg project page:<ns1:a href="http://www.cl.cam.ac.uk/research/nl/sciborg/www/" pattern="Inline">http://www.cl.cam.ac.uk/research/nl/sciborg/www/</ns1:a>.</ns1:p></ns1:div><ns1:div id="ftn6" pattern="Container" structure="Footnote "><ns1:p pattern="Block" structure="Paragraph ">ACL Anthology Network:<ns1:a href="http://clair.eecs.umich.edu/aan/index.php" pattern="Inline">http://clair.eecs.umich.edu/aan/index.php</ns1:a>.</ns1:p></ns1:div><ns1:div id="ftn7" pattern="Container" structure="Footnote "><ns1:p pattern="Block" structure="Paragraph ">The<ns1:i pattern="Inline">context window</ns1:i><ns1:a class="ref" href="QazvinianNonExplicitCitingSentences" pattern="Milestone"/>of a citation is a chain of sentences implicitly referring to the citation itself, which usually starts from the citation sentence and involves few more subsequent sentences where that citation is still implicit<ns1:a class="ref" href="AtharImplicitCitations" pattern="Milestone"/>.</ns1:p></ns1:div><ns1:div id="ftn8" pattern="Container" structure="Footnote "><ns1:p pattern="Block" structure="Paragraph ">AlchemyAPI:<ns1:a href="http://www.alchemyapi.com/" pattern="Inline">http://www.alchemyapi.com</ns1:a>.</ns1:p></ns1:div><ns1:div id="ftn12" pattern="Container" structure="Footnote "><ns1:p pattern="Block" structure="Paragraph ">CiTO2Wordnet ontology:<ns1:a href="http://www.essepuntato.it/2013/03/cito2wordnet" pattern="Inline">http://www.essepuntato.it/2013/03/cito2wordnet</ns1:a>.</ns1:p></ns1:div><ns1:div id="ftn13" pattern="Container" structure="Footnote "><ns1:p pattern="Block" structure="Paragraph ">In Wordnet, the<ns1:i pattern="Inline">gloss</ns1:i>of a synset is its natural language description.</ns1:p></ns1:div><ns1:div id="ftn15" pattern="Container" structure="Footnote "><ns1:p pattern="Block" structure="Paragraph ">CiTOFunctions:<ns1:a href="http://www.essepuntato.it/2013/03/cito-functions" pattern="Inline">http://www.essepuntato.it/2013/03/cito-functions</ns1:a>.</ns1:p></ns1:div><ns1:div id="ftn16" pattern="Container" structure="Footnote "><ns1:p pattern="Block" structure="Paragraph ">Proceedings of Balisage 2011:<ns1:a href="http://balisage.net/Proceedings/vol7/cover.html" pattern="Inline">http://balisage.net/Proceedings/vol7/cover.html</ns1:a>.</ns1:p></ns1:div><ns1:div id="ftn18" pattern="Container" structure="Footnote "><ns1:p pattern="Block" structure="Paragraph ">All the source materials we used for the test is available online at<ns1:a href="http://www.essepuntato.it/2013/sepublica/test" pattern="Inline">http://www.essepuntato.it/2013/sepublica/test</ns1:a>.</ns1:p></ns1:div><ns1:div id="ftn19" pattern="Container" structure="Footnote "><ns1:p pattern="Block" structure="Paragraph ">We used the same the RDF graph of proximal synsets introduced in<ns1:a class="ref" href="GangemiTipalo" pattern="Milestone"/>.</ns1:p></ns1:div><ns1:div id="ftn20" pattern="Container" structure="Footnote "><ns1:p pattern="Block" structure="Paragraph ">The other citation functions retrieved are:<ns1:i pattern="Inline">citesAsRecommendedReading</ns1:i>,<ns1:i pattern="Inline">usesDataFrom</ns1:i>,<ns1:i pattern="Inline">citesAsDataSource</ns1:i>,<ns1:i pattern="Inline">extends</ns1:i>and<ns1:i pattern="Inline">usesMethodIn</ns1:i>– all of them used just 1 time within the true positive set.</ns1:p></ns1:div></ns1:div></ns1:body></ns1:iml>