<?xml version="1.0" encoding="UTF-8"?><ns1:article xmlns:ns1="http://docbook.org/ns/docbook" xmlns:ns3="http://www.w3.org/XML/1998/namespace" xml:id="HR-23632987-8973" pattern="HeadedContainer" version="5.0-subset Balisage-1.2"><ns1:title pattern="Block">Methodology for the construction of multi-structured documents</ns1:title><ns1:info pattern="Record"><ns1:confgroup pattern="Record"><ns1:conftitle pattern="Field">Balisage: The Markup Conference 2009</ns1:conftitle><ns1:confdates pattern="Field">August 11 - 14, 2009</ns1:confdates></ns1:confgroup><ns1:abstract pattern="Container"><ns1:para pattern="Block">We present the multi-structured documents problem and offer an overview of existing solutions. We then notice that they do not consider the problem of constructing such documents. In this context, we use our experience with philosophers who are building a digital edition of the work of Jean-Toussaint Desanti, in order to present a methodology for the construction of multi-structured documents. This methodology is based on the MSDM model in order to represent such documents. Moreover each step of the methodology has been implemented in the Haskell functional programming language.</ns1:para></ns1:abstract><ns1:author pattern="Record"><ns1:personname pattern="Record"><ns1:firstname pattern="Field">Pierre-Edouard</ns1:firstname><ns1:surname pattern="Field">Portier</ns1:surname></ns1:personname><ns1:personblurb pattern="Container"><ns1:para pattern="Block">Pierre-Edouard Portier is a computer science engineer. He has graduated in September 2007 from INSA-Lyon school with a Master degree in computer science. He is continuing his studies at INSA-Lyon as a Ph.D student. He is working in the DRIM team of the LIRIS laboratory under the supervision of Sylvie Calabretto.</ns1:para></ns1:personblurb><ns1:affiliation pattern="Record"><ns1:orgname pattern="Block">UniversitÃ&#131;Â© de Lyon, CNRS, INSA-Lyon, LIRIS, UMR5205, F-69621</ns1:orgname></ns1:affiliation><ns1:email pattern="Field">pierre-edouard.portier@insa-lyon.fr</ns1:email></ns1:author><ns1:author pattern="Record"><ns1:personname pattern="Record"><ns1:firstname pattern="Field">Sylvie</ns1:firstname><ns1:surname pattern="Field">Calabretto</ns1:surname></ns1:personname><ns1:personblurb pattern="Container"><ns1:para pattern="Block">Sylvie Calabretto : Doctor in Computer Sciences of the Ã&#130;Â« Institut National des Sciences AppliquÃ&#131;Â©es de Lyon Ã&#130;Â» in 1993. Presently, Associate professor at the Institut National des Sciences AppliquÃ&#131;Â©es de Lyon (INSA-Lyon) and Researcher at the Laboratory of Images and Information Systems Engineering (LIRIS). Co-superviser of nine PhD dissertation. Has published one collective book and about 100 papers on various computing subjects among which Structured Document, Information Retrieval and Digital Libraries.</ns1:para></ns1:personblurb><ns1:affiliation pattern="Record"><ns1:orgname pattern="Block">UniversitÃ&#131;Â© de Lyon, CNRS, INSA-Lyon, LIRIS, UMR5205, F-69621</ns1:orgname></ns1:affiliation><ns1:email pattern="Field">sylvie.calabretto@insa-lyon.fr</ns1:email></ns1:author><ns1:legalnotice pattern="Container"><ns1:para pattern="Block">Copyright Ã&#130;Â© 2009 by the authors. Used with permission.</ns1:para></ns1:legalnotice><ns1:keywordset pattern="Table" role="author"><ns1:keyword pattern="Field">Digital libraries</ns1:keyword><ns1:keyword pattern="Field">overlapping hierarchies</ns1:keyword><ns1:keyword pattern="Field">XML</ns1:keyword><ns1:keyword pattern="Field">Haskell</ns1:keyword></ns1:keywordset></ns1:info><ns1:section pattern="HeadedContainer"><ns1:title pattern="Block">Introduction</ns1:title><ns1:para pattern="Block">We introduce a new problem: the construction of multi-structured documents. The multiple uses of a same document have led to a proliferation of documentary structures (physical, logical, semantic, Ã¢â&#130;¬Â¦). The definition of multiple structures for a same document introduced the problem of<ns1:emphasis pattern="Inline" role="ital">multi-structured documents</ns1:emphasis>[<ns1:xref linkend="Multi" pattern="Milestone"/>]. It has to be analysed in his historical context where the most used formalisms for documents representation (first SGML then XML) implied tree structures. That is why this problem is often known as the<ns1:emphasis pattern="Inline" role="ital">overlapping hierarchies</ns1:emphasis>problem [<ns1:xref linkend="overlap" pattern="Milestone"/>].</ns1:para><ns1:para pattern="Block">By studying the construction of multi-structured documents we are close to the daily practices of users who are writing documents. Our work is based on experience gained working with philosophers who are building a digital edition of the handwritten archives of French philosopher Jean-Toussaint Desanti (1914-2002). Desanti is known for his epistemological work on the development of the mathematical theory of real variables functions. Digital edition covers the whole editorial, scientific and critical process that leads to the publication of an electronic resource. In the case of manuscripts, it mainly consists in the transcription and critical analysis of digital facsimiles. Exchanging with managers of other similar digital edition projects, we found that the construction of multi-structured documents was at the heart of their work. A multiplicity of structures is needed in order to access a document according to many points of view. As we can see, our work does not only consist in the conception of a model for the representation of multi-structured documents, but must of all in the development of a methodology that promotes the emergence of multiple structures in a multi-users context.</ns1:para><ns1:para pattern="Block">We illustrate our purpose with the<ns1:xref linkend="deuxpages" pattern="Milestone"/>that represents a double page from some Desanti's notebook. On this image, the region named ZI represents a meaningful fragment of textual content that spans the two pages. So we face two concurrent hierarchies (that is to say two structures that cannot be represented through a single tree): the pages and the "regions of interest". We can also see equations (E1 and E2) that, even though they do not raise the technical issue of concurrent hierarchies, could belong to a third structure, the one of mathematical expressions. Thus, we not only have to offer a solution to the multiple hierarchies problem but also to conceive a methodology for the creation of multi-structured documents so as to assist the user in his modeling choices.</ns1:para><ns1:figure xml:id="deuxpages" pattern="Container" xreflabel="Figure 1"><ns1:mediaobject pattern="Container"><ns1:imageobject pattern="Container"><ns1:imagedata fileref="../../../vol3/graphics/Portier01/Portier01-001.jpg" format="jpg" pattern="Meta" width="95%"/></ns1:imageobject><ns1:caption pattern="Container"><ns1:para pattern="Block">Two pages from some Desanti's notebook</ns1:para></ns1:caption></ns1:mediaobject></ns1:figure><ns1:para pattern="Block">We propose a description of existing work for the representation of multi-structured documents. Then, we introduce with some details a peculiar model: MultiXÃ&#130;Â². Finally, we use this model to propose a methodology for the construction of multi-structured documents.</ns1:para></ns1:section><ns1:section pattern="HeadedContainer"><ns1:title pattern="Block">Existing solutions for managing multi-structured documents</ns1:title><ns1:section pattern="HeadedContainer"><ns1:title pattern="Block">Approach</ns1:title><ns1:para pattern="Block">We divide into four classes the set of existing solutions for the representation of multi-structured documents. First, an historical solution: CONCUR, then ad-hoc solutions as proposed by the TEI (Text Encoding Initiative) consortium, next models that are not compatible with the XML language, finally those that are compatible with XML. This XML criterion, even though strictly technical, is very important since most communities working on the construction of documents and who could benefit from the new perspectives we introduce, are already using XML vocabularies and tools (they will, for example, follow the TEI recommendations). Finally, each solution is analysed according to six dimensions:<ns1:itemizedlist pattern="Table"><ns1:listitem pattern="Container"><ns1:para pattern="Block"><ns1:emphasis pattern="Inline" role="ital">Expressiveness</ns1:emphasis>of the model determines if there is an explicitly defined model for the static representation of multi-structured documents.</ns1:para></ns1:listitem><ns1:listitem pattern="Container"><ns1:para pattern="Block"><ns1:emphasis pattern="Inline" role="ital">Genericity</ns1:emphasis>of the model determines, when a model exists, if it can be modified in order to manage problems outside of the initial scope of multi-structured documents representation.</ns1:para></ns1:listitem><ns1:listitem pattern="Container"><ns1:para pattern="Block"><ns1:emphasis pattern="Inline" role="ital">Quality</ns1:emphasis>of the implementation takes account of the care taken to develop an effective implementation</ns1:para></ns1:listitem><ns1:listitem pattern="Container"><ns1:para pattern="Block"><ns1:emphasis pattern="Inline" role="ital">Compatibility</ns1:emphasis>with XML tools determines if it is possible to integrate the solution with the numerous existing XML tools used to manage XML documents (especially typing tools such as XML Schemas, ...)</ns1:para></ns1:listitem><ns1:listitem pattern="Container"><ns1:para pattern="Block"><ns1:emphasis pattern="Inline" role="ital">Query mechanisms</ns1:emphasis>for multi-structured documents</ns1:para></ns1:listitem><ns1:listitem pattern="Container"><ns1:para pattern="Block"><ns1:emphasis pattern="Inline" role="ital">Change management</ns1:emphasis>in data or structures, determines if the model is robust to change</ns1:para></ns1:listitem></ns1:itemizedlist></ns1:para></ns1:section><ns1:section pattern="HeadedContainer"><ns1:title pattern="Block">An historical solution</ns1:title><ns1:para pattern="Block">CONCUR [<ns1:xref linkend="concur" pattern="Milestone"/>] is an SGML option that allows multiple DTDs for the same content. In such an SGML document, every structure lives in a same file. In this file, a first structure is encoded in a standard way. For each additional structure, a prefix is added to opening tags, in order to determine which DTD defines this tag.</ns1:para><ns1:para pattern="Block">However, with the CONCUR option, we cannot establish relations between structures. Moreover, as stated in [<ns1:xref linkend="againstConcur" pattern="Milestone"/>], if two elements from different DTDs describe the same region, tags order is indeterminable. That is why this solution is rarely implemented, and even Charles Goldfarb [<ns1:xref linkend="againstConcur" pattern="Milestone"/>], the main architect of the SGML standard, recommends to avoid its use.</ns1:para><ns1:para pattern="Block">The CONCUR option answers most of the problems raised by multi-structured documents, but cannot establish relations between structures. However, as an SGML integrated option, it doesn't meet the genericity criterion. Moreover, there is no query mechanism. It should be noted, that since there is only one document, changes in structures or data are possible.</ns1:para></ns1:section><ns1:section pattern="HeadedContainer"><ns1:title pattern="Block">Ad-hoc solutions</ns1:title><ns1:para pattern="Block">The TEI (Text Encoding Initiative) [<ns1:xref linkend="Tei" pattern="Milestone"/>] is a consortium developing and maintaining a standard for the representation of electronic texts. These recommendations are expressed as an extensible and well documented XML Schema. Inside the recommendations, for each instance of the multi-structured document problem, a local solution is proposed. Moreover, in the last version of the recommendations, an entire chapter is devoted to a synthesis of the ad-hoc solutions. They are four [<ns1:xref linkend="Rose" pattern="Milestone"/>] [<ns1:xref linkend="Multi" pattern="Milestone"/>]:</ns1:para><ns1:para pattern="Block">It is possible to duplicate the content for each tree structures Ã¢â&#130;¬Â¦ Poor solution that prevents evolutions of the document.</ns1:para><ns1:para pattern="Block">Empty tags can be used (line break, page break, etc.). But they prohibit us from using standard XML validation tools, or building a schema that specifies the structure with empty elements.</ns1:para><ns1:para pattern="Block">For two concurrent structures that do not form a tree, we can divide one of them into elements small enough to avoid overlapping with other structures. The original structure can be rebuilt through well-chosen attributes. As for the previous solutions, this one needs specific operations in order to rebuild the original structures and does not allow us to use XML typing tools.</ns1:para><ns1:para pattern="Block">Finally, we can isolate the content inside a so called<ns1:emphasis pattern="Inline" role="ital">base</ns1:emphasis>structure, and build the documentary structures on top of it. This solution is probably the most generic.</ns1:para></ns1:section><ns1:section pattern="HeadedContainer"><ns1:title pattern="Block">XML incompatible models</ns1:title><ns1:section pattern="HeadedContainer"><ns1:title pattern="Block">TexMECS</ns1:title><ns1:para pattern="Block">Instead of using existing languages, new syntaxes can be defined. MECS (Multi-Element Code System) [<ns1:xref linkend="mecs" pattern="Milestone"/>] was the first language to allow overlapping of structures. TexMECS [<ns1:xref linkend="texmecs" pattern="Milestone"/>], based on MECS, is much more expressive. It allows us to define complex structures where an element can have multiple parents. The MECS model is expressive enough to answer the classic problems raised by multi-structured documents, but is too complex in order to satisfy the genericity criterion. Moreover, it does not come with query mechanisms.</ns1:para></ns1:section><ns1:section pattern="HeadedContainer"><ns1:title pattern="Block">LMNL</ns1:title><ns1:para pattern="Block">LMNL (Layered Markup and aNnotation Language) [<ns1:xref linkend="lmnl" pattern="Milestone"/>] defines a specific syntax based on a notion of interval that allows the encoding of multiple structures with overlapping elements. This is only a syntactic solution that does not propose query mechanisms. As for the previous solution, since the structures are encoded inside a single document, change in data or structures is possible. These two solutions are quite complex and not compatible with the XML tools and remained at an experimental stage.</ns1:para></ns1:section><ns1:section pattern="HeadedContainer"><ns1:title pattern="Block">Annotation graphs</ns1:title><ns1:para pattern="Block">Annotation graphs [<ns1:xref linkend="annotationGraphs" pattern="Milestone"/>] has been developed in order to model linguistics phenomena (phonetic, prosody, morphology, syntax, ...). If we consider these domains as distinct structures, then annotation graphs are a valid solution to the multi-structured documents problem. As shown on<ns1:xref linkend="graphe_annotations" pattern="Milestone"/>, the same textual fragment can be annotated by elements from different structures.</ns1:para><ns1:figure xml:id="graphe_annotations" pattern="Container" xreflabel="Figure 2"><ns1:mediaobject pattern="Container"><ns1:imageobject pattern="Container"><ns1:imagedata fileref="../../../vol3/graphics/Portier01/Portier01-002.jpg" format="jpg" pattern="Meta" width="95%"/></ns1:imageobject><ns1:caption pattern="Container"><ns1:para pattern="Block">Annotation Graph</ns1:para></ns1:caption></ns1:mediaobject></ns1:figure><ns1:para pattern="Block">Nodes granularity is the word, or even the character if necessary. Labels on edges indicate the structure (eg S2:M for the words, S1:L for the lines). Since structures share the same graph, their update is not a problem. Moreover, a minimal query language has been developed for this kind of graph [<ns1:xref linkend="annotationGraphsQuery" pattern="Milestone"/>]. The underlying model being a graph, it is expressive enough to answer the multi-structured documents problem. But, strongly oriented toward linguistic, it lacks genericity.</ns1:para></ns1:section><ns1:section pattern="HeadedContainer"><ns1:title pattern="Block">RDF graphs</ns1:title><ns1:para pattern="Block">The RDF (Resource Description Framework) graph formalism is able to represent multi-structured documents [<ns1:xref linkend="Rdf" pattern="Milestone"/>]. This method is similar to the previous one, but relies on a generic graph model. Standard query tools for RDF graphs (eg SPARQL) can be used, but complex queries can be difficult to formulate. Although RDF is serializable in XML, the use of standard XML tools is problematic because they work on tree structures. Finally, change management is possible since structures and data share the same graph.</ns1:para></ns1:section></ns1:section><ns1:section pattern="HeadedContainer"><ns1:title pattern="Block">XML compatible models</ns1:title><ns1:section pattern="HeadedContainer"><ns1:title pattern="Block">MuLaX</ns1:title><ns1:para pattern="Block">MuLaX [<ns1:xref linkend="againstConcur" pattern="Milestone"/>] is the adaptation of the SGML CONCUR option to the XML formalism. This is a documentary format that allows to unify XML documents sharing the same content in a single document. In order to differentiate annotations levels, the tags are prefixed by a structure identifier. This solution lacks genericity since a specific editor is needed in order to interpret the produced documents. As for the CONCUR option, changes in structures or data are possible since there is one single document. No query operators has been defined, but the authors explain that it should be possible to build path expressions similar to those found in XPath.</ns1:para></ns1:section><ns1:section pattern="HeadedContainer"><ns1:title pattern="Block">GODDAG</ns1:title><ns1:para pattern="Block">[<ns1:xref linkend="GODDAG" pattern="Milestone"/>] presents a solution based on the GODDAGs (General Order Descendant Directed Acyclic Graph) to represent multi-structured documents. This graph model is a solution to the overlapping hierarchies problem. In order to query those documents, the author developed an XPath extension. This extension takes into account new kinds of relations between elements of distinct structures. This model cannot manage generic relations between structures. It is possible to import (or export) from (or to) the XML formalism. With this model it is possible to manage change in structures.</ns1:para></ns1:section><ns1:section pattern="HeadedContainer"><ns1:title pattern="Block">MCT</ns1:title><ns1:para pattern="Block">The MCT (Multi-Colored Trees) model [<ns1:xref linkend="mct" pattern="Milestone"/>] is an extension of the XML model that allows us to represent multiple trees sharing the same content. It relies on the tree coloring technique. A color is associated with each tree. A node may have multiple colors: the color of the main tree to which it belongs and colors for other trees.<ns1:xref linkend="mctimg" pattern="Milestone"/>illustrates this model with an example of manuscript transcription. We see that three of the units nodes share two colors: one for the semantic structure and another one for the physical structure.</ns1:para><ns1:figure xml:id="mctimg" pattern="Container" xreflabel="Figure 3"><ns1:mediaobject pattern="Container"><ns1:imageobject pattern="Container"><ns1:imagedata fileref="../../../vol3/graphics/Portier01/Portier01-003.png" format="png" pattern="Meta" width="95%"/></ns1:imageobject><ns1:caption pattern="Container"><ns1:para pattern="Block">Colored Trees</ns1:para></ns1:caption></ns1:mediaobject></ns1:figure><ns1:para pattern="Block">The navigation in the multihierarchy is possible by means of the multicolored nodes. To navigate between colors, the authors extend the notion of step in XPath. An extension of XQuery is also proposed for the creation of nodes. Concerning updates, the authors explain that the extension of a language such as XUpdate is possible by using the XPath extension that they propose. The underlying model is neither expressive nor generic enough since it imposes an isomorphism of data segments (data segments must be of the same type: word, character, etc.).</ns1:para></ns1:section><ns1:section pattern="HeadedContainer"><ns1:title pattern="Block">MSXD</ns1:title><ns1:para pattern="Block">MSXD (Multi-Structured XML Documents) [<ns1:xref linkend="MSXD" pattern="Milestone"/>] is a representation model for multi-structured documents that comes along with an XQuery extension. It allows users to annotate the structures. Moreover a draft of a multi-structured documents schema is introduced. However the need to define a large number of relations between structures makes the model difficult to use. Furthermore, it is not possible to manage changes in data or structures.</ns1:para></ns1:section><ns1:section pattern="HeadedContainer"><ns1:title pattern="Block">Delay Nodes</ns1:title><ns1:para pattern="Block">Jacques LeMaÃ&#131;Â®tre [<ns1:xref linkend="delay" pattern="Milestone"/>] proposed to add a new type of node to the XDM model on which are based XPath and XQuery. Those nodes are a virtual representation as an XQuery query of some of the child nodes of their parent node (see<ns1:xref linkend="delayimg" pattern="Milestone"/>). The underlying multi-structured documents model is very similar to the one of Multi Colored Trees (see<ns1:xref linkend="delaymodel" pattern="Milestone"/>) where documents are considered as a set of XML trees. But no XPath or XQuery extensions are necessary in order to navigate inside these structures. However, with this approach, it is not possible to reach the parents of a delay node but only to navigate among the descendants.</ns1:para><ns1:figure xml:id="delayimg" pattern="Container" xreflabel="Figure 4"><ns1:mediaobject pattern="Container"><ns1:imageobject pattern="Container"><ns1:imagedata fileref="../../../vol3/graphics/Portier01/Portier01-004.png" format="png" pattern="Meta" width="95%"/></ns1:imageobject><ns1:caption pattern="Container"><ns1:para pattern="Block">Delay nodes</ns1:para></ns1:caption></ns1:mediaobject></ns1:figure><ns1:figure xml:id="delaymodel" pattern="Container" xreflabel="Figure 5"><ns1:mediaobject pattern="Container"><ns1:imageobject pattern="Container"><ns1:imagedata fileref="../../../vol3/graphics/Portier01/Portier01-005.png" format="png" pattern="Meta" width="95%"/></ns1:imageobject><ns1:caption pattern="Container"><ns1:para pattern="Block">Delay nodes underlying MSD model</ns1:para></ns1:caption></ns1:mediaobject></ns1:figure></ns1:section><ns1:section pattern="HeadedContainer"><ns1:title pattern="Block">MonetDB/XQuery</ns1:title><ns1:para pattern="Block">MonetDB/Xquery is a XML SGBD. It has an extension [<ns1:xref linkend="Monet" pattern="Milestone"/>] for managing multi-structured documents thanks to the<ns1:emphasis pattern="Inline" role="ital">stand-off markup</ns1:emphasis>technique. Optimized query operators has been developed, but no model is truly defined, only an informal description is proposed (as for the TEI solutions).</ns1:para></ns1:section><ns1:section pattern="HeadedContainer"><ns1:title pattern="Block">MSDM, MultiX</ns1:title><ns1:para pattern="Block">MSDM [<ns1:xref linkend="Multix" pattern="Milestone"/>] is a model used for the representation of multi-structured documents written by N.Chatti. An instance of this model, called MultiX, is expressed in the XML formalism. It belongs to the category of<ns1:emphasis pattern="Inline" role="ital">stand-off markup</ns1:emphasis>solutions where content is isolated in a base structure, and documentary structures are built by references to the base structure.</ns1:para><ns1:para pattern="Block">In this model, a document is a graph<ns1:code pattern="Atom">D</ns1:code>composed of:<ns1:itemizedlist pattern="Table"><ns1:listitem pattern="Container"><ns1:para pattern="Block">a set of nodes<ns1:code pattern="Atom">BS</ns1:code>also called the base structure</ns1:para></ns1:listitem><ns1:listitem pattern="Container"><ns1:para pattern="Block">a family<ns1:code pattern="Atom">(DS<ns1:subscript pattern="Atom">j</ns1:subscript>)<ns1:subscript pattern="Atom">j Ã¢Ë&#134;Ë&#134; J</ns1:subscript></ns1:code>of trees also called<ns1:emphasis pattern="Inline" role="ital">documentary structures</ns1:emphasis></ns1:para></ns1:listitem></ns1:itemizedlist></ns1:para><ns1:para pattern="Block">Moreover,<ns1:code pattern="Atom">Ã¢Ë&#134;â&#130;¬ j Ã¢Ë&#134;Ë&#134; J</ns1:code>, there is a relationship<ns1:code pattern="Atom">R<ns1:subscript pattern="Atom">j</ns1:subscript></ns1:code>that associates each node of<ns1:code pattern="Atom">DS<ns1:subscript pattern="Atom">j</ns1:subscript></ns1:code>with a subset of<ns1:code pattern="Atom">BS</ns1:code>; for each leaf of<ns1:code pattern="Atom">DS<ns1:subscript pattern="Atom">j</ns1:subscript></ns1:code>this subset must be non empty.<ns1:xref linkend="modele" pattern="Milestone"/>illustrates each element of the model.</ns1:para><ns1:figure xml:id="modele" pattern="Container" xreflabel="Figure 6"><ns1:mediaobject pattern="Container"><ns1:imageobject pattern="Container"><ns1:imagedata fileref="../../../vol3/graphics/Portier01/Portier01-006.png" format="png" pattern="Meta" width="70%"/></ns1:imageobject><ns1:caption pattern="Container"><ns1:para pattern="Block">Illustration of the MSDM model</ns1:para></ns1:caption></ns1:mediaobject></ns1:figure><ns1:para pattern="Block">Finally, it should be noted that only nodes from the base structure have an associated content and depend on the data types (text, movies, etc.). In the case of textual data, a string of characters, called fragment, is associated with each node of the base structure.</ns1:para></ns1:section></ns1:section><ns1:section pattern="HeadedContainer"><ns1:title pattern="Block">Summary</ns1:title><ns1:para pattern="Block"><ns1:xref linkend="tableau" pattern="Milestone"/>summarises the analysis by affecting, as objectively as possible, a score from 0 to 3 to each criterion (model expressivity, quality of implementation, use of standard XML tools, query mechanisms, management of changes in data and structures) and for each solution. For readability, maximum scores have been underlined.</ns1:para><ns1:figure xml:id="tableau" pattern="Container" xreflabel="Figure 7"><ns1:mediaobject pattern="Container"><ns1:imageobject pattern="Container"><ns1:imagedata fileref="../../../vol3/graphics/Portier01/Portier01-007.jpg" format="jpg" pattern="Meta" width="95%"/></ns1:imageobject><ns1:caption pattern="Container"><ns1:para pattern="Block">Rating of existing solutions to the multi-structured documents problem</ns1:para></ns1:caption></ns1:mediaobject></ns1:figure><ns1:para pattern="Block">We now introduce a new instance of MSDM, called MultiXÃ&#130;Â² that will allow us to represent multi-structured documents.</ns1:para></ns1:section></ns1:section><ns1:section pattern="HeadedContainer"><ns1:title pattern="Block">MultiXÃ&#130;Â², a model for the representation of multi-structured documents</ns1:title><ns1:para pattern="Block">MultiXÃ&#130;Â² is an instance of MSDM that favors the W3C recommendations (we make use of the XInclude Standard for linking documentary structures and the base structure) to the specific mechanisms used by MultiX. We chose MSDM as the representation model on which we built our methodology since, based on the stand-off markup technique, it was simple enough and yet well defined (moreover, it is referenced by the fifth edition of the TEI guidelines).</ns1:para><ns1:para pattern="Block">We illustrate this instance of the MSDM model on an example taken from the Jean-Toussaint Desanti's Archive (see<ns1:xref linkend="deuxpages" pattern="Milestone"/>). We see two pages from a notebook with a region of text that overlaps the two pages. Moreover it should be noted that mathematical equations appear inside this philosophical text. We distinguish two structures. First, the physical structure of pages:<ns1:programlisting xml:space="preserve" pattern="Block">&lt;s1&gt; &lt;page&gt;Autrement dit la distinction signe-signifie ... Remarque, &lt;/page&gt; &lt;page&gt;ce discours, ... par ex le discours 3 + 2 = 0 - 1 est-il un texte ? ... &lt;/page&gt; &lt;/s1&gt;</ns1:programlisting>Then, a logical structure of regions of interest:<ns1:programlisting xml:space="preserve" pattern="Block">&lt;s2&gt; &lt;p&gt;Autrement dit la distinction signe-signifie ...&lt;/p&gt; &lt;p&gt;Remarque, ce discours, ...&lt;/p&gt; &lt;p&gt;par ex le discours &lt;eq&gt;3 + 2 = 0 - 1&lt;/eq&gt; est-il un texte ? ...&lt;/p&gt; &lt;/s2&gt;</ns1:programlisting>We build the base structure by identifying the shared fragments from the two documentary structures:<ns1:programlisting xml:space="preserve" pattern="Block">&lt;seg xml:id="F1"&gt;Autrement dit la distinction signe-signifie ... &lt;/seg&gt; &lt;seg xml:id="F2"&gt;Remarque, &lt;/seg&gt; &lt;seg xml:id="F3"&gt;ce discours, ...&lt;/seg&gt; &lt;seg xml:id="F4"&gt;par ex le discours &lt;/seg&gt; &lt;seg xml:id="F5"&gt;3 + 2 = 0 - 1&lt;/seg&gt; &lt;seg xml:id="F6"&gt; est-il un texte ? ...&lt;/seg&gt;</ns1:programlisting>We use the XInclude standard in order to replace the content inside documentary structures by references to the base structure. First, the physical structure:<ns1:programlisting xml:space="preserve" pattern="Block">&lt;s1&gt; &lt;page&gt; &lt;xi:include href="base.xml" xpointer="element(F1/1)"/&gt; &lt;xi:include href="base.xml" xpointer="element(F2/1)"/&gt; &lt;/page&gt; &lt;page&gt; &lt;xi:include href="base.xml" xpointer="element(F3/1)"/&gt; &lt;xi:include href="base.xml" xpointer="element(F4/1)"/&gt; &lt;xi:include href="base.xml" xpointer="element(F5/1)"/&gt; &lt;xi:include href="base.xml" xpointer="element(F6/1)"/&gt; &lt;/page&gt; &lt;/s1&gt;</ns1:programlisting>Then the logical structure:<ns1:programlisting xml:space="preserve" pattern="Block">&lt;s2&gt; &lt;p&gt; &lt;xi:include href="base.xml" xpointer="element(F1/1)"/&gt; &lt;/p&gt; &lt;p&gt; &lt;xi:include href="base.xml" xpointer="element(F2/1)"/&gt; &lt;xi:include href="base.xml" xpointer="element(F3/1)"/&gt; &lt;/p&gt; &lt;p&gt; &lt;xi:include href="base.xml" xpointer="element(F4/1)"/&gt; &lt;eq&gt; &lt;xi:include href="base.xml" xpointer="element(F5/1)"/&gt; &lt;/eq&gt; &lt;xi:include href="base.xml" xpointer="element(F6/1)"/&gt; &lt;/p&gt; &lt;/s2&gt;</ns1:programlisting></ns1:para><ns1:para pattern="Block">We can use standard XML tools in order to validate the documentary structures. We build queries thanks to specific XQuery functions originally built for the MultiX formalism. Below, a query that finds regions of interest overlapping on two pages:<ns1:programlisting xml:space="preserve" pattern="Block">let $physique := doc("physique.xml") let $logique := doc("logique.xml") for $page in $physique//page, $para in $logique//p where multix:share-fragments($page,$para) and not(multix:include-content-of($page,$para)) return $para</ns1:programlisting>And the result will be:<ns1:programlisting xml:space="preserve" pattern="Block">&lt;p&gt;Remarque, ce discours, ...&lt;/p&gt;</ns1:programlisting>The share-fragments(a,b) function checks if elements a and b have at least one fragment in common. The include-content(a,b) function checks if every fragment composing element b also compose element a.</ns1:para></ns1:section><ns1:section pattern="HeadedContainer"><ns1:title pattern="Block">A methodology for the construction of multi-structured documents</ns1:title><ns1:para pattern="Block">We will use the MSDM model in order to introduce the construction of multi-structured documents. We claim that the study of the construction of documentary structures is a way to approach the user interpretation of a document. For example, numerous critical edition projects begin with manuscripts images they then transcribe and annotate. During these operations, the documents will be manipulated by numerous users and under a multiplicity of perspectives that mostly depend on how the documents are used. However, within the limits of today systems dedicated to the creation of documents, most of these diversified perspectives will remain inaccessible, buried in users minds. We claim that, in the context of the creation and annotation of documents, most of these hidden perspectives can be revealed by the differentiation of structures. This differentiation is an operation that splits an annotation vocabulary into sub-vocabularies, thus adding a new structure to the document. Thereby, the methodology we now present promotes the construction of a multiplicity of structures that should reflect the perspectives adopted by the users while accessing the documents. This methodology consists of three categories of methods:<ns1:itemizedlist pattern="Table"><ns1:listitem pattern="Container"><ns1:para pattern="Block">detection of needed restructuring and automatic differentiation of structures. As we will see, the overlapping hierarchies problem becomes an element of this category of methods.</ns1:para></ns1:listitem><ns1:listitem pattern="Container"><ns1:para pattern="Block">execution of the dynamical interpretant of the confrontation of a user with the results of automatic restructuring.<ns1:emphasis pattern="Inline" role="ital">Dynamical interpretant</ns1:emphasis>is a term belonging to C.S. Peirce's terminology that will be explained in a next section.</ns1:para></ns1:listitem><ns1:listitem pattern="Container"><ns1:para pattern="Block">creation of a social network of documents authors in order to encourage argument about and sharing of annotation vocabularies</ns1:para></ns1:listitem></ns1:itemizedlist></ns1:para><ns1:section pattern="HeadedContainer"><ns1:title pattern="Block">Restructuring stage</ns1:title><ns1:para pattern="Block">We analyse the conditions under which it is necessary to build a new documentary structure and we define the underlying functions performing this task.</ns1:para><ns1:section pattern="HeadedContainer"><ns1:title pattern="Block">Illustration</ns1:title><ns1:para pattern="Block">For clarity, and since we know the field, we use an example taken from critical electronic edition of manuscripts. We suppose that for the transcription of a manuscript the researchers have on hand the elements defined by the TEI. From the previous example: pages, region of interest and equations have been correctly tagged until a region overlaps two pages (see dotted edges of<ns1:xref linkend="restructuration_necessaire" pattern="Milestone"/>).</ns1:para><ns1:figure xml:id="restructuration_necessaire" pattern="Container" xreflabel="Figure 8"><ns1:mediaobject pattern="Container"><ns1:imageobject pattern="Container"><ns1:imagedata fileref="../../../vol3/graphics/Portier01/Portier01-008.png" format="png" pattern="Meta" width="70%"/></ns1:imageobject><ns1:caption pattern="Container"><ns1:para pattern="Block">Restructuring is necessary (a paragraph overlaps two pages)</ns1:para></ns1:caption></ns1:mediaobject></ns1:figure><ns1:para pattern="Block">It is then necessary to distinguish two structures. The creation of a new structure is a purely formal operation (see<ns1:xref linkend="restructuration_automatique" pattern="Milestone"/>) consisting in the transformation of a graph into two trees.</ns1:para><ns1:figure xml:id="restructuration_automatique" pattern="Container" xreflabel="Figure 9"><ns1:mediaobject pattern="Container"><ns1:imageobject pattern="Container"><ns1:imagedata fileref="../../../vol3/graphics/Portier01/Portier01-009.png" format="png" pattern="Meta" width="70%"/></ns1:imageobject><ns1:caption pattern="Container"><ns1:para pattern="Block">Automatic restructuring (two structures are distinguished)</ns1:para></ns1:caption></ns1:mediaobject></ns1:figure></ns1:section><ns1:section pattern="HeadedContainer"><ns1:title pattern="Block">Functions for restructuring</ns1:title><ns1:para pattern="Block">We now describe the functions that perform these restructuring operations. We are using the Haskell pure and statically typed functional programming language [<ns1:xref linkend="Haskell" pattern="Milestone"/>]. As a pure language, Haskell keeps side effects under the control of a class of type constructor called Monad, in practice this allows us to ensure that a valid document will always be transformed into a valid document. Since our methodology introduces numerous document transformations, this property is very interesting. All the necessary notions for the understanding of the code will be provided. But not all functions definitions will be given. Moreover the main purpose of showing these functions is to give a proof of the feasibility of our methodology.</ns1:para><ns1:para pattern="Block">We need two helper functions,<ns1:code pattern="Atom">if'</ns1:code>for boolean conditions and<ns1:code pattern="Atom">add</ns1:code>for the addition of a new element at the end of a<ns1:code pattern="Atom">Map</ns1:code>. A<ns1:code pattern="Atom">Map a b</ns1:code>is a structure of elements of type<ns1:code pattern="Atom">b</ns1:code>indexed by element of type<ns1:code pattern="Atom">a</ns1:code>. From the signature of<ns1:code pattern="Atom">if'</ns1:code>we learn that the function takes three arguments, the first argument being a Boolean value.<ns1:code pattern="Atom">if' True</ns1:code>is a two arguments function that evaluates its first argument (the second argument will never be evaluated), while<ns1:code pattern="Atom">if' False</ns1:code>is a two arguments function that evaluates its second argument (the first argument will never be evaluated).<ns1:programlisting xml:space="preserve" pattern="Block">-- This is a comment -- A function is described by its type signature: the list of the types of its -- arguments and of thereturned value separated by the symbol: '-&gt;'. -- For example, the addIntegers function would have the signature: addIntegers :: Int -&gt; Int -&gt; Int -- and the definition: addIntegers a b = a + b -- Moreover, functions are curried, so (addInteger 2) is a function of type: (addInteger 2) :: Int -&gt; Int -- Finally, we will: -- * use some primitive types : -- - Bool (with the only two constructors True and False) -- - Int -- * use the list constructor: -- [Int] is the type of a list of values of type Int -- * define data types: data Interval = Interval { start :: Int ,end :: Int } -- now Interval is a function (also called a constructor) of type: Interval :: Int -&gt; Int -&gt; Interval -- start is a function of type: start :: Interval -&gt; Int -- end is a function of type: end :: Interval -&gt; Int -- * define shortcuts for existing types: type Tags = [Tags] -- Tags is now a synonym for [Tags] (list of Tags) if' :: Bool -&gt; a -&gt; a -&gt; a if' True x _ = x if' False _ y = y add :: a -&gt; Map Int a -&gt; Map Int a</ns1:programlisting></ns1:para><ns1:para pattern="Block">We first define our main data types. A Tag is composed of an identifier and a list of attributes. We also have a data structure associating each tag identifier with a name and a list of default attributes. A Taggee is the application of a Tag to an interval of characters of the studied text. A Structure is a named map of taggees. A Document is the association of a text and a map of structures.<ns1:programlisting xml:space="preserve" pattern="Block">data Interval = Interval { start :: Int ,end :: Int } data Taggee = Taggee { tag :: Tag ,interval :: Interval } data Structure = Structure { name :: String ,taggees :: Map Int Taggee } type TagId = Int data Tag = Tag { tagId :: TagId ,atts :: Map Int String } type Tags = [Tag] type Text = String data Doc = Doc { text :: Text ,structures :: Map Int Structure }</ns1:programlisting></ns1:para><ns1:para pattern="Block">We also need functions for simple interval algebra.<ns1:programlisting xml:space="preserve" pattern="Block">overlaps :: Interval -&gt; Interval -&gt; Bool isIncluded :: Interval -&gt; Interval -&gt; Bool includes i1 i2 = isIncluded i2 i1 inside :: Int -&gt; Interval -&gt; Bool ilength :: Interval -&gt; Int isort :: Interval -&gt; Interval -&gt; (Interval,Interval) -- The exclusive OR of interval overlapping : overlapExclusion :: Interval -&gt; Interval -&gt; (Interval,Interval) -- less than: ilt i1 i2 = (end i1) &lt; (start i2) -- greater than : igt i1 i2 = (start i1) &gt; (end i2) -- shifting an interval: ioffset :: Interval -&gt; Int -&gt; Interval startBefore :: Interval -&gt; Interval -&gt; Bool equals :: Interval -&gt; Interval -&gt; Bool isPrefixOf :: Interval -&gt; Interval -&gt; Bool isSuffixOf :: Interval -&gt; Interval -&gt; Bool</ns1:programlisting>The<ns1:code pattern="Atom">addTag</ns1:code>function tries to add a tag to a structure, if the addition does not imply overlapping then the modified structure is returned, else a pair of structures is returned: the first structure is the original one except that every instances of the added tag have been transfered to the second structure. In a similar way, the $delTag$ function removes the instance of a given tag from a selected interval and may imply overlapping thus the type signature.<ns1:programlisting xml:space="preserve" pattern="Block">-- partition the map according to a predicate: partition :: Ord k =&gt; (a -&gt; Bool ) -&gt; Map k a -&gt; (Map k a, Map k a) elems :: Map k a -&gt; [a] -- function application: $ :: (a -&gt; b) -&gt; a -&gt; b -- function composition: . :: (b -&gt; c) -&gt; (a -&gt; b) -&gt; a -&gt; c -- map f xs is the list obtained by applying f to each element of xs: -- map f [x1,x2,...,xn] == [f x1, f x2, ..., f xn] map :: (a -&gt; b) -&gt; [a] -&gt; [b] -- foldl, applied to a binary operator, a starting value, and a list, reduces -- the list using the binary operator, from left to right: -- foldl f z [x1,x2,...,xn] == f (f (f (f z x1) x2) ...) xn foldl :: (a -&gt; b -&gt; a) -&gt; a -&gt; [b] -&gt; a -- The Either type represents values with two -- possibilities: a value of type Either a b is -- either Left a or Right b addTag :: Taggee -&gt; Structure -&gt; Either (Structure,Structure) Structure addTag t (Structure n s) = let (s1,s2) = partition ( ( (tagId $ tag t)== ) . tagId . tag ) s in if' ( foldl (||) False $ map (overlaps (interval t) . interval) $ elems s ) ( Left ( Structure n $ add t s1, Structure n s2 ) ) ( Right ( Structure n $ add t s ) ) delTag :: Interval -&gt; TagId -&gt; Structure -&gt; Either (Structure,Structure) Structure</ns1:programlisting></ns1:para><ns1:para pattern="Block">Finally, the user must be able to add or remove textual data. This is the purpose of the<ns1:code pattern="Atom">addText</ns1:code>and<ns1:code pattern="Atom">delText</ns1:code>functions.<ns1:programlisting xml:space="preserve" pattern="Block">-- split a list in two: splitAt :: Int -&gt; [a] -&gt; ([a], [a]) fst :: (a, b) -&gt; a snd :: (a, b) -&gt; b addText :: Int -&gt; String -&gt; Doc -&gt; Doc addText i s d = let t = text d split = splitAt (i-1) t t' = fst split ++ s ++ snd split sts = structures d sts' = map ( addCharInS i (length s) ) sts in Doc t' sts' addCharInS :: Int -&gt; Int -&gt; Structure -&gt; Structure addCharInS i size (Structure n s) = Structure n $ map ( \t -&gt; if' ( i `inside` (interval t) ) t{interval = Interval (start $ interval t) $ (end $ interval t) + size} t ) s delText :: Int -&gt; Int -&gt; Doc -&gt; Doc</ns1:programlisting></ns1:para></ns1:section></ns1:section><ns1:section pattern="HeadedContainer"><ns1:title pattern="Block">Integration of the user in the restructuring process</ns1:title><ns1:section pattern="HeadedContainer"><ns1:title pattern="Block">Illustration</ns1:title><ns1:para pattern="Block">The automatic restructuring introduced above can be the occasion for a user to make modeling choices. For example, he can ask for the creation of a new mathematical structure for the equations and rename the structures (see<ns1:xref linkend="restructuration_interpretant" pattern="Milestone"/>).</ns1:para><ns1:figure xml:id="restructuration_interpretant" pattern="Container" xreflabel="Figure 10"><ns1:mediaobject pattern="Container"><ns1:imageobject pattern="Container"><ns1:imagedata fileref="../../../vol3/graphics/Portier01/Portier01-010.png" format="png" pattern="Meta" width="70%"/></ns1:imageobject><ns1:caption pattern="Container"><ns1:para pattern="Block">Intervention of a user (Three structures are named and distinguished)</ns1:para></ns1:caption></ns1:mediaobject></ns1:figure></ns1:section><ns1:section pattern="HeadedContainer"><ns1:title pattern="Block">Functions for user integration</ns1:title><ns1:para pattern="Block"><ns1:code pattern="Atom">moveTag</ns1:code>is the main function offered to the user for reacting to the automatic restructuring, it allows him to move all the instances of a tag from one structure to another. The function may fail if it introduces overlapping hierarchies.<ns1:programlisting xml:space="preserve" pattern="Block">-- case analysis for the Either type either :: (a -&gt; c) -&gt; (b -&gt; c) -&gt; Either a b -&gt; c -- the constant function const :: a -&gt; b -&gt; a -- foldr, applied to a binary operator, a starting value, and a list, reduces -- the list using the binary operator, from right to left: -- foldr f z [x1,x2,...,xn] == f x1 (f x2 (... (f xn z))) foldr :: (a -&gt; b -&gt; b) -&gt; b -&gt; [a] -&gt; b moveTag :: TagId -&gt; Structure -&gt; Structure -&gt; Maybe (Structure, Structure) moveTag id s1 s2 = let (ts',ts'') = partition ( (==id) . tagId . tag ) ( taggees s1 ) f :: Taggee -&gt; Either (Structure, Structure) Structure -&gt; Either (Structure, Structure) Structure f t ( Right s ) = addTag t s f t ( Left (s1, s2) ) = Left (s1, s2) in if' ( null ts' || null ts'' ) Nothing $ either ( const Nothing ) ( Just . (,) ( Structure (name s1) ts' ) ) $ foldr f (Right s2) $ elems ts''</ns1:programlisting></ns1:para></ns1:section></ns1:section><ns1:section pattern="HeadedContainer"><ns1:title pattern="Block">Recommendation system for documents authors</ns1:title><ns1:para pattern="Block">We now try to involve even more the author of a document in the process of maintaining a coherent multiplicity of structures. This is why we promote the emergence of a social network of documents authors. The recommendation mechanism that allows us to build this network define two users as closed, insofar as they are editing specific documents, if the implied tags trees of their structures are similar. We first give an example of this process and then define the structures and functions used to implement it.</ns1:para><ns1:section pattern="HeadedContainer"><ns1:title pattern="Block">Illustration</ns1:title><ns1:para pattern="Block">We imagine three users who create documents containing mathematical notations. For each of them, a mathematical structure emerged from their operations of annotation (as described in the previous sections). Users 1 and 2 have already decided to merge their tag hierarchies. The tag hierarchies are given below:<ns1:informaltable pattern="Container"><ns1:col align="center" pattern="Meta" span="1"/><ns1:col align="center" pattern="Meta" span="1"/><ns1:thead pattern="Container"><ns1:tr pattern="Table"><ns1:th pattern="Field">Users 1 and 2</ns1:th><ns1:th pattern="Field">User 3</ns1:th></ns1:tr></ns1:thead><ns1:tr pattern="Table"><ns1:td pattern="Block"><ns1:itemizedlist pattern="Table"><ns1:listitem pattern="Container"><ns1:para pattern="Block">theorem</ns1:para><ns1:itemizedlist pattern="Table"><ns1:listitem pattern="Container"><ns1:para pattern="Block">statement</ns1:para></ns1:listitem><ns1:listitem pattern="Container"><ns1:para pattern="Block">proof</ns1:para></ns1:listitem></ns1:itemizedlist></ns1:listitem><ns1:listitem pattern="Container"><ns1:para pattern="Block">lemma</ns1:para><ns1:itemizedlist pattern="Table"><ns1:listitem pattern="Container"><ns1:para pattern="Block">statement</ns1:para></ns1:listitem><ns1:listitem pattern="Container"><ns1:para pattern="Block">proof</ns1:para></ns1:listitem></ns1:itemizedlist></ns1:listitem><ns1:listitem pattern="Container"><ns1:para pattern="Block">cocycle</ns1:para></ns1:listitem><ns1:listitem pattern="Container"><ns1:para pattern="Block">cobordism</ns1:para></ns1:listitem></ns1:itemizedlist></ns1:td><ns1:td pattern="Block"><ns1:itemizedlist pattern="Table"><ns1:listitem pattern="Container"><ns1:para pattern="Block">proposition</ns1:para><ns1:itemizedlist pattern="Table"><ns1:listitem pattern="Container"><ns1:para pattern="Block">proof</ns1:para></ns1:listitem><ns1:listitem pattern="Container"><ns1:para pattern="Block">operators</ns1:para></ns1:listitem></ns1:itemizedlist></ns1:listitem><ns1:listitem pattern="Container"><ns1:para pattern="Block">cohomology</ns1:para><ns1:itemizedlist pattern="Table"><ns1:listitem pattern="Container"><ns1:para pattern="Block">cocycle</ns1:para></ns1:listitem></ns1:itemizedlist></ns1:listitem></ns1:itemizedlist></ns1:td></ns1:tr></ns1:informaltable>If these two hierarchies were detected as similar enough, each user would be proposed to ask the other users the authorization to merge their hierarchies. Thus, communities of users appear, centered on their annotation practices. In this previous example, users seem to work on the same kind of documents, but the perspective of user 3 may be formal logic whereas users 1 and 2 refer to a more traditional vocabulary for the description of proofs. Since the tips the users receive while annotating a document come from the hierarchy of tags associated with the current structure, once the merge is accepted, the users may align their annotation vocabularies or at least question their practices.</ns1:para></ns1:section><ns1:section pattern="HeadedContainer"><ns1:title pattern="Block">Functions for promoting users interactions</ns1:title><ns1:para pattern="Block">We define a new data type (TagStruct) in order to link each tag used for the annotation of a document with its possible descendants. Thus, while a user is annotating a document we can give him hints about the next tag to choose, based on this new structure and its current position in the text. We also update the Structure data type to link to the corresponding implied tag structure. For this linking to be possible, we maintain a map (of type TagStructs) of the implied tag structures.<ns1:programlisting xml:space="preserve" pattern="Block">type TagStruct = Map TagId [TagId] type TagStructId = Int type TagStructs = Map TagStructId TagStruct data Structure = Structure { name :: String ,taggees :: Map Int Taggee ,tagStructId :: TagStructId } deriving (Show)</ns1:programlisting>We have to modify the addTag function in order to update the linked structures of tags:<ns1:programlisting xml:space="preserve" pattern="Block">addTag :: Taggee -&gt; Structure -&gt; TagStructs -&gt; Either (Structure,Structure, TagStructs) (Structure, TagStructs) addTag t (Structure n s tagStructId) tagStructs = let tId = tagId $ tag t (s1,s2) = partition ( (tId==) . tagId . tag ) s s' = Structure n (add t s) tagStructId (tagStructIdS2, newTagStructs) = addTagStruct tagStructs in if' ( foldl (||) False $ map (overlaps (interval t) . interval) $ elems s ) ( Left ( Structure n (add t s1) tagStructId, Structure "" s2 tagStructIdS2, delTagFromTagStruct tId tagStructId newTagStructs ) ) $ Right ( s', addTagToTagStruct tId (parentId t s') tagStructId tagStructs ) addTagStruct :: TagStructs -&gt; (TagStructId, TagStructs) delTagFromTagStruct :: TagId -&gt; TagStructId -&gt; TagStructs -&gt; TagStructs addTagToTagStruct :: TagId -&gt; Maybe TagId -&gt; TagStructId -&gt; TagStructs -&gt; TagStructs parentId :: Taggee -&gt; Structure -&gt; Maybe TagId parentId t s = maybe Nothing (Just . tagId . tag) $ parent t s parent :: Taggee -&gt; Structure -&gt; Maybe Taggee</ns1:programlisting>Note that Haskell is a<ns1:emphasis pattern="Inline" role="ital">pure</ns1:emphasis>functional programming language and as such does not allow side effects. That is why, in the previous functions when we had to manage some kind of shared data structure of type TagStructs, we passed it between functions by the way of an extra parameter. Haskell has a data type design pattern called<ns1:emphasis pattern="Inline" role="ital">monad</ns1:emphasis>that offers a much nicer solution, but we kept with the basics so that the link between the two previous sections remained obvious.</ns1:para><ns1:para pattern="Block">We finally have to compute the distance between every pair of implied tag structures. We choose a very straightforward editing distance equals to the number of "add" and "delete" operations needed to transform one set of tags into another. It does not take into account the structure of the tags and has for only purpose to guide the user towards other possibly similar tagging practices. In our current implementation, the distances computation is a daily batch process.<ns1:programlisting xml:space="preserve" pattern="Block">type Recommendations = Map TagStructId (Map TagStructId Int) distance :: TagStruct -&gt; TagStruct -&gt; Int distance ts1 ts2 = let k1 = keys ts1 k2 = keys ts2 intersize = length $ intersect k1 k2 in (length k1 - intersize) + (length k2 - intersize) distances :: TagStructs -&gt; Recommendations distances tss = mapWithKey (\k ts -&gt; map (distance ts) $ delete k tss) tss</ns1:programlisting></ns1:para></ns1:section></ns1:section><ns1:section pattern="HeadedContainer"><ns1:title pattern="Block">Peirce's terminology</ns1:title><ns1:para pattern="Block">We now present the theoretical ideas that gave us the opportunity to develop our methodology. Indeed, in order to explore the dynamical aspects of multi-structured documents creation, and not only the static problem of representing such documents, we needed new tools that could allow us to think of a maintained multiplicity of structures. We found them in C.S. Peirce. The introduction of the<ns1:emphasis pattern="Inline" role="ital">dynamical interpretant</ns1:emphasis>as part of the notion of sign received our full attention. In order to define this notion, we quote Peirce [<ns1:xref linkend="peirce1" pattern="Milestone"/>]:</ns1:para><ns1:blockquote pattern="Container"><ns1:para pattern="Block">Ã¢â&#130;¬Â¦suppose I awake in the morning before my wife, and that afterwards she wakes up and inquires, "What sort of a day is it?" This is a sign, whose Object, as expressed, is the weather at that time, but whose Dynamical Object is the impression which I have presumably derived from peeping between the window-curtains. Whose Interpretant, as expressed, is the quality of the weather, but whose Dynamical Interpretant, is my answering her question. But beyond that, there is a third Interpretant. The Immediate Interpretant is what the Question expresses, all that it immediately expresses, which I have imperfectly restated above. The Dynamical Interpretant is the actual effect that it has upon me, its interpreter. But the Significance of it, the Ultimate, or Final, Interpretant is her purpose in asking it, what effect its answer will have as to her plans for the ensuing day. I reply, let us suppose: "It is a stormy day." Here is another sign. Its Immediate Object is the notion of the present weather so far as this is common to her mind and mine - not the character of it, but the identity of it. The Dynamical Object is the identity of the actual or Real meteorological conditions at the moment. The Immediate Interpretant is the schema in her imagination, i.e. the vague Image or what there is in common to the different Images of a stormy day. The Dynamical Interpretant is the disappointment or whatever actual effect it at once has upon her. The Final Interpretant is the sum of the Lessons of the reply, Moral, Scientific, etc.</ns1:para></ns1:blockquote><ns1:para pattern="Block">Elsewhere [<ns1:xref linkend="peirce2" pattern="Milestone"/>], we find this definition of the sign:<ns1:quote pattern="Inline">By a sign I mean any thing which is in any way, direct or indirect, so influenced by any thing (which I term its object) and which in turn influence a mind that this mind is thereby influenced by the Object ; and I term that which is called forth in the mind the Interpretant of the sign.</ns1:quote></ns1:para><ns1:para pattern="Block">That being said, we take as a sign the presentation to the user of a restructuring, and try to analyze it thanks to Peirce's categories :<ns1:itemizedlist pattern="Table"><ns1:listitem pattern="Container"><ns1:para pattern="Block"><ns1:emphasis pattern="Inline" role="ital">immediate object</ns1:emphasis>: the actual presentation of an automatic restructuring</ns1:para></ns1:listitem><ns1:listitem pattern="Container"><ns1:para pattern="Block"><ns1:emphasis pattern="Inline" role="ital">dynamical object</ns1:emphasis>: the impression the user may have derived from looking at the automatic restructuring presentation</ns1:para></ns1:listitem><ns1:listitem pattern="Container"><ns1:para pattern="Block"><ns1:emphasis pattern="Inline" role="ital">immediate interpretant</ns1:emphasis>: validity of the restructuring</ns1:para></ns1:listitem><ns1:listitem pattern="Container"><ns1:para pattern="Block"><ns1:emphasis pattern="Inline" role="ital">dynamical interpretant</ns1:emphasis>: user answer to the restructuring presentation in terms of the operations (and the ways to combine them) offered by the computer</ns1:para></ns1:listitem><ns1:listitem pattern="Container"><ns1:para pattern="Block"><ns1:emphasis pattern="Inline" role="ital">final interpretant</ns1:emphasis>: effect of the operations engaged by the user</ns1:para></ns1:listitem></ns1:itemizedlist></ns1:para><ns1:para pattern="Block">We can replay this analysis but this time taking as a sign the previous dynamical interpretant (we are allowed to take this step by the very nature of the sign: every sign is linking to another one<ns1:emphasis pattern="Inline" role="ital">ad libitum</ns1:emphasis>:<ns1:itemizedlist pattern="Table"><ns1:listitem pattern="Container"><ns1:para pattern="Block"><ns1:emphasis pattern="Inline" role="ital">immediate object</ns1:emphasis>: the multiple structures of the document</ns1:para></ns1:listitem><ns1:listitem pattern="Container"><ns1:para pattern="Block"><ns1:emphasis pattern="Inline" role="ital">dynamical object</ns1:emphasis>: the operations to be applied on the multi-structured document</ns1:para></ns1:listitem><ns1:listitem pattern="Container"><ns1:para pattern="Block"><ns1:emphasis pattern="Inline" role="ital">immediate interpretant</ns1:emphasis>: execution of the operations</ns1:para></ns1:listitem><ns1:listitem pattern="Container"><ns1:para pattern="Block"><ns1:emphasis pattern="Inline" role="ital">dynamical interpretant</ns1:emphasis>: effect of this particular choice of operations in this particular context</ns1:para></ns1:listitem><ns1:listitem pattern="Container"><ns1:para pattern="Block"><ns1:emphasis pattern="Inline" role="ital">final interpretant</ns1:emphasis>: effect the presentation of the computer analysis of the user interactions will have on the user</ns1:para></ns1:listitem></ns1:itemizedlist></ns1:para><ns1:para pattern="Block">First of all, the linked nature of the sign gave us the idea of introducing the user at the heart of the restructuring process. Moreover, being able to see the dynamical interpretant as a producer of new signs gave us the idea of the construction of a social network of documents authors, the documentary structures being used as a social glue.</ns1:para></ns1:section></ns1:section><ns1:section pattern="HeadedContainer"><ns1:title pattern="Block">A prototype implementation of the methodology</ns1:title><ns1:para pattern="Block">We provide all the functions introduced above as a Web service that follows the REST [<ns1:xref linkend="Rest" pattern="Milestone"/>] design pattern. In the context of this paper we cannot fully describe this Web service. We only give as an example the HTTP operation used for tagging a new "equation" in the mathematical structure of a notebook. All we have to do is send a POST request to the resource identified by the URL<ns1:emphasis pattern="Inline" role="ital">http://desanti.org/cahiers/148/structures/math/taggees</ns1:emphasis>with a body of:<ns1:programlisting xml:space="preserve" pattern="Block">&lt;taggee&gt; &lt;tag name="equation" /&gt; &lt;interval start="14" end="26" /&gt; &lt;/taggee&gt; &lt;/programlisting&gt;</ns1:programlisting></ns1:para><ns1:para pattern="Block"><ns1:xref linkend="prototype" pattern="Milestone"/>is a screenshot of the client application running inside a Web browser. The region Z3 is a hierarchy of all the documents of the archive, it gives the researchers the synoptic view they need. The region Z1 is a draggable navigator obtained by clicking on an element of the hierarchy Z3, it allows to navigate among the images of the pages of a collection. The region Z4 is an editor for the transcription. The region Z5 is the set of recommendations for tag hierarchies similar to the one implied by the current documentary structure. Region Z2 is the comparison frame obtained when the user click on one of the recommendations, it allows him to decide if he wants to merge his tags structure with the one suggested.</ns1:para><ns1:figure xml:id="prototype" pattern="Container" xreflabel="Figure 11"><ns1:mediaobject pattern="Container"><ns1:imageobject pattern="Container"><ns1:imagedata fileref="../../../vol3/graphics/Portier01/Portier01-011.jpg" format="jpg" pattern="Meta" width="95%"/></ns1:imageobject><ns1:caption pattern="Container"><ns1:para pattern="Block">Prototype</ns1:para></ns1:caption></ns1:mediaobject></ns1:figure></ns1:section><ns1:section pattern="HeadedContainer"><ns1:title pattern="Block">Conclusions</ns1:title><ns1:para pattern="Block">We have identified a new problem: how to<ns1:emphasis pattern="Inline" role="ital">build</ns1:emphasis>multi-structured documents? This allowed us to take over the old issue of multi-structured documents as we pulled away from its technical formulation and bring ourselves closer to the daily practices of those building documents. We have shown that, although the enforcement of tree structures was for a long time considered as the crux of the problem, we could place it at the heart of a new solution where the emergence of overlapping hierarchies triggers the creation of a new structure that has to be validated by the user. In fact, our methodology places the users in a central position and we managed to lighten the cognitive load that results from the interactions with the system by bordering the reflexive activities on small and well defined periods. Thus we managed to provide a methodology that addresses the needs of humanities researchers by promoting and maintaining a multiplicity of stuctures. Moreover, we developed a prototype that implements the algebraic operations described in the article. These operations are provided through a Web interface using the HTTP protocol in accordance with the REST design pattern.</ns1:para></ns1:section><ns1:bibliography pattern="HeadedContainer"><ns1:title pattern="Block">References</ns1:title><ns1:bibliomixed xml:id="Rose" pattern="Block" xreflabel="Rose2004">Steven J. DeRose,<ns1:emphasis pattern="Inline" role="ital">Markup Overlap: A Review and a Horse</ns1:emphasis>in "Extreme Markup Languages" 2004,<ns1:link xmlns:ns2="http://www.w3.org/1999/xlink" ns2:actuate="onRequest" ns2:show="new" ns2:type="simple" pattern="Inline">http://www.mulberrytech.com/Extreme/Proceedings/html/2004/DeRose01/EML2004DeRose01.html</ns1:link></ns1:bibliomixed><ns1:bibliomixed xml:id="Multi" pattern="Block" xreflabel="Bruno2007">Emmanuel Bruno, Sylvie Calabretto and Elisabeth Murisasco,<ns1:emphasis pattern="Inline" role="ital">Documents textuels multi structurÃ&#131;Â©s : un Ã&#131;Â©tat de l'art.</ns1:emphasis>in "Revue i3" 2007,<ns1:link xmlns:ns2="http://www.w3.org/1999/xlink" ns2:actuate="onRequest" ns2:show="new" ns2:type="simple" pattern="Inline">http://liris.cnrs.fr/publis/?id=2708</ns1:link></ns1:bibliomixed><ns1:bibliomixed xml:id="Multix" pattern="Block" xreflabel="Chatti2007">Noureddine Chatti, Souha Kaouk, Sylvie Calabretto and Jean-Marie Pinon,<ns1:emphasis pattern="Inline" role="ital">MultiX: an XML-based formalism to encode multi-structured documents</ns1:emphasis>in "Proceedings of Extreme Markup Languages'2007"</ns1:bibliomixed><ns1:bibliomixed xml:id="Rest" pattern="Block" xreflabel="Fielding2000">Roy T. Fielding,<ns1:emphasis pattern="Inline" role="ital">Architectural styles and the design of network-based software architectures</ns1:emphasis>, 2000<ns1:link xmlns:ns2="http://www.w3.org/1999/xlink" ns2:actuate="onRequest" ns2:show="new" ns2:type="simple" pattern="Inline">http://portal.acm.org/citation.cfm?id=932295</ns1:link></ns1:bibliomixed><ns1:bibliomixed xml:id="Haskell" pattern="Block" xreflabel="PeytonJones2002">Simon Peyton Jones,<ns1:emphasis pattern="Inline" role="ital">Haskell 98 Language and Libraries: The Revised Report</ns1:emphasis>, 2002<ns1:link xmlns:ns2="http://www.w3.org/1999/xlink" ns2:actuate="onRequest" ns2:show="new" ns2:type="simple" pattern="Inline">http://haskell.org/definition/haskell98-report.pdf</ns1:link></ns1:bibliomixed><ns1:bibliomixed xml:id="Tei" pattern="Block" xreflabel="Burnard2007">Lou Burnard and Syd Bauman,<ns1:emphasis pattern="Inline" role="ital">TEI P5: Guidelines for Electronic Text Encoding and Interchange</ns1:emphasis>, 2007<ns1:link xmlns:ns2="http://www.w3.org/1999/xlink" ns2:actuate="onRequest" ns2:show="new" ns2:type="simple" pattern="Inline">http://www.tei-c.org/release/doc/tei-p5-doc/en/html/index.html</ns1:link></ns1:bibliomixed><ns1:bibliomixed xml:id="Schema" pattern="Block" xreflabel="Simeon2003">Jerome Simeon and Philip Wadler,<ns1:emphasis pattern="Inline" role="ital">The essence of XML</ns1:emphasis>, 2003 in "POPL '03: Proceedings of the 30th ACM SIGPLAN-SIGACT symposium on Principles of programming languages", doi:<ns1:biblioid class="doi" pattern="Atom">10.1145/604131.604132</ns1:biblioid></ns1:bibliomixed><ns1:bibliomixed xml:id="Annotation" pattern="Block" xreflabel="Bird1999">Steven Bird and Mark Liberman,<ns1:emphasis pattern="Inline" role="ital">Annotation Graphs as a Framework for Multidimensional Linguistic Data Analysis</ns1:emphasis>, 1999 in "Towards Standards and Tools for Discourse Tagging: Proceedings of the Workshop",<ns1:link xmlns:ns2="http://www.w3.org/1999/xlink" ns2:actuate="onRequest" ns2:show="new" ns2:type="simple" pattern="Inline">http://citeseer.ist.psu.edu/bird99annotation.html</ns1:link></ns1:bibliomixed><ns1:bibliomixed xml:id="Rdf" pattern="Block" xreflabel="Tummarello2005">Giovanni Tummarello, Christian Morbidoni and E. Pierazzo,<ns1:emphasis pattern="Inline" role="ital">Toward Textual Encoding Based on RDF</ns1:emphasis>, in "From Author to Reader: Challenges for the Digital Content Chain: Proceedings of the 9th ICCC International Conference on Electronic Publishing held at Katholieke Universiteit Leuven - ELPUB 2005, Leuven-Heverlee, Belgium, June 8-10, 2005. Proceedings", p. 57-63</ns1:bibliomixed><ns1:bibliomixed xml:id="Monet" pattern="Block" xreflabel="Alink2006">Wouter Alink, R. A. F. Bhoedjang, Arjen P. de Vries and Peter A. Boncz,<ns1:emphasis pattern="Inline" role="ital">Efficient XQuery Support for Stand-Off Annotation</ns1:emphasis>, in "Proceedings of the 3rd International Workshop on XQuery Implementation, Experience and Perspectives, in cooperation with ACM SIGMOD, June 30, 2006, Chicago, USA. 2006",<ns1:link xmlns:ns2="http://www.w3.org/1999/xlink" ns2:actuate="onRequest" ns2:show="new" ns2:type="simple" pattern="Inline">http://www.ximep-2006.org/papers/Paper-Alink-Boncz.pdf</ns1:link></ns1:bibliomixed><ns1:bibliomixed xml:id="MSXD" pattern="Block" xreflabel="Bruno2006">E. Bruno and E. Murisasco,<ns1:emphasis pattern="Inline" role="ital">Multistructured XML textual documents</ns1:emphasis>, 2006, in "GESTS International Transactions on Computer Science and Engineering", vol. 34 n. 1, p. 200-211</ns1:bibliomixed><ns1:bibliomixed xml:id="GODDAG" pattern="Block" xreflabel="Sperberg-McQueen2000">C. M. Sperberg-McQueen and Claus Huitfeldt,<ns1:emphasis pattern="Inline" role="ital">GODDAG: A Data Structure for Overlapping Hierarchies</ns1:emphasis>, in "Digital Documents: Systems and Principles, 8th International Conference on Digital Documents and Electronic Publishing, DDEP 2000, 5th International Workshop on the Principles of Digital Document Processing, PODDP 2000, Munich, Germany, September 13-15, 2000, Revised Papers", vol. 2023, p. 139-160</ns1:bibliomixed><ns1:bibliomixed xml:id="againstConcur" pattern="Block" xreflabel="Hilbert2005">Mirco Hilbert, Andreas Witt and Oliver Schonefeld,<ns1:emphasis pattern="Inline" role="ital">Making CONCUR work</ns1:emphasis>, 2005, in "Extreme Markup Languages"</ns1:bibliomixed><ns1:bibliomixed xml:id="mecs" pattern="Block" xreflabel="Huitfeldt1998">Claus Huitfeldt,<ns1:emphasis pattern="Inline" role="ital">MECS - a Multi-Element Code System</ns1:emphasis>, 1998, in "Working Papers from the Wittgenstein Archives at the University of Bergen", vol. 3</ns1:bibliomixed><ns1:bibliomixed xml:id="texmecs" pattern="Block" xreflabel="Huitfeldt2003">Claus Huitfeldt and Michael Sperberg-McQueen,<ns1:emphasis pattern="Inline" role="ital">TexMECS: An experimental markup meta-language for complex documents</ns1:emphasis>, 2003, in "Working paper of the project Markup Languages for Complex Documents (MLCD), University of Bergen",<ns1:link xmlns:ns2="http://www.w3.org/1999/xlink" ns2:actuate="onRequest" ns2:show="new" ns2:type="simple" pattern="Inline">http://decentius.aksis.uib.no/mlcd/2003/Papers/texmecs.html</ns1:link></ns1:bibliomixed><ns1:bibliomixed xml:id="lmnl" pattern="Block" xreflabel="Tennison2002">Jeni Tennison and Wendell Piez,<ns1:emphasis pattern="Inline" role="ital">The Layered Markup and Annotation Language (LMNL)</ns1:emphasis>, 2002, in "Extreme Markup Languages",<ns1:link xmlns:ns2="http://www.w3.org/1999/xlink" ns2:actuate="onRequest" ns2:show="new" ns2:type="simple" pattern="Inline">http://www.mulberrytech.com/Extreme/Proceedings/html/2002/Tennison02/EML2002Tennison02.html</ns1:link></ns1:bibliomixed><ns1:bibliomixed xml:id="annotationGraphs" pattern="Block" xreflabel="Maeda2002">Kazuaki Maeda, Steven Bird, Xiaoyi Ma and Haejoong Lee,<ns1:emphasis pattern="Inline" role="ital">Creating Annotation Tools with the Annotation Graph Toolkit</ns1:emphasis>, 2002, in "Proceedings of the Third International Conference on Language Resources and Evaluation",<ns1:link xmlns:ns2="http://www.w3.org/1999/xlink" ns2:actuate="onRequest" ns2:show="new" ns2:type="simple" pattern="Inline">http://arxiv.org/abs/cs/0204005</ns1:link></ns1:bibliomixed><ns1:bibliomixed xml:id="annotationGraphsQuery" pattern="Block" xreflabel="Bird2000">Steven Bird, Peter Buneman and Wang-chiew Tan,<ns1:emphasis pattern="Inline" role="ital">Towards a Query Language for Annotation Graphs</ns1:emphasis>, 2000, in "Proceedings of the Second International Conference on Language Resources and Evaluation", p. 807-814</ns1:bibliomixed><ns1:bibliomixed xml:id="mct" pattern="Block" xreflabel="Jagadish2004">H. V. Jagadish, Laks V. S. Lakshmanan, Monica Scannapieco, Divesh Srivastava, and Nuwee Wiwatwattana,<ns1:emphasis pattern="Inline" role="ital">Colorful XML: one hierarchy isn't enough</ns1:emphasis>, 2004, in "SIGMOD '04: Proceedings of the 2004 ACM SIGMOD international conference on Management of data", p. 251-262, doi:<ns1:biblioid class="doi" pattern="Atom">10.1145/1007568.1007598</ns1:biblioid></ns1:bibliomixed><ns1:bibliomixed xml:id="delay" pattern="Block" xreflabel="LeMaitre2006">Jacques Le MaÃ&#131;Â®tre,<ns1:emphasis pattern="Inline" role="ital">Describing multistructured XML documents by means of delay nodes</ns1:emphasis>, 2006, in "DocEng '06: Proceedings of the 2006 ACM symposium on Document engineering", New York, NY, USA, p. 155-164, doi:<ns1:biblioid class="doi" pattern="Atom">10.1145/1166160.1166200</ns1:biblioid></ns1:bibliomixed><ns1:bibliomixed xml:id="overlap" pattern="Block" xreflabel="Iacob2005">Ionut E. Iacob and Alex Dekhtyar,<ns1:emphasis pattern="Inline" role="ital">Processing XML documents with overlapping hierarchies</ns1:emphasis>, 2005, in "JCDL '05: Proceedings of the 5th ACM/IEEE-CS joint conference on Digital libraries", New York, NY, USA, p. 409-409, doi:<ns1:biblioid class="doi" pattern="Atom">10.1145/1065385.1065513</ns1:biblioid></ns1:bibliomixed><ns1:bibliomixed xml:id="concur" pattern="Block" xreflabel="Goldfarb1990">Charles F. Goldfarb,<ns1:emphasis pattern="Inline" role="ital">The SGML handbook</ns1:emphasis>, 1990, Oxford University Press, Inc.</ns1:bibliomixed><ns1:bibliomixed xml:id="peirce1" pattern="Block" xreflabel="Peirce1909">Charles Sanders Peirce,<ns1:emphasis pattern="Inline" role="ital">Letter to William James</ns1:emphasis>, in "Collected Papers of Charles Sanders Peirce, Volume 8, Arthur W. Burks. Cambridge, Mass.: Harvard University Press", para. 314,<ns1:link xmlns:ns2="http://www.w3.org/1999/xlink" ns2:actuate="onRequest" ns2:show="new" ns2:type="simple" pattern="Inline">http://www.helsinki.fi/science/commens/terms/dynamicalinterpretant.html</ns1:link></ns1:bibliomixed><ns1:bibliomixed xml:id="peirce2" pattern="Block" xreflabel="Peirce">Charles Sanders Peirce,<ns1:emphasis pattern="Inline" role="ital">Logic: Regarded as a Study of the general nature of Signs</ns1:emphasis>,<ns1:link xmlns:ns2="http://www.w3.org/1999/xlink" ns2:actuate="onRequest" ns2:show="new" ns2:type="simple" pattern="Inline">http://www.cspeirce.com/menu/library/rsources/76defs/76defs.htm</ns1:link></ns1:bibliomixed></ns1:bibliography></ns1:article>