<?xml version="1.0" encoding="UTF-8"?><ns1:article xmlns:ns1="http://docbook.org/ns/docbook" pattern="HeadedContainer" version="5.0-subset Balisage-1.2"><ns1:title pattern="Block" structure="Title ">XQuery Design Patterns</ns1:title><ns1:info pattern="Record" structure="FrontMatter "><ns1:confgroup pattern="Record"><ns1:conftitle pattern="Field">Balisage: The Markup Conference 2010</ns1:conftitle><ns1:confdates pattern="Field">August 3 - 6, 2010</ns1:confdates></ns1:confgroup><ns1:abstract pattern="Container"><ns1:para pattern="Block" structure="Paragraph ">Design patterns are widely used inside the object-oriented community. They are proven mature and reusable solutions that facilitate the development of modules with minimal coupling. Moreover, design patterns are also high-level constructs that contribute to improve the communication between developers.</ns1:para><ns1:para pattern="Block" structure="Paragraph ">Nowadays, XQuery and its family of specifications are used beyond just querying XML collections and documents. XQuery is more and more used as a multi-paradigm, fully-fledged programming language. The aim of this paper is (1) to motivate the need for XQuery design patterns using a real-world example application and (2) to explore the existence of general design solutions to solve recurring problems in large-scale XQuery applications.</ns1:para></ns1:abstract><ns1:author pattern="Record"><ns1:personname pattern="Record"><ns1:firstname pattern="Field">William</ns1:firstname><ns1:surname pattern="Field">Candillon</ns1:surname></ns1:personname><ns1:personblurb pattern="Container"><ns1:para pattern="Block" structure="Paragraph ">William Candillon is a software engineer at 28msec. His focus is on the development of large scale web applications in XQuery. William recently graduated from Telecom Lille 1 in France. His final year project was about XQuery Design Patterns.</ns1:para></ns1:personblurb><ns1:email pattern="Field">william.candillon@28msec.com</ns1:email><ns1:affiliation pattern="Record"><ns1:orgname pattern="Block">28msec Inc.</ns1:orgname></ns1:affiliation></ns1:author><ns1:author pattern="Record"><ns1:personname pattern="Record"><ns1:firstname pattern="Field">Matthias</ns1:firstname><ns1:surname pattern="Field">Brantner</ns1:surname></ns1:personname><ns1:personblurb pattern="Container"><ns1:para pattern="Block" structure="Paragraph ">Matthias Brantner is the chief architect of 28msec, a US-based startup that delivers an XQuery in the cloud implementation. He studied Information Systems at the University of Mannheim in Germany from 1999 until 2004. In 2007, he acquired a PhD from the University of Mannheim, based on his research on rewriting declarative query languages. Matthias has published several papers on XML query processing and co-developed one of the first research native XML databases.</ns1:para></ns1:personblurb><ns1:email pattern="Field">matthias.brantner@28msec.com</ns1:email><ns1:affiliation pattern="Record"><ns1:orgname pattern="Block">28msec Inc.</ns1:orgname></ns1:affiliation></ns1:author><ns1:author pattern="Record"><ns1:personname pattern="Record"><ns1:firstname pattern="Field">Dennis</ns1:firstname><ns1:surname pattern="Field">Knochenwefel</ns1:surname></ns1:personname><ns1:personblurb pattern="Container"><ns1:para pattern="Block" structure="Paragraph ">Dennis Knochenwefel is a Software Architect at 28msec Inc. Dennis joined 28msec in 2007 after finishing his combined degree in Business Administration and Computer Science at the University of Mannheim, Germany. Already whilst studying, Dennis was eagerly interested in XML-related technologies like XQuery, XSL, or XPath. He is an "IBM Certified Solution Developer XML 1.1 and Related Technologies" and was awarded a grant from the Karl-Steinbuch-Stipendium in 2006 for implementing an XQuery based XML messaging prototype. Currently, he is a keen developer of 28msec's Sausalito development team implementing the scalable XQuery Web Application server Sausalito.</ns1:para></ns1:personblurb><ns1:email pattern="Field">dennis.knochenwefel@28msec.com</ns1:email><ns1:affiliation pattern="Record"><ns1:orgname pattern="Block">28msec Inc.</ns1:orgname></ns1:affiliation></ns1:author><ns1:legalnotice pattern="Container"><ns1:para pattern="Block" structure="Paragraph ">Copyright Ã&#130;Â© 2006-2010 28msec Inc.</ns1:para></ns1:legalnotice><ns1:keywordset pattern="Table" role="author" structure="List "><ns1:keyword pattern="Field">XQuery</ns1:keyword><ns1:keyword pattern="Field">Design Patterns</ns1:keyword></ns1:keywordset></ns1:info><ns1:section xmlns:ns3="http://www.w3.org/XML/1998/namespace" xml:id="introduction" pattern="HeadedContainer" structure="Section " xreflabel="1"><ns1:title pattern="Block" structure="SectionTitle ">Introduction</ns1:title><!--About Design Patterns--><ns1:para pattern="Block" structure="Paragraph ">During the last decade, design patterns have become increasingly popular as general and reusable solutions to commonly occurring software design problems in the object-oriented community. Nowadays, almost every developed application, component, or API written in an object-oriented language is built using design patterns (e.g. [<ns1:xref linkend="bib01" pattern="Milestone"/>,<ns1:xref linkend="bib02" pattern="Milestone"/>]). Such patterns improve software development in the following perspectives [<ns1:xref linkend="bib03" pattern="Milestone"/>]:<ns1:itemizedlist pattern="Table" structure="List "><ns1:listitem pattern="Container"><ns1:para pattern="Block" structure="Paragraph "><ns1:emphasis pattern="Inline" role="bold">Reusable Software and Design</ns1:emphasis>: Design Patterns are often key drivers to provide better encapsulation and reduce coupling between software components. As a consequence, software exhibiting design patterns is more reusable, flexible, and extensible.</ns1:para></ns1:listitem><ns1:listitem pattern="Container"><ns1:para pattern="Block" structure="Paragraph "><ns1:emphasis pattern="Inline" role="bold">Documentation</ns1:emphasis>: Using the name of a pattern in software documentation allows developers to recognize/remember the structure and design of an API instantly.</ns1:para></ns1:listitem><ns1:listitem pattern="Container"><ns1:para pattern="Block" structure="Paragraph "><ns1:emphasis pattern="Inline" role="bold">Communication and Teaching</ns1:emphasis>: Design patterns constitute a common language to improve the communication between software designers and analysts. Additionally, an established vocabulary eases discussions between developers with a different programming language background.</ns1:para></ns1:listitem></ns1:itemizedlist></ns1:para><!--About Design Patterns in the functional world--><ns1:para pattern="Block" structure="Paragraph ">Although, being widely accepted and applied within the object-oriented community, design patterns have rarely been evaluated outside of this community. For example, in the functional world they have never been evaluated on a complex application programming level. In "Functional Logic Design Patterns" [<ns1:xref linkend="bib05" pattern="Milestone"/>] design patterns have been evaluated within a functional language to solve specific problems on a very low level; whereas [<ns1:xref linkend="bib06" pattern="Milestone"/>] discusses on a meta level. From this perspective, the fear of Tom DeMarco from 1996 has been proven reasonable:<ns1:blockquote pattern="Container"><ns1:para pattern="Block" structure="Paragraph ">"Because Design Patterns bills itself as being concerned with object oriented software alone, I fear that software developers outside the object community may ignore it. This would be a shame. [...] All software designers use patterns; understanding better the reusable abstractions of our work can only make us better at it." [<ns1:xref linkend="bib04" pattern="Milestone"/>]</ns1:para></ns1:blockquote></ns1:para><!--About XQuery--><ns1:para pattern="Block" structure="Paragraph ">XQuery [<ns1:xref linkend="bib07" pattern="Milestone"/>] -- a functional and declarative language -- has been designed by the World Wide Web Consortium as a general purpose XML processing language, useful in a variety of architectures and environments. Although, in the beginning, XQuery was mainly used to query XML data within database systems (e.g. [<ns1:xref linkend="bib20" pattern="Milestone"/>]), it has more and more become a complete application programming language. One such scenario in which XQuery is used as a full-fledged programming language is called the end-to-end XML architecture. In such an architecture, XML is the primary form in which information is stored and processed. This information is persistent across successive invocations of programs, and XQuery is the primary language for accessing this information for search, filter, transform, update, and for writing more complex application workflows. Moreover, in such programs, XQuery has also become fluent with web entities such as web services, Atom, JSON, HTTP messages, and common authentication techniques such as OpenID or OAuth. Together with its extension specifications XQuery Update [<ns1:xref linkend="bib11" pattern="Milestone"/>], XQuery Scripting [<ns1:xref linkend="bib12" pattern="Milestone"/>], and XQuery Full Text [<ns1:xref linkend="bib13" pattern="Milestone"/>], XQuery nowadays plays in the same league as general purpose programming languages such as Java, Python, or Ruby while keeping its edge in terms of expressiveness and first-class support for dealing with web resources.</ns1:para><!--Large Scale Applications Symptoms--><ns1:para pattern="Block" structure="Paragraph ">Overall, these recent changes are directly related to the growth of complex XQuery applications [<ns1:xref linkend="bib14" pattern="Milestone"/>]. One example of such an application is developed by a customer of the company the authors work for. This application is an Enterprise Resource Planning (ERP) application entirely written in XQuery on top of the Sausalito Web Application Server [<ns1:xref linkend="bib15" pattern="Milestone"/>]. This application consists of 28.000 lines of XQuery code implemented in 135 XQuery modules. By auditing this application, we found common symptoms in both the codebase and the development processes:<ns1:itemizedlist pattern="Table" structure="List "><ns1:listitem pattern="Container"><ns1:para pattern="Block" structure="Paragraph ">Modules have strong coupling between each other. They are based on complex collaborations that are reducing their reusability in other frameworks or applications. In most cases, extending or composing a module would require intrusive code refactoring.</ns1:para></ns1:listitem><ns1:listitem pattern="Container"><ns1:para pattern="Block" structure="Paragraph ">Some recurring structural designs are referred to using a different vocabulary. Even though they can be looked at as identical from an abstract point of view. This increases the entry barrier into the codebase significantly.</ns1:para></ns1:listitem></ns1:itemizedlist></ns1:para><!--Contribution--><ns1:para pattern="Block" structure="Paragraph ">As described at the beginning of this section, such problems have been solved in the object-oriented community by developing and applying design patterns. Encouraged by this observation, we decided to start using design patterns to overcome the misfits described above. Besides motivating the use of design patterns for XQuery, the contributions of this paper are (1) to identify misfits in a real-world application and (2) to show how these misfits can be remedied by using design patterns. Specifically, we present four design patterns and describe how each of them solves one specific design problem in our (running) example application.</ns1:para><!--Structure of the paper--><ns1:para pattern="Block" structure="Paragraph ">The remainder of this paper is structured as follows. In Section<ns1:xref linkend="application" pattern="Milestone"/>, we describe the use cases for our running example. This example will be used to point out design problems that exist in real world applications. In each of the following four sections (i.e. Sections<ns1:xref linkend="cor" pattern="Milestone"/>,<ns1:xref linkend="pm" pattern="Milestone"/>,<ns1:xref linkend="strategy" pattern="Milestone"/>, and<ns1:xref linkend="observer" pattern="Milestone"/>), we present one design pattern to solve one of the identified design problems. Section<ns1:xref linkend="conclusion" pattern="Milestone"/>concludes the paper and gives an outlook on future work.</ns1:para></ns1:section><ns1:section xmlns:ns3="http://www.w3.org/XML/1998/namespace" xml:id="application" pattern="HeadedContainer" structure="Section " xreflabel="2"><ns1:title pattern="Block" structure="SectionTitle ">Running Example: An AtomPub Application</ns1:title><ns1:para pattern="Block" structure="Paragraph ">The Atom Publishing Protocol (AtomPub; see<ns1:xref linkend="bib16" pattern="Milestone"/>) is an HTTP-based protocol for creating and updating resources on the web. Lately, it became widely used to implement APIs for cloud services. The most prominent example is probably the Google Data Protocol<ns1:footnote pattern="Popup" structure="Footnote "><ns1:para pattern="Block" structure="Paragraph ">Google Data Protocol:<ns1:link xmlns:ns2="http://www.w3.org/1999/xlink" ns2:actuate="onRequest" ns2:show="new" ns2:type="simple" pattern="Inline">http://code.google.com/apis/gdata/docs/developers-guide.html</ns1:link>.</ns1:para></ns1:footnote>. AtomPub is built up on the Atom Syndication Format which is an XML representation of arbitrary collection of resources (e.g. web feeds). Hence, XQuery is a natural fit for implementing AtomPub-based (cloud) services.</ns1:para><ns1:para pattern="Block" structure="Paragraph ">We use an AtomPub application in order to present design patterns for XQuery. This application is particularly well-suited for many (common) patterns because most of it's components need to be reusable by other components of the application. Moreover, leveraging existing libraries (e.g. for HTTP communication and authentication) requires some careful design decisions to be made. Essentially, the AtomPub application consists of two major components: a client and a server. The client is an XQuery application which should implement the following two basic use cases:<ns1:itemizedlist pattern="Table" structure="List "><ns1:listitem pattern="Container"><ns1:para pattern="Block" structure="Paragraph "><ns1:emphasis pattern="Inline" role="bold">Use Case 1:</ns1:emphasis>Send an HTTP request to create an Atom entry.</ns1:para></ns1:listitem><ns1:listitem pattern="Container"><ns1:para pattern="Block" structure="Paragraph "><ns1:emphasis pattern="Inline" role="bold">Use Case 2:</ns1:emphasis>Send an HTTP request to retrieve a particular Atom entry. The resulting entry should be transformed into HTML.</ns1:para></ns1:listitem></ns1:itemizedlist>The server is an application which is running within an XQuery-enabled application server. That is, its functions are triggered by HTTP requests. Those functions have access to the content of the HTTP request using a (HTTP) module provided by the application server. The server acts as a counterpart to the client requests. Specifically, it should be able to accomplish the following two use cases:<ns1:itemizedlist pattern="Table" structure="List "><ns1:listitem pattern="Container"><ns1:para pattern="Block" structure="Paragraph "><ns1:emphasis pattern="Inline" role="bold">Use Case 3:</ns1:emphasis>Receive an AtomPub entry and store it. It should be possible to store entries in arbitrary locations such as the file system or XQuery collections.</ns1:para></ns1:listitem><ns1:listitem pattern="Container"><ns1:para pattern="Block" structure="Paragraph "><ns1:emphasis pattern="Inline" role="bold">Use Case 4:</ns1:emphasis>Post a message on Twitter for each entry created in Use Case 3.</ns1:para></ns1:listitem></ns1:itemizedlist></ns1:para><ns1:para pattern="Block" structure="Paragraph ">In the next sections of the paper, we show how the design challenges of implementing the described use cases can be solved leveraging design patterns. We start with Use Cases 1 and 2 of the client in Sections<ns1:xref linkend="cor" pattern="Milestone"/>and<ns1:xref linkend="pm" pattern="Milestone"/>, respectively. After this, Sections<ns1:xref linkend="strategy" pattern="Milestone"/>and<ns1:xref linkend="observer" pattern="Milestone"/>describe the design and implementation of Use Cases 3 and 4. The following table depicts the mapping of use cases, sections, required XQuery features, and the names of the pattern that is used to implement the feature in question.<ns1:table border="1" pattern="Container"><ns1:caption pattern="Container"><ns1:para pattern="Block" structure="Paragraph ">Mapping between use cases, sections, patterns, and required XQuery features.</ns1:para></ns1:caption><ns1:col align="center" pattern="Meta" span="1" valign="top" width="15%"/><ns1:col align="center" pattern="Meta" span="1" valign="top" width="10%"/><ns1:col align="center" pattern="Meta" span="1" valign="top"/><ns1:col align="center" pattern="Meta" span="1" valign="top"/><ns1:col align="left" pattern="Meta" span="1" valign="top"/><ns1:thead pattern="Container"><ns1:tr pattern="Table" structure="List " valign="top"><ns1:th pattern="Field"/><ns1:th pattern="Field">Section</ns1:th><ns1:th pattern="Field">Pattern Name</ns1:th><ns1:th pattern="Field">Language</ns1:th><ns1:th pattern="Field">Description</ns1:th></ns1:tr></ns1:thead><ns1:tbody pattern="Table" structure="Table "><ns1:tr pattern="Table"><ns1:td pattern="Block">Use Case 1</ns1:td><ns1:td pattern="Block"><ns1:xref linkend="cor" pattern="Milestone"/></ns1:td><ns1:td pattern="Block">Chain of Responsibility</ns1:td><ns1:td pattern="Block">XQuery 1.0</ns1:td><ns1:td pattern="Block">Send an HTTP request to create an Atom entry.</ns1:td></ns1:tr><ns1:tr pattern="Table"><ns1:td pattern="Block">Use Case 2</ns1:td><ns1:td pattern="Block"><ns1:xref linkend="pm" pattern="Milestone"/></ns1:td><ns1:td pattern="Block">Translator</ns1:td><ns1:td pattern="Block">XQuery 1.1</ns1:td><ns1:td pattern="Block">Transforms an Atom entry to XHTML.</ns1:td></ns1:tr><ns1:tr pattern="Table"><ns1:td pattern="Block">Use Case 3</ns1:td><ns1:td pattern="Block"><ns1:xref linkend="strategy" pattern="Milestone"/></ns1:td><ns1:td pattern="Block">Strategy</ns1:td><ns1:td pattern="Block">XQuery 1.1</ns1:td><ns1:td pattern="Block">Store an Atom entry on the server.</ns1:td></ns1:tr><ns1:tr pattern="Table"><ns1:td pattern="Block">Use Case 4</ns1:td><ns1:td pattern="Block"><ns1:xref linkend="observer" pattern="Milestone"/></ns1:td><ns1:td pattern="Block">Observer</ns1:td><ns1:td pattern="Block">XQuery 1.1 + Scripting</ns1:td><ns1:td pattern="Block">Advertise new Atom entries on Twitter.</ns1:td></ns1:tr></ns1:tbody></ns1:table></ns1:para><ns1:para pattern="Block" structure="Paragraph ">The XQuery application can be downloaded from<ns1:link xmlns:ns2="http://www.w3.org/1999/xlink" ns2:actuate="onRequest" ns2:show="new" ns2:type="simple" pattern="Inline">http://patterns.28msec.com</ns1:link>. Each use case is ready to be executed, i.e. the package contains one XQuery main module for each use case.<ns1:footnote pattern="Popup" structure="Footnote "><ns1:para pattern="Block" structure="Paragraph ">Please note that the implementation requires features that might not be present in every XQuery processor (i.e.\ XQuery Scripting, Function Items, and File module). For example, the latest SVN revision (&gt; 8071) of the Zorba XQuery Processor (<ns1:link xmlns:ns2="http://www.w3.org/1999/xlink" ns2:actuate="onRequest" ns2:show="new" ns2:type="simple" pattern="Inline">http://www.zorba-xquery.com</ns1:link>) is capable of running all examples.</ns1:para></ns1:footnote></ns1:para></ns1:section><ns1:section xmlns:ns3="http://www.w3.org/XML/1998/namespace" xml:id="cor" pattern="HeadedContainer" structure="Section " xreflabel="3"><ns1:title pattern="Block" structure="SectionTitle ">Chain of Responsibility</ns1:title><ns1:para pattern="Block" structure="Paragraph ">In this section, we discuss the implementation of Use Case 1. That is, we want to develop an XQuery program that publishes an Atom entry to an AtomPub enabled server. Since not everybody is allowed to publish an entry, the AtomPub server requires authentication using the basic HTTP authentication mechanism. The AtomPub protocol specifies that an entry is published by sending an HTTP POST request to the server. The payload of this request contains the entry to be published. The basic HTTP authentication requires the username and password to be part of the HTTP-Header.</ns1:para><ns1:para pattern="Block" structure="Paragraph ">For making HTTP calls in an XQuery program, we decided to rely on the (de-facto standard) EXPath HTTP Client (see<ns1:xref linkend="bib17" pattern="Milestone"/>). This HTTP Client works by passing an XDM element describing the request to a function called<ns1:code pattern="Atom">send-request</ns1:code>. For example, a program that is sending a HTTP GET request to<ns1:link xmlns:ns2="http://www.w3.org/1999/xlink" ns2:actuate="onRequest" ns2:show="new" ns2:type="simple" pattern="Inline">http://www.example.com</ns1:link>could look as follows:<ns1:programlisting xml:space="preserve" pattern="Block">http-client:send-request( &lt;http:request href="http://www.example.com/" method="GET" /&gt; )</ns1:programlisting></ns1:para><ns1:para pattern="Block" structure="Paragraph ">In order to implement our first use case, the AtomPub client could be implemented with a hard wired dependency between the module that is responsible for configuring and sending the HTTP request and the module responsible for the authentication. However, this would clearly make the AtomPub client less flexible and reusable in other scenarios. For example, changing the authentication mechanism to something like OAuth or OpenID would require intrusive changes to the AtomPub module or would result in another highly redundant codebase.</ns1:para><ns1:para pattern="Block" structure="Paragraph ">To improve the flexibility and reusability of our application, we specify the following two design requirements. The AtomPub client should be decoupled from<ns1:itemizedlist pattern="Table" structure="List "><ns1:listitem pattern="Container"><ns1:para pattern="Block" structure="Paragraph ">any authentication mechanism it may collaborate with at runtime.</ns1:para></ns1:listitem><ns1:listitem pattern="Container"><ns1:para pattern="Block" structure="Paragraph ">a particular implementation of the transport layer, i.e. the HTTP client.</ns1:para></ns1:listitem></ns1:itemizedlist></ns1:para><ns1:para pattern="Block" structure="Paragraph ">In order to meet these requirements, we have designed the AtomPub client using the Chain of Responsibility pattern [<ns1:xref linkend="bib03" pattern="Milestone"/>]. The intent of this pattern is as follows:<ns1:blockquote pattern="Container"><ns1:para pattern="Block" structure="Paragraph ">Reduce coupling between different modules by moving nested dependencies outside of a module and integrate dependent functions consecutively into a chain. Pass an item along the chain and give each of these functions the chance to manipulate or process the item.</ns1:para></ns1:blockquote></ns1:para><ns1:section pattern="HeadedContainer" structure="Section "><ns1:title pattern="Block" structure="SectionTitle ">Description</ns1:title><ns1:para pattern="Block" structure="Paragraph ">Applying the Chain of Responsibility to our use case results in making a separation between the code that is responsible for sending the request and each of the functions configuring the request (i.e. setup the request for AtomPub and putting authentication information in the request). In order to do so, we identify the following participants (also see Fig.<ns1:xref linkend="cor-structure" pattern="Milestone"/>):<ns1:itemizedlist pattern="Table" structure="List "><ns1:listitem pattern="Container"><ns1:para pattern="Block" structure="Paragraph "><ns1:emphasis pattern="Inline" role="bold">Request:</ns1:emphasis>The XDM instance representation of an HTTP request.</ns1:para></ns1:listitem><ns1:listitem pattern="Container"><ns1:para pattern="Block" structure="Paragraph "><ns1:emphasis pattern="Inline" role="bold">Handler:</ns1:emphasis>Function in the chain which is configuring or processing the request instance.</ns1:para></ns1:listitem><ns1:listitem pattern="Container"><ns1:para pattern="Block" structure="Paragraph "><ns1:emphasis pattern="Inline" role="bold">Client:</ns1:emphasis>Initiates the request, passes it to each function in the chain, and returns the result.</ns1:para></ns1:listitem></ns1:itemizedlist></ns1:para><ns1:para pattern="Block" structure="Paragraph ">Spreading the functionality among the three participants allows us to easily rewrite the client, for example to use a different authentication strategy. In particular, we avoid that different library modules "know about" each other, i.e. they are not imported into each other.</ns1:para><ns1:figure floatstyle="1" xml:id="cor-structure" pattern="Container" xreflabel="1"><ns1:mediaobject pattern="Container" structure="FigureBox "><ns1:imageobject pattern="Container"><ns1:imagedata fileref="../../../vol5/graphics/Candillon01/Candillon01-001.png" format="png" pattern="Meta" structure="Figure "/></ns1:imageobject><ns1:caption pattern="Container"><ns1:para pattern="Block" structure="Paragraph ">Structure of the Chain of Responsibility.</ns1:para></ns1:caption></ns1:mediaobject></ns1:figure></ns1:section><ns1:section pattern="HeadedContainer" structure="Section "><ns1:title pattern="Block" structure="SectionTitle ">Implementation</ns1:title><ns1:para pattern="Block" structure="Paragraph ">In this section, we describe one possible implementation of our use case by applying the Chain of Responsibility pattern.<ns1:footnote pattern="Popup" structure="Footnote "><ns1:para pattern="Block" structure="Paragraph ">The code presented in this section can be found within<ns1:emphasis pattern="Inline" role="ital">AtomPub/chain_of_responsibility.xq</ns1:emphasis>.</ns1:para></ns1:footnote></ns1:para><ns1:para pattern="Block" structure="Paragraph ">First, we start with a description of the implementation of the client which is implemented in a function called<ns1:code pattern="Atom">local:post-entry</ns1:code>. After this, we describe the two functions<ns1:code pattern="Atom">atompub-client:post</ns1:code>and<ns1:code pattern="Atom">http-auth:basic</ns1:code>. Each of these functions takes as first parameter the request item which is prepared in the body of each function.<ns1:programlisting xml:space="preserve" pattern="Block">(: : This function initializes the HTTP request, passes it to three : chained functions (atompub-client:post, http-auth:basic, and : httpclient:send-request), and returns the result of the last : invoked function. :) declare sequential function local:post-entry() as item()* { (: Initialize the request :) declare $request := validate { &lt;http:request href="http://atompubtest.my28msec.com/blog/feed" method="GET" /&gt; }; (: Update the request according to the AtomPub protocol : $local:entry is the Atom entry to be sent :) atompub-client:post($request, $local:entry); (: Basic HTTP Authentication. :) http-auth:basic($request, "Username", "Password"); (: Finally, send the request to the AtomPub server :) http-client:send-request($request); };</ns1:programlisting></ns1:para><ns1:para pattern="Block" structure="Paragraph ">In the code snippet above, the HTTP request element (<ns1:code pattern="Atom">$request</ns1:code>) is declared and initialized containing the URL of the AtomPub server. This element is passed along the chain of functions<ns1:code pattern="Atom">atompub-client:post</ns1:code>and<ns1:code pattern="Atom">http-auth:basic</ns1:code>ending up in a call to the<ns1:code pattern="Atom">http-client:send-request()</ns1:code>function. The latter function takes over the responsibility of executing the request.<ns1:programlisting xml:space="preserve" pattern="Block">(: : AtomPub POST handler. : Update the HTTP request according to the : AtomPub protocol specification. :) declare updating function atompub-client:post( $request as schema-element(http:request), $entry as schema-element(atom:entry)) { replace value of node $request/@method with "POST", insert node &lt;http:body media-type="application/xml" method="xml"&gt;{$entry}&lt;/http:body&gt; as last into $request };</ns1:programlisting></ns1:para><ns1:para pattern="Block" structure="Paragraph ">The function<ns1:code pattern="Atom">atompub-client:post()</ns1:code>"massages" the request item (using XQuery update) according to the AtomPub specification. Specifically, this function makes sure that the HTTP request method is set to POST. Moreover, it configures the body of the HTTP request to contain the entry to be published.</ns1:para><ns1:para pattern="Block" structure="Paragraph ">After that, the<ns1:code pattern="Atom">http-auth:basic()</ns1:code>function adds username and password attributes to the request and sets the authentication method to<ns1:code pattern="Atom">basic</ns1:code>.<ns1:programlisting xml:space="preserve" pattern="Block">(: : Basic HTTP Auth handler. : Update the HTTP request according to the : basic HTTP authentication specification. :) declare updating function http-auth:basic( $request as schema-element(http:request), $username as xs:string, $password as xs:string) { insert node (attribute username { $username }, attribute password { $password }, attribute auth-method { "basic" }) into $request };</ns1:programlisting></ns1:para></ns1:section><ns1:section pattern="HeadedContainer" structure="Section "><ns1:title pattern="Block" structure="SectionTitle ">Implementation Considerations</ns1:title><ns1:para pattern="Block" structure="Paragraph ">In the implementation presented in the last section, we made some decisions in order to make the essence of the paper easier to understand and improve the readability of the code. Neither are these decisions mandatory for implementing Chain of Responsibility nor might they be optimal. Therefore this pattern can be implemented in XQuery 1.0. In this section, we discuss some alternative implementation aspects.<ns1:itemizedlist pattern="Table" structure="List "><ns1:listitem pattern="Container"><ns1:para pattern="Block" structure="Paragraph "><ns1:emphasis pattern="Inline" role="bold">Consideration 1:</ns1:emphasis>The implementation of the client, chains the participating functions using XQuery Scripting. However, there are many ways to implement the chaining. For example, the chain could be implemented using Continuation Passing Style or by using a sequence of function items which are executed consecutively.</ns1:para></ns1:listitem><ns1:listitem pattern="Container"><ns1:para pattern="Block" structure="Paragraph "><ns1:emphasis pattern="Inline" role="bold">Consideration 2:</ns1:emphasis>Another decision that we took in order to make the code more crisp is to implement the participating functions (i.e.<ns1:code pattern="Atom">atompub-client:post</ns1:code>and<ns1:code pattern="Atom">http-auth:basic</ns1:code>) using the XQuery Update Facility. Alternative implementations could copy and transform the request element and return it as a result of the function. In this case, the client needs to make sure that the returned element is passed as an argument to the next function.</ns1:para></ns1:listitem></ns1:itemizedlist></ns1:para></ns1:section><ns1:section pattern="HeadedContainer" structure="Section "><ns1:title pattern="Block" structure="SectionTitle ">Conclusion</ns1:title><ns1:para pattern="Block" structure="Paragraph ">The Chain of Responsibility helped us to improve the flexibility and reusability of the modules involved to implement Use Case 1. As a result, we gained the following:<ns1:itemizedlist pattern="Table" structure="List "><ns1:listitem pattern="Container"><ns1:para pattern="Block" structure="Paragraph "><ns1:emphasis pattern="Inline" role="bold">Reduced coupling:</ns1:emphasis>The AtomPub client has been decoupled from the HTTP Client and other optional modules such as HTTP authentication, OAuth Client, or OpenID.</ns1:para></ns1:listitem><ns1:listitem pattern="Container"><ns1:para pattern="Block" structure="Paragraph "><ns1:emphasis pattern="Inline" role="bold">Added flexibility:</ns1:emphasis>Any function in the chain can configure the request or even take over the responsibility to process the request. More than that, the code can effortlessly be reused in a different setting. For example, a different authentication method could be used by replacing the<ns1:code pattern="Atom">http-auth:basic()</ns1:code>function with an appropriate function from a different authentication module.</ns1:para></ns1:listitem></ns1:itemizedlist></ns1:para><ns1:para pattern="Block" structure="Paragraph ">Use Chain of Responsibility if<ns1:itemizedlist pattern="Table" structure="List "><ns1:listitem pattern="Container"><ns1:para pattern="Block" structure="Paragraph ">an execution process can be abstracted in a configurable XDM item, e.g. a request.</ns1:para></ns1:listitem><ns1:listitem pattern="Container"><ns1:para pattern="Block" structure="Paragraph ">an execution process can be divided into different responsibilities.</ns1:para></ns1:listitem><ns1:listitem pattern="Container"><ns1:para pattern="Block" structure="Paragraph ">different configuration settings can be freely combined.</ns1:para></ns1:listitem><ns1:listitem pattern="Container"><ns1:para pattern="Block" structure="Paragraph ">you want to issue a request to one of several functions without specifying the receiver explicitly.</ns1:para></ns1:listitem></ns1:itemizedlist></ns1:para></ns1:section></ns1:section><ns1:section xmlns:ns3="http://www.w3.org/XML/1998/namespace" xml:id="pm" pattern="HeadedContainer" structure="Section " xreflabel="4"><ns1:title pattern="Block" structure="SectionTitle ">Translator</ns1:title><ns1:para pattern="Block" structure="Paragraph ">In this section, we present the accomplishment of Use Case 2 (see Sec.<ns1:xref linkend="application" pattern="Milestone"/>): retrieving an Atom feed and rendering it as an HTML page. Thanks to XQuery's expressiveness to deal with XML data, transforming an Atom feed into an HTML page is a straightforward operation. For example, one could easily come up with a function as follows:<ns1:programlisting xml:space="preserve" pattern="Block">declare function to-xhtml:get-feed( $feed as schema-element(atom:feed)) as element(xhtml:html) { let $title := $feed/atom:title return &lt;html xmlns="http://www.w3.org/1999/xhtml"&gt; &lt;head&gt; &lt;title&gt;{$title}&lt;/title&gt; &lt;/head&gt; &lt;body&gt; &lt;h1&gt;{$title}&lt;/h1&gt; {for $entry in $feed/atom:entry return to-xhtml:get-entry($entry)} &lt;/body&gt; &lt;/html&gt; };</ns1:programlisting>However, on the web, most feeds contain heterogeneous data (i.e. they contain elements from multiple different namespaces). The most prominent examples are Google's or Twitter's extensions (see<ns1:link xmlns:ns2="http://www.w3.org/1999/xlink" ns2:actuate="onRequest" ns2:href="http://tinyurl.com/gdata-format" ns2:show="new" ns2:type="simple" pattern="Inline">http://tinyurl.com/gdata-format</ns1:link>and<ns1:link xmlns:ns2="http://www.w3.org/1999/xlink" ns2:actuate="onRequest" ns2:href="http://tinyurl.com/twitter-format" ns2:show="new" ns2:type="simple" pattern="Inline">http://tinyurl.com/twitter-format</ns1:link>). Another example is shown in the following feed that contains instances of the GeoRSS Application Schema.<ns1:programlisting xml:space="preserve" pattern="Block">&lt;?xml version="1.0" encoding="utf-8"?&gt; &lt;feed xmlns="http://www.w3.org/2005/Atom" xmlns:georss="http://www.georss.org/georss"&gt; &lt;title&gt;Where is Waldo?&lt;/title&gt; &lt;link href="http://example.org/"/&gt; &lt;entry&gt; &lt;title&gt;Caecilienstrasse 5, 8032 Zurich, Switzerland&lt;/title&gt; &lt;link href="http://example.org/2009/09/09/atom01"/&gt; &lt;updated&gt;2009-08-17T07:02:32Z&lt;/updated&gt; &lt;georss:point&gt;45.256 -71.92&lt;/georss:point&gt; &lt;/entry&gt; &lt;/feed&gt;</ns1:programlisting></ns1:para><ns1:para pattern="Block" structure="Paragraph ">Usually, the information contained in such feeds should be converted into HTML as well. Obviously, one could extend the<ns1:code pattern="Atom">get-feed</ns1:code>function above by incorporating nested loops over elements in different namespaces. However, this is not desirable for several reasons:<ns1:itemizedlist pattern="Table" structure="List "><ns1:listitem pattern="Container"><ns1:para pattern="Block" structure="Paragraph ">Having to transform a large number of heterogeneous elements will usually lead to ''spaghetti code''.</ns1:para></ns1:listitem><ns1:listitem pattern="Container"><ns1:para pattern="Block" structure="Paragraph ">Interweaved code lowers the reusability.</ns1:para></ns1:listitem><ns1:listitem pattern="Container"><ns1:para pattern="Block" structure="Paragraph ">The structure of a feed (i.e. which namespaces are actually contained in a feed), might not be known in advance.</ns1:para></ns1:listitem></ns1:itemizedlist>For those reasons, it's clearly favorable to have ''ravioli code'', i.e. code that consists of loosely coupled components. Therefore, we have used the design pattern named Translator to implement Use Case 2<ns1:xref linkend="bib19" pattern="Milestone"/>. This pattern describes a functional organization that keeps the transformation functions loosely coupled. The ultimate goal of Translator is to bring the modular XSLT stylesheet paradigm into XQuery. The intent of Translator is defined as follows:<ns1:blockquote pattern="Container"><ns1:para pattern="Block" structure="Paragraph ">Separate interpretations of heterogeneous elements<ns1:xref linkend="bib19" pattern="Milestone"/>. Translator brings XSLT programming paradigm into XQuery.</ns1:para></ns1:blockquote></ns1:para><ns1:section pattern="HeadedContainer" structure="Section "><ns1:title pattern="Block" structure="SectionTitle ">Description</ns1:title><ns1:para pattern="Block" structure="Paragraph ">Since the goal of Translator is to bring the XSLT programming paradigm into XQuery, the participants involved in this pattern have the same names and also have a similar semantics as their complements in XSLT. The participants involved are the following:<ns1:itemizedlist pattern="Table" structure="List "><ns1:listitem pattern="Container"><ns1:para pattern="Block" structure="Paragraph "><ns1:emphasis pattern="Inline" role="bold"><ns1:code pattern="Atom">apply</ns1:code>function:</ns1:emphasis>The<ns1:code pattern="Atom">apply</ns1:code>function contains the code that does the transformation of an XDM instance if the<ns1:code pattern="Atom">match</ns1:code>function returned true. The parameters of the<ns1:code pattern="Atom">apply</ns1:code>function are: (1) The XDM instance to transform, (2) the<ns1:code pattern="Atom">transform</ns1:code>function itself, and (3) the templates involved in the process.</ns1:para></ns1:listitem><ns1:listitem pattern="Container"><ns1:para pattern="Block" structure="Paragraph "><ns1:emphasis pattern="Inline" role="bold"><ns1:code pattern="Atom">match</ns1:code>function:</ns1:emphasis>This function decides whether an according<ns1:code pattern="Atom">apply</ns1:code>function should be executed given a selected XDM instance.</ns1:para></ns1:listitem><ns1:listitem pattern="Container"><ns1:para pattern="Block" structure="Paragraph "><ns1:emphasis pattern="Inline" role="bold"><ns1:code pattern="Atom">transform</ns1:code>function:</ns1:emphasis>The<ns1:code pattern="Atom">transform</ns1:code>function is driving the transformation process (i.e. calling<ns1:code pattern="Atom">match</ns1:code>and<ns1:code pattern="Atom">apply</ns1:code>. It is invoked by the client.</ns1:para></ns1:listitem><ns1:listitem pattern="Container"><ns1:para pattern="Block" structure="Paragraph "><ns1:emphasis pattern="Inline" role="bold">Template:</ns1:emphasis>A template is a sequence of two function items. The first item is representing the<ns1:code pattern="Atom">match</ns1:code>and the second<ns1:code pattern="Atom">apply</ns1:code>function, respectively.</ns1:para></ns1:listitem><ns1:listitem pattern="Container"><ns1:para pattern="Block" structure="Paragraph "><ns1:emphasis pattern="Inline" role="bold">Client:</ns1:emphasis>The client invokes the<ns1:code pattern="Atom">transform</ns1:code>function by providing the XDM instance to be transformed and a sequence of templates.</ns1:para></ns1:listitem></ns1:itemizedlist></ns1:para><ns1:para pattern="Block" structure="Paragraph ">Figure<ns1:xref linkend="pm-structure" pattern="Milestone"/>shows the dependencies between the participants for Translator applied to the GeoRSS example describe in the previous section. The figure illustrates that (1) only the Atom templates (<ns1:code pattern="Atom">apply</ns1:code>and<ns1:code pattern="Atom">match</ns1:code>for Atom feeds and entries) need to know the Atom schema, (2) the template responsible for transforming GeoRSS only knows the GeoRSS schema, and (3) the<ns1:code pattern="Atom">transform</ns1:code>function orchestrates the transformation process by invoking the function items of the templates.</ns1:para><ns1:figure floatstyle="1" xml:id="pm-structure" pattern="Container" xreflabel="2"><ns1:mediaobject pattern="Container" structure="FigureBox "><ns1:imageobject pattern="Container"><ns1:imagedata fileref="../../../vol5/graphics/Candillon01/Candillon01-002.png" format="png" pattern="Meta" structure="Figure "/></ns1:imageobject><ns1:caption pattern="Container"><ns1:para pattern="Block" structure="Paragraph ">Structure of Translator.</ns1:para></ns1:caption></ns1:mediaobject></ns1:figure><ns1:para pattern="Block" structure="Paragraph ">Figure<ns1:xref linkend="pm-collaborations" pattern="Milestone"/>depicts this orchestration of the translation process. The client invokes the<ns1:code pattern="Atom">transform</ns1:code>function passing the XDM instance and the templates as parameters. For each template, the<ns1:code pattern="Atom">transform</ns1:code>function first executes the<ns1:code pattern="Atom">match</ns1:code>function passing the current XDM instance as parameter. If the result of the invocation of<ns1:code pattern="Atom">match</ns1:code>is true, then the<ns1:code pattern="Atom">apply</ns1:code>function is invoked on this instance. Please note that the<ns1:code pattern="Atom">apply</ns1:code>function itself may repeatably invoke the<ns1:code pattern="Atom">transform</ns1:code>function to further transform nested structures.</ns1:para><ns1:figure floatstyle="1" xml:id="pm-collaborations" pattern="Container" xreflabel="3"><ns1:mediaobject pattern="Container" structure="FigureBox "><ns1:imageobject pattern="Container"><ns1:imagedata fileref="../../../vol5/graphics/Candillon01/Candillon01-003.png" format="png" pattern="Meta" structure="Figure "/></ns1:imageobject><ns1:caption pattern="Container"><ns1:para pattern="Block" structure="Paragraph ">Collaborations in Translator.</ns1:para></ns1:caption></ns1:mediaobject></ns1:figure></ns1:section><ns1:section pattern="HeadedContainer" structure="Section "><ns1:title pattern="Block" structure="SectionTitle ">Implementation</ns1:title><ns1:para pattern="Block" structure="Paragraph ">In this section, we describe the implementation of Translator for the GeoRSS-to-HTML transformation (see above).<ns1:footnote pattern="Popup" structure="Footnote "><ns1:para pattern="Block" structure="Paragraph ">You can find the code presented in this section in<ns1:emphasis pattern="Inline" role="ital">AtomPub/translator.xq</ns1:emphasis></ns1:para></ns1:footnote>. We start with a presentation of the<ns1:code pattern="Atom">transform</ns1:code>function which receives the XDM instance to transform (i.e. the Atom feed) and the transformation templates as parameters.<ns1:programlisting xml:space="preserve" pattern="Block">declare function converter:transform( $i as item()*, $templates as function(*)+) as item()* { for $tpl in $templates let $template := $tpl() let $match := $template[1] let $apply := $template[2] return if($match($i)) then $apply($i, converter:transform#2, $templates) else() };</ns1:programlisting></ns1:para><ns1:para pattern="Block" structure="Paragraph ">This function invokes the<ns1:code pattern="Atom">apply</ns1:code>and<ns1:code pattern="Atom">match</ns1:code>functions for all templates. The example application contains templates for Atom feeds, Atom entries, and GeoRSS points. For instance, it contains an<ns1:code pattern="Atom">xhtml-template</ns1:code>module which contains templates to transform Atom feeds and entries into XHTML. Moreover, it contains a module to match and apply GeoRSS points.<ns1:footnote pattern="Popup" structure="Footnote "><ns1:para pattern="Block" structure="Paragraph ">However, the code is not shown in this paper but contained in the example application</ns1:para></ns1:footnote>For example, the Atom module contains two templates each consisting of a<ns1:code pattern="Atom">match</ns1:code>and an<ns1:code pattern="Atom">apply</ns1:code>function:<ns1:itemizedlist pattern="Table" structure="List "><ns1:listitem pattern="Container"><ns1:para pattern="Block" structure="Paragraph ">Atom feed template:<ns1:code pattern="Atom">match-feed</ns1:code>and<ns1:code pattern="Atom">apply-feed</ns1:code>functions.</ns1:para></ns1:listitem><ns1:listitem pattern="Container"><ns1:para pattern="Block" structure="Paragraph ">Atom entry template:<ns1:code pattern="Atom">match-entry</ns1:code>and<ns1:code pattern="Atom">apply-entry</ns1:code>functions.</ns1:para></ns1:listitem></ns1:itemizedlist></ns1:para><ns1:para pattern="Block" structure="Paragraph ">The functions<ns1:code pattern="Atom">match-feed</ns1:code>and<ns1:code pattern="Atom">match-entry</ns1:code>are respectively checking if the XDM instance is an Atom feed or entry.<ns1:programlisting xml:space="preserve" pattern="Block">declare function html-templates:match-feed($item) as xs:boolean { $item instance of schema-element(atom:feed) };</ns1:programlisting><ns1:programlisting xml:space="preserve" pattern="Block">declare function html-templates:match-entry($item) as xs:boolean { $item instance of schema-element(atom:entry) };</ns1:programlisting></ns1:para><ns1:para pattern="Block" structure="Paragraph ">Both of the<ns1:code pattern="Atom">match</ns1:code>functions are associated to<ns1:code pattern="Atom">apply</ns1:code>functions, namely<ns1:code pattern="Atom">apply-feed</ns1:code>and<ns1:code pattern="Atom">apply-entry</ns1:code>. Each of the<ns1:code pattern="Atom">apply</ns1:code>functions shown below is invoking the<ns1:code pattern="Atom">transform</ns1:code>function. More specifically, in<ns1:code pattern="Atom">apply-feed</ns1:code>, the<ns1:code pattern="Atom">transform</ns1:code>function is invoked for each Atom entry in the feed. In<ns1:code pattern="Atom">apply-entry</ns1:code>, the<ns1:code pattern="Atom">transform</ns1:code>function is invoked for all children of an entry. If one of the children is contained in the GeoRSS namespace, it will be transformed by a matching template.<ns1:programlisting xml:space="preserve" pattern="Block">declare function html-templates:apply-feed( $feed as schema-element(atom:feed), $transform as (function(item()*, function(*)+) as item()*), $templates as function(*)+) { &lt;html xmlns="http://www.w3.org/1999/xhtml"&gt; &lt;h1&gt;{$feed/atom:title/text()}&lt;/h1&gt; &lt;div id="entries"&gt;{ for $entry in $feed/atom:entry return $transform($entry, $templates) }&lt;/div&gt; &lt;/html&gt; };</ns1:programlisting><ns1:programlisting xml:space="preserve" pattern="Block">declare function html-templates:apply-entry( $entry as schema-element(atom:entry), $transform as (function(item()*, function(*)+) as item()*), $templates as function(*)+) { &lt;div class="atom:content" xmlns="http://www.w3.org/1999/xhtml"&gt; &lt;h2&gt;{$entry/atom:title/text()}&lt;/h2&gt; &lt;div class="atom:content"&gt; {$entry/atom:content/text()} &lt;/div&gt; {for $child in $entry/* return $transform($child, $templates)} &lt;/div&gt; };</ns1:programlisting></ns1:para><ns1:para pattern="Block" structure="Paragraph ">Finally, the client invokes the<ns1:code pattern="Atom">transform</ns1:code>function for the first time, passing as first argument an instance of an Atom feed to be converted and as second argument the templates as parameters.<ns1:programlisting xml:space="preserve" pattern="Block">(: Display the Atom feed :) let $feed := local:get-feed() return algo:transform($feed, tohtml:get-templates());</ns1:programlisting></ns1:para></ns1:section><ns1:section pattern="HeadedContainer" structure="Section "><ns1:title pattern="Block" structure="SectionTitle ">Implementation Considerations</ns1:title><ns1:para pattern="Block" structure="Paragraph ">In the previous section, we have introduce one possible implementation of Translator. In this section, we consider some alternative implementation aspects.<ns1:itemizedlist pattern="Table" structure="List "><ns1:listitem pattern="Container"><ns1:para pattern="Block" structure="Paragraph "><ns1:emphasis pattern="Inline">Consideration 1:</ns1:emphasis>This pattern is based on functional parametrization therefore XQuery 1.1 is required to implement Translator.</ns1:para></ns1:listitem><ns1:listitem pattern="Container"><ns1:para pattern="Block" structure="Paragraph "><ns1:emphasis pattern="Inline" role="bold">Consideration 2:</ns1:emphasis>The<ns1:code pattern="Atom">transform</ns1:code>function can vary. In our implementation, if the given input hasn't been matched by any template, it stops the process. However, alternative implementation of the<ns1:code pattern="Atom">transform</ns1:code>function may look at the children of the XDM input.</ns1:para></ns1:listitem><ns1:listitem pattern="Container"><ns1:para pattern="Block" structure="Paragraph "><ns1:emphasis pattern="Inline" role="bold">Consideration 3:</ns1:emphasis>If an<ns1:code pattern="Atom">apply</ns1:code>function invokes the<ns1:code pattern="Atom">transform</ns1:code>function, it may invoke it with a different implementation of the<ns1:code pattern="Atom">transform</ns1:code>function than the one received as parameter. The same variation can apply for the templates passed as parameter to the<ns1:code pattern="Atom">transform</ns1:code>function.</ns1:para></ns1:listitem></ns1:itemizedlist></ns1:para></ns1:section><ns1:section pattern="HeadedContainer" structure="Section "><ns1:title pattern="Block" structure="SectionTitle ">Conclusion</ns1:title><ns1:para pattern="Block" structure="Paragraph ">By implementing Use Case 2 (Sec.<ns1:xref linkend="application" pattern="Milestone"/>) using Translator, we have improved the application on the following perspectives:<ns1:itemizedlist pattern="Table" structure="List "><ns1:listitem pattern="Container"><ns1:para pattern="Block" structure="Paragraph ">Independent modules can collaborate easily on the same XDM instance.</ns1:para></ns1:listitem><ns1:listitem pattern="Container"><ns1:para pattern="Block" structure="Paragraph ">Extending transformations is easy. With Translator, templates are loosely coupled. New templates can be introduced without affecting the others.</ns1:para></ns1:listitem></ns1:itemizedlist>In conclusion, use Translator if you want to:<ns1:itemizedlist pattern="Table" structure="List "><ns1:listitem pattern="Container"><ns1:para pattern="Block" structure="Paragraph ">Bring the XSLT programing paradigm to XQuery.</ns1:para></ns1:listitem><ns1:listitem pattern="Container"><ns1:para pattern="Block" structure="Paragraph ">Transform and/or interpret an heterogeneous XML document with a modular partitioning of the function involved.</ns1:para></ns1:listitem></ns1:itemizedlist></ns1:para></ns1:section></ns1:section><ns1:section xmlns:ns3="http://www.w3.org/XML/1998/namespace" xml:id="strategy" pattern="HeadedContainer" structure="Section " xreflabel="5"><ns1:title pattern="Block" structure="SectionTitle ">Strategy</ns1:title><ns1:para pattern="Block" structure="Paragraph ">In this section, we present the design and implementation of parts of the AtomPub server (see Section<ns1:xref linkend="application" pattern="Milestone"/>). Specifically, we discuss the module that is responsible for retrieving and storing and Atom entry posted to the server.</ns1:para><ns1:para pattern="Block" structure="Paragraph ">If an Atom entry is posted to the server, the server must store it and add it to the Atom feed. For example, Feeds can be stored in the file system or in a transaction-enabled XML database (i.e. in XQuery collections backed by the database). Coupling the AtomPub server module to a specific storage module is not desirable for the following reasons:<ns1:itemizedlist pattern="Table" structure="List "><ns1:listitem pattern="Container"><ns1:para pattern="Block" structure="Paragraph ">If the AtomPub server is depending on many storage modules, the code base becomes larger and harder to maintain.</ns1:para></ns1:listitem><ns1:listitem pattern="Container"><ns1:para pattern="Block" structure="Paragraph ">Storage modules often depend on the environment. For example, different databases are available on different platforms.</ns1:para></ns1:listitem></ns1:itemizedlist></ns1:para><ns1:para pattern="Block" structure="Paragraph ">This problem can be solved by encapsulating each available storage algorithm in a function item. Such a particular implementation of a functionality is called a Strategy. The intent of the Strategy Pattern is as follows:<ns1:blockquote pattern="Container"><ns1:para pattern="Block" structure="Paragraph ">Define a family of algorithms, encapsulate each one, and make them interchangeable. Strategy lets the algorithm implementations vary independently from clients that use it. [<ns1:xref linkend="bib03" pattern="Milestone"/>].</ns1:para></ns1:blockquote></ns1:para><ns1:section pattern="HeadedContainer" structure="Section "><ns1:title pattern="Block" structure="SectionTitle ">Description</ns1:title><ns1:para pattern="Block" structure="Paragraph ">In order to implement our use case with the Strategy Pattern, we have to decouple the AtomPub operations from the storage operations. Therefore, we call the AtomPub operations passing a function item encapsulating the storage Strategy as parameter. Strategy defines the following participants (cf.<ns1:xref linkend="bib03" pattern="Milestone"/>):<ns1:itemizedlist pattern="Table" structure="List "><ns1:listitem pattern="Container"><ns1:para pattern="Block" structure="Paragraph "><ns1:emphasis pattern="Inline" role="bold">Strategy:</ns1:emphasis>Interface and functionality implicitly defined by the ContextFunction. This interface applies to all ConcreteStrategy implementations.</ns1:para></ns1:listitem><ns1:listitem pattern="Container"><ns1:para pattern="Block" structure="Paragraph "><ns1:emphasis pattern="Inline" role="bold">ConcreteStrategy:</ns1:emphasis>A specific implementation of a commonly defined Strategy.</ns1:para></ns1:listitem><ns1:listitem pattern="Container"><ns1:para pattern="Block" structure="Paragraph "><ns1:emphasis pattern="Inline" role="bold">ContextFunction:</ns1:emphasis>Is called with a ConcreteStrategy and all required data as parameters. For example, the ContextFunction<ns1:code pattern="Atom">atompub:post</ns1:code>is called with the concrete filesystem storage strategy as parameter.</ns1:para></ns1:listitem><ns1:listitem pattern="Container"><ns1:para pattern="Block" structure="Paragraph "><ns1:emphasis pattern="Inline" role="bold">Context:</ns1:emphasis>Imports a ConcreteStrategy to use and passes it to the ContextFunction as parameter.</ns1:para></ns1:listitem></ns1:itemizedlist></ns1:para><ns1:para pattern="Block" structure="Paragraph ">ContextFunction and ConcreteStrategy interact to implement the Strategy chosen by the server. A ContextFunction may pass all data required to the ConcreteStrategy at runtime. The client creates and passes a ConcreteStrategy to a ContextFunction.</ns1:para><ns1:figure floatstyle="1" xml:id="strategy-motivation" pattern="Container" xreflabel="4"><ns1:mediaobject pattern="Container" structure="FigureBox "><ns1:imageobject pattern="Container"><ns1:imagedata fileref="../../../vol5/graphics/Candillon01/Candillon01-004.png" format="png" pattern="Meta" structure="Figure "/></ns1:imageobject><ns1:caption pattern="Container"><ns1:para pattern="Block" structure="Paragraph ">Structure of the Strategy Pattern.</ns1:para></ns1:caption></ns1:mediaobject></ns1:figure><ns1:para pattern="Block" structure="Paragraph ">In Figure<ns1:xref linkend="strategy-motivation" pattern="Milestone"/>, the<ns1:code pattern="Atom">atompub:post</ns1:code>function is responsible for creating a new Atom entry. The<ns1:code pattern="Atom">create-strategy</ns1:code>argument is a function item that encapsulates the functionality to store an entry. Therefore, it represents a concrete Strategy that stores the entry, for example in a collection. Different concrete storage strategies are implemented within different modules that have no dependencies with the AtomPub server module. For instance, atompub:post could use one of these strategies:<ns1:itemizedlist pattern="Table" structure="List "><ns1:listitem pattern="Container"><ns1:para pattern="Block" structure="Paragraph "><ns1:emphasis pattern="Inline" role="bold">File System Store:</ns1:emphasis>implements the storage of entries on the file system. I/O operations on the file system are based on Zorba file API [<ns1:xref linkend="bib18" pattern="Milestone"/>].</ns1:para></ns1:listitem><ns1:listitem pattern="Container"><ns1:para pattern="Block" structure="Paragraph "><ns1:emphasis pattern="Inline" role="bold">Collection Store:</ns1:emphasis>implements the storage of entries within collections. This implementation is based on the XQuery Data Definition Facility [<ns1:xref linkend="bib11" pattern="Milestone"/>].</ns1:para></ns1:listitem><ns1:listitem pattern="Container"><ns1:para pattern="Block" structure="Paragraph "><ns1:emphasis pattern="Inline" role="bold">REST Store:</ns1:emphasis>implements a remote storage of entries through a REST API. This store is based on EXPath HTTP Client [<ns1:xref linkend="bib17" pattern="Milestone"/>].</ns1:para></ns1:listitem></ns1:itemizedlist></ns1:para><ns1:para pattern="Block" structure="Paragraph ">Whenever the AtomPub server has to retrieve or create data, it forwards the responsibility to the concrete Strategy which is passed as a function argument.</ns1:para></ns1:section><ns1:section pattern="HeadedContainer" structure="Section "><ns1:title pattern="Block" structure="SectionTitle ">Implementation</ns1:title><ns1:para pattern="Block" structure="Paragraph ">Within this section, we describe one possible implementation of the AtomPub server use case using the Strategy pattern<ns1:footnote pattern="Popup" structure="Footnote "><ns1:para pattern="Block" structure="Paragraph ">You can find the code presented in this section in<ns1:emphasis pattern="Inline" role="ital">AtomPub/strategy.xq</ns1:emphasis></ns1:para></ns1:footnote>.</ns1:para><ns1:para pattern="Block" structure="Paragraph ">First, we show how a ConcreteStrategy is chosen and used within the Context, i.e. the main module; in our example application we use the concrete file system storage Strategy. After that, we present the usage of the ConcreteStrategy within the<ns1:code pattern="Atom">atompub:post</ns1:code>ContextFunction. Finally, we will present the concrete implementation of the<ns1:code pattern="Atom">create</ns1:code>algorithm, i.e. a chosen ConcreteStrategy implemented in the<ns1:code pattern="Atom">store:create</ns1:code>function.</ns1:para><ns1:para pattern="Block" structure="Paragraph ">The code listing below shows the main server module which handles an Atom entry posting from a client. By importing the file system store (not shown in the code snippet below) the main module chooses the concrete store strategy. It then calls<ns1:code pattern="Atom">atompub:post</ns1:code>passing<ns1:code pattern="Atom">store:create</ns1:code>as the chosen storage strategy.<ns1:programlisting xml:space="preserve" pattern="Block">(: : Post the entry, the result is the URI of the entry : using store:create#2 as the storage strategy :) let $feed-uri := "http://www.example.org/blog" let $entry-uri := atompub:post($feed-uri, $local:entry, store:create#2) (: Get the newly created entry :) return store:retrieve-entry($entry-uri)</ns1:programlisting></ns1:para><ns1:para pattern="Block" structure="Paragraph ">The ContextFunction<ns1:code pattern="Atom">atompub:post</ns1:code>shown below is processing an Atom entry posted by a client. It takes three parameters: the feed uri, the entry to be aggregated, and the storage strategy. First, the entry is processed. Then it is passed as parameter to the invoked strategy function item.<ns1:programlisting xml:space="preserve" pattern="Block">(: Post an entry :) declare sequential function atompub:post( $feed-uri as xs:string, $entry as schema-element(atom:entry), $create-strategy as (function(xs:string, schema-element(atom:entry)) as item()*) ) as xs:string { (: Prepare the entry :) declare $id := util:uuid(); declare $entry-uri := concat($feed-uri, "/", $id); insert nodes (&lt;atom:id&gt;{$id}&lt;/atom:id&gt;, &lt;atom:link href="{$entry-uri}" rel="self" /&gt;) into $entry; (: Use strategy to store the entry :) $create-strategy($feed-uri, $entry); (: Return the entry URI :) $entry-uri; };</ns1:programlisting></ns1:para><ns1:para pattern="Block" structure="Paragraph ">The common interface of the<ns1:code pattern="Atom">create-strategy</ns1:code>algorithm to create an entry is implicitly defined as<ns1:code pattern="Atom">function(xs:string, schema-element(atom:entry))</ns1:code>. Within XQuery there is no explicit mechanism to define an interface in the manner of an object oriented language like Java. Therefore, one implicit way to define the common interface for the actual Strategy is by definition of the function item parameter within the signature of the ContextFunction.<ns1:programlisting xml:space="preserve" pattern="Block">declare sequential function store:create( $feed-uri as xs:string, $entry as schema-element(atom:entry)) { declare $filename := store:get-filename($feed-uri); declare $meta-feed := validate { fs:read-xml($filename)/atom:feed }; declare $entry-uri := $entry/atom:link[string(@rel) eq "self"]/@href; (: Create the entry in the file system :) fs:write(store:get-filename($entry-uri), $entry, ()); (: Update the feed metadata :) insert node &lt;atom:link href="{$entry-uri}" rel="entry" /&gt; as first into $meta-feed; fs:write($filename, $meta-feed, ()); };</ns1:programlisting>As an example of a concrete implementation of the entry creation strategy we present our sample implementation within the file system store above. The implementation stores the feed metadata in one file and each entry in a separate file. To preserve the order of all contained entries the<ns1:code pattern="Atom">store:create</ns1:code>function has to insert an<ns1:code pattern="Atom">atom:link</ns1:code>element into the feed metadata for each new entry which points to the according entry file.</ns1:para></ns1:section><ns1:section pattern="HeadedContainer" structure="Section "><ns1:title pattern="Block" structure="SectionTitle ">Implementation Considerations</ns1:title><ns1:para pattern="Block" structure="Paragraph ">When implementing the Strategy pattern, the Strategy may be optional [<ns1:xref linkend="bib03" pattern="Milestone"/>]. If no Strategy is provided, we execute the default behavior of the function.</ns1:para><ns1:para pattern="Block" structure="Paragraph ">The Strategy implemented in our use case has side effects: it stores data in the file system. Therefore the use of XQuery Scripting Extension depends on the algorithm implementation that needs to be achieved, not on the Strategy pattern itself.</ns1:para></ns1:section><ns1:section pattern="HeadedContainer" structure="Section "><ns1:title pattern="Block" structure="SectionTitle ">Conclusion</ns1:title><ns1:para pattern="Block" structure="Paragraph ">By adapting the Strategy pattern in our example application we gained the following benefits (cf.<ns1:xref linkend="bib03" pattern="Milestone"/>):<ns1:itemizedlist pattern="Table" structure="List "><ns1:listitem pattern="Container"><ns1:para pattern="Block" structure="Paragraph "><ns1:emphasis pattern="Inline" role="bold">Reduced coupling:</ns1:emphasis>Using Strategy enabled the AtomPub server module to be loosely coupled with any storage module.</ns1:para></ns1:listitem><ns1:listitem pattern="Container"><ns1:para pattern="Block" structure="Paragraph "><ns1:emphasis pattern="Inline" role="bold">Reusability:</ns1:emphasis>All storage modules are defining a family of algorithms for contexts to use and reuse.</ns1:para></ns1:listitem><ns1:listitem pattern="Container"><ns1:para pattern="Block" structure="Paragraph "><ns1:emphasis pattern="Inline" role="bold">Flexibility:</ns1:emphasis>Switching code to a different desired behavior can be done by changing only one import statement.</ns1:para></ns1:listitem></ns1:itemizedlist></ns1:para><ns1:para pattern="Block" structure="Paragraph ">We encourage usage of the Strategy pattern when<ns1:itemizedlist pattern="Table" structure="List "><ns1:listitem pattern="Container"><ns1:para pattern="Block" structure="Paragraph ">you need different implementations of a specific component having a uniform interface. Using Strategies you can simply configure different behaviors.</ns1:para></ns1:listitem><ns1:listitem pattern="Container"><ns1:para pattern="Block" structure="Paragraph ">you want to hide specific implementation details from a module.</ns1:para></ns1:listitem><ns1:listitem pattern="Container"><ns1:para pattern="Block" structure="Paragraph ">you are using several nested<ns1:code pattern="Atom">if..then..else</ns1:code>statements to emulate configurability for different behaviors within functions. Such functions can be refactored using the Strategy pattern.</ns1:para></ns1:listitem></ns1:itemizedlist></ns1:para></ns1:section></ns1:section><ns1:section xmlns:ns3="http://www.w3.org/XML/1998/namespace" xml:id="observer" pattern="HeadedContainer" structure="Section " xreflabel="6"><ns1:title pattern="Block" structure="SectionTitle ">Observer</ns1:title><ns1:para pattern="Block" structure="Paragraph ">In this section, we discuss the implementation of Use Case 4: sending a message on Twitter for each new Atom entry that is created on the server. In this use case, the AtomPub module automatically becomes dependent on the module that provides the functionality to send messages on Twitter. A requirement for the AtomPub server module is to enable cooperation with an arbitrary number of modules that exist outside the Atom library. Moreover, the AtomPub server should not depend on any of these extension modules. For example, one could easily think of modules that do logging, spam detection, or email notification. However, all such modules should not be tightly coupled because this prevents from using them in other scenarios.</ns1:para><ns1:para pattern="Block" structure="Paragraph ">The Observer pattern describes how to establish such loosely-coupled collaborations between functions:<ns1:blockquote pattern="Container"><ns1:para pattern="Block" structure="Paragraph ">Define a one-to-many dependency between functions so that when one is called, all its dependents are notified automatically [<ns1:xref linkend="bib03" pattern="Milestone"/>].</ns1:para></ns1:blockquote></ns1:para><ns1:section pattern="HeadedContainer" structure="Section "><ns1:title pattern="Block" structure="SectionTitle ">Description</ns1:title><ns1:para pattern="Block" structure="Paragraph ">When applying the Observer pattern to our use case, we have decoupled collaborative modules by introducing a subscription mechanism for functions to be invoked on particular events in the application.</ns1:para><ns1:para pattern="Block" structure="Paragraph ">The Observer pattern defines the following participants (cf.<ns1:xref linkend="bib03" pattern="Milestone"/>):<ns1:itemizedlist pattern="Table" structure="List "><ns1:listitem pattern="Container"><ns1:para pattern="Block" structure="Paragraph "><ns1:emphasis pattern="Inline" role="bold">Subject:</ns1:emphasis>keep track of its observers. Subject notifies its observers when an event occurred.</ns1:para></ns1:listitem><ns1:listitem pattern="Container"><ns1:para pattern="Block" structure="Paragraph "><ns1:emphasis pattern="Inline" role="bold">Observer:</ns1:emphasis>function invoked to be notified about an event. Observer receives as parameter information about the event that triggered its invocation.</ns1:para></ns1:listitem><ns1:listitem pattern="Container"><ns1:para pattern="Block" structure="Paragraph "><ns1:emphasis pattern="Inline" role="bold">Client:</ns1:emphasis>attach Observers to the Subject.</ns1:para></ns1:listitem></ns1:itemizedlist></ns1:para><ns1:para pattern="Block" structure="Paragraph ">Observers are attached to the Subject. If a particular event occurs, the subject invokes all its observers and provides each of them with data about the event that triggered the invocation. A Subject can have many Observers, each Observer implementing a different functionality.</ns1:para><ns1:para pattern="Block" structure="Paragraph ">Subjects and Observers are loosely coupled: they can vary independently [<ns1:xref linkend="bib03" pattern="Milestone"/>]. Consider our use case, adding/removing Observers doesn't affect neither the AtomPub server module nor the Twitter Observer function. Both modules (AtomPub and Twitter) can operate without the other. The Observer pattern is enables collaborations between these two decoupled modules.</ns1:para></ns1:section><ns1:section pattern="HeadedContainer" structure="Section "><ns1:title pattern="Block" structure="SectionTitle ">Implementation</ns1:title><ns1:para pattern="Block" structure="Paragraph ">In this section, we discuss the implementation of the Observer pattern in our application<ns1:footnote pattern="Popup" structure="Footnote "><ns1:para pattern="Block" structure="Paragraph ">You can find the code presented in this section in<ns1:emphasis pattern="Inline" role="ital">AtomPub/observer.xq</ns1:emphasis></ns1:para></ns1:footnote>. Figure<ns1:xref linkend="observer-structure" pattern="Milestone"/>describes the structure of our Observer implementation. The implementation of the Observer pattern in our application involves the AtomPub server module (the Subject) and the<ns1:code pattern="Atom">tweet-entry</ns1:code>function (the Observer).</ns1:para><ns1:figure floatstyle="1" xml:id="observer-structure" pattern="Container" xreflabel="4"><ns1:mediaobject pattern="Container" structure="FigureBox "><ns1:imageobject pattern="Container"><ns1:imagedata fileref="../../../vol5/graphics/Candillon01/Candillon01-005.png" format="png" pattern="Meta" structure="Figure "/></ns1:imageobject><ns1:caption pattern="Container"><ns1:para pattern="Block" structure="Paragraph ">Structure of Observer.</ns1:para></ns1:caption></ns1:mediaobject></ns1:figure><ns1:para pattern="Block" structure="Paragraph ">The<ns1:code pattern="Atom">on-post</ns1:code>function is responsible for attaching new observers to the AtomPub server module (the Subject). The AtomPub server is keeping track of all its observers with the<ns1:code pattern="Atom">on-post</ns1:code>module variable.<ns1:programlisting xml:space="preserve" pattern="Block">(: Hold the observer references :) declare variable $atompub:on-post as (function(schema-element(atom:entry)) as item()*)* := (); (: Add an observer to the post request :) declare sequential function atompub:on-post( $o as (function(schema-element(atom:entry)) as item()*)) { set $atompub:on-post := ($atompub:on-post, $o) };</ns1:programlisting></ns1:para><ns1:para pattern="Block" structure="Paragraph ">In order for the subject to be able to invoke an Observer, all observers must have the same function signature. For instance, in the AtomPub server module, each observer must be a subtype of<ns1:code pattern="Atom">function(schema-element(atom:entry)) as item()*</ns1:code>. The single parameter of the observer, (<ns1:code pattern="Atom">schema-element(atom:entry)</ns1:code>) is an instance of the Atom entry that has been created on the server.</ns1:para><ns1:para pattern="Block" structure="Paragraph ">The<ns1:code pattern="Atom">tweet-entry</ns1:code>function is the Observer we will use in our use case: it will be executed for each new entry created on the server. It takes an Atom entry as parameter and sends a message on Twitter with the following format: entry title, tiny url of the entry. The function signature is compatible with the observer signature defined in the AtomPub server module (<ns1:code pattern="Atom">function(schema-element(atom:entry)) as item()*</ns1:code>).<ns1:programlisting xml:space="preserve" pattern="Block">(: The tweet will be formatted as following: Title + tiny url :) declare function twitter:tweet-entry( $entry as schema-element(atom:entry)) { (: Get the title :) let $title := $entry/atom:title/text() (: Create a tiny link :) let $uri := twitter:get-tiny-url( string($entry/atom:link[@rel = "self"]/@href) ) (: Send the status on twitter :) return twitter:tweet(concat($title, ": ", $uri)) };</ns1:programlisting></ns1:para><ns1:para pattern="Block" structure="Paragraph ">The Client registers the<ns1:code pattern="Atom">tweet-entry</ns1:code>function as an Observer of the AtomPub server module.<ns1:programlisting xml:space="preserve" pattern="Block">(: Register the Twitter observer :) atompub:on-post(twitter:tweet-entry#1);</ns1:programlisting></ns1:para><ns1:para pattern="Block" structure="Paragraph ">When a new Atom entry is added to the server, each Observer is notified and receives the entry as parameter.<ns1:programlisting xml:space="preserve" pattern="Block">(: Notify observers :) for $o in $atompub:on-post return $o($entry);</ns1:programlisting></ns1:para></ns1:section><ns1:section pattern="HeadedContainer" structure="Section "><ns1:title pattern="Block" structure="SectionTitle ">Implementation Considerations</ns1:title><ns1:para pattern="Block" structure="Paragraph ">In the previous section, we introduced an implementation of the observer pattern. In this section, we discuss how this implementation can vary:<ns1:itemizedlist pattern="Table" structure="List "><ns1:listitem pattern="Container"><ns1:para pattern="Block" structure="Paragraph "><ns1:emphasis pattern="Inline" role="bold">Consideration 1:</ns1:emphasis>In our implementation, the AtomPub server module is using the XQuery Scripting Extension to keep track of its observers. However, variants of the Observer pattern can be implemented using only the XQuery 1.1 core specification. For instance, an alternative implementation could access Observers as function parameter:<ns1:programlisting xml:space="preserve" pattern="Block">let $observers := twitter:tweet-entry#1 return atompub:post($feed-uri, $entry, $observers)</ns1:programlisting></ns1:para></ns1:listitem><ns1:listitem pattern="Container"><ns1:para pattern="Block" structure="Paragraph "><ns1:emphasis pattern="Inline" role="bold">Consideration 2:</ns1:emphasis>Notifying observers has a performance cost in the application. Therefore, when implementing Observer, the event granularity must be carefully designed in order to avoid a large number of useless event notification.</ns1:para></ns1:listitem><ns1:listitem pattern="Container"><ns1:para pattern="Block" structure="Paragraph "><ns1:emphasis pattern="Inline" role="bold">Consideration 3:</ns1:emphasis>Observers producing side-effects may trigger an infinite amount of event notifications. This can happen if the observer code is triggering the same event that triggered its own invocation. If an Observer implementor is writing side-effects, she must avoid this scenarios.</ns1:para></ns1:listitem><ns1:listitem pattern="Container"><ns1:para pattern="Block" structure="Paragraph "><ns1:emphasis pattern="Inline" role="bold">Consideration 4:</ns1:emphasis>Observers should be independent of each other. For instance, consider a spam checker observer that removes a newly created Atom entry because the author's e-mail address is blacklisted. In such situation, all observers become dependent on the outcome of the spam checker observer. For example, they might process an entry that has already been removed by the spam checker or they could have already sent a notification for a spam post.</ns1:para></ns1:listitem></ns1:itemizedlist></ns1:para></ns1:section><ns1:section pattern="HeadedContainer" structure="Section "><ns1:title pattern="Block" structure="SectionTitle ">Conclusion</ns1:title><ns1:para pattern="Block" structure="Paragraph ">By using Observer to implement Use Case 4, the application has improved in the following perspectives:<ns1:itemizedlist pattern="Table" structure="List "><ns1:listitem pattern="Container"><ns1:para pattern="Block" structure="Paragraph ">The behavior the AtomPub server has been extended, by sending messages to Twitter without any changes to the code of the AtomPub server.</ns1:para></ns1:listitem><ns1:listitem pattern="Container"><ns1:para pattern="Block" structure="Paragraph ">The AtomPub server module can collaborate with an arbitrary number of functions in the application but stays loosely coupled.</ns1:para></ns1:listitem></ns1:itemizedlist></ns1:para><ns1:para pattern="Block" structure="Paragraph ">In conclusion, use the Observer pattern if you want to:<ns1:itemizedlist pattern="Table" structure="List "><ns1:listitem pattern="Container"><ns1:para pattern="Block" structure="Paragraph ">Use the Publish/Subscribe messaging paradigm within XQuery.</ns1:para></ns1:listitem><ns1:listitem pattern="Container"><ns1:para pattern="Block" structure="Paragraph ">To keep state consistency between independent entities in the application.</ns1:para></ns1:listitem></ns1:itemizedlist></ns1:para></ns1:section></ns1:section><ns1:section xmlns:ns3="http://www.w3.org/XML/1998/namespace" xml:id="conclusion" pattern="HeadedContainer" structure="Section " xreflabel="7"><ns1:title pattern="Block" structure="SectionTitle ">Conclusion &amp; Outlook</ns1:title><ns1:para pattern="Block" structure="Paragraph ">In this paper, we motivated the need for XQuery design patterns. The reason therefore is that there exist more and more large XQuery applications most of them showing symptoms which are well-known in the object-oriented world and have there been solved using design patterns. In more detail, we have presented four design problems along the lines of a running example. Moreover, we have shown how each of these problems can be solved by applying a particular design pattern.</ns1:para><ns1:para pattern="Block" structure="Paragraph ">We have chosen to use an AtomPub client and server implementation as a running example. For the AtomPub client, we used the Chain of Responsibility (see Sec.<ns1:xref linkend="cor" pattern="Milestone"/>) which is using several loosely coupled modules to construct and send an HTTP request. Translator (see Sec.<ns1:xref linkend="pm" pattern="Milestone"/>) helped us to provide a flexible and extensible HTML rendering engine of Atom entries. For the AtomPub server, the Strategy Pattern (Sec.<ns1:xref linkend="strategy" pattern="Milestone"/>) allows for configurable storage algorithms by exhibiting higher-order functions. Last, the Observer Pattern (Sec.<ns1:xref linkend="observer" pattern="Milestone"/>) provided a way to register services (e.g. Twitter notification) which are automatically notified if a state of an observed object changes.</ns1:para><ns1:para pattern="Block" structure="Paragraph ">Generally, the most important aspect of each of the patterns presented in this paper is to decouple XQuery functions and modules. For instance, in the Chain of Responsibility, we achieved this by removing dependencies between functions by agreeing on a common XML Schema element (i.e. the request item). The Strategy and Observer patterns both leverage higher-order functions as a decoupling mechanism.</ns1:para><ns1:para pattern="Block" structure="Paragraph ">However, the four patterns presented in this paper are only a starting point. In the future, we want to develop an extensive catalog of reusable design solutions for the most recurring XQuery design problems. Also, we want to classify these design patterns according to (1) language features (i.e. pure functional XQuery, XQuery Update, and XQuery Scripting) and (2) categories (i.e. creational, structural, and behavioral).</ns1:para><ns1:para pattern="Block" structure="Paragraph ">Finally, we hope that XQuery design patterns help the XQuery community to capture recurring design problems and develop extensible XQuery applications. Therefore, we started to publish a pattern catalog online at<ns1:link xmlns:ns2="http://www.w3.org/1999/xlink" ns2:actuate="onRequest" ns2:show="new" ns2:type="simple" pattern="Inline">http://patterns.28msec.com/</ns1:link>. We are open and very interested in comments, suggestions, and other contributions to our effort and this catalog.</ns1:para></ns1:section><ns1:bibliography pattern="HeadedContainer" structure="Section "><ns1:title pattern="Block" structure="SectionTitle ">Bibliography</ns1:title><ns1:bibliomixed xmlns:ns3="http://www.w3.org/XML/1998/namespace" xml:id="bib01" pattern="Block" xreflabel="Cooper2000">J. W. Cooper.<ns1:emphasis pattern="Inline" role="ital">Java design patterns: a tutorial</ns1:emphasis>. Addison-Wesley Longman Publishing Co., Inc., Boston, MA, USA, 2000.</ns1:bibliomixed><ns1:bibliomixed xmlns:ns3="http://www.w3.org/XML/1998/namespace" xml:id="bib02" pattern="Block" xreflabel="Cooper2002">J. W. Cooper.<ns1:emphasis pattern="Inline" role="ital">C# design patterns: a tutorial</ns1:emphasis>. Addison-Wesley Longman Publishing Co., Inc., Boston, MA, USA, 2002.</ns1:bibliomixed><ns1:bibliomixed xmlns:ns3="http://www.w3.org/XML/1998/namespace" xml:id="bib03" pattern="Block" xreflabel="Gamma1994">E. Gamma, R. Helm, R. Johnson, and J. M. Vlissides.<ns1:emphasis pattern="Inline" role="ital">Design Patterns: Elements of Reusable Object-Oriented Software</ns1:emphasis>. Addison-Wesley Professional, illustrated edition edition, November 1994.</ns1:bibliomixed><ns1:bibliomixed xmlns:ns3="http://www.w3.org/XML/1998/namespace" xml:id="bib04" pattern="Block" xreflabel="DeMarco96">T. DeMarco.<ns1:emphasis pattern="Inline" role="ital">Book review: Design patterns: Elements of reusable object-oriented software</ns1:emphasis>. IEEE Software Magazine, 1996.<ns1:link xmlns:ns2="http://www.w3.org/1999/xlink" ns2:actuate="onRequest" ns2:show="new" ns2:type="simple" pattern="Inline">http://www.systemsguild.com/GuildSite/TDM/Gamma.html</ns1:link>.</ns1:bibliomixed><ns1:bibliomixed xmlns:ns3="http://www.w3.org/XML/1998/namespace" xml:id="bib05" pattern="Block" xreflabel="AntoyHanus02FLOPS">S. Antoy and M. Hanus.<ns1:emphasis pattern="Inline" role="ital">Functional logic design patterns</ns1:emphasis>. In 6th Int'l Symp, on Functional and Logic Programming (FLOPS'02), pages 67-87, Aizu, Japan, 9 2002. Springer LNCS 2441. doi:<ns1:biblioid class="doi" pattern="Atom">10.1007/3-540-45788-7_4</ns1:biblioid>.</ns1:bibliomixed><ns1:bibliomixed xmlns:ns3="http://www.w3.org/XML/1998/namespace" xml:id="bib06" pattern="Block" xreflabel="Narbel2007">P. Narbel.<ns1:emphasis pattern="Inline" role="ital">A Multiparadigmatic Study of the Object-Oriented Design Patterns</ns1:emphasis>. 2007.</ns1:bibliomixed><ns1:bibliomixed xmlns:ns3="http://www.w3.org/XML/1998/namespace" xml:id="bib07" pattern="Block" xreflabel="XQ11">W3C. XQuery 1.1:<ns1:emphasis pattern="Inline" role="ital">An XML Query Language</ns1:emphasis>. Website, 2009.<ns1:link xmlns:ns2="http://www.w3.org/1999/xlink" ns2:actuate="onRequest" ns2:show="new" ns2:type="simple" pattern="Inline">http://www.w3.org/TR/xquery-11/</ns1:link>.</ns1:bibliomixed><ns1:bibliomixed xmlns:ns3="http://www.w3.org/XML/1998/namespace" xml:id="bib08" pattern="Block" xreflabel="Liu2005">Liu, Z. H., Krishnaprasad, M., and Arora, V.<ns1:emphasis pattern="Inline" role="ital">Native xquery processing in oracle xmldb</ns1:emphasis>. In SIGMOD '05: Proceedings of the 2005 ACM SIGMOD international conference on Management of data (New York, NY, USA, 2005), ACM, pp. 828-833. doi:<ns1:biblioid class="doi" pattern="Atom">10.1145/1066157.1066259</ns1:biblioid>.</ns1:bibliomixed><ns1:bibliomixed xmlns:ns3="http://www.w3.org/XML/1998/namespace" xml:id="bib09" pattern="Block" xreflabel="Nicola2005">Nicola, M., and van der Linden, B.<ns1:emphasis pattern="Inline" role="ital">Native XML Support in db2 Universal Database</ns1:emphasis>. In VLDB '05: Proceedings of the 31st international conference on Very large data bases (2005), VLDB Endowment, pp. 1164-1174.</ns1:bibliomixed><ns1:bibliomixed xmlns:ns3="http://www.w3.org/XML/1998/namespace" xml:id="bib10" pattern="Block" xreflabel="Brian2006">Brian, D.<ns1:emphasis pattern="Inline" role="ital">The Definitive Guide to Berkeley DB XML</ns1:emphasis>. Apress, Berkely, CA, USA, 2006.</ns1:bibliomixed><ns1:bibliomixed xmlns:ns3="http://www.w3.org/XML/1998/namespace" xml:id="bib11" pattern="Block" xreflabel="XQUF">W3C.<ns1:emphasis pattern="Inline" role="ital">XQuery Update Facility 1.0</ns1:emphasis>. Website, 2009.<ns1:link xmlns:ns2="http://www.w3.org/1999/xlink" ns2:actuate="onRequest" ns2:show="new" ns2:type="simple" pattern="Inline">http://www.w3.org/TR/xquery-update-10/</ns1:link>.</ns1:bibliomixed><ns1:bibliomixed xmlns:ns3="http://www.w3.org/XML/1998/namespace" xml:id="bib12" pattern="Block" xreflabel="XQSE">W3C.<ns1:emphasis pattern="Inline" role="ital">XQuery Scripting Extension 1.0</ns1:emphasis>. Website, 2008.<ns1:link xmlns:ns2="http://www.w3.org/1999/xlink" ns2:actuate="onRequest" ns2:show="new" ns2:type="simple" pattern="Inline">http://www.w3.org/TR/xquery-sx-10/</ns1:link>.</ns1:bibliomixed><ns1:bibliomixed xmlns:ns3="http://www.w3.org/XML/1998/namespace" xml:id="bib13" pattern="Block" xreflabel="XQFT">W3C.<ns1:emphasis pattern="Inline" role="ital">XQuery and XPath Full Text 1.0</ns1:emphasis>. Website, 2010.<ns1:link xmlns:ns2="http://www.w3.org/1999/xlink" ns2:actuate="onRequest" ns2:show="new" ns2:type="simple" pattern="Inline">http://www.w3.org/TR/xpath-full-text-10/</ns1:link>.</ns1:bibliomixed><ns1:bibliomixed xmlns:ns3="http://www.w3.org/XML/1998/namespace" xml:id="bib14" pattern="Block" xreflabel="Kaufmann2009">Kaufmann, M., and Kossmann, D.<ns1:emphasis pattern="Inline" role="ital">Developing an Enterprise Web Application in XQuery</ns1:emphasis>. In ICWE (2009), vol. 5648 of Lecture Notes in Computer Science, Springer, pp. 465-468. doi:<ns1:biblioid class="doi" pattern="Atom">10.1007/978-3-642-02818-2_39</ns1:biblioid>.</ns1:bibliomixed><ns1:bibliomixed xmlns:ns3="http://www.w3.org/XML/1998/namespace" xml:id="bib15" pattern="Block" xreflabel="Sausalito2010">28msec Inc.<ns1:emphasis pattern="Inline" role="ital">Sausalito Developer Guide</ns1:emphasis>. Website, 2010.<ns1:link xmlns:ns2="http://www.w3.org/1999/xlink" ns2:actuate="onRequest" ns2:show="new" ns2:type="simple" pattern="Inline">http://sausalito.28msec.com</ns1:link>.</ns1:bibliomixed><ns1:bibliomixed xmlns:ns3="http://www.w3.org/XML/1998/namespace" xml:id="bib16" pattern="Block" xreflabel="RFC5023">Gregorio, J., and de hOra, B.<ns1:emphasis pattern="Inline" role="ital">The Atom Publishing Protocol</ns1:emphasis>. RFC 5023 (Proposed Standard), Oct. 2007.<ns1:link xmlns:ns2="http://www.w3.org/1999/xlink" ns2:actuate="onRequest" ns2:show="new" ns2:type="simple" pattern="Inline">http://www.ietf.org/rfc/rfc5023.txt</ns1:link>.</ns1:bibliomixed><ns1:bibliomixed xmlns:ns3="http://www.w3.org/XML/1998/namespace" xml:id="bib17" pattern="Block" xreflabel="HTTPClient">Georges, F.<ns1:emphasis pattern="Inline" role="ital">HTTP Client Module</ns1:emphasis>. Candidate, EXPath, January 2010.<ns1:link xmlns:ns2="http://www.w3.org/1999/xlink" ns2:actuate="onRequest" ns2:show="new" ns2:type="simple" pattern="Inline">http://www.expath.org/modules/http-client.html</ns1:link>.</ns1:bibliomixed><ns1:bibliomixed xmlns:ns3="http://www.w3.org/XML/1998/namespace" xml:id="bib18" pattern="Block" xreflabel="XQDDF">FLWOR Foundation<ns1:emphasis pattern="Inline" role="ital">XQuery Data Definition Facility</ns1:emphasis>.<ns1:link xmlns:ns2="http://www.w3.org/1999/xlink" ns2:actuate="onRequest" ns2:show="new" ns2:type="simple" pattern="Inline">http://www.zorba-xquery.com/doc/zorba-latest/zorba/html/XQDDF.html</ns1:link>.</ns1:bibliomixed><ns1:bibliomixed xmlns:ns3="http://www.w3.org/XML/1998/namespace" xml:id="bib19" pattern="Block" xreflabel="Translator">KÃ&#131;Â¼hne, T.<ns1:emphasis pattern="Inline" role="ital">The Translator Pattern - External Functionality with Homomorphic Mappings</ns1:emphasis>. TOOLS '97: Proceedings of the Tools-23: Technology of Object-Oriented Languages and Systems, 1997.</ns1:bibliomixed><ns1:bibliomixed xmlns:ns3="http://www.w3.org/XML/1998/namespace" xml:id="bib20" pattern="Block" xreflabel="XQueryInAction">W3C.<ns1:emphasis pattern="Inline" role="ital">Examples of XML Query In Action</ns1:emphasis>. Website, 2010.<ns1:link xmlns:ns2="http://www.w3.org/1999/xlink" ns2:actuate="onRequest" ns2:show="new" ns2:type="simple" pattern="Inline">http://www.w3.org/XML/Query/#examples</ns1:link></ns1:bibliomixed></ns1:bibliography></ns1:article>